Customer ID,Recency,Frequency,Monetary,TotalQuantity,UniqueProducts,AverageOrderValue,Cluster
12346.0,0.8567005826867328,1.2544959545938104,3.186624925127968,3.292227625206876,-0.3507527121214226,4.26424208070228,1
12347.0,-2.1519790306632065,0.8001660338568091,1.297126898401073,1.24148845647846,0.8896672959534744,1.2530008066857974,1
12348.0,-0.0791383545924629,0.2992073267345332,0.5581002802090212,1.1157431697571305,-0.4115503779538524,0.4989038573639431,1
12349.0,-0.9353081791524545,0.0739460908215904,1.1237904757983177,0.7781454448980404,0.9637379981128577,1.8673726787013811,1
12350.0,0.8245270555146574,-1.058145946714099,-0.7358882665423826,-0.6063545425438546,-0.7132292345010023,0.2430261289887914,0
12351.0,0.9462481612329638,-1.058145946714099,-0.8116432502100952,-0.4221417240201969,-0.5486003891756687,0.1001434311596229,0
12352.0,-0.540774126845729,1.0480979277381186,0.8062136019330891,0.2473045053389683,0.4126028186801636,0.026398351108725,1
12353.0,0.5572336581134208,-0.5571872395918231,-0.5951168503060144,-0.5583243821854503,-0.4772168596026035,-0.4302054195343605,0
12354.0,0.639341544931368,-1.058145946714099,0.1070347833582914,0.042483868766071,0.2607132519567318,1.8328769031700176,0
12355.0,0.5877787261013253,-0.5571872395918231,0.0132936361490894,0.0583923135040178,-0.144576100004755,0.7154303566156293,0
12356.0,-0.8183807704906293,0.4896629879592288,1.386089476166847,1.267192381513502,0.7336066022127771,1.8111678141205971,1
12357.0,-0.5950029105353472,-0.2017513803877423,2.1455566904121377,1.6987850649438987,1.48376101337308,4.184766049242527,1
12358.0,-2.1519790306632065,0.2992073267345332,1.0298130843193911,0.5094356767321276,0.2324210325411989,1.3873183850487645,1
12359.0,-0.2415192631816249,1.0480979277381186,1.629548615617157,1.1248850124951375,1.6111193223129396,1.5763878954556951,1
12360.0,-0.3102985242592435,0.8001660338568091,1.09460951849595,1.0508717566665338,1.0842787042858788,0.8715766694414923,1
12361.0,0.7752524807579259,0.0739460908215904,-0.4307250356946276,-0.4908819143496147,-0.6688728615528973,-1.0576077747136134,0
12362.0,-1.9674812683483252,1.15560189306089,1.260787806723553,0.9866049002391734,1.27039580711652,0.752490579070607,1
12363.0,0.1637936176211079,-0.5571872395918231,-0.3755670779485127,-0.1292121204849814,-0.4772168596026035,-0.0169826052500833,0
12364.0,-1.4474112861963695,0.0739460908215904,0.2481418238480768,0.7285619047969425,0.4126028186801636,0.2179767130209853,1
12365.0,0.7840984858169682,-0.5571872395918231,-0.2676063501640384,-0.6875706191280061,-0.5121324717856456,0.186302475850373,0
12366.0,1.2823255604571917,-1.058145946714099,-0.4463819100317048,-0.3396716509860114,-1.9471638881929467,0.7890687423484848,0
12367.0,-1.8243736859341724,-1.058145946714099,-1.225973632136558,-0.6913398038775899,-1.0458699940988507,-0.6813317919348346,0
12368.0,1.2762369843581085,-1.058145946714099,-0.0097928196424068,-0.2683837537127082,-0.6688728615528973,1.6125264748619017,0
12369.0,1.0079929186546537,-0.2017513803877423,0.4717159362276892,0.6013600326804203,0.6162076636214244,1.0290752601490083,1
12370.0,-0.3225146116861712,0.654643185938614,1.1059406575367758,1.0887927420804586,1.124063132285242,1.0740851386453587,1
12371.0,-0.4011425702790203,0.2992073267345332,1.0624790099301915,0.6972785182155126,0.939783214329445,1.4488682068592875,1
12372.0,-0.10496702096475,-0.2017513803877423,0.2398359136370775,0.3079269466885488,-0.1676872918813187,0.5922975942195962,1
12373.0,0.8265858861715248,-0.2017513803877423,0.138518136363006,0.0249101264924206,-0.1220981718085144,0.4015158773222288,0
12374.0,-0.7670473650770303,0.0739460908215904,0.8406098737166032,0.6625051710449167,0.5105140700321456,1.3337039051979758,1
12375.0,-1.2629135238814884,-0.5571872395918231,-0.5106045853990369,-0.6727062364625485,-0.862804573858747,-0.2711734825679622,0
12376.0,0.9713357875339578,-0.5571872395918231,-0.4422105298820197,-0.4770927103734043,-1.0458699940988507,-0.1424422033828957,0
12377.0,0.8347557444111318,0.0739460908215904,0.938921588175991,0.9486810386245867,0.9088213112787455,1.518957479062604,1
12378.0,0.2700401175059993,-0.5571872395918231,1.2688254308985092,1.2474641572337717,1.544111232749301,3.082328011056967,1
12379.0,-0.0226329437380984,0.0739460908215904,0.3994857936487846,0.3250752050618609,0.2607132519567318,0.5028424465847204,1
12380.0,-0.8456753236698794,1.15560189306089,1.6869004002395795,1.2551522761246283,1.0636387966331442,1.5550575180125432,1
12381.0,-1.7074462772723475,0.2992073267345332,0.4931701824203411,0.3194086511543575,0.4126028186801636,0.3766913441520327,1
12383.0,0.4948562494227654,0.2992073267345332,0.495216288215958,0.739812668866803,0.5602500888610992,0.3805422063337656,1
12384.0,-0.6752731880764764,-0.5571872395918231,-0.3334682726261654,-0.8984352203714877,-0.3805884749031534,0.0622814033231881,0
12385.0,0.9530347346034082,-1.058145946714099,0.5286158674588288,0.1369345126340181,0.3526935049184267,2.628027792704216,1
12386.0,0.8798139021176289,-0.5571872395918231,-0.2461446599890286,0.087944496177151,-1.117253523671916,0.2267197259595751,0
12387.0,1.011083648486406,-1.058145946714099,-1.3404687978432628,-0.8582565662530369,-1.1954453334565955,-0.8972829726034164,0
12388.0,-1.0395356639262063,0.8001660338568091,1.032410492565875,0.915371595130412,0.5505411819726732,0.754463360121531,1
12389.0,0.9923118147379644,-0.2017513803877423,0.3112267431188322,0.1390769280097574,-0.0181119525235737,0.7267519088043594,0
12390.0,-0.0382757972626953,-1.058145946714099,-0.3783872026170448,-0.2241990227917721,-0.2159596295778201,0.9173146578400132,0
12391.0,-0.8456753236698794,0.4896629879592288,0.7866336652980758,0.5901440566960836,1.4186162443378565,0.6819060931274483,1
12392.0,1.2373568867177072,-1.058145946714099,-0.9899347734684332,-1.2536847648443734,-1.3785107536966998,-0.2361350895376339,0
12393.0,-0.10496702096475,0.4896629879592288,0.682302227152804,0.6374226790498783,0.3274486497920416,0.4855057363445604,1
12394.0,-0.1794070292720186,-0.5571872395918231,0.2255161281895825,0.3282914507803025,-0.3805884749031534,1.1153414604103264,1
12395.0,-0.9353081791524545,1.5110377522649707,1.220832707556722,1.3253510006383613,1.0040461146997783,0.2568065979886645,1
12396.0,1.3215026366622098,-1.058145946714099,0.0008967866940728,0.1140074781407906,0.3526935049184267,1.6326883139666069,0
12397.0,-0.540774126845729,-0.5571872395918231,0.685432413207794,0.6129085022732468,0.7791957222855813,1.9822937832781489,1
12398.0,-0.3873500989396135,-1.058145946714099,0.4063160278217033,0.6777684158413487,0.5698454386786636,2.397356090521869,1
12399.0,0.2137923187052415,0.654643185938614,0.5374417530076331,0.9771026717415688,0.3771846686209953,0.0040916385333876,1
12400.0,1.0095401454577722,-1.058145946714099,-1.0862657538295757,-1.110483470649885,-1.0458699940988507,-0.4178265069485654,0
12401.0,0.8099271521892553,-1.058145946714099,-1.7224879522343173,-2.450183364084312,-1.614523128595098,-1.617815467749021,0
12402.0,0.8507897095190223,0.4896629879592288,0.2166458810045926,0.1061840272393253,0.0200527453205781,-0.3902126081962023,0
12403.0,-0.3349679194593694,-0.5571872395918231,0.0658342666285702,-0.4246569123197467,-1.614523128595098,0.8144274417716157,0
12404.0,1.3290588383452664,-1.058145946714099,-1.9268109782125344,-3.628661084298931,-2.515817022689194,-2.003192426028661,0
12405.0,0.3568999011193944,-1.058145946714099,0.4384893060393343,0.3580860509485077,0.2031181655606824,2.4580386300351447,1
12406.0,-0.8456753236698794,0.2992073267345332,1.3879725191008505,1.2669999247633916,0.8082392174469527,2.0623014814131686,1
12407.0,-0.3349679194593694,0.2992073267345332,0.4375328716433562,0.6880601341150026,0.2466890975132978,0.2719887370476254,1
12408.0,-0.5950029105353472,0.8001660338568091,1.1093443807891596,0.9863100242249068,0.7336066022127771,0.8993231365004806,1
12409.0,-0.0462426723707365,0.654643185938614,2.3237749034892867,2.15308315705251,1.1666290909919852,3.369524330532274,1
12410.0,0.8224615941517993,-0.2017513803877423,0.0618330658825848,-0.2468813028931192,-0.1220981718085144,0.2571488579671709,0
12411.0,1.0033287148318906,-1.058145946714099,-0.7095208745810196,-0.8390516708165107,-0.5121324717856456,0.2927580926927766,0
12412.0,-0.0791383545924629,0.4896629879592288,0.7392714245530759,0.9140561528143194,0.5407159979871611,0.5927414950155894,1
12413.0,-0.150470157144488,0.0739460908215904,0.0516345407530475,-0.2906129979414018,-0.0181119525235737,-0.1516886582802066,0
12414.0,0.5966655916107547,0.4896629879592288,0.0169306688819987,-0.0023635533331493,-0.5486003891756687,-0.7651812664544482,0
12415.0,-0.7922005967383016,2.245808014503504,3.634818888417153,3.428933604302276,2.0123087504134847,3.958067709249973,1
12416.0,1.305143867698893,-1.058145946714099,-1.095725861850919,-0.8680734789258341,-1.0458699940988507,-0.435669369429717,0
12417.0,-1.9674812683483252,1.847016261407861,1.4345270849654823,1.1570549571298792,1.5114692286462774,0.2688970660930134,1
12418.0,0.1808966364835151,0.0739460908215904,0.5587419799910415,0.5148939731103717,0.6162076636214244,0.8027202442408515,1
12419.0,0.9647411258391284,-0.5571872395918231,-0.4424106628821633,-0.5021252811070448,-0.4772168596026035,-0.1428189301107492,0
12420.0,-0.1794070292720186,-1.058145946714099,-0.315119659004559,-0.239233298826501,-0.2941514393624997,1.0366445933598778,0
12421.0,-1.0395356639262063,0.4896629879592288,0.1197281286574252,0.1785104957817125,0.0384893202353487,-0.5722363159263567,1
12422.0,0.0773306527470905,1.6565606001831652,1.2438534763887783,1.0865173262229997,0.9578145568046976,0.130514667585366,1
12423.0,-2.4120140217391843,1.0480979277381186,0.7462989375961246,0.8432203202865513,0.9024861982765124,-0.0862368788000671,1
12424.0,0.4141260756992679,0.0739460908215904,0.9205468431432504,0.923209474641138,0.5001945244425666,1.4843312745068722,1
12425.0,-0.0543097623705864,-0.5571872395918231,0.4514335418451367,0.549596286132849,0.5887058798168258,1.5411609107780115,1
12426.0,0.5284411581469689,-0.5571872395918231,0.2655378190696108,0.1061840272393253,0.4465549626877331,1.1907694027717404,1
12427.0,-0.8456753236698794,-0.2017513803877423,0.1395708191771376,0.1369345126340181,-0.3805884749031534,0.4034978498267623,1
12428.0,-0.7428435417295326,0.9303406571479472,1.545899715283685,1.2897017793101082,1.4743130042630097,1.5618118677086708,1
12429.0,-1.3798409325433134,0.8001660338568091,1.50197690253432,1.2529929157827495,0.8766449105123539,1.6389543388690622,1
12430.0,-0.4296506057480915,-1.058145946714099,-0.92662390998627,-0.9467793286780029,-1.0458699940988507,-0.1167234477121319,0
12431.0,-0.540774126845729,2.202452120611942,1.769918878499132,1.4791951746473948,1.428723884190206,0.493074071315062,1
12432.0,-0.4296506057480915,0.2992073267345332,1.2197015102667987,0.8461467809045136,0.7567177940893411,1.7451463937395002,1
12433.0,-2.4120140217391843,1.0480979277381186,2.230693578746148,2.326791690673834,1.5556662555596723,2.7094432659004903,1
12434.0,0.0001383902963132,-0.2017513803877423,0.1228864073766511,0.0449565067865308,0.3145288070742748,0.3720853424092284,1
12435.0,-0.0382757972626953,0.4896629879592288,1.9492261703299172,1.5119622573136025,0.5979759564957379,2.8727312713591315,1
12436.0,0.1032463079562461,-1.058145946714099,-0.4338830018801858,-0.5614195452564948,-0.7601216003714991,0.8126431348193681,0
12437.0,-2.1519790306632065,2.6431297898006605,1.881885670479615,1.8265912414691103,1.520501170041236,0.2052887405673819,1
12438.0,-1.1198059414673356,-0.5571872395918231,0.8204815545618942,0.5682362549429633,0.5602500888610992,2.236915842833187,1
12439.0,1.329997134341211,-0.5571872395918231,0.1577512219652106,-0.0171142843658956,0.4009658426149288,0.98763412539912,0
12440.0,1.079732248194294,-0.5571872395918231,-0.057204035260912,-0.2663996769779623,-0.5486003891756687,0.5826106532293733,0
12441.0,0.932455689893557,-1.058145946714099,-0.7091067405709995,-0.4716569691961637,-1.0458699940988507,0.2935391975356478,0
12442.0,-1.9674812683483252,-1.058145946714099,-1.212694306154117,-0.6581703754853391,-0.9802035124500996,-0.65628544079249,0
12443.0,1.3743690038409726,-1.058145946714099,-0.4681717446903203,-0.6581703754853391,-0.5486003891756687,0.7479705833820608,0
12444.0,-0.8741833591389503,0.2992073267345332,1.2119906995005112,0.5530249000071237,0.9637379981128577,1.7306144577038405,1
12445.0,-0.8456753236698794,-0.5571872395918231,-0.5468964822322149,-0.5771176875341992,-0.4437267787202448,-0.3394714407950649,0
12446.0,-0.2415192631816249,-1.058145946714099,0.0536915713657436,-0.2279254970027644,0.2466890975132978,1.732265409755929,0
12447.0,0.6689257299564773,-1.058145946714099,-0.4813608068987131,-0.630028288668433,-0.3805884749031534,0.7230944802013393,0
12448.0,-0.4152381970004986,-1.058145946714099,-0.5233686023146806,-0.468955852714794,-0.5121324717856456,0.6438628990130063,0
12449.0,-0.8456753236698794,0.4896629879592288,1.1871611300533496,1.001759088023092,0.8831819415705221,1.4363044637941147,1
12450.0,0.3861510713168414,0.2992073267345332,-0.2169115581070212,-0.0766900687954025,-0.2412044847042052,-0.9576813091172528,0
12451.0,-1.2629135238814884,0.8001660338568091,1.881117197765915,1.9297736845528772,1.728339506560601,2.3535374697389893,1
12452.0,-1.0028785328055103,-0.5571872395918231,-0.5542224996300724,-0.6474754904320826,-0.5486003891756687,-0.3532573786373293,0
12453.0,0.2893295474663386,-1.058145946714099,-0.1974269355879916,-0.0322034348256864,0.0200527453205781,1.258626739252525,0
12454.0,-0.2636361169073439,0.2992073267345332,2.0792447988617253,1.801711724010781,-0.4437267787202448,3.3655968300708063,1
12455.0,-0.0962413734548695,1.0480979277381186,1.327998440664329,1.2446822518347616,1.2622326247684963,1.008339581297491,1
12456.0,-0.4152381970004986,-0.2017513803877423,0.8854131404331999,0.7817781564643708,0.7413828979433381,1.808694309117976,1
12457.0,-0.1599714449813229,0.8001660338568091,0.8422202513869449,0.5185078335142564,0.3274486497920416,0.3964773820227905,1
12458.0,-0.1138130260237924,0.0739460908215904,0.4662024425380499,0.4502103524641729,0.4240770344914922,0.6284557891618859,1
12459.0,1.252346805813942,-1.058145946714099,-0.5155564848567276,-0.4297163291046267,-0.4772168596026035,0.6585974598842329,0
12460.0,1.071367018304198,-1.058145946714099,-0.7527342097225023,-0.7027787172215069,-0.6688728615528973,0.211252723563608,0
12461.0,0.0639692278216899,-0.5571872395918231,-0.0848003781245784,-0.3599108152129162,-0.144576100004755,0.5306223550249108,0
12462.0,-0.9353081791524545,-0.5571872395918231,0.1770170899645322,0.0498740694236828,0.1571027565423948,1.0239408840239936,1
12463.0,-0.2983107883386734,0.0739460908215904,0.2653076138605245,0.2928639767816046,0.3526935049184267,0.2502805108398169,1
12464.0,-1.3187161125298097,0.8001660338568091,0.1904841593975742,-0.975256544405366,-1.4880589811139169,-0.8281230578762903,0
12465.0,-1.0028785328055103,-0.5571872395918231,-0.1625642582784216,-0.0239301063835586,0.0741642041589574,0.3841374848702822,0
12466.0,1.3290588383452664,-1.058145946714099,-2.0038057089759405,-3.628661084298931,-2.515817022689194,-2.148413430871868,0
12467.0,1.0232997359133336,-1.058145946714099,-1.3980973103714018,-0.8830791702047491,-1.1954453334565955,-1.0059770405477806,0
12468.0,0.5051176715181148,0.2992073267345332,0.9885611246837952,0.9779993602769184,0.8961017842882889,1.3095946921993946,1
12469.0,1.1591056242877176,-0.5571872395918231,0.8599449022445523,1.075278326034127,0.4791576523996084,2.3113233996195173,1
12470.0,1.3365270473241957,-1.058145946714099,-1.063229564316052,-1.0824911210991477,-0.4772168596026035,-0.3743775779667603,0
12471.0,-2.1519790306632065,3.499524356127016,2.708857059155471,2.3177382124519936,1.464754918784536,0.8042515400890186,1
12472.0,-0.6141483680629726,1.7867352234743037,2.1293364960837144,2.056622110032656,1.8267735047541664,1.6466873094992027,1
12473.0,-0.6752731880764764,0.2992073267345332,1.0392914878720865,1.0455025763291823,0.9754580982530536,1.405177502090066,1
12474.0,-1.0028785328055103,2.3674323185913275,1.8670226415439104,1.8227989066727788,1.7669266519203308,0.4884870346820917,1
12475.0,-0.2865430233339383,-0.5571872395918231,0.1524227603477079,0.2886178617193495,0.2031181655606824,0.9775927225214652,1
12476.0,-1.0395356639262063,2.0119964593872464,1.9589639597186963,1.5972970913044138,1.7421666831507694,1.0664265362618728,1
12477.0,-0.8183807704906293,0.9303406571479472,2.2199394076680687,1.6503191113352924,1.583861231680227,2.8322994194753064,1
12478.0,-1.8243736859341724,-1.058145946714099,-0.2244896830202428,-0.4881008491540746,-0.1220981718085144,1.2075832543677476,0
12479.0,-1.2629135238814884,-1.058145946714099,-0.4086300549943878,-0.1672795526090386,-0.2412044847042052,0.8602731256725952,0
12480.0,-0.6970151074455184,0.654643185938614,1.2752519808335092,1.17101122963215,1.1666290909919852,1.3930312946418593,1
12481.0,-0.8183807704906293,1.5110377522649707,1.8633562710535871,1.7621257148327412,1.4420098920812563,1.4664698496989574,1
12482.0,1.2208976805661906,2.2876939305965798,2.332098893671559,2.627604354437342,0.0011923041824166,1.4546443746869866,1
12483.0,-1.0028785328055103,1.7867352234743037,1.2283725970966677,0.9692797321219856,0.3891614223084505,-0.0492343652192622,1
12484.0,-0.5950029105353472,1.2544959545938104,1.3856903348145204,1.2384801225001825,1.673065194151025,0.8696220671859215,1
12485.0,1.1664073183274863,-1.058145946714099,-0.1963998337704575,-0.1196334909191498,-0.1676872918813187,1.2605639725740745,0
12486.0,1.0367703053241684,-1.058145946714099,0.0783797875089207,0.0337556903081912,0.1249263557760024,1.7788302528374045,0
12487.0,1.3734934744233138,-1.058145946714099,-0.8499463725301332,-0.6875706191280061,-2.183176263091345,0.027899293712858,0
12488.0,-1.3187161125298097,-0.2017513803877423,0.2401797530692474,0.0412440551307057,0.0741642041589574,0.5929451186344228,1
12489.0,0.8760190673835795,-1.058145946714099,-0.7347504819867268,-1.017316959584883,-0.8098576192004525,0.2451721228097862,0
12490.0,-1.7074462772723475,1.9044924940644756,1.69778898014713,1.6270199994062968,1.2456584639501014,0.6981094188240013,1
12491.0,-0.4907754257615954,-1.058145946714099,-0.506061206597252,-0.4246569123197467,-0.4115503779538524,0.6765066575193813,0
12492.0,-0.1893502547848894,-0.2017513803877423,-0.1892105769094959,-0.0737273568542482,-0.0789096183560038,-0.2152347837693545,0
12493.0,0.4257516242273519,-0.5571872395918231,-0.5489488897098911,-0.5739479419351734,-0.586765087019821,-0.3433336483683888,0
12494.0,-1.0395356639262063,0.9303406571479472,0.5038470371674197,0.4515417718232907,0.5505411819726732,-0.3991961468521318,1
12495.0,1.2893566040861313,-1.058145946714099,-0.6880943260387802,-0.8780391383485852,-0.7132292345010023,0.3331710518495169,0
12496.0,1.2680279097306315,-0.5571872395918231,-2.0375357794098,-1.7651973438095343,-1.117253523671916,-3.129654409484236,0
12497.0,-0.0226329437380984,-0.2017513803877423,1.3717983605345798,1.6019403928962954,-0.0181119525235737,2.7256542326604256,1
12498.0,-0.8741833591389503,-0.2017513803877423,-0.6005448725806419,-0.74651041226979,-0.5486003891756687,-0.98814892039001,0
12499.0,1.2028627431408645,-1.058145946714099,-0.6185376507220602,-0.3265167937029618,-0.3507527121214226,0.4643630202205208,0
12500.0,-0.8183807704906293,1.7867352234743037,1.3371615459708075,1.2594498443261402,0.5979759564957379,0.1552870615739751,1
12501.0,0.8779192915851238,-1.058145946714099,0.6097029386055521,0.8395438381660941,1.0262202498700983,2.7809674268189752,1
12502.0,0.0773306527470905,0.2992073267345332,0.998913373331173,0.3290930607988527,0.7178293264081053,1.3290991392417275,1
12503.0,1.2297284596616558,-1.058145946714099,0.1374639134808122,0.0798028421345739,-2.183176263091345,1.89026977680024,0
12504.0,-0.9682038613741812,0.0739460908215904,-0.1276830182797322,-0.0533538404792291,-1.0458699940988507,-0.4887548033917071,0
12505.0,1.00176641150428,-1.058145946714099,0.0190362887103636,-0.2804155698175485,0.0011923041824166,1.6669015215983831,0
12506.0,0.6420881238566438,-1.058145946714099,-1.8200384881004532,-1.9942859497559235,-0.4772168596026035,-1.80180710848876,0
12507.0,0.2893295474663386,0.0739460908215904,0.4926821568464054,0.6092559370975342,0.0741642041589574,0.6783170253235333,1
12508.0,-0.7428435417295326,-0.5571872395918231,-0.6102787689785804,-0.3950914432943594,0.2466890975132978,-0.4587318590680543,0
12509.0,0.7685369722885271,-1.058145946714099,-1.1944400574447185,-1.437000405574019,-1.3785107536966998,-0.6218558075701528,0
12510.0,0.3307197273670667,0.9303406571479472,1.23640927457372,0.9309550511675032,0.6514988276797011,0.9788090567947558,1
12511.0,1.0323114794921844,-1.058145946714099,0.8631004343231886,0.8283894565472655,1.2244584972993122,3.258904534826331,1
12512.0,-0.1599714449813229,-0.5571872395918231,-1.3704671821489869,-1.0556416405393652,-0.2412044847042052,-1.8861945019520916,0
12513.0,0.1808966364835151,-1.058145946714099,-0.3010001659211644,-0.0476468984807828,-0.144576100004755,1.0632755972365977,0
12514.0,0.7290940618003953,-0.5571872395918231,0.3894330698401296,0.344923450442901,0.4791576523996084,1.4242908633557128,1
12515.0,0.9075812346760708,-1.058145946714099,-0.6370661494667486,-0.8730374341016977,-0.7601216003714991,0.4294161195786061,0
12516.0,-0.0543097623705864,0.0739460908215904,0.753468017277878,0.8990732511938954,0.1249263557760024,1.1695193379909747,1
12517.0,-0.6970151074455184,0.2992073267345332,0.712689160445,0.6668338802338629,1.3875239442341725,0.7899578301091532,1
12518.0,-2.4120140217391843,0.2992073267345332,0.5713488713940832,0.640922532668474,0.5602500888610992,0.523843314954129,1
12519.0,-0.1794070292720186,-0.5571872395918231,-0.1779004635490936,-0.1504571282154663,-0.1676872918813187,0.3552509054170322,0
12520.0,-0.0462426723707365,0.2992073267345332,0.7495520368925794,0.6986501995026727,0.8567153541898691,0.8593773845375806,1
12521.0,0.3307197273670667,-1.058145946714099,-0.3159708926288769,-0.3114947816027251,-0.0789096183560038,1.0350390678771064,0
12522.0,-0.4907754257615954,-0.5571872395918231,-1.1314290796348148,-0.616396278646906,-1.0458699940988507,-1.4380837717885069,0
12523.0,-0.9353081791524545,2.0119964593872464,1.1145337137974238,0.9997393248339274,1.1620071460508272,-0.5215632927639903,1
12524.0,-1.3798409325433134,1.6565606001831652,1.7874963120362026,1.755290058430634,1.0688476589388138,1.1536917542182417,1
12525.0,1.1277540644784607,-0.2017513803877423,0.0328669310620173,0.0159439767922851,0.2324210325411989,0.2026250193985104,0
12526.0,-2.4120140217391843,-0.2017513803877423,0.2500913277585725,0.1580509631635327,0.3401681767824983,0.6116109721223771,1
12527.0,-0.0226329437380984,0.2992073267345332,-0.1690704351972716,0.0375105298426944,-0.3805884749031534,-0.8679512604690963,0
12528.0,-1.3798409325433134,0.4896629879592288,0.5267854957170025,0.2757125241073478,0.1411722937225966,0.1928634445069695,1
12529.0,1.1651961277902847,-1.058145946714099,-0.7754553343678393,-0.6231769669374269,-0.5486003891756687,0.1683980435167,0
12530.0,-0.2201397768252409,0.9303406571479472,1.0057274117982482,1.115500870642655,0.6514988276797011,0.5445069410253186,1
12531.0,-1.0784157615666077,-0.5571872395918231,0.5266811882609814,0.5333554377983455,0.8896672959534744,1.683009408693284,1
12532.0,-0.6542442484349309,-1.058145946714099,-0.7034774806316502,-0.7716493042481812,-0.7601216003714991,0.3041566355968049,0
12533.0,1.2762369843581085,-0.5571872395918231,0.2775767369402186,0.2289055171116263,0.3274486497920416,1.2134594853755312,0
12534.0,0.2749171387187454,-1.058145946714099,0.1135283922302358,0.1775024941456337,0.3274486497920416,1.8451246037086464,1
12535.0,0.0503234960319062,-0.5571872395918231,-0.1880645120460424,-0.5370567252723396,-0.321964036982949,0.3361068293255176,0
12536.0,-0.4296506057480915,-0.2017513803877423,1.8772367636805043,1.136957969021383,1.480623751205243,3.678750549378487,1
12537.0,1.00176641150428,-1.058145946714099,-0.17158929173876,-0.0663784430952912,0.0200527453205781,1.3073595364889514,0
12538.0,-0.6752731880764764,-0.5571872395918231,-0.2686503384705731,-0.2565680897491287,-0.1914684658752519,0.1843364553930077,0
12539.0,-0.8456753236698794,0.654643185938614,1.793213907061874,1.453320817970905,1.5294347580327998,2.369203406780505,1
12540.0,-0.9040178174155592,2.442335020593583,2.287014549070969,2.037157488913506,1.732974507912762,1.1943430334058085,1
12541.0,-0.6542442484349309,-0.2017513803877423,0.0383535860026453,0.2061250257305973,0.0741642041589574,0.2129523781431873,1
12542.0,1.1095037419429616,-0.5571872395918231,-0.4732721787632005,0.0324992984480111,-0.0581390644641013,-0.2009095728896383,0
12543.0,1.060040892608841,-1.058145946714099,0.0376709523598,0.2138065254653223,0.0200527453205781,1.7020486615812729,0
12544.0,-0.540774126845729,-1.058145946714099,-0.6579708980015706,-0.848584025185672,-0.6267921989603487,0.389987335840794,0
12545.0,-0.0791383545924629,-0.5571872395918231,0.0523112757747566,0.0337556903081912,0.0011923041824166,0.7889467184615405,0
12546.0,-0.3738480170997701,-0.5571872395918231,0.1598121183109188,0.1590891969052525,0.2745016951337471,0.9915178696345834,1
12547.0,0.5381829940526488,-0.2017513803877423,-0.6372909601458605,-0.3114947816027251,-0.91940584661767,-1.0571066865942556,0
12548.0,0.4257516242273519,-1.058145946714099,-1.6358330918391786,-1.5115390548677536,-1.614523128595098,-1.4543743364357755,0
12549.0,1.2208976805661906,0.4896629879592288,0.3794118108328601,0.6644325597906297,-0.0789096183560038,-0.084305541050283,1
12550.0,-0.0462426723707365,-1.058145946714099,0.0262571647375904,0.0890994059362388,0.2466890975132978,1.680520932460983,0
12551.0,0.9165761254464796,-1.058145946714099,-1.2298009284861466,-1.0490970995891926,-1.117253523671916,-0.688550517374994,0
12552.0,-0.4907754257615954,-0.5571872395918231,-0.5422177173550808,-1.132288371569837,-0.586765087019821,-0.3306668762785223,0
12553.0,-1.4474112861963695,1.2544959545938104,1.1525018050057771,1.0140319545777978,0.7717713000569296,0.4306962076642184,1
12554.0,1.0614676455862315,-1.058145946714099,-0.4935207578092211,-0.4770927103734043,-0.3805884749031534,0.7001594004555014,0
12555.0,1.3290588383452664,-1.058145946714099,-1.4175850531376322,-3.628661084298931,-2.515817022689194,-1.042733186826598,0
12556.0,-0.3349679194593694,-0.5571872395918231,-0.3111525330187208,-0.2149741739744117,0.7017426726202728,0.1043009059326483,0
12557.0,-1.0395356639262063,0.8001660338568091,2.162244536935202,1.7179705674497938,-0.8098576192004525,2.883533847805144,1
12558.0,-1.4474112861963695,-1.058145946714099,-0.8896287197162562,-0.609684782260171,-1.0458699940988507,-0.0469462220226766,0
12559.0,0.8265858861715248,-0.5571872395918231,-0.3630241479353173,-0.3691098594149052,-0.5486003891756687,0.006632483481336,0
12560.0,-1.7074462772723475,-0.2017513803877423,0.5978595977723733,0.5280488303934219,0.6251737972068488,1.2667535325298982,1
12561.0,0.8099271521892553,-1.058145946714099,-0.9775104457270524,-0.6763909572414488,-0.7601216003714991,-0.2127013643824811,0
12562.0,-1.4474112861963695,0.9303406571479472,1.2064220729787922,1.0145972497899107,0.8010741670374462,0.9223387814061416,1
12563.0,1.00176641150428,-1.058145946714099,-0.946952446678794,-0.96946160877935,-0.91940584661767,-0.1550654289907181,0
12564.0,0.7145728708968584,-1.058145946714099,-0.5115481819864242,-0.8631467072838476,-0.5486003891756687,0.6661575846456277,0
12565.0,0.7796907351412116,-1.058145946714099,-1.3306915324343809,-1.1942372750823944,-1.1954453334565955,-0.8788419144528317,0
12566.0,0.0075526370213185,-1.058145946714099,-0.6997489241044423,-0.4121760645974459,-0.6267921989603487,0.3111891262637266,0
12567.0,-0.8183807704906293,1.5110377522649707,1.9379588630835456,1.6467629806143809,1.7580092482839644,1.6070277885779674,1
12568.0,1.2933400032205151,-1.058145946714099,-1.8547128892061715,-1.5248267984910486,-1.614523128595098,-1.8672070562641732,0
12569.0,-2.1519790306632065,2.4054512011867506,1.0725589499997084,0.8461467809045136,0.6340429977198944,-1.0462175108840457,1
12570.0,1.3290588383452664,-1.058145946714099,-1.7821682594547847,-3.628661084298931,-2.515817022689194,-1.730379458790687,0
12571.0,-0.4749394310824503,-0.5571872395918231,-0.4190597754329534,0.0337556903081912,-0.2412044847042052,-0.0988622601951178,0
12572.0,-1.3798409325433134,-0.5571872395918231,0.066582465568397,-0.062008188220434,0.1880646595930938,0.8158372509112632,1
12573.0,0.6254293898743742,0.2992073267345332,-0.187000505685877,-0.0239301063835586,0.7567177940893411,-0.9015845016775708,0
12574.0,0.8367820500425664,-1.058145946714099,-1.0415634756039331,-1.370055796318314,-1.0458699940988507,-0.3335128182280152,0
12575.0,1.072768822575603,-0.5571872395918231,-0.2887328183050169,-0.2988863263835296,-0.1676872918813187,0.1465183523679666,0
12576.0,-0.540774126845729,0.8001660338568091,0.6007933538505618,0.7233036147875206,0.8082392174469527,-0.0576218584785625,1
12577.0,-0.5583457794146515,0.8001660338568091,0.4142370473724809,0.5776363779213901,1.4774744457749929,-0.4081822070570525,1
12578.0,-0.8741833591389503,0.0739460908215904,1.1577506047247823,1.0294032305970442,1.0262202498700983,1.9313830809181,1
12579.0,-0.0543097623705864,-1.058145946714099,-0.5379608154682934,-0.3644942549377236,-0.2941514393624997,0.6163402901793501,0
12580.0,0.6793540117376464,-0.5571872395918231,0.0891397357519321,0.0890994059362388,0.1727297634470911,0.8583419136924946,0
12581.0,-0.4749394310824503,-1.058145946714099,-1.113102480384944,-0.7383398607540069,-0.8098576192004525,-0.4684436902081401,0
12582.0,0.6583250720961007,0.0739460908215904,0.5440545893128053,0.4495436307255754,0.5979759564957379,0.7750595761033268,1
12583.0,-1.9674812683483252,2.202452120611942,1.9757166696037531,1.9028802841948216,0.9812559531764108,0.8804258505496542,1
12584.0,-1.8243736859341724,0.9303406571479472,0.6636614879248577,-0.1164713649302792,0.0384893202353487,-0.0989172690416208,1
12585.0,0.6448229902562577,-0.5571872395918231,0.5654455504382919,0.6211818307153746,0.4897435161402434,1.7560867146700552,1
12586.0,-1.0028785328055103,0.0739460908215904,0.5733699659220548,0.212851229816185,0.5407159979871611,0.8302698659663685,1
12587.0,-1.4474112861963695,-1.058145946714099,-1.3401705596555469,-1.4857427705919497,-1.7640984679528429,-0.8967204607422373,0
12588.0,-0.4907754257615954,0.0739460908215904,0.0217291419827275,-0.0826558324969898,-0.2412044847042052,-0.2079215431272054,0
12589.0,-0.6752731880764764,0.8001660338568091,1.1659610383769927,0.8325013939678924,0.8567153541898691,1.0059434100942766,1
12590.0,0.5787669825224744,-0.5571872395918231,1.7007621324319129,1.4157265323594512,0.3891614223084505,3.896897697893161,1
12591.0,0.8388019735984524,-0.2017513803877423,0.2692430881203293,0.203221175809253,0.3274486497920416,0.6476793915107717,1
12592.0,0.0503234960319062,0.2992073267345332,0.7353024149033083,0.872616557112676,0.0011923041824166,0.8325420805228813,1
12593.0,0.1579897300569208,-0.2017513803877423,-0.5753504115176329,-0.5771176875341992,-0.862804573858747,-0.9408589061726036,0
12594.0,-0.5070123740010525,1.5110377522649707,1.224072742962024,1.128696517193143,0.5001945244425666,0.2629008847200549,1
12595.0,1.1366880923212137,-1.058145946714099,-0.8162161800216983,-0.3975051008243698,-0.6267921989603487,0.0915183544078243,0
12596.0,-0.3225146116861712,-0.5571872395918231,-0.2940079206855642,-0.0308172995627917,-0.4115503779538524,0.1365848786452256,0
12597.0,-0.9353081791524545,0.0739460908215904,1.0156165387712417,0.9883713854697096,1.1982735174240835,1.6634930490256663,1
12598.0,-1.3187161125298097,1.15560189306089,1.1407354579719435,1.1606850232678891,0.9151078788768328,0.5265168869334117,1
12599.0,-0.6752731880764764,1.3460575542855853,0.6507842802384404,0.9744052478426446,0.0914362748936436,-0.6205488514638806,1
12600.0,-0.6752731880764764,1.9044924940644756,1.2175051956383591,0.687131149583718,0.1880646595930938,-0.2051481012106916,1
12601.0,0.5118685254199581,0.4896629879592288,-0.2242044564780513,-0.3530949931952531,-0.4437267787202448,-1.2171750633861966,0
12602.0,-0.2307404346856175,-1.058145946714099,-1.296215978677378,-0.7342923345111426,-0.9802035124500996,-0.8138170158724032,0
12603.0,-0.8456753236698794,-1.058145946714099,-0.1654691942145438,-1.3491740126569909,-2.183176263091345,1.3189027512439475,0
12604.0,-0.0462426723707365,-0.5571872395918231,-0.9328657719878788,-0.5931996852608044,-0.8098576192004525,-1.0652524532596994,0
12605.0,0.9479515492166356,0.0739460908215904,0.2027937329390368,0.4110855242835056,0.3274486497920416,0.1326460108457754,1
12606.0,1.3290588383452664,-1.058145946714099,-2.698986799901052,-3.628661084298931,-2.515817022689194,-3.459605710800236,0
12607.0,-0.2201397768252409,-1.058145946714099,0.3811601206573814,0.5944393923787606,0.7098254282188435,2.349909127854113,1
12608.0,0.9954788591929878,-1.058145946714099,-0.5793331710471076,-0.2824424464256186,-0.7601216003714991,0.5383072223276294,0
12609.0,-0.0543097623705864,0.9303406571479472,0.9409245843531826,0.7487613911099927,0.9088213112787455,0.4225527647878475,1
12610.0,-0.8183807704906293,0.2992073267345332,0.5861305923144983,0.4909071010866128,0.5698454386786636,0.5516698209806352,1
12611.0,-0.3102985242592435,-1.058145946714099,0.1792711076586202,0.349599211406045,0.3526935049184267,1.96912300075439,1
12612.0,-0.0876328522714647,-1.058145946714099,-0.2005374951875175,-0.4196361174135791,-0.6267921989603487,1.2527598625690295,0
12613.0,-0.2524823540546596,1.0480979277381186,1.436443885701698,1.397040021561586,1.3366868742976272,1.212590092907942,1
12614.0,0.7548912404987429,-1.058145946714099,-0.7774554680601654,-1.2275467185765694,-0.586765087019821,0.1646255590656159,0
12615.0,-2.1519790306632065,0.8001660338568091,1.3107660210377432,1.247662415242449,1.258120370257919,1.2786941552508575,1
12616.0,0.0706847362910886,-0.2017513803877423,0.140717449266745,0.0016026151001768,-0.2159596295778201,0.4056567104117538,0
12617.0,-0.6752731880764764,-1.058145946714099,-0.6918639602064749,-0.5552437164184574,-0.0581390644641013,0.3260610839816368,0
12618.0,-0.8456753236698794,-1.058145946714099,-1.1911591970644329,-1.0756752990814846,-1.0458699940988507,-0.6156677238344046,0
12619.0,-1.0395356639262063,1.0480979277381186,1.0099539336373635,1.286346052955197,0.217900422374825,0.4096224661090141,1
12620.0,-1.0784157615666077,-0.2017513803877423,0.2624265143022619,0.5687929379544485,0.607142454731596,0.6348416062700714,1
12621.0,-2.1519790306632065,2.5129551665095216,2.364348185425064,2.1914720366672893,1.7095331115410488,1.2601427839153374,1
12622.0,0.639341544931368,-1.058145946714099,-1.1799714432767938,-1.2902342195152068,-1.0458699940988507,-0.5945663207790215,0
12623.0,0.7502773702473149,0.654643185938614,1.003535623114059,0.9054410450539636,0.7938459876173184,0.881225090741055,1
12624.0,0.140256106228435,-0.5571872395918231,-0.2678868435688,-0.2204935429130606,-0.1220981718085144,0.1857742551578423,0
12625.0,0.5817849890277144,0.0739460908215904,1.2345786915457464,1.246074675331268,0.9984076522496488,2.0762010283493253,1
12626.0,-0.8183807704906293,0.9303406571479472,1.413461218939475,1.2740835836095863,1.3875239442341725,1.3122928653339605,1
12627.0,-1.2629135238814884,0.654643185938614,1.1318528510971717,1.1248850124951375,1.094407142278882,1.122891982527598,1
12628.0,-1.8243736859341724,-0.2017513803877423,-0.1208701302309371,-0.0678416715937903,-0.1676872918813187,-0.0866792541096166,1
12629.0,0.9647411258391284,-0.5571872395918231,0.3713875201703678,0.2454875955128269,-0.0378814165327151,1.390276404921348,0
12630.0,-1.3187161125298097,-0.5571872395918231,0.2246102058807405,0.0644099304008916,0.2880622196936218,1.1136341272429175,1
12631.0,-0.2524823540546596,0.4896629879592288,0.950445250762379,0.7712284272591602,0.921346639414674,0.9903765142643032,1
12632.0,1.1566531348790148,-0.5571872395918231,-0.10420837903148,0.2195093438990782,-0.2159596295778201,0.4940613734198357,0
12633.0,-0.2307404346856175,0.654643185938614,1.3028389456894147,1.2318129509949511,1.344145044363842,1.445007537206675,1
12634.0,1.1748222026740256,-0.5571872395918231,-0.4612556017005694,-0.2546192855417444,-0.586765087019821,-0.1782913647059148,0
12635.0,0.0363810947797576,0.0739460908215904,0.8262964238841423,0.898062150397071,1.0791672045283929,1.306734404590642,1
12636.0,1.3804644691318602,-1.058145946714099,-1.3552357736844585,-3.628661084298931,-2.515817022689194,-0.9251352041638264,0
12637.0,-0.150470157144488,1.2544959545938104,1.579847165132116,1.4158800440741883,1.583861231680227,1.2352709987452777,1
12638.0,-0.5950029105353472,-0.5571872395918231,-0.00682620356838,0.1894977373504258,0.0914362748936436,0.67752252663225,1
12639.0,0.6583250720961007,-0.2017513803877423,0.2477414135533185,0.1570110879448586,0.2607132519567318,0.6071854891478611,0
12640.0,-0.7922005967383016,-0.2017513803877423,0.1678746797548359,-0.3072650503773302,0.0914362748936436,0.4567897492759746,1
12641.0,0.1920503993361995,-1.058145946714099,-1.1572552126772906,-1.2626334870875635,-1.117253523671916,-0.5517208714709796,0
12642.0,-0.7670473650770303,-0.2017513803877423,0.0615134288980687,0.0691846950278294,-0.0581390644641013,0.2565471716804845,1
12643.0,0.2601733813722913,1.2544959545938104,1.5807200238812975,1.4886071668727916,-0.862804573858747,1.2369151448404123,1
12644.0,0.2700401175059993,0.0739460908215904,0.5211799793778008,0.480171139282231,0.7490861757345402,0.7319816746674218,1
12645.0,-0.5764124726865254,0.8001660338568091,0.9622924813209468,0.9548977289403598,0.7865535568710715,0.6224613491092055,1
12646.0,-1.7074462772723475,-0.5571872395918231,0.2664792885614668,0.3880557427345978,0.0200527453205781,1.1925438063684823,1
12647.0,-0.8456753236698794,2.546807042814728,2.1310977843856707,1.7272140529382254,1.4152191667836551,0.782705144665433,1
12648.0,0.3820531327806657,0.0739460908215904,0.1284563817240119,0.0274495927313415,-0.0789096183560038,-0.0072047041619003,0
12649.0,0.1462219650521856,0.8001660338568091,0.6501348102688064,0.9014264592097044,0.6514988276797011,0.0351490683700546,1
12650.0,-1.9674812683483252,-1.058145946714099,-0.7801005190106136,-0.439953437536103,-0.586765087019821,0.1596366857612089,0
12651.0,0.8741131961478769,0.0739460908215904,-0.6482983613958955,-0.4121760645974459,-0.2672508963742018,-1.4651899261888732,0
12652.0,0.8664325630436192,-0.5571872395918231,0.0641869049475833,0.0498740694236828,0.1571027565423948,0.8113233719189764,0
12653.0,0.3568999011193944,-0.2017513803877423,1.0788436773472514,0.8008208647712892,0.4791576523996084,2.173325770325376,1
12654.0,-1.2629135238814884,0.2992073267345332,-0.3132170148234063,-0.4146533591976824,-0.2412044847042052,-1.138203636570515,0
12655.0,1.024810514465536,-1.058145946714099,-0.9128979110257436,-1.1942372750823944,-0.7601216003714991,-0.0908346194538761,0
12656.0,-1.0028785328055103,0.8001660338568091,1.3899394852599218,1.150194106266891,1.15268439735128,1.4278523006503523,1
12657.0,-1.2629135238814884,0.0739460908215904,0.4096193708892607,0.4877676157042337,-0.144576100004755,0.5219204941748568,1
12658.0,-0.9353081791524545,-1.058145946714099,-0.2191630045000293,-0.2885608248606143,-0.1220981718085144,1.217629988728819,0
12659.0,-0.6542442484349309,-1.058145946714099,-1.6626943966096532,-1.017316959584883,-1.614523128595098,-1.5050378770637003,0
12660.0,-1.2629135238814884,-1.058145946714099,-0.9589737420015976,-0.8932765983286024,-0.91940584661767,-0.1777389881938659,0
12661.0,1.042667590085983,-1.058145946714099,-1.255849300415793,-0.5460873605785668,-1.0458699940988507,-0.7376807722462877,0
12662.0,-2.4120140217391843,1.847016261407861,1.4523886962390016,1.2980169461758893,1.0994248524597794,0.3024936641146447,1
12663.0,1.2731708819498868,-0.5571872395918231,-0.975859945321222,-0.6617743348522026,-1.1954453334565955,-1.1460183199108345,0
12664.0,-1.4474112861963695,1.15560189306089,1.350921670128721,0.7237434148298558,-1.117253523671916,0.9221957478856984,1
12665.0,0.854736338582082,-0.2017513803877423,-0.7820219799052706,-0.7222970913063499,-0.91940584661767,-1.3285229994983605,0
12666.0,0.9778633268252848,-1.058145946714099,0.2117716301905014,-0.1933485238451358,-0.2412044847042052,2.030422761052432,0
12667.0,-0.2415192631816249,-1.058145946714099,-0.2918468367163321,-0.1504571282154663,-0.1914684658752519,1.0805398392387031,0
12668.0,-1.2115801184678894,1.0480979277381186,1.8078371387592684,1.5274295047165265,1.4899997739109212,1.912361022875672,1
12669.0,0.3653943987983962,-0.2017513803877423,0.7789595553542561,0.5310022297825363,0.6853342645162757,1.6080463876272273,1
12670.0,-1.3187161125298097,0.654643185938614,1.0059247676509568,0.7793585794666286,0.4240770344914922,0.885724106098845,1
12671.0,1.2534042260021032,-1.058145946714099,0.7463239330562185,0.7081726958702182,0.0565206627106016,3.038650490323284,1
12672.0,0.8644979455921589,-0.5571872395918231,-0.5434832569994282,-0.8390516708165107,-0.5121324717856456,-0.3330483991600471,0
12673.0,-1.7074462772723475,-0.2017513803877423,0.20108065817858,0.2251631403646062,0.3891614223084505,0.5193161197436114,1
12674.0,-0.4907754257615954,0.0739460908215904,0.5404816940878927,0.5415259893141285,0.1727297634470911,0.7683308938002892,1
12675.0,1.195966706816979,-0.5571872395918231,0.0215188901324923,-0.2546192855417444,0.7865535568710715,0.7309278967409353,0
12676.0,-0.7670473650770303,1.15560189306089,0.804505413740594,0.8698057795921804,0.3771846686209953,-0.1058752531911916,1
12677.0,1.197121207936731,-0.5571872395918231,-0.6160227432415666,-0.6800964371201603,-0.91940584661767,-0.4695384875400042,0
12678.0,-0.4443943630945455,1.9044924940644756,2.5983374305220903,2.502918014358104,1.2622326247684963,2.3946771127870448,1
12679.0,-0.2307404346856175,0.0739460908215904,0.1291164611774051,0.0715591414290579,0.0200527453205781,-0.0059630628569524,1
12680.0,-2.4120140217391843,0.0739460908215904,-0.0393248990927189,-0.0737273568542482,-0.1914684658752519,-0.3227021474835044,1
12681.0,-1.0784157615666077,2.8158079328937515,2.522773026412663,2.344981825677096,1.9455454864394472,1.2174554563127942,1
12682.0,-1.8243736859341724,2.990819440597063,2.342441592621252,2.037097801909626,1.6680779869560265,0.6817708604841723,1
12683.0,-1.8243736859341724,1.9044924940644756,1.882645379641063,1.8000020247408066,1.4014884185366627,1.0461451484744433,1
12684.0,-1.4474112861963695,0.654643185938614,0.646667357659223,0.9100939665019112,0.3014022381220454,0.2095212741383407,1
12685.0,-0.6970151074455184,0.4896629879592288,0.8095524659857308,0.73593991417152,0.8293663864529791,0.7250570710778842,1
12686.0,0.94111068223374,-1.058145946714099,-1.1872498199717567,-0.5521774127817789,-1.3785107536966998,-0.6082941845794396,0
12687.0,1.1055244621722873,-0.5571872395918231,0.5995115154777667,0.6819981470667436,0.8896672959534744,1.8203083492837155,1
12688.0,0.1864977655259916,-1.058145946714099,1.1927883696508383,1.187724529896296,1.1384985731749109,3.880734272761055,1
12689.0,-0.7428435417295326,-0.5571872395918231,0.2113043175656624,0.153881561316635,0.2466890975132978,1.0885575757423531,1
12690.0,0.5634601652637944,-1.058145946714099,-0.6271878476793239,-1.0111411307468456,-0.7601216003714991,0.4480477440740847,0
12691.0,-0.6970151074455184,0.654643185938614,0.1653079066391275,-0.0722509904906822,-0.4437267787202448,-0.6949995087828537,1
12692.0,1.2853483085455746,-1.058145946714099,-1.5265746060443293,-1.709582179172762,-0.91940584661767,-1.248300142299931,0
12693.0,0.2551824986059697,0.654643185938614,0.4353794130457862,0.0498740694236828,0.3274486497920416,-0.187779859734731,1
12694.0,-0.1227827554391228,-0.2017513803877423,0.4924048110657996,0.6591185901376412,0.4009658426149288,1.0680540001283818,1
12695.0,-1.5229485149574664,0.654643185938614,0.2979373048018603,-0.0591107344650019,0.0741642041589574,-0.4460099018696203,1
12696.0,1.0411983450016138,-0.5571872395918231,-0.0633369231993846,0.0833044703102229,0.0200527453205781,0.5710568031730464,0
12697.0,-0.6752731880764764,-0.2017513803877423,0.02083514763593,0.0146530618758052,-0.1002197270566499,0.1799785357063234,1
12698.0,1.2362726511275437,-1.058145946714099,-0.7244847204371283,-0.9811029912456316,-0.7601216003714991,0.2645345414185929,0
12699.0,1.0156919930971386,-1.058145946714099,-0.2712838579707655,-0.1880514138269199,-0.0181119525235737,1.119324005458815,0
12700.0,-1.4474112861963695,0.0739460908215904,1.2025052705227806,1.1743437191400288,1.2372441024225518,2.015742734356649,1
12701.0,-0.0382757972626953,0.4896629879592288,0.6962630730304717,0.8185669050017028,0.8362895757000253,0.5117833053059037,1
12702.0,-0.9040178174155592,-1.058145946714099,-1.039759737096173,-1.4609201666402376,-0.9802035124500996,-0.3301107579055212,0
12703.0,-0.1138130260237924,0.0739460908215904,0.0567160860853278,0.118436592109052,0.2324210325411989,-0.1421328273830715,1
12704.0,-1.5229485149574664,0.8001660338568091,0.6644896870055323,0.463404795720079,0.3401681767824983,0.0621425378790392,1
12705.0,-1.0784157615666077,1.4312993642702228,1.82754907047211,1.756205594406423,1.6503800698286364,1.492665982237021,1
12707.0,0.7862910527348936,-1.058145946714099,-0.3114981898458794,-0.4348149665659621,-0.1914684658752519,1.043475104811995,0
12708.0,-0.6542442484349309,1.7233615276208618,1.2550985622139326,1.0672430146254968,0.9151078788768328,0.0742296908098313,1
12709.0,-1.0784157615666077,2.478149591821275,2.5280076272710588,2.193827941968629,1.2201519621759485,1.60779898477863,1
12710.0,0.0839084047561103,-0.2017513803877423,0.1520343780847676,0.3534704464713255,0.4684334074395972,0.4269644038516721,1
12711.0,1.2597123935708792,-0.5571872395918231,0.2622329553323118,0.2877653393202686,0.2324210325411989,1.1845406833987753,0
12712.0,-0.6752731880764764,1.9044924940644756,1.473284988459724,1.0207836402693722,0.8896672959534744,0.2756777653704801,1
12713.0,-2.4120140217391843,-1.058145946714099,-0.0661812733200171,0.0146530618758052,-0.0789096183560038,1.506171301937404,1
12714.0,-1.3798409325433134,1.2544959545938104,1.9578553986545564,1.887325347841145,1.9034648238468983,1.9475075786162668,1
12715.0,0.140256106228435,-1.058145946714099,-0.6952471755560378,-0.6063545425438546,-0.586765087019821,0.3196799468857202,0
12716.0,-1.8243736859341724,-0.5571872395918231,0.0895430292356632,0.2326267204681548,0.2880622196936218,0.8591018511737293,1
12717.0,0.3653943987983962,-0.2017513803877423,0.2458405461117197,0.1239313687523604,0.2880622196936218,0.6036056908886472,1
12718.0,-0.1138130260237924,-1.058145946714099,-0.9793153136902868,-0.5867196235949155,-0.6267921989603487,-0.2161055549891818,0
12719.0,-1.7074462772723475,-0.5571872395918231,-0.2636127706353285,-0.1862951485943219,-0.1676872918813187,0.1938231555369866,0
12720.0,-1.9674812683483252,2.3282062876889484,1.57293413154211,1.671261344510818,1.48688632403703,-0.0201477603500354,1
12721.0,-0.6141483680629726,0.8001660338568091,1.0527966119582075,1.1012925660072024,1.193826931703096,0.7928460591524928,1
12722.0,0.0001383902963132,0.0739460908215904,0.0503224572854734,0.0856285749857403,0.1411722937225966,-0.1541559946734275,0
12723.0,-1.8243736859341724,0.2992073267345332,-0.1793579002794013,-0.0886762034903892,0.1880646595930938,-0.887249056067769,1
12724.0,-1.7074462772723475,0.654643185938614,0.657278067005592,0.6706578499519347,0.6514988276797011,0.2294822659592182,1
12725.0,0.939389002813624,0.0739460908215904,0.7658548273789816,0.6349113322080078,0.6340429977198944,1.1928561035555492,1
12726.0,-0.6970151074455184,1.15560189306089,1.05306942522415,1.4652470514328928,0.3274486497920416,0.3615553622750083,1
12727.0,-1.2629135238814884,1.0480979277381186,1.3030127554730804,1.1437254252933526,0.9275383145186272,0.9612869476775971,1
12728.0,-0.1138130260237924,0.2992073267345332,0.1008522137506342,0.0583923135040178,0.1083521949576072,-0.3611414128515911,1
12729.0,0.1864977655259916,-1.058145946714099,-0.517695991278546,-0.4964795731478753,-0.3805884749031534,0.654562102277753,0
12730.0,1.1578805519021536,-1.058145946714099,-0.0827404588824115,-0.4936747887746049,0.0914362748936436,1.4749387546849764,0
12731.0,-0.7922005967383016,1.6565606001831652,2.3928571825743243,2.073271265268394,0.9578145568046976,2.29436311421055,1
12732.0,0.4773803670621637,-1.058145946714099,-0.985334027758066,-0.9811029912456316,-0.9802035124500996,-0.227457548770063,0
12733.0,0.6448229902562577,0.0739460908215904,0.6898929577506432,0.387322905958163,0.8293663864529791,1.0497511595560345,1
12734.0,0.9075812346760708,-0.2017513803877423,-0.2695496046758559,-0.4121760645974459,-0.7132292345010023,-0.3663172108713661,0
12735.0,0.8347557444111318,-0.5571872395918231,-0.127202813674102,-0.1969037808196001,-0.0789096183560038,0.4507458151363582,0
12736.0,0.8702843776182111,-1.058145946714099,-0.992230876816157,-0.6913398038775899,-1.7640984679528429,-0.2404658071344643,0
12737.0,1.1290379992392874,-0.5571872395918231,0.9963222325196782,-3.361978192741088,-2.183176263091345,2.5684706101793897,0
12738.0,0.94111068223374,-1.058145946714099,-0.788695251794101,-0.3396716509860114,-1.0458699940988507,0.1434260214884519,0
12739.0,-0.0543097623705864,0.0739460908215904,0.7744037907490913,0.4264633349153768,0.5698454386786636,1.2089626217035714,1
12740.0,-0.1794070292720186,-1.058145946714099,-0.5591986559318347,-0.2449609484229135,-0.3507527121214226,0.5762832563767066,0
12741.0,1.1664073183274863,-0.5571872395918231,-0.5963372506290014,-0.5521774127817789,-0.7601216003714991,-0.4325016003102832,0
12742.0,1.2741945456928905,-1.058145946714099,0.1842016720231569,0.6610559138912184,0.3771846686209953,1.9784226178108135,1
12743.0,0.2893295474663386,-0.5571872395918231,-0.3828619320798995,-0.2906129979414018,0.8082392174469527,-0.0307165858670961,0
12744.0,-0.3102985242592435,1.15560189306089,2.3799200882674434,1.7382126700362766,1.4320656120576276,2.8613061357253198,1
12745.0,1.1134584833473364,-0.2017513803877423,-0.0037706252133175,-0.0391782715441003,-0.5486003891756687,0.1336674821237534,0
12746.0,1.180765944929144,-1.058145946714099,-0.931821699718947,-1.06892938416266,-0.7132292345010023,-0.126527082850003,0
12747.0,-2.1519790306632065,2.1575193073054413,1.6565010888451002,1.12631691641078,0.5698454386786636,0.3308558425953152,1
12748.0,-2.4120140217391843,5.276266197153594,2.9596357707277137,2.8702536754160275,3.261267017269096,-0.6849318264894659,1
12749.0,-1.8243736859341724,0.9303406571479472,1.4429801679564338,1.0238551509784724,1.480623751205243,1.3679032014604813,1
12750.0,0.2651257241188405,-1.058145946714099,-0.8740545464178263,-0.8438005790920419,-0.8098576192004525,-0.0175715223052362,0
12751.0,1.0557414896988655,-1.058145946714099,-0.894137193547546,-0.6334808999499925,0.3014022381220454,-0.0554497273093057,0
12752.0,-0.0304066776915911,-1.058145946714099,1.1136483192814748,0.9959718008930531,0.1880646595930938,3.731466945970905,1
12753.0,-0.8183807704906293,0.4896629879592288,2.259791467958089,2.0607233121546145,0.9275383145186272,3.4583226982147424,1
12754.0,0.6502579820962507,-0.2017513803877423,0.8457772627709451,1.6881163659157408,0.1249263557760024,1.7339847127699863,1
12755.0,0.7617503989180828,1.15560189306089,1.6371457813523238,1.3337520209374347,-0.1676872918813187,1.4613148191527046,1
12756.0,0.0148821476427679,-1.058145946714099,-1.519337552207925,-0.8112565093766205,-1.7640984679528429,-1.2346502182102363,0
12757.0,-1.0395356639262063,1.3460575542855853,1.5368454575620638,1.0354525460888564,1.4049427101962726,1.045659717135594,1
12758.0,0.2030134902092342,0.654643185938614,1.7036037579341767,1.6541767232077311,1.211470473151452,2.2002844818719947,1
12759.0,-0.3102985242592435,0.8001660338568091,1.214186641338368,1.2244617556257054,1.2904553164025458,1.0967715568892349,1
12760.0,1.071367018304198,-1.058145946714099,-0.7076591429817957,-0.6030410799249616,-0.5486003891756687,0.2962695347214322,0
12761.0,1.0741675694743047,-0.5571872395918231,-0.1240892597892284,-0.3737580832755742,-0.3507527121214226,0.4566108418251399,0
12762.0,-1.4474112861963695,-0.5571872395918231,0.5136437977393866,0.5939040069696255,0.3145288070742748,1.6584321982283534,1
12763.0,0.3080557011550128,-0.5571872395918231,-0.0959579008756873,0.0198015886647239,-0.7601216003714991,0.5096035574909575,0
12764.0,0.8388019735984524,-1.058145946714099,0.4315039019473964,-0.1655778157249051,0.0565206627106016,2.4448633465916028,0
12765.0,1.0934362995056883,0.4896629879592288,0.2966363081657677,0.4653613294547838,0.1249263557760024,-0.2399068504682198,1
12766.0,-1.8243736859341724,0.9303406571479472,1.7155124652087512,1.5736965305898964,1.4583204304497217,1.8814349003351605,1
12767.0,0.9479515492166356,-1.058145946714099,0.0149704671951592,0.1217389635930018,0.0200527453205781,1.6592329099921492,0
12768.0,1.0643116644325106,-1.058145946714099,-1.2268648514444616,-1.0362001973790858,-1.117253523671916,-0.6830127350610226,0
12769.0,0.6583250720961007,-1.058145946714099,0.1486302221219439,-0.2186486021835564,-0.2159596295778201,1.911330731818544,0
12770.0,0.5787669825224744,-0.5571872395918231,0.90007546190613,0.8613006489380512,-0.6267921989603487,2.3869903347023014,1
12771.0,1.1121429440166524,-1.058145946714099,-0.8575369605294626,-1.0235513279573645,-0.8098576192004525,0.0135825631303374,0
12772.0,-0.2201397768252409,-1.058145946714099,-0.0298590829527074,0.0739250466377289,0.217900422374825,1.5746791716441702,0
12773.0,1.2074192468466634,-1.058145946714099,-1.4456812527472451,-0.9929541396007278,-1.4880589811139169,-1.0957258825491285,0
12774.0,1.1748222026740256,-1.058145946714099,-1.6100817446765523,-1.4609201666402376,-1.4880589811139169,-1.4058043047732944,0
12775.0,-1.0028785328055103,0.654643185938614,0.4281970937178716,0.5118671801993483,0.217900422374825,-0.2012787796707948,1
12776.0,1.3157764807748435,-1.058145946714099,-2.0193246416770387,-1.5522358034901935,-1.7640984679528429,-2.177683940406771,0
12777.0,1.0741675694743047,-1.058145946714099,-0.419281270651527,-0.0533538404792291,-0.3805884749031534,0.8401836958480468,0
12778.0,-0.9040178174155592,0.9303406571479472,0.4654687090018494,0.8216048824065979,0.4897435161402434,-0.471266106716049,1
12779.0,-0.5070123740010525,1.4312993642702228,1.4244543960462883,1.3089427944060974,0.9870131210634252,0.7335068409751196,1
12780.0,1.2459654079011129,-1.058145946714099,-0.7294715441984954,-0.3644942549377236,-0.586765087019821,0.2551288126054481,0
12781.0,-0.1794070292720186,-0.5571872395918231,-0.0849222455123908,0.1973747289689879,-0.4115503779538524,0.5303927763097185,0
12782.0,-1.7074462772723475,1.15560189306089,1.1539837508039332,0.9206072123393,0.9870131210634252,0.5514502295526403,1
12783.0,-2.1519790306632065,0.4896629879592288,0.6282280191572591,0.1496855602350355,0.4791576523996084,0.3837356370477373,1
12784.0,-1.3798409325433134,-0.2017513803877423,0.4771636216103308,0.376976520538054,0.8567153541898691,1.0393388167904267,1
12785.0,0.9272060682311212,-0.2017513803877423,0.1209067456250284,-0.0605578658272451,0.0011923041824166,0.3683582290837728,0
12786.0,1.2576165577225409,-1.058145946714099,-0.1759617886454403,-0.2804155698175485,-0.6688728615528973,1.2991124994753,0
12787.0,-1.3187161125298097,0.0739460908215904,-0.0547119908483506,0.0172323629805716,-0.2672508963742018,-0.351624534963408,1
12788.0,1.081115906117918,0.0739460908215904,-0.5306843317250728,-0.616396278646906,-0.586765087019821,-1.2449656148592358,0
12789.0,-0.1696156146721137,-0.2017513803877423,-0.8806692571211853,-1.709582179172762,-1.614523128595098,-1.5133241879734531,0
12790.0,0.5185490566485405,-0.5571872395918231,-0.3254257456625334,-0.3178908216871508,-0.1220981718085144,0.077424856724569,0
12791.0,0.9445402369244064,0.4896629879592288,0.0913312041189254,-0.0649184626094477,-0.7132292345010023,-0.6255489556646167,0
12792.0,0.7047061347631505,-0.5571872395918231,-0.0846872340018647,-0.1521201403247171,-0.0581390644641013,0.5308355005423527,0
12793.0,0.8741131961478769,-0.2017513803877423,0.0643992229550517,0.0375105298426944,-0.1676872918813187,0.2619794241102795,0
12794.0,-0.2983107883386734,-0.5571872395918231,-0.0561911254099423,0.1151175559381492,0.0200527453205781,0.5845189020340008,0
12795.0,-0.9353081791524545,-1.058145946714099,-0.5543727884532439,-1.29969799342043,-0.862804573858747,0.585385402946121,0
12796.0,1.2762369843581085,-1.058145946714099,-0.6421414320242504,-0.6581703754853391,-1.3785107536966998,0.4198435472018231,0
12797.0,0.9307105862349312,-0.5571872395918231,-0.1031093892601261,-0.2624493891945898,-0.3507527121214226,0.4961316287922283,0
12798.0,-1.3187161125298097,0.0739460908215904,1.594438045606146,1.862969598946634,-0.3507527121214226,2.7546274409259963,1
12799.0,1.1664073183274863,-1.058145946714099,-1.0386142498325408,-0.8438005790920419,-0.8098576192004525,-0.3279502358826447,0
12800.0,1.090718815783679,-0.2017513803877423,-0.3347230616293021,-0.3667980083921493,-0.2412044847042052,-0.4888415900453667,0
12801.0,1.131598183073706,-1.058145946714099,0.1019613410737789,0.0107650450043412,0.1411722937225966,1.8233078017618327,0
12802.0,0.5017154078421048,0.654643185938614,0.6873785436396235,0.9057744904039728,0.7642790739473241,0.2861117306219218,1
12803.0,0.9762376600515654,-1.058145946714099,0.1159237837575053,0.3694853126909775,0.217900422374825,1.8496425903440163,0
12804.0,1.0852490581173193,-0.5571872395918231,-0.7519209362873491,-0.3975051008243698,0.2880622196936218,-0.7251480901926989,0
12805.0,0.9580779469522994,0.0739460908215904,0.3120401557749272,0.1162257633423767,0.0384893202353487,0.3382336709089575,0
12806.0,1.0411983450016138,0.0739460908215904,0.8135367866018763,0.9430353306654172,0.2607132519567318,1.282693069680399,1
12807.0,0.9597502430728068,-1.058145946714099,-0.7446424868106208,-0.8067360727591756,-0.7601216003714991,0.2265146527959745,0
12808.0,-0.5236711079833221,0.2992073267345332,-0.0189493462070106,-0.1845435605050292,0.0741642041589574,-0.5861868101671329,0
12809.0,0.4702544582071883,-0.2017513803877423,0.4574176696129089,0.0274495927313415,0.4684334074395972,1.002137430885603,1
12810.0,1.1736268151912543,-0.5571872395918231,-0.3980802077595084,-0.1604988643185178,-0.2159596295778201,-0.0593671283333146,0
12811.0,0.7145728708968584,0.2992073267345332,0.0760301535835872,-0.0871659366068146,0.0914362748936436,-0.4077815018951683,0
12812.0,-0.4011425702790203,-1.058145946714099,-1.0057257569379692,-0.7262712480428852,-0.8098576192004525,-0.2659187184193962,0
12813.0,1.1328744525473045,-0.2017513803877423,0.4289142887963701,0.5461497056409784,-0.1002197270566499,0.948439096271671,1
12814.0,0.1158217147681432,-1.058145946714099,-1.4361368329803106,-1.5115390548677536,-2.183176263091345,-1.077723998323326,0
12815.0,0.3526100844636154,-0.5571872395918231,0.0963240923081403,-0.1775834856216042,-0.0789096183560038,0.8718796630304179,0
12816.0,0.0773306527470905,-0.5571872395918231,-0.3497145774237116,-0.8881581216111365,-0.3507527121214226,0.031691754880775,0
12817.0,0.7617503989180828,-0.2017513803877423,-0.2140107751774144,-0.5370567252723396,-0.7601216003714991,-0.2618783198572172,0
12818.0,0.7170160174661255,-1.058145946714099,0.3638895486664318,0.4110855242835056,-0.862804573858747,2.3173348231728026,0
12819.0,1.0741675694743047,-1.058145946714099,-0.390683682161272,-0.2411369787048411,-0.6267921989603487,0.8941220692337377,0
12820.0,-1.9674812683483252,1.15560189306089,0.7645062434090705,0.903102182253235,0.921346639414674,-0.1810465540859037,1
12821.0,0.5877787261013253,-0.5571872395918231,-1.0338879631685094,-0.7342923345111426,-0.91940584661767,-1.2549938412031747,0
12822.0,-0.1138130260237924,-0.5571872395918231,0.0142577217609842,0.0668016455411409,-0.0181119525235737,0.7172468204656872,0
12823.0,-0.0791383545924629,1.7233615276208618,1.4003952857574973,0.4117923711423014,-2.515817022689194,0.3474846844470895,1
12824.0,-0.2201397768252409,-1.058145946714099,-0.6123572568095846,-0.4992963694822978,-0.4115503779538524,0.4760199609669534,0
12825.0,1.1566531348790148,-0.5571872395918231,-0.4204175034637325,-0.8343368051868192,-0.586765087019821,-0.101418178858648,0
12826.0,-1.9674812683483252,1.2544959545938104,0.8324986817515434,0.9133974437569532,0.6428173386552047,-0.1710592254637833,1
12827.0,-1.608585561882396,-0.2017513803877423,-0.5549241157977796,-0.6063545425438546,-0.6267921989603487,-0.9025129625586368,0
12828.0,-1.9674812683483252,0.4896629879592288,0.0653750808474058,-0.0036909421566538,0.0741642041589574,-0.6742705710414857,1
12829.0,0.8779192915851238,-0.2017513803877423,-0.6340753564518342,0.0668016455411409,-0.7132292345010023,-1.0510729927352656,0
12830.0,-0.5070123740010525,0.4896629879592288,1.4342871259697894,1.9632678844102665,-0.91940584661767,1.902005261518,1
12831.0,0.7170160174661255,-0.2017513803877423,-0.5207179508557206,-0.3243496716804167,-0.7601216003714991,-0.8382871296785769,0
12832.0,-0.6141483680629726,-0.5571872395918231,-0.6383222407805823,-0.6130319698342725,-0.3507527121214226,-0.5114903617659939,0
12833.0,0.3395657324261091,-1.058145946714099,-0.5765894314376263,-0.7589597607014165,-0.4437267787202448,0.5434822339052574,0
12834.0,0.7662827513425954,-1.058145946714099,-0.7848218294491394,-0.9870018732865308,-0.6688728615528973,0.1507317459132304,0
12835.0,1.0308182885991817,2.703410827734218,1.3477419871057947,1.0230188877522657,0.9637379981128577,-0.8652393857268094,1
12836.0,-0.2307404346856175,1.5110377522649707,1.4096575021594235,0.9883713854697096,1.5411968671369618,0.6120887633318678,1
12837.0,0.4520853904121776,-0.5571872395918231,-0.2166920260214183,-0.567653913628976,0.5505411819726732,0.2821886889275799,0
12838.0,-0.5764124726865254,1.0480979277381186,0.933044332443204,0.8620136256352996,1.380451546493704,0.2649253700156783,1
12839.0,-1.9674812683483252,2.1575193073054413,1.7157593170788503,1.7244354185738933,1.0636387966331442,0.4423353625278629,1
12840.0,0.3351579817503524,0.654643185938614,1.0579642665075009,0.99480820759743,0.7717713000569296,0.9837258246251702,1
12841.0,-1.7074462772723475,2.6736379125253507,1.507229166648309,1.5698211612412003,1.6164639213921022,-0.53282225317546,1
12842.0,-0.1227827554391228,0.0739460908215904,0.5209922505993064,0.3806903696986337,0.0565206627106016,0.7316281489898664,1
12843.0,-0.1599714449813229,2.3282062876889484,1.4099626707025663,1.1883756313572933,0.9151078788768328,-0.3263249078125816,1
12844.0,-0.6752731880764764,0.0739460908215904,-0.2595524534200115,-0.5252055769172435,0.5979759564957379,-0.7364306212559346,0
12845.0,0.7290940618003953,0.0739460908215904,-0.6947802794871701,-0.5835033778764733,-0.3805884749031534,-1.5521487412482682,0
12846.0,1.3290588383452664,-1.058145946714099,-2.9028031903715754,-3.628661084298931,-2.515817022689194,-3.8440270956687215,0
12847.0,-0.8456753236698794,-0.5571872395918231,0.4068617717128731,0.7402415707005902,0.7017426726202728,1.4571431172858118,1
12848.0,1.323400049877103,-1.058145946714099,-1.0767213340626407,-1.4026767430063911,-0.7601216003714991,-0.3998246227227633,0
12849.0,-0.6338830081757483,0.4896629879592288,0.8646264182858023,0.8750661723792841,0.8700553726182927,0.828758648989498,1
12850.0,1.0571778289304523,-1.058145946714099,-0.7454040407583367,-0.5964638157260045,-2.183176263091345,0.2250782735992028,0
12851.0,0.0839084047561103,-0.5571872395918231,-0.8528971982569772,-0.7424124492385259,0.4240770344914922,-0.9149798215042162,0
12852.0,0.7928241333268481,-1.058145946714099,-0.7867328823507745,-0.7889587489815226,-0.7132292345010023,0.1471272781797594,0
12853.0,0.294062596246371,1.15560189306089,1.033589553178139,0.7957176626827412,0.7865535568710715,0.3249065719067282,1
12854.0,-0.0462426723707365,0.654643185938614,0.8417656662656131,0.7825827081717943,1.215822701168371,0.5766546743104164,1
12855.0,0.942827752064887,0.0739460908215904,-0.2569613846774987,-0.3999276484574282,0.3526935049184267,-0.7315659902909506,0
12856.0,-1.4474112861963695,0.4896629879592288,0.6131938639961656,0.5094356767321276,1.0583966506364906,0.3554436644802272,1
12857.0,0.5787669825224744,0.4896629879592288,0.9919405296609364,0.6899141760440615,0.4240770344914922,1.0685323894292018,1
12858.0,0.9597502430728068,-1.058145946714099,-1.1886982489169204,-1.3491740126569909,-0.1220981718085144,-0.6110260897991228,0
12859.0,1.07556327230771,-1.058145946714099,-0.3460780602531143,-0.3485900376463807,-0.5486003891756687,0.9782534529132754,0
12860.0,1.3393053557797785,-1.058145946714099,-2.01970735912833,-1.892897819902408,-0.7601216003714991,-2.1784057899709754,0
12861.0,1.2680279097306315,-1.058145946714099,-1.8726965395026152,-1.892897819902408,-1.7640984679528429,-1.901126309450777,0
12862.0,1.0278214364224063,-0.5571872395918231,0.0579951718783007,0.1380065926412373,0.8431548296299944,0.7996565537741015,0
12863.0,-0.3102985242592435,0.4896629879592288,0.7915852010805344,0.386589251739533,-0.4437267787202448,0.6912285216246927,1
12864.0,0.3080557011550128,-0.5571872395918231,-0.8148963899903275,-0.0693081625888552,-1.614523128595098,-0.8435499093189914,0
12865.0,-0.7428435417295326,0.0739460908215904,0.9169663023760704,0.9061077667925612,1.0636387966331442,1.4775840323605778,1
12866.0,0.7662827513425954,-0.2017513803877423,0.1995160424544899,0.0703729897301092,0.2607132519567318,0.5163698646538877,0
12867.0,-0.7428435417295326,1.3460575542855853,1.5419797841700618,1.8215575330319136,1.7580092482839644,1.0553289401867785,1
12868.0,0.4982949986740278,0.8001660338568091,0.6350395324254522,0.6227215604988681,0.5793298571111467,0.0067650837278409,1
12869.0,1.3290588383452664,-1.058145946714099,-0.7288968320923159,-0.8112565093766205,-0.144576100004755,0.2562127863881657,0
12870.0,0.9462481612329638,-0.2017513803877423,0.4242697723773301,0.3946147870627308,0.5698454386786636,0.9396893943638104,1
12871.0,-0.0073625747303351,-0.2017513803877423,-0.1607920807724773,-0.0171142843658956,-0.91940584661767,-0.1617805638871421,0
12872.0,0.858658829090127,1.2544959545938104,0.9914500703435474,0.8655669618781198,1.3329322084435713,0.1277439964124107,1
12873.0,0.7640205789835691,-0.2017513803877423,0.5609123893649222,0.301274845092241,-0.1914684658752519,1.197133724405381,1
12874.0,0.9630818100393996,-0.5571872395918231,0.0139086743656515,0.1486323639510579,0.0384893202353487,0.7165891690574668,0
12875.0,0.3307197273670667,0.2992073267345332,0.2718159354007384,1.5416545159179476,-2.183176263091345,-0.0397523551482455,0
12876.0,-0.2415192631816249,0.0739460908215904,1.065026805698994,1.1918373284999075,0.8293663864529791,1.7566157250179475,1
12877.0,-1.8243736859341724,1.847016261407861,0.8323573153766394,0.9959718008930531,1.0262202498700983,-0.861939916399529,1
12878.0,0.6502579820962507,-0.5571872395918231,-0.0607394285202309,0.0632108034711044,-0.0789096183560038,0.5759502527969903,0
12879.0,-0.4011425702790203,-0.2017513803877423,-0.3484334332666267,-0.1933485238451358,-1.3785107536966998,-0.5146120337830048,0
12880.0,0.9580779469522994,-0.5571872395918231,-0.2690099102948912,-0.3784393908584309,-0.2159596295778201,0.1836593170699205,0
12881.0,0.7502773702473149,-1.058145946714099,-0.8186702073701252,-2.051515154316317,-1.3785107536966998,0.0868897738034404,0
12882.0,-1.3798409325433134,-0.5571872395918231,0.3260002693426018,-0.4609184296153759,-0.9802035124500996,1.30472740960401,0
12883.0,-0.7670473650770303,0.0739460908215904,-0.2011203049898213,-0.609684782260171,-0.0581390644641013,-0.626707526895636,0
12884.0,0.0221288371626836,-1.058145946714099,-0.7925198806682179,-1.5956177399879288,-1.3785107536966998,0.136212327216849,0
12885.0,-0.1893502547848894,-0.2017513803877423,0.1682668726558047,0.18152526472149,0.3650304751021734,0.4575282146384671,1
12886.0,-0.1411075792030422,-0.5571872395918231,0.2830881429460451,0.2877653393202686,0.4684334074395972,1.2238470778429134,1
12887.0,0.9614181899137092,-1.058145946714099,-1.0287084752257958,-1.0490970995891926,-0.91940584661767,-0.3092667944590724,0
12888.0,0.5877787261013253,-0.5571872395918231,-0.6947194022966463,-1.2275467185765694,-1.7640984679528429,-0.6175746220190723,0
12889.0,0.9564012788108172,0.0739460908215904,-0.6337769587426781,-0.9088754544805528,-0.4115503779538524,-1.4380139747727425,0
12890.0,-0.7922005967383016,-0.5571872395918231,-0.1871409448127299,-0.0419890490645959,0.8766449105123539,0.3378463610080807,1
12891.0,0.4982949986740278,1.15560189306089,-0.0730418850540056,1.0140319545777978,-2.183176263091345,-1.7497457868507782,0
12892.0,0.982715747443508,-1.058145946714099,-0.907343599130211,-0.8296554976039625,-0.6688728615528973,-0.0803585421082666,0
12893.0,-0.6338830081757483,-1.058145946714099,-1.1486702336051555,-1.0756752990814846,-0.3507527121214226,-0.5355286038306872,0
12894.0,1.219785234148785,-1.058145946714099,-1.2767050158687598,-1.7651973438095343,-0.5486003891756687,-0.7770170738967294,0
12895.0,-0.4443943630945455,-0.5571872395918231,-0.6577780971555776,-0.5645293427226981,-0.5121324717856456,-0.5480897648783851,0
12897.0,0.5603544681590024,0.0739460908215904,-0.4265171804816441,-0.4529780401521651,-1.117253523671916,-1.0497173468092402,0
12898.0,1.0824965852277768,-0.5571872395918231,-0.7880944300905118,-0.4770927103734043,-0.3507527121214226,-0.7931628589700045,0
12899.0,1.0095401454577722,-1.058145946714099,-0.6702225408357011,-0.9989607652635912,-0.7132292345010023,0.3668793144773618,0
12900.0,1.0217853899940603,-1.058145946714099,-0.7232592215744031,-0.8343368051868192,-0.91940584661767,0.2668459746103788,0
12901.0,-1.3798409325433134,2.245808014503504,2.120169054578646,2.52326674373646,-0.2672508963742018,1.1030850715961318,1
12902.0,0.7242901052643254,-1.058145946714099,-1.3671060799163346,-1.3190441216122355,-1.117253523671916,-0.9475239804047184,0
12903.0,1.0323114794921844,-1.058145946714099,-0.0790352900198455,-0.0050210152869876,-0.0181119525235737,1.4819271335000022,0
12904.0,-0.9682038613741812,-0.5571872395918231,-0.4330780985545829,-0.3265167937029618,0.2745016951337471,-0.1252512609023477,0
12905.0,1.22200820066849,-0.5571872395918231,0.0651701189105865,0.0449565067865308,0.1727297634470911,0.813176009064765,0
12906.0,-1.2115801184678894,0.2992073267345332,0.8236860313070907,0.8268878099159703,0.217900422374825,0.999001313951824,1
12907.0,0.9811023498659778,-0.5571872395918231,-0.4340243057392941,-0.6763909572414488,-0.4772168596026035,-0.1270324267447216,0
12908.0,0.4630484812852117,0.2992073267345332,0.465598484226999,1.1816162981718437,-2.515817022689194,0.3248025136380802,0
12909.0,-0.4749394310824503,0.8001660338568091,0.8675642721975738,0.8977247710930301,0.8499631098416093,0.4441696883205939,1
12910.0,-0.8183807704906293,1.3460575542855853,1.3177025526059891,1.3073154427994775,0.4684334074395972,0.6330671040455539,1
12911.0,1.1936514508770608,-1.058145946714099,0.4257798478326246,0.3290930607988527,1.344145044363842,2.434067115705643,1
12912.0,-1.9674812683483252,0.2992073267345332,0.4179507256678601,0.196395248611044,-0.7132292345010023,0.2351419534395497,1
12913.0,-1.7074462772723475,1.3460575542855853,1.4221560328150245,1.2305934433424774,0.1727297634470911,0.8296996240996214,1
12914.0,0.9891290528763732,-1.058145946714099,-1.02363000650951,-0.2565680897491287,-1.1954453334565955,-0.2996882126167636,0
12915.0,0.3568999011193944,0.0739460908215904,0.1679788768152278,-0.062008188220434,0.0741642041589574,0.0671443070560396,0
12916.0,0.3126530340951926,0.654643185938614,1.1595438604187185,0.836217341359496,0.5407159979871611,1.175051903296011,1
12917.0,0.2601733813722913,0.4896629879592288,1.1123966900367108,0.5244871559562593,0.0565206627106016,1.2954434793357406,1
12918.0,1.2741945456928905,-1.058145946714099,1.77623045611038,-3.628661084298931,-2.515817022689194,4.98117381223849,0
12919.0,-1.4474112861963695,0.4896629879592288,0.2601542990704583,0.1993293245792594,-0.1676872918813187,-0.30846599588918,1
12920.0,-1.0028785328055103,0.0739460908215904,-0.4640641900411867,-0.1086319283943098,0.2745016951337471,-1.1201146195938765,0
12921.0,-1.3798409325433134,3.419785968132268,2.632007397337269,2.4831022284423305,1.6554756952610448,0.7482764624756586,1
12922.0,0.4062569561281632,-1.058145946714099,-0.5975597213352362,-0.1933485238451358,-0.321964036982949,0.5039298315448658,0
12923.0,-0.1794070292720186,-0.2017513803877423,-0.1177564258843027,-0.4853314937413989,0.2031181655606824,-0.0808212920891941,0
12924.0,0.0221288371626836,1.2544959545938104,0.7030004448999704,0.6913012857437157,0.2324210325411989,-0.414316544828793,1
12925.0,-1.7074462772723475,-0.2017513803877423,-0.1751423885985106,0.1754818445108397,0.0741642041589574,-0.1887737219270201,1
12926.0,1.0048872215498614,0.0739460908215904,0.3668627621852883,0.2843441563722019,1.274447139088575,0.4414278770366147,1
12927.0,0.9794848831855826,-1.058145946714099,-1.114554484619326,-0.8067360727591756,-1.0458699940988507,-0.4711823388385449,0
12928.0,-0.5583457794146515,1.2544959545938104,1.1033647213528743,1.1590993339957447,0.6514988276797011,0.3382462645000471,1
12929.0,0.8286381285590276,-1.058145946714099,-1.4834760368285176,-1.6920419146655814,-1.2818823689972492,-1.1670112350361714,0
12930.0,-0.0543097623705864,-0.5571872395918231,-0.5793158821363088,-0.4451323693240469,-0.586765087019821,-0.4004750761399101,0
12931.0,-0.8456753236698794,3.10220258082986,3.3124034882676967,3.182871611620863,-0.1002197270566499,2.384396993905148,1
12932.0,1.1783950542480568,0.8001660338568091,0.4334909031107127,0.7720459798054511,0.4009658426149288,-0.3720181559558745,1
12933.0,-0.7922005967383016,0.8001660338568091,0.4285856629899368,0.4319673079448295,1.3697273015336937,-0.3812319301984715,1
12934.0,1.3787288112420826,-1.058145946714099,-1.173830268543982,-1.8050714269853785,-2.183176263091345,-0.5829833519605825,0
12935.0,-2.1519790306632065,1.5110377522649707,1.09307824421167,1.2242563782817089,0.8010741670374462,0.0165728904541991,1
12936.0,-1.0028785328055103,0.0739460908215904,0.0966218916411388,0.0774580234699572,0.2324210325411989,-0.0670832341109439,1
12937.0,-1.0784157615666077,0.9303406571479472,0.8662677896722377,0.9094312753236264,0.9024861982765124,0.2820858817899693,1
12938.0,-0.7428435417295326,-1.058145946714099,-1.5063285063635554,-0.8296554976039625,-1.1954453334565955,-1.2101136468002274,0
12939.0,-0.1794070292720186,1.847016261407861,2.378431146466061,1.9945658942917128,-0.4437267787202448,2.046449134703134,1
12940.0,-0.2749873017098188,-0.5571872395918231,-0.0130631745123959,-0.1244053687223093,0.5887058798168258,0.6657716685147473,1
12941.0,1.3673310709462236,-1.058145946714099,-0.6487931958693478,-0.1741308743400447,-0.3507527121214226,0.4072975480147741,0
12942.0,0.2749171387187454,-0.2017513803877423,0.0095159837679509,-0.3950914432943594,0.3891614223084505,0.15867407849067,0
12943.0,1.2005722935676086,-0.5571872395918231,-0.4517787720916428,-0.5281484048190704,-0.5121324717856456,-0.1604530560792738,0
12944.0,-0.540774126845729,-0.5571872395918231,-0.3101998556376699,-0.3553590950482323,-0.2941514393624997,0.1060948015443331,0
12945.0,0.777475447277631,-0.5571872395918231,-0.0237235359338921,-0.070777930661493,0.0914362748936436,0.645687113341048,0
12946.0,1.0441334768929462,-1.058145946714099,-0.757588936235999,-0.7889587489815226,-0.586765087019821,0.2020961455025022,0
12947.0,0.3351579817503524,0.4896629879592288,0.5172424666141532,0.6562018627909401,0.5505411819726732,0.1749108933393515,1
12948.0,-1.0395356639262063,0.9303406571479472,0.6572500945736298,0.6339041023958422,0.607142454731596,-0.1109685018912635,1
12949.0,-0.6338830081757483,1.9594133665673956,2.0276275344809367,1.8454713771864977,1.7166361261036414,1.256069761425585,1
12950.0,-2.1519790306632065,-0.2017513803877423,0.4922680520239966,0.6711342867267018,-0.91940584661767,1.0677963361270613,1
12951.0,-1.3798409325433134,1.5110377522649707,0.8927759895228659,0.7933489172455954,0.7791957222855813,-0.3597894984546738,1
12952.0,-1.608585561882396,0.0739460908215904,0.2879768216149447,0.1795169549510284,0.3401681767824983,0.2929436457445202,1
12953.0,-1.3187161125298097,-0.5571872395918231,-0.0831224462765648,-0.2040724723719749,0.0565206627106016,0.5337833156784125,1
12954.0,1.2873555878018408,-1.058145946714099,-1.2538626738187175,-1.1703175140161766,-1.117253523671916,-0.7339337637456408,0
12955.0,-2.4120140217391843,1.15560189306089,1.1753355382023427,1.313083380570927,0.5307717179635321,0.5916364592978269,1
12956.0,0.816224995258786,0.0739460908215904,-0.4159108439258405,-0.2488072806640877,0.0011923041824166,-1.0298275228971403,0
12957.0,-1.3187161125298097,1.3460575542855853,1.6108459441499643,1.4748593058663604,1.8370157483611396,1.18503096156748,1
12958.0,0.9875317290149478,-0.5571872395918231,-0.3920555940225663,-0.8730374341016977,0.0565206627106016,-0.048025079810655,0
12959.0,1.1095037419429616,-1.058145946714099,-1.3064339899369015,-0.9929541396007278,-1.2818823689972492,-0.8330893718881277,0
12960.0,1.0095401454577722,0.0739460908215904,0.2530438556100395,0.6706578499519347,0.1249263557760024,0.2272015261304926,1
12961.0,0.9530347346034082,-1.058145946714099,-1.0630942225947353,-0.6653981508446892,-0.1002197270566499,-0.3741223077609691,0
12962.0,-1.5229485149574664,-0.5571872395918231,-0.8991859047540544,-0.8830791702047491,-0.8098576192004525,-1.0019705946627206,0
12963.0,-1.4474112861963695,1.2544959545938104,0.9748607514931362,0.8490602781992872,0.9088213112787455,0.0965487764191493,1
12964.0,1.0441334768929462,-1.058145946714099,-1.401119574899509,-1.4253590231077382,-0.3805884749031534,-1.0116773824714678,0
12965.0,0.0292945563903604,-1.058145946714099,-0.1343091662792267,-0.3691098594149052,0.7642790739473241,1.3776741830398984,0
12966.0,-1.3187161125298097,-1.058145946714099,-1.2639404431505006,-1.2361445003371931,-1.117253523671916,-0.7529416071971196,0
12967.0,0.9165761254464796,-0.2017513803877423,1.1037043629602483,0.6175750480211145,0.0914362748936436,2.220193772166009,1
12968.0,0.1752461576507922,-1.058145946714099,-1.3813292891727302,-1.2536847648443734,-1.614523128595098,-0.9743506050299282,0
12969.0,1.2502267205812954,-1.058145946714099,-1.4561122164195586,-1.437000405574019,-1.614523128595098,-1.1153998915489265,0
12970.0,-1.5229485149574664,1.0480979277381186,0.3558548299982814,0.4686093406915149,1.5411968671369618,-0.8193221368905855,1
12971.0,-1.8243736859341724,3.9692025014910746,2.0480374192945714,2.2216399704932046,0.7178293264081053,-0.9571278763069146,1
12972.0,1.0095401454577722,0.0739460908215904,0.1596261347874705,0.3480443148454563,0.4009658426149288,0.0514303937716771,0
12973.0,1.0095401454577722,-1.058145946714099,-0.633609164317051,-1.8050714269853785,-1.4880589811139169,0.4359363950856375,0
12974.0,0.5381829940526488,-0.5571872395918231,-0.5912570398883866,-1.0235513279573645,-0.3507527121214226,-0.4229431313733327,0
12975.0,1.0441334768929462,0.4896629879592288,0.5863192458793979,0.398230634205814,0.6340429977198944,0.3048731403744209,1
12976.0,0.5817849890277144,0.8001660338568091,0.8798069755486062,1.1084350841392718,0.7490861757345402,0.4672093328630131,1
12977.0,0.3861510713168414,0.0739460908215904,-0.4218055823272583,-0.8730374341016977,0.2031181655606824,-1.0408820007050594,0
12978.0,0.9630818100393996,0.2992073267345332,0.7126834045178198,0.6777684158413487,0.8896672959534744,0.7899469910778859,1
12979.0,1.37173882162198,-1.058145946714099,-0.4217083297246945,0.0299792917682934,0.2324210325411989,0.835605980543057,0
12980.0,0.3942692202075933,1.9044924940644756,2.060248217134551,0.884774406773776,-1.3785107536966998,1.3806577561328564,1
12981.0,-0.6542442484349309,-0.5571872395918231,-0.6588970608122154,-0.4716569691961637,-0.9802035124500996,-0.5501946249442939,0
12982.0,0.6689257299564773,0.8001660338568091,0.7791642827426738,0.8193277158890873,0.9696189771111754,0.2778361021951205,1
12983.0,1.2448956408493488,-1.058145946714099,-0.4611382030105733,0.1642559237007804,-0.2672508963742018,0.7612366599071949,0
12984.0,-0.9353081791524545,-1.058145946714099,-1.6188075000269513,-1.9168175809686256,-1.7640984679528429,-1.4222620928249825,0
12985.0,-2.4120140217391843,-0.5571872395918231,0.2065389281502408,0.7402415707005902,0.4465549626877331,1.079576714347388,1
12986.0,1.0323114794921844,1.0480979277381186,0.7752249013925846,0.5592646452332911,0.3014022381220454,-0.0318619994504272,1
12987.0,-0.0876328522714647,0.2992073267345332,0.2476536226576609,0.1073073766820068,0.3014022381220454,-0.0851891787362057,1
12988.0,0.7862910527348936,-1.058145946714099,-0.3976366872299689,-0.848584025185672,0.4684334074395972,0.8810078941110425,0
12989.0,-1.9674812683483252,2.442335020593583,1.929600889841076,1.7326415312228691,0.1411722937225966,0.5214718544945998,1
12990.0,-0.6338830081757483,0.654643185938614,0.019262333515145,-0.0225612797941685,-1.1954453334565955,-0.9689032134121948,0
12991.0,-0.8183807704906293,-0.2017513803877423,-0.1409497616325978,-0.0184718100053139,0.0565206627106016,-0.1244544799271577,0
12992.0,1.3682150479281203,-1.058145946714099,-1.6498256316415092,-2.051515154316317,-1.4880589811139169,-1.4807658916793038,0
12993.0,-0.8183807704906293,0.8001660338568091,0.2182080780725113,0.2713538538233589,0.2466890975132978,-0.7761268763979996,1
12994.0,-1.8243736859341724,-0.2017513803877423,0.0333768500933665,-0.0519224559342961,0.1727297634470911,0.203584817251809,1
12995.0,0.0001383902963132,-1.058145946714099,-1.0653645563041203,-0.9989607652635912,-1.9471638881929467,-0.3784044208268546,0
12996.0,0.9479515492166356,-1.058145946714099,-0.6919245966305824,-0.9194840867058316,-0.5121324717856456,0.3259467166430971,0
12997.0,-0.8456753236698794,0.8001660338568091,0.5900205680287233,0.5715693073737764,0.3526935049184267,-0.0778739567395435,1
12998.0,1.1212955486788323,-0.2017513803877423,-0.0079284525204974,0.5362851572919094,0.2607132519567318,0.1258422793456631,0
12999.0,0.5317049066607064,-0.2017513803877423,-0.5131551373753865,-0.2449609484229135,-0.4115503779538524,-0.8240852812794898,0
13000.0,0.1462219650521856,0.0739460908215904,0.0750546840663769,0.0644099304008916,0.2466890975132978,-0.1076454947088932,0
13001.0,-1.8243736859341724,2.442335020593583,2.3465728165069666,2.1726062131916315,1.5976034802539407,1.306522032867346,1
13002.0,0.8408155551547154,-0.2017513803877423,-0.582208895225347,-0.5931996852608044,-0.6267921989603487,-0.953733072522974,0
13003.0,0.140256106228435,-0.2017513803877423,-1.315501175790863,-1.0298453562635617,-1.7640984679528429,-2.325343770953283,0
13004.0,-1.2115801184678894,2.546807042814728,1.8207015997732103,1.8868754703004824,1.8669969064568752,0.1986871656442662,1
13005.0,0.4557606165093461,0.0739460908215904,0.0518001835918213,-0.0476468984807828,-0.0181119525235737,-0.1513771705829661,0
13006.0,-0.2636361169073439,-1.058145946714099,-1.7459274324553202,-1.437000405574019,-1.7640984679528429,-1.6620250498457,0
13007.0,1.2253282695095484,-1.058145946714099,-1.1995326097892989,-1.3916223493687232,-1.0458699940988507,-0.631460952771181,0
13008.0,0.8507897095190223,-0.2017513803877423,-0.3011881845540475,-0.1775834856216042,-0.2412044847042052,-0.4258014107724489,0
13009.0,1.320551820774439,-1.058145946714099,-0.992230876816157,-0.9302666386620904,-1.7640984679528429,-0.2404658071344643,0
13010.0,0.9445402369244064,-0.5571872395918231,-0.745142845869619,-0.2824424464256186,-1.117253523671916,-0.7124024983848665,0
13011.0,0.94111068223374,-1.058145946714099,-1.5929409605020772,-1.9168175809686256,-1.9471638881929467,-1.3734747949881796,0
13012.0,-1.3798409325433134,1.15560189306089,0.8366492927070055,0.7529802698395117,0.6600894093898906,-0.0454559336082924,1
13013.0,-2.4120140217391843,2.2876939305965798,1.878604284796215,1.686287386381136,1.567060786745896,0.6007061218833282,1
13014.0,-1.2629135238814884,1.15560189306089,1.2641226153705956,0.9081038865001224,0.9754580982530536,0.7587687235661672,1
13015.0,-0.2983107883386734,1.15560189306089,1.4097450189009526,1.2895157985542238,1.480623751205243,1.0329682042006791,1
13016.0,-0.0962413734548695,-0.2017513803877423,-0.1177382033181074,0.0387573945550787,-0.0581390644641013,-0.0807870089091609,0
13017.0,-1.5229485149574664,-1.058145946714099,-1.0906462728369557,-1.5248267984910486,-2.515817022689194,-0.4260886745758704,0
13018.0,-1.0395356639262063,2.5129551665095216,1.693339334160345,1.7144704921099352,1.8349775036925169,-0.0025972131852248,1
13019.0,0.9530347346034082,0.4896629879592288,0.2010396816264322,-0.1471436655965733,0.0741642041589574,-0.4195299090622076,0
13020.0,1.206283152308942,-0.5571872395918231,-0.2932054718582653,-0.3807925988742401,-0.0789096183560038,0.1380959516053365,0
13021.0,-1.8243736859341724,1.6565606001831652,1.1947708591824382,1.0737307466405912,1.114296432923324,0.0382311517015449,1
13022.0,1.033801201878248,-1.058145946714099,-1.90406630004993,-1.7276030581980808,-1.614523128595098,-1.9602933213125424,0
13023.0,-0.1794070292720186,-0.2017513803877423,0.3190714118190552,0.1073073766820068,0.4009658426149288,0.7415273742352594,1
13024.0,1.092078996990952,-0.5571872395918231,-0.3705417924248825,-0.6617743348522026,-0.3805884749031534,-0.0075213824692177,0
13025.0,1.3743690038409726,-1.058145946714099,-0.7599397592832171,-0.4743692243337022,-0.91940584661767,0.197662220196956,0
13026.0,-2.4120140217391843,0.9303406571479472,0.4479803160396501,1.0527406625603497,0.1727297634470911,-0.5041015873877489,1
13027.0,0.1864977655259916,1.7867352234743037,2.1070162014909863,2.93387465686664,-1.3785107536966998,1.6046316381126575,1
13028.0,-0.8183807704906293,-0.5571872395918231,-0.2455786864198424,0.3112279369992028,-0.0378814165327151,0.2277856078987661,0
13029.0,-0.6338830081757483,0.2992073267345332,0.5244797627922451,-0.616396278646906,-0.91940584661767,0.4356199153102679,0
13030.0,-1.2629135238814884,-0.5571872395918231,0.1994397758627983,0.1217389635930018,0.4791576523996084,1.066197728102001,1
13031.0,0.9986303407132076,0.2992073267345332,0.937437800870948,1.0346309083320302,1.5264676913009445,1.213278903936068,1
13032.0,-0.3102985242592435,0.9303406571479472,0.8046219522641143,0.6222087176356097,1.0152080971839796,0.1661272333915815,1
13033.0,0.9147872115980474,-0.5571872395918231,-1.0347006317531224,-1.0622519568722428,-0.9802035124500996,-1.256519745022585,0
13034.0,-0.2749873017098188,-0.2017513803877423,-0.0058972468890885,0.0324992984480111,0.0011923041824166,0.1296650800786599,0
13035.0,-0.0876328522714647,-0.2017513803877423,0.2756316726841117,0.4089604143933763,-0.3507527121214226,0.6597112990526213,1
13036.0,1.331869618003757,-1.058145946714099,-0.7970662248190301,-1.6749572933624948,-1.4880589811139169,0.1276373941091177,0
13037.0,0.3080557011550128,1.2544959545938104,1.0349617699208933,0.9564427635686324,1.1848607981176718,0.2095751681191881,1
13038.0,-0.0382757972626953,-0.2017513803877423,-0.0170770151981759,-0.2113201593606197,-0.4437267787202448,0.1086246516340487,0
13039.0,1.2297284596616558,0.0739460908215904,0.0597137145496283,-0.3530949931952531,-0.1002197270566499,-0.1364957020581136,0
13040.0,-1.3798409325433134,-0.5571872395918231,-0.2287285408593729,-0.2204935429130606,-0.0789096183560038,0.2595195820034239,0
13041.0,1.0643116644325106,0.0739460908215904,-0.1093682825943774,-0.2585226853594002,-0.4772168596026035,-0.4543417662826347,0
13042.0,1.2448956408493488,-0.2017513803877423,0.3706106899864506,0.3370558812879524,1.1044120596547775,0.8386072149081605,1
13043.0,0.7432937237559131,-1.058145946714099,-0.4234887407020943,-0.439953437536103,-0.91940584661767,0.8322479186522197,0
13044.0,0.7840984858169682,1.15560189306089,1.1898392519909364,1.075535902281322,1.7375834697941206,0.6189353487983212,1
13045.0,0.0968649100434169,-0.2017513803877423,-0.1006049597676803,-0.1340542596956857,-0.0181119525235737,-0.0485522752543934,0
13046.0,-0.6338830081757483,-0.2017513803877423,0.014538354635242,0.0107650450043412,0.1411722937225966,0.1681268883630512,1
13047.0,-0.6141483680629726,2.062432694683636,1.618107047476344,1.2694974806210635,1.2244584972993122,0.3671197476331864,1
13048.0,-1.1198059414673356,0.9303406571479472,1.0654537977392526,1.1135592576051712,0.8831819415705221,0.6569283081524014,1
13049.0,-0.1794070292720186,0.0739460908215904,0.2985102272391971,0.145462618352032,-0.6267921989603487,0.3127683592128478,0
13050.0,-1.0784157615666077,2.5129551665095216,1.8623728452919013,1.7578503544881214,2.036606470810011,0.3152331350165365,1
13051.0,1.2242234885320706,-0.5571872395918231,-1.2837932494106168,-1.2626334870875635,-1.7640984679528429,-1.7238178082882116,0
13052.0,0.5817849890277144,0.654643185938614,0.8825745880568926,0.7054660215203357,1.0893585536871893,0.6534754203801072,1
13053.0,1.270090050410331,-1.058145946714099,-1.4263810306242324,-1.5383885354275355,-0.7132292345010023,-1.0593234219831755,0
13055.0,-0.0543097623705864,0.0739460908215904,0.6583929716421797,0.853406467618376,1.0040461146997783,0.9904135357057254,1
13056.0,1.1924906809695346,-1.058145946714099,-1.0716365514819797,-0.7506340680270399,-0.6688728615528973,-0.390234132198913,0
13057.0,1.167616225752049,-0.2017513803877423,-0.1823215076608722,-0.0419890490645959,-0.1676872918813187,-0.2022772103417549,0
13058.0,-0.7670473650770303,-0.2017513803877423,-0.8858093124126096,-1.473214373913271,-1.614523128595098,-1.5229485174648767,0
13059.0,0.6870654296828469,1.0480979277381186,0.6528042454744825,0.3634303015606991,1.0583966506364906,-0.2619351159793474,1
13060.0,0.6972051697365015,-1.058145946714099,-0.7960612295771703,-0.9141583819899256,-0.8098576192004525,0.129532931861357,0
13061.0,-0.10496702096475,-1.058145946714099,-0.9487688873296926,-1.0050227523118491,-1.117253523671916,-0.1584914470304737,0
13062.0,0.5152174896819478,-1.058145946714099,-0.7093551924149509,-0.2430461845122031,-1.0458699940988507,0.2930705885012887,0
13063.0,1.1055244621722873,-1.058145946714099,-1.147680355386535,-0.9523769874762636,-0.9802035124500996,-0.5336615785400571,0
13064.0,-1.1640528084915374,0.4896629879592288,0.4258955469135446,0.196395248611044,0.2607132519567318,0.0030997538926882,1
13065.0,0.942827752064887,0.2992073267345332,0.218939372181538,-0.0576667801225735,0.1249263557760024,-0.1391798157684893,0
13066.0,-0.7922005967383016,-0.5571872395918231,-0.4899993139319454,-0.2844755885045728,0.1083521949576072,-0.2323929308546785,0
13067.0,-0.0226329437380984,-0.2017513803877423,-0.4345897984269656,-0.8730374341016977,-0.4437267787202448,-0.676513950158091,0
13068.0,-1.3187161125298097,-0.5571872395918231,-0.7155527185957684,-0.5964638157260045,-2.515817022689194,-0.6567567309974736,0
13069.0,-2.4120140217391843,2.611849228042442,1.6874087977567644,2.2574810649401065,2.127182894035057,-0.1250960616622161,1
13070.0,0.5185490566485405,0.0739460908215904,-0.1534019091026436,-0.1898123812478129,-0.9802035124500996,-0.5370744297874704,0
13071.0,1.2597123935708792,-1.058145946714099,-1.4176403876093506,-1.8259532106467025,-0.9802035124500996,-1.0428375540671315,0
13072.0,0.7290940618003953,-1.058145946714099,-1.191806085427554,-1.2902342195152068,-1.3785107536966998,-0.6168878304206918,0
13073.0,1.0048872215498614,-0.5571872395918231,-0.5753847999858734,-0.4221417240201969,-0.4115503779538524,-0.3930782968972674,0
13074.0,1.144248005387688,0.0739460908215904,0.2832657357284511,0.3338823120967778,-0.3805884749031534,0.2840772062075344,0
13075.0,0.2700401175059993,-1.058145946714099,-0.008296243833286,-0.0157595548677755,-0.5121324717856456,1.6153491906590696,0
13076.0,1.0741675694743047,-1.058145946714099,-1.3842290643438688,-1.5808368721392685,-1.1954453334565955,-0.9798199177997348,0
13077.0,-2.4120140217391843,1.15560189306089,0.8585664637928874,1.132722184471562,1.298343771960628,-0.0042540656747458,1
13078.0,-1.9674812683483252,3.10220258082986,2.490895429655187,2.103200440082565,1.0478107868958555,0.8366881255715707,1
13079.0,-1.8243736859341724,0.4896629879592288,-0.5734958670514912,-0.7506340680270399,-1.0458699940988507,-1.8698257284696012,0
13080.0,0.4738273097812196,0.0739460908215904,-0.8615414706227331,-0.6197778847530964,-0.7132292345010023,-1.8637180196774723,0
13081.0,-1.2115801184678894,2.245808014503504,2.992069341590964,2.908077761907477,2.334470397394077,2.746133074184501,1
13082.0,0.2501524712613207,1.9044924940644756,1.4873775431605172,1.863824640174052,0.6935794902722501,0.3021849903626252,1
13083.0,-1.8243736859341724,-0.2017513803877423,-0.6154226504860848,-0.3157518899197936,-0.6267921989603487,-1.01607071557601,0
13084.0,1.1199960037583183,-1.058145946714099,-1.4564041318205936,-0.8112565093766205,-2.183176263091345,-1.11595047790006,0
13085.0,0.3942692202075933,0.8001660338568091,0.6923867879838953,0.4216092838150984,0.1411722937225966,0.1146058889187861,1
13086.0,0.9597502430728068,-1.058145946714099,-0.5397423792718093,-0.7631624647057185,0.0914362748936436,0.6129800539245617,0
13087.0,1.369097808148474,-1.058145946714099,-0.7819303654931449,-1.147237218205978,-0.8098576192004525,0.1561853827659616,0
13088.0,1.014159554616912,-1.058145946714099,-0.9857897436643946,-1.2275467185765694,-0.6267921989603487,-0.2283170818989395,0
13089.0,-1.9674812683483252,4.656082860368571,3.481290162643488,3.154269381254192,2.4569601496537685,0.9781669857116412,1
13090.0,-1.3798409325433134,2.062432694683636,1.9583347923924168,1.2725584329231612,1.0994248524597794,1.0074941863382108,1
13091.0,-0.6970151074455184,-0.2017513803877423,0.6586132639375989,0.6513117217601294,-0.0181119525235737,1.3812391538470288,1
13092.0,-0.1138130260237924,1.2544959545938104,0.5999727015777119,0.1904875357897548,0.1727297634470911,-0.6077130985141102,1
13093.0,0.7502773702473149,3.058846686938299,2.938241676382856,2.607477666609051,1.2622326247684963,1.7277407829131668,1
13094.0,-0.8741833591389503,1.3460575542855853,0.6923394233855645,0.9433502557079704,-1.614523128595098,-0.5425667706240065,1
13095.0,-0.1138130260237924,-1.058145946714099,-1.8113854976427852,-0.8112565093766205,-1.4880589811139169,-1.7854865634761077,0
13096.0,0.9778633268252848,-1.058145946714099,-0.5726046376496325,-2.804692648559184,-2.515817022689194,0.5509980178069326,0
13097.0,-0.5950029105353472,2.245808014503504,1.9209070133636208,1.5676311893884047,1.8122160850282965,0.727914618757867,1
13098.0,-2.4120140217391843,2.245808014503504,2.474858557760411,2.281130875390959,1.0636387966331442,1.7712637024985014,1
13099.0,0.0968649100434169,-1.058145946714099,-1.0789313205603754,-0.3576310176485259,-2.515817022689194,-0.4039929139383941,0
13101.0,0.6448229902562577,0.0739460908215904,-0.2094226472631157,-0.0253017876707187,0.1083521949576072,-0.6422999241729589,0
13102.0,-2.4120140217391843,2.579756093947218,1.8235451198463453,1.697685948801015,1.3138967127742598,0.166911618658766,1
13103.0,-0.4749394310824503,-0.2017513803877423,-0.1948365702180747,-0.100884831303435,-0.3507527121214226,-0.2258163960247732,0
13104.0,-1.9674812683483252,0.9303406571479472,0.4379459373798608,0.3402142111926102,-0.8098576192004525,-0.5229400736443991,1
13105.0,1.042667590085983,-1.058145946714099,-1.834695125389483,-1.0490970995891926,-2.515817022689194,-1.8294512287244125,0
13106.0,0.2845613084095361,-0.5571872395918231,-0.3114505031833249,-0.5021252811070448,-0.8098576192004525,0.1037398276329509,0
13107.0,-0.4152381970004986,0.9303406571479472,1.246776567354844,1.4207735960695176,0.9870131210634252,0.9983330324470516,1
13108.0,0.942827752064887,-0.5571872395918231,0.1196757009112055,0.4871379163370291,-0.3507527121214226,0.9158828331944135,0
13109.0,-0.2201397768252409,-0.2017513803877423,0.1425800148251922,0.2765808027005175,0.2466890975132978,0.4091635381227398,1
13110.0,-0.6338830081757483,1.2544959545938104,0.8329177431781698,0.2817665399883434,1.1191943164689204,-0.1702717557136993,1
13111.0,1.362892816562938,-1.058145946714099,-0.7633018729047346,-0.6653981508446892,-0.9802035124500996,0.1913208834110126,0
13112.0,1.180765944929144,-1.058145946714099,-2.712209063673221,-2.450183364084312,-2.183176263091345,-3.484544435986465,0
13113.0,-2.4120140217391843,2.579756093947218,2.1587553991107167,1.454769224059007,1.114296432923324,0.7976051522417278,1
13114.0,1.3734934744233138,-1.058145946714099,-0.9910666034224858,-1.244856163309911,-0.7601216003714991,-0.2382698522884023,0
13115.0,-1.2115801184678894,1.0480979277381186,1.2791765642954374,1.3598358598078293,1.1712251425483466,0.9164014266827204,1
13116.0,0.3080557011550128,-1.058145946714099,-0.4450892113218102,-0.3508386584307874,-0.2672508963742018,0.79150692225702,0
13117.0,-0.8456753236698794,1.7233615276208618,0.7521586963342983,0.936704955149197,0.8634124775613803,-0.8700053863552505,1
13118.0,-0.9040178174155592,0.9303406571479472,0.68707741633487,0.3402142111926102,0.7865535568710715,-0.0549002289927168,1
13119.0,1.3167343976054071,-1.058145946714099,-1.3868753881318567,-0.9870018732865308,-1.0458699940988507,-0.9848111918235768,0
13120.0,0.6583250720961007,-1.058145946714099,-2.438049448424981,-2.397537599248726,-2.515817022689194,-2.9674475591090297,0
13121.0,0.7338623008571977,-1.058145946714099,-0.8539088057057488,-0.4451323693240469,0.1411722937225966,0.0204256845232218,0
13122.0,0.0639692278216899,-0.5571872395918231,-0.0061235209527908,0.1073073766820068,0.2031181655606824,0.6788464332138329,0
13123.0,1.0947907354871098,-0.5571872395918231,-0.4370832518662504,-0.4047996776888514,-0.1220981718085144,-0.1327906378188055,0
13124.0,0.0363810947797576,0.0739460908215904,1.179155405841191,1.1322498534359628,1.3291602796973223,1.9717293386849255,1
13125.0,1.1603283609761827,-1.058145946714099,-1.2711745178338605,-1.448851553929116,-0.586765087019821,-0.7665859122581562,0
13126.0,-1.7074462772723475,1.3460575542855853,1.0501294539284194,1.2656511483798891,1.193826931703096,0.1296549152873342,1
13127.0,-0.0543097623705864,-1.058145946714099,-0.9189107036390708,-0.8932765983286024,-0.8098576192004525,-0.1021754446839088,0
13128.0,1.279288497801991,-1.058145946714099,-0.9070166017758172,-1.8050714269853785,-2.515817022689194,-0.0797417871184734,0
13129.0,1.0657289582664145,-0.5571872395918231,-0.9945343198780584,-0.3396716509860114,-1.117253523671916,-1.1810925528900682,0
13130.0,0.0639692278216899,-1.058145946714099,-1.918335937782074,-1.7848322627584738,-2.183176263091345,-1.9872075154354916,0
13131.0,-0.8183807704906293,0.654643185938614,0.914860712398283,0.73593991417152,0.7567177940893411,0.714258276982813,1
13132.0,0.7170160174661255,-1.058145946714099,-1.7841900755327391,-2.0821123426729526,-1.9471638881929467,-1.7341928387393872,0
13133.0,0.7456300658619328,-0.2017513803877423,-1.1032341471699312,-1.437000405574019,-0.9802035124500996,-1.929552570712302,0
13134.0,0.0075526370213185,0.4896629879592288,0.7046989992911311,0.6634695714212294,0.7791957222855813,0.527662190998025,1
13135.0,0.5349521297947235,-0.5571872395918231,0.9272918404684176,1.4368769380129935,-0.6688728615528973,2.4383080779719504,1
13136.0,-0.2636361169073439,1.3460575542855853,1.3747969385509484,1.2050819131652948,1.2824902726998832,0.7405398793777843,1
13137.0,-1.2629135238814884,1.5859404542672264,1.5234807040080232,1.4174131938099002,2.202250385005428,0.7388113877752005,1
13138.0,-0.8456753236698794,0.654643185938614,0.3280645287800484,0.2418386489064846,-0.0181119525235737,-0.3894226057109105,1
13139.0,-1.0395356639262063,0.8001660338568091,1.567884687473211,1.4646772260225005,1.3215639934150147,1.763153106889613,1
13140.0,0.1521328382198956,0.2992073267345332,0.1926372834963238,0.1744691869762233,0.607142454731596,-0.1886289703790209,1
13141.0,0.0001383902963132,1.6565606001831652,1.5193472997813724,1.5393685555363976,1.5556662555596723,0.648811052727609,1
13142.0,-0.9353081791524545,-1.058145946714099,-0.7970896134867352,-0.4297163291046267,-0.4772168596026035,0.1275932803653276,0
13143.0,1.2308238061257522,-1.058145946714099,-0.5980563885568684,-0.6030410799249616,-0.4772168596026035,0.5029930594789989,0
13144.0,0.8702843776182111,-0.5571872395918231,-1.3844932598216593,-1.8475197636971112,-1.4880589811139169,-1.9124585538051984,0
13145.0,-0.4749394310824503,0.654643185938614,0.3062813653467922,-0.4097080656836057,-1.614523128595098,-0.4303384255910492,0
13146.0,-0.7428435417295326,-1.058145946714099,-1.008010127562604,-0.7673921959311133,-0.7601216003714991,-0.2702273067377725,0
13147.0,-1.3187161125298097,0.0739460908215904,-0.1916394146854169,-0.8112565093766205,-2.515817022689194,-0.60890080025083,0
13148.0,-0.6752731880764764,2.1575193073054413,1.603764184735893,1.4585202200577514,1.931152256609813,0.2316652266627462,1
13149.0,-1.1198059414673356,0.0739460908215904,0.4238874617879085,0.6216954745827957,0.4791576523996084,0.5487832386187086,1
13150.0,1.1095037419429616,-0.2017513803877423,-0.5225372285188542,-0.6989435988405914,-1.3785107536966998,-0.8417033671425931,0
13151.0,0.7949871208707016,-0.2017513803877423,0.7347667201163365,0.3386369419983482,0.921346639414674,1.5247561513969548,1
13152.0,1.014159554616912,0.654643185938614,0.6020225825314919,0.4441853857034769,0.8082392174469527,0.1255435641920201,1
13153.0,-1.608585561882396,-1.058145946714099,-0.4668246060003987,-0.113324368788697,-0.8098576192004525,0.750511443415908,0
13154.0,0.9859304168251346,-0.2017513803877423,0.4015363517750023,0.4435125253493402,0.5001945244425666,0.8968633820783034,1
13155.0,-0.5950029105353472,0.4896629879592288,0.4550513763745921,0.3967866798633863,0.5105140700321456,0.0579312683975419,1
13156.0,0.9630818100393996,-0.2017513803877423,0.3843581624892579,0.4003906392302491,0.6514988276797011,0.8645036070145771,1
13157.0,-0.3476678433474425,0.9303406571479472,1.3040053317608475,1.4854387490600722,1.147982991607394,1.1061153642828483,1
13158.0,0.0706847362910886,0.2992073267345332,0.3478823195580672,0.4541965521735231,0.4126028186801636,0.1033177441145162,1
13159.0,-1.3798409325433134,0.0739460908215904,0.3134939757734535,0.4971414694590939,0.8082392174469527,0.3409700332111168,1
13160.0,-0.8456753236698794,-1.058145946714099,-1.6617619921350268,-1.4253590231077382,-1.7640984679528429,-1.5032792539295845,0
13161.0,0.8306838247077005,-0.5571872395918231,-0.4777629894940086,-1.0111411307468456,-0.2672508963742018,-0.2093622042376766,0
13162.0,0.2296283133843863,1.5859404542672264,1.6564195299798523,1.6099881188400622,1.207095033142026,0.9891049952451226,1
13163.0,1.2576165577225409,-1.058145946714099,-2.8180261285796298,-3.172763669970543,-2.183176263091345,-3.6841277106197343,0
13164.0,1.2130697256793863,-0.5571872395918231,-0.6589356767741552,-0.9302666386620904,-1.3785107536966998,-0.5502672644990635,0
13165.0,-0.3873500989396135,-0.2017513803877423,0.3201291397426403,0.8219836448350352,0.0914362748936436,0.7435196260889396,1
13166.0,0.7662827513425954,-0.5571872395918231,-0.0365762679341073,0.0387573945550787,0.217900422374825,0.6214724810804095,0
13167.0,-0.9353081791524545,0.2992073267345332,0.1369202264533019,0.4640576205268311,0.3401681767824983,-0.2933598337029895,1
13168.0,-0.540774126845729,0.2992073267345332,0.504784724186523,0.3989514243478757,0.8961017842882889,0.3985507405037634,1
13169.0,-0.1794070292720186,-0.2017513803877423,-0.0734016291761013,-0.3396716509860114,-0.7601216003714991,0.002632327646136,0
13170.0,-0.7195200551006783,-1.058145946714099,-1.494719302397768,-0.7977873505159858,-0.2941514393624997,-1.18821733975914,0
13171.0,-0.8456753236698794,-0.2017513803877423,-0.493658903924147,-0.5078198702626843,-0.1002197270566499,-0.7874712502766414,0
13172.0,0.9875317290149478,-1.058145946714099,-1.8587840478182969,-1.5248267984910486,-2.515817022689194,-1.8748857342550824,0
13173.0,-1.8243736859341724,1.15560189306089,0.750942518869177,0.7765244436122027,1.0842787042858788,-0.2065336873884937,1
13174.0,-1.0395356639262063,1.2544959545938104,1.6732601995499037,1.4541902443219668,2.1676182632903656,1.4112411849169184,1
13175.0,1.2275321383409905,-0.5571872395918231,-0.0808335534011269,-0.1055221309281067,-0.0378814165327151,0.5380952454454464,0
13176.0,-0.3873500989396135,-1.058145946714099,-0.4570996164839859,-0.0605578658272451,0.3650304751021734,0.7688539031616646,0
13177.0,-0.1696156146721137,-0.5571872395918231,-0.4293898878169839,-0.6653981508446892,-0.4772168596026035,-0.1183084302698199,0
13178.0,-0.7428435417295326,1.9044924940644756,1.956088396231189,1.887625095340377,1.2414620708765944,1.1844600855129737,1
13179.0,1.2669943475426584,-1.058145946714099,-0.3495763051930652,-0.1969037808196001,-0.1676872918813187,0.97165535664967,0
13180.0,1.2544599055801144,-1.058145946714099,-1.7074402165228275,-1.6107384274973675,-1.7640984679528429,-1.5894336904641253,0
13181.0,0.9564012788108172,-1.058145946714099,-0.6835047366707482,-0.6989435988405914,-0.6267921989603487,0.3418275504596801,0
13182.0,-0.4011425702790203,-1.058145946714099,-1.463563761142574,-0.5931996852608044,-1.0458699940988507,-1.1294543703630109,0
13183.0,-1.4474112861963695,1.5110377522649707,1.457337135994638,1.3751996243768554,0.3401681767824983,0.7018335102450985,1
13184.0,-1.0784157615666077,1.0480979277381186,0.4346474618905275,0.8051082460722441,0.9637379981128577,-0.6715357414666011,1
13185.0,0.7314826127879408,-1.058145946714099,-1.840642282868084,-2.397537599248726,-2.515817022689194,-1.8406682584670984,0
13186.0,-0.4749394310824503,-0.2017513803877423,0.3795077811543177,0.3290930607988527,0.4009658426149288,0.8553667739723898,1
13187.0,0.8779192915851238,0.0739460908215904,-0.6690271207926084,-0.1845435605050292,0.1571027565423948,-1.5039751035128188,0
13188.0,-1.2629135238814884,-1.058145946714099,-1.5034553739059764,-1.9416401849203375,-2.183176263091345,-1.204694585282636,0
13189.0,-0.9353081791524545,-0.5571872395918231,-0.9147405447630048,0.3464857336924171,-0.2941514393624997,-1.031197957955024,0
13190.0,1.1843059274157668,-0.2017513803877423,-0.3516531797541524,-0.3136198914928544,-0.7601216003714991,-0.5206637245069108,0
13191.0,1.3061177861834476,-1.058145946714099,-1.2440543637140646,-0.958022695435433,0.2607132519567318,-0.7154341516931177,0
13192.0,0.0706847362910886,0.4896629879592288,0.728554913320345,0.7801660945328344,0.9458378031172426,0.5725680263367889,1
13193.0,-0.2097114950440718,-1.058145946714099,-1.4832941683656162,-1.4985144522516916,-0.5121324717856456,-1.1666682099918604,0
13194.0,0.298760970365054,-0.5571872395918231,-0.4869815332315248,-0.2763804593773598,-1.117253523671916,-0.2267130595042368,0
13195.0,1.0095401454577722,-1.058145946714099,-1.2113631095485815,-1.1703175140161766,0.0200527453205781,-0.6537746493814025,0
13196.0,-1.2629135238814884,0.654643185938614,0.8595459663704625,0.9170122069533916,0.9812559531764108,0.6101241556130239,1
13197.0,1.2576165577225409,-1.058145946714099,-0.6573733832119981,-0.5835033778764733,-0.6267921989603487,0.3911143181328295,0
13198.0,-1.3187161125298097,0.8001660338568091,1.2074816037977134,1.2733214503391352,1.4961914490148744,1.0841427632497238,1
13199.0,-1.8243736859341724,3.29872958691994,2.0684996794823425,2.094287212124725,0.3014022381220454,-0.1768169372593876,1
13200.0,-0.9353081791524545,0.0739460908215904,-0.0481386990293374,0.0249101264924206,0.0011923041824166,-0.3392692887846304,1
13201.0,1.1328744525473045,0.0739460908215904,0.2072531370361802,0.4846130727804154,0.3526935049184267,0.141036628494977,1
13202.0,0.9778633268252848,0.654643185938614,0.3815202109894073,0.0925520172177983,0.217900422374825,-0.2889945287138379,1
13203.0,-1.3187161125298097,1.0480979277381186,0.7533673847019718,1.0384564667461031,1.074023657541187,-0.0729503256077657,1
13204.0,1.3734934744233138,-1.058145946714099,0.0276212120015285,-0.0978113633798804,0.2466890975132978,1.6830936840292874,0
13205.0,1.0528591244028265,-1.058145946714099,0.794327133602721,-0.4348149665659621,-2.515817022689194,3.129190101929618,0
13206.0,0.9875317290149478,1.3460575542855853,1.5830373309816492,1.753179476697316,1.8184866357374985,1.132654275648247,1
13207.0,-1.0784157615666077,0.0739460908215904,-0.396911514681199,-0.6727062364625485,-1.117253523671916,-0.994194349347136,0
13208.0,-0.2307404346856175,0.9303406571479472,0.5469943826453648,0.6542501671784144,1.258120370257919,-0.3181510871147114,1
13209.0,-0.6542442484349309,1.3460575542855853,1.594317822854746,1.6129523714582674,1.5527927217737971,1.1539004003050324,1
13210.0,0.0639692278216899,-1.058145946714099,-0.6960192324711495,-0.2968082174231356,-0.5121324717856456,0.3182237578725628,0
13211.0,-1.3187161125298097,1.0480979277381186,0.7750876747070142,0.8778546066090467,0.6853342645162757,-0.0321199746307466,1
13212.0,-0.9040178174155592,-0.2017513803877423,-0.1193892146484808,-0.3093765158786823,0.9024861982765124,-0.0838931442465166,1
13213.0,-0.2524823540546596,1.15560189306089,1.02319414006173,1.1732347643354104,1.1848607981176718,0.3053500140056572,1
13214.0,1.0156919930971386,0.654643185938614,0.9040099952082024,1.1741220777095214,1.294409025534889,0.6938298210452412,1
13215.0,0.9907224082272228,-1.058145946714099,-1.745665668273377,-1.0756752990814846,-2.515817022689194,-1.6615313321957157,0
13216.0,0.7314826127879408,-1.058145946714099,-0.7373076464862326,-0.3374608222193361,-1.614523128595098,0.2403490135595086,0
13217.0,0.2296283133843863,0.0739460908215904,-0.2399864479556583,0.0198015886647239,-1.9471638881929467,-0.6996942367295789,0
13218.0,0.2551824986059697,-1.058145946714099,-1.9335729279656988,-1.132288371569837,-1.614523128595098,-2.015946248635968,0
13219.0,1.2659591169727051,-1.058145946714099,-1.7941051638553929,-2.450183364084312,-1.0458699940988507,-1.7528938469129132,0
13220.0,-0.0543097623705864,0.2992073267345332,0.2606394961813802,-0.1487983103404511,0.0741642041589574,-0.0607700268479069,1
13221.0,0.6609917087814282,-0.5571872395918231,-0.0671488771777018,-0.4662657837754595,0.3145288070742748,0.5638754573535182,0
13222.0,1.22200820066849,-1.058145946714099,-1.687853239642209,-1.8259532106467025,-2.515817022689194,-1.5524903771199343,0
13223.0,0.5445962994855142,0.4896629879592288,0.0294507903024502,0.087944496177151,-1.2818823689972492,-0.7416890004328243,0
13224.0,-0.2201397768252409,-0.5571872395918231,0.6052268386555752,0.7337784894895687,0.7098254282188435,1.8310830973829435,1
13225.0,-1.9674812683483252,1.5859404542672264,2.0608817426913246,1.7754098316418525,0.2880622196936218,1.751024933962008,1
13226.0,0.7432937237559131,-0.5571872395918231,-0.7846378990907675,-0.669042043482492,-0.321964036982949,-0.7866642217957737,0
13227.0,0.5509461058021287,-1.058145946714099,-0.9229937100788812,-1.0556416405393652,-1.1954453334565955,-0.1098764690539084,0
13228.0,-0.0304066776915911,-1.058145946714099,-0.6868889845406771,-0.5964638157260045,-2.183176263091345,0.33544446591043,0
13229.0,0.62261037347245,-1.058145946714099,-1.2605061734659089,-1.3491740126569909,-1.117253523671916,-0.746464175695586,0
13230.0,-1.8243736859341724,2.3282062876889484,1.3846297840841677,1.307858340840046,2.2342261025376677,-0.3738926055613938,1
13232.0,-1.1640528084915374,0.654643185938614,0.2721395483371945,0.2945547770412876,1.0152080971839796,-0.4944572928618171,1
13233.0,-0.0876328522714647,0.0739460908215904,0.1690261395043933,0.7700001898549745,0.457567115373851,0.0691145425946365,1
13234.0,1.320551820774439,-0.5571872395918231,-0.6889996571299339,-0.7342923345111426,0.2324210325411989,-0.6068166921849563,0
13235.0,0.5817849890277144,-1.058145946714099,0.0740569465120992,-0.0781764444309413,0.1880646595930938,1.7706768726370778,0
13236.0,-0.7670473650770303,-0.5571872395918231,-0.159989740685683,-0.1164713649302792,-0.1676872918813187,0.3889868106973295,0
13237.0,0.9680469331528012,-1.058145946714099,-0.2657913941907772,-0.8881581216111365,-0.4437267787202448,1.1296834300751015,0
13238.0,-1.0028785328055103,0.4896629879592288,0.0567876033006549,-0.0766900687954025,-0.4437267787202448,-0.6903880486035002,1
13239.0,0.7170160174661255,0.2992073267345332,0.3880480291133038,0.5518840134438602,0.5793298571111467,0.1788801428354356,1
13240.0,0.0773306527470905,0.8001660338568091,0.4502373577152544,0.3596174158749974,1.0842787042858788,-0.3405604687633036,1
13241.0,1.0064419500660224,-1.058145946714099,-1.4973722876091824,-1.5248267984910486,-0.0378814165327151,-1.1932211780012614,0
13242.0,0.1752461576507922,0.654643185938614,-0.2052955274039943,-0.2297966815900328,-0.6267921989603487,-1.3893510093320651,0
13243.0,0.5540975873223486,0.2992073267345332,0.2286553821761195,0.1005383192801558,1.1093691324834083,-0.1209118096991295,1
13244.0,0.0571826544512456,-1.058145946714099,-1.4602685392622237,-1.6749572933624948,-0.3507527121214226,-1.1232391991701112,0
13245.0,-0.3225146116861712,-0.5571872395918231,0.0442282575456931,-0.191578076103695,0.0200527453205781,0.7737165019689608,0
13246.0,-0.9682038613741812,1.15560189306089,0.9306982313825856,1.1397667459824,1.3768923519432,0.1313738401734911,1
13247.0,-0.9682038613741812,0.0739460908215904,-0.4451179127799066,-0.2723699534220584,-0.6688728615528973,-1.0845947738490014,0
13248.0,0.2450826804421367,-0.5571872395918231,-0.4978619717863137,-0.3200367320370723,-0.4115503779538524,-0.2471912793149462,0
13249.0,0.0503234960319062,0.9303406571479472,0.3944501067522786,0.6040025470377427,-0.5486003891756687,-0.6045845598244215,1
13250.0,1.0783455985755337,-0.5571872395918231,-0.9276324380131798,-0.9989607652635912,-0.7132292345010023,-1.0554201687551552,0
13251.0,0.9907224082272228,-1.058145946714099,-0.9371140637268656,-0.5491253379834612,-0.4115503779538524,-0.1365090960553954,0
13252.0,0.9778633268252848,-0.5571872395918231,-0.6084222426884981,-0.8582565662530369,-0.6267921989603487,-0.4552389717809789,0
13253.0,0.3902229910202726,0.0739460908215904,0.8313669734563663,1.1848956182715489,0.4465549626877331,1.3162883068797977,1
13254.0,0.9479515492166356,-1.058145946714099,-2.07347233569588,-1.5956177399879288,-1.7640984679528429,-2.2798127803597503,0
13255.0,-1.3798409325433134,-0.2017513803877423,-0.0202533285314078,0.0261810852237614,-0.3805884749031534,0.10264693043628,1
13257.0,1.042667590085983,-1.058145946714099,-1.3121473451999,-1.7651973438095343,-1.3785107536966998,-0.8438654234970147,0
13258.0,-1.2115801184678894,0.2992073267345332,0.0769208573315501,-0.0634617157485895,-0.2941514393624997,-0.4061079954615946,1
13259.0,-0.1994500729487223,0.9303406571479472,0.3112518621848119,0.0261810852237614,1.3945358933915557,-0.7606838808035209,1
13260.0,-0.2097114950440718,-1.058145946714099,-0.368280832559078,-0.8203916692661117,-1.2818823689972492,0.936376445582932,0
13261.0,0.7338623008571977,-0.5571872395918231,0.0106223877746121,-0.5645293427226981,-1.2818823689972492,0.7103973873982479,0
13262.0,0.7194498921096045,-0.2017513803877423,-0.3481448622610926,-0.4582609676615375,0.1083521949576072,-0.5140696441074497,0
13263.0,-2.4120140217391843,2.6431297898006605,1.610657247183478,1.566899575365464,2.026973564945969,-0.3044255412766286,1
13264.0,1.0528591244028265,-1.058145946714099,-0.1818532827329516,-0.1845435605050292,-0.0789096183560038,1.2880004573532846,0
13265.0,-0.2983107883386734,0.2992073267345332,0.588910799336299,0.8280143661813507,0.3650304751021734,0.5569036668681537,1
13266.0,-1.2629135238814884,1.7867352234743037,1.3585957409019052,1.7232821962934026,1.0531207928583963,0.19559442544347,1
13267.0,-1.9674812683483252,2.546807042814728,1.6929776243219687,1.3876540755144422,1.0424661878166923,-0.041425967293479,1
13268.0,-0.9682038613741812,1.15560189306089,0.892993386350805,1.3120057381581292,1.4711393327727598,0.0604729382059587,1
13269.0,-2.4120140217391843,2.245808014503504,1.6259726481029186,1.6964848145049891,1.4083825184101708,0.1730166924885464,1
13270.0,0.9307105862349312,-1.058145946714099,0.1711893321755288,-0.142204561494289,-2.515817022689194,1.9538798335280747,0
13271.0,-0.5236711079833221,-1.058145946714099,-1.045085555925707,-0.4425378060430995,0.5105140700321456,-0.3401558707901211,0
13272.0,-0.6338830081757483,-0.5571872395918231,-0.8722869842186413,-1.0756752990814846,-0.8098576192004525,-0.9514216670140304,0
13273.0,0.1808966364835151,-1.058145946714099,-1.365560073836075,-0.7716493042481812,-0.7601216003714991,-0.9446080333750584,0
13274.0,1.00176641150428,-1.058145946714099,-0.6811909857892071,-0.5997442262109776,-0.6267921989603487,0.3461915533549788,0
13275.0,0.9614181899137092,-0.5571872395918231,-0.9691172946426234,-0.8296554976039625,0.1083521949576072,-1.1333533348517384,0
13276.0,-0.1794070292720186,0.2992073267345332,0.5289353336624069,0.356551112238319,1.3022597367090245,0.4440062967153256,1
13277.0,-1.0395356639262063,0.654643185938614,-0.4139703422666817,-0.1724113414944718,-1.117253523671916,-1.779064084890518,0
13278.0,-0.4594850640247002,0.0739460908215904,0.3124916552618788,0.6605721176657967,0.5207054191909427,0.3390834765155435,1
13279.0,-0.0543097623705864,-1.058145946714099,-1.371919886825082,-1.2536847648443734,-1.1954453334565955,-0.956603379338622,0
13280.0,0.2296283133843863,0.654643185938614,0.6588645011029919,0.7237434148298558,1.0791672045283929,0.2324667500001205,1
13281.0,1.0470552368386383,-1.058145946714099,-0.7013854742076836,-0.5931996852608044,-0.5121324717856456,0.3081024026904053,0
13282.0,-0.9682038613741812,0.0739460908215904,0.248191174098018,-0.1260037192994412,0.0011923041824166,0.21806958131952,1
13283.0,-0.2201397768252409,0.0739460908215904,-0.6566993646822646,-0.5835033778764733,-0.6267921989603487,-1.4809099504413423,0
13284.0,0.8664325630436192,-1.058145946714099,-1.1005919931017514,-1.110483470649885,-0.91940584661767,-0.4448474581500517,0
13285.0,-0.8183807704906293,0.4896629879592288,0.9258245678582564,1.0503368067071488,1.189356113787718,0.9440067711247204,1
13286.0,1.2470333934915163,-1.058145946714099,-0.1696577077397408,-0.3902905392135271,0.0741642041589574,1.3110027282566916,0
13287.0,1.2502267205812954,-0.2017513803877423,-0.1253404336380229,-0.0962799984533907,0.0741642041589574,-0.095089339119787,0
13288.0,1.0528591244028265,0.2992073267345332,-0.0020614191778239,-0.1775834856216042,-1.3785107536966998,-0.5544724417511804,0
13289.0,1.3673310709462236,-1.058145946714099,-0.7950809575914675,-0.935724935040335,-0.7601216003714991,0.1313818386809788,0
13290.0,1.045596020739638,-1.058145946714099,-1.0745524783571183,-3.628661084298931,-2.515817022689194,-0.395733908958419,0
13291.0,0.3861510713168414,1.15560189306089,0.916396012966336,0.7761185682899702,1.0583966506364906,0.1044783624842637,1
13292.0,-0.4907754257615954,0.2992073267345332,0.0480675980617151,0.042483868766071,0.217900422374825,-0.4603150903816103,1
13293.0,0.9746078619728364,0.4896629879592288,0.1790417981176164,0.0727431578402657,0.1571027565423948,-0.4608500458643575,0
13294.0,0.5118685254199581,-0.2017513803877423,0.4296520837270539,0.4568406600111304,0.6428173386552047,0.9498290179986154,1
13295.0,0.9201390523816813,0.0739460908215904,0.1219331898687134,0.2554190543906869,0.2324210325411989,-0.0194749779771132,0
13296.0,0.3034251741878168,0.4896629879592288,-0.1153550225635419,0.1795169549510284,0.1411722937225966,-1.0132593893736297,0
13297.0,-1.4474112861963695,0.654643185938614,1.113951817216693,1.1108801462071545,0.7642790739473241,1.0891742815050325,1
13298.0,-2.4120140217391843,-1.058145946714099,-0.6828856789240842,-1.0756752990814846,-2.183176263091345,0.3429951652709165,0
13299.0,0.7314826127879408,-0.2017513803877423,0.1944236981364908,-0.1164713649302792,0.2324210325411989,0.506780780064314,0
13300.0,0.4371701786605239,-0.2017513803877423,0.2328516333493758,-0.0576667801225735,0.0384893202353487,0.5791447789091705,0
13301.0,0.1281552717803115,0.0739460908215904,-0.2942174022083552,-0.239233298826501,0.4684334074395972,-0.8015048675955544,0
13302.0,0.3820531327806657,-0.5571872395918231,-1.268335137800309,-2.397537599248726,-1.9471638881929467,-1.6948448232293567,0
13303.0,0.9875317290149478,-1.058145946714099,-1.9440660811720696,-1.9168175809686256,-1.7640984679528429,-2.0357375543200598,0
13304.0,0.9039476544244855,0.0739460908215904,0.1940041112629221,0.2400065559703205,0.2745016951337471,0.1161082166656997,0
13305.0,-1.8243736859341724,1.5859404542672264,1.0048549497560604,1.0241336692713514,1.0478107868958555,-0.2365999802464493,1
13306.0,1.033801201878248,-1.058145946714099,-2.043314213679434,-1.244856163309911,-1.7640984679528429,-2.2229310594940697,0
13307.0,0.2191145500704246,-0.2017513803877423,-0.8806955230694508,-0.8296554976039625,-0.8098576192004525,-1.5133733700606755,0
13308.0,-0.8183807704906293,0.0739460908215904,0.4214384459725225,0.505771483752071,0.3526935049184267,0.5441723725033772,1
13309.0,-1.5229485149574664,0.4896629879592288,0.4367946648076339,0.8861496732211169,0.6600894093898906,0.0235962762309856,1
13310.0,-0.6970151074455184,0.2992073267345332,0.3634784858158092,0.3258807421359825,0.5207054191909427,0.1326569984919639,1
13311.0,-1.8243736859341724,-0.5571872395918231,-0.3173037126796466,-0.3200367320370723,-0.4115503779538524,0.0927183026225819,0
13312.0,1.0643116644325106,-1.058145946714099,-1.4428103598757176,-1.6262149283445646,-1.614523128595098,-1.0903110451509488,0
13313.0,-0.8456753236698794,1.2544959545938104,0.9429053012784844,1.0092072270273422,0.7413828979433381,0.0364646726806244,1
13314.0,-2.1519790306632065,-0.2017513803877423,-0.1305617107576182,0.0786314777309225,0.217900422374825,-0.104912079871896,1
13315.0,1.3355982633836874,-1.058145946714099,-0.7897131696124785,-0.4992963694822978,-0.5121324717856456,0.1415061102559961,0
13316.0,-0.5236711079833221,1.0480979277381186,1.9101912185010663,2.4728427829054884,0.8153422320095451,2.1052712963393567,1
13317.0,-0.1599714449813229,1.7867352234743037,1.3986856668520469,1.2134874069728436,1.3515360227957012,0.2709935399909128,1
13318.0,-2.4120140217391843,-0.2017513803877423,-0.2683021742835699,-0.3221896666559816,-0.862804573858747,-0.3639717281303946,0
13319.0,-1.7074462772723475,3.1233230300705346,2.281424189941208,1.923489791168268,1.7119076227707086,0.4188923931426005,1
13320.0,-0.0543097623705864,0.4896629879592288,0.628936320593838,0.7342113430351721,0.6853342645162757,0.3850685844754833,1
13321.0,-0.10496702096475,-0.5571872395918231,-0.3558249733400813,-0.1898123812478129,-1.117253523671916,0.0201869949335277,0
13322.0,-1.0028785328055103,-1.058145946714099,-1.1067122489283867,-0.9467793286780029,-0.4115503779538524,-0.4563909714817964,0
13323.0,-1.9674812683483252,0.2992073267345332,-0.1195992828104673,-0.6838229113311526,-1.4880589811139169,-0.7751301183644161,0
13324.0,-0.540774126845729,1.7233615276208618,1.746687630405,1.8624249024858504,-0.1220981718085144,0.9992793234844702,1
13325.0,-0.0226329437380984,-1.058145946714099,-0.2305269785181828,-0.4770927103734043,-0.9802035124500996,1.1961962138514255,0
13326.0,1.0367703053241684,-1.058145946714099,-0.8589117986142709,-0.8296554976039625,-0.91940584661767,0.0109894588205621,0
13327.0,-0.4907754257615954,1.847016261407861,1.701872997867265,1.445150266455122,1.1573590143130723,0.7719712649001256,1
13328.0,0.8367820500425664,-1.058145946714099,0.2456039604482247,0.2061250257305973,-0.7132292345010023,2.0942344654054383,0
13329.0,-0.6141483680629726,0.8001660338568091,1.227301093378791,1.2803377125594788,0.3891614223084505,1.1214728160079015,1
13330.0,0.0571826544512456,0.4896629879592288,0.7950924953538491,0.906773813369788,0.5207054191909427,0.6978318957330136,1
13331.0,0.9907224082272228,-1.058145946714099,-0.9100196463697764,-1.448851553929116,-0.9802035124500996,-0.085405878014041,0
13332.0,-1.1198059414673356,-1.058145946714099,-0.7012830808636251,-0.669042043482492,-0.5486003891756687,0.308295528429868,0
13333.0,1.0048872215498614,-0.2017513803877423,0.0632732239931319,0.2109364659054746,0.2031181655606824,0.259859825433631,0
13334.0,-0.0226329437380984,0.2992073267345332,1.3735546065889643,1.2295754568541564,1.6164639213921022,2.035124803514547,1
13336.0,-0.0624796206101934,-1.058145946714099,-0.1129887488628874,0.0774580234699572,0.1571027565423948,1.4178869665664946,0
13337.0,1.1866551065949535,-1.058145946714099,0.3792198318367596,0.4461998465088715,0.5887058798168258,2.346249517781801,1
13338.0,0.3942692202075933,0.0739460908215904,0.6960304350615799,0.5518840134438602,0.8010741670374462,1.0613129172493965,1
13339.0,0.5477790613471053,-1.058145946714099,-0.0564337592307505,-0.2763804593773598,0.2031181655606824,1.5245562456436998,0
13340.0,-0.4011425702790203,1.2544959545938104,2.2820132538986173,1.9489558305319612,1.2244584972993122,2.558522920939814,1
13341.0,0.7145728708968584,-1.058145946714099,-0.1306451884273892,-0.3286910797782772,0.0011923041824166,1.3845848708245223,0
13343.0,0.4702544582071883,-1.058145946714099,-0.6961208805165711,-0.853402515152758,-0.6267921989603487,0.3180320378528927,0
13344.0,-0.1411075792030422,-0.2017513803877423,0.7243592177013501,0.4401378594606127,0.8153422320095451,1.5051416980669978,1
13345.0,0.777475447277631,-1.058145946714099,-0.6262830785063167,-0.8250072737432935,-0.586765087019821,0.4497542438196193,0
13346.0,1.081115906117918,0.4896629879592288,-0.815304067045953,-0.6653981508446892,-1.7640984679528429,-2.3195460292461765,0
13347.0,-0.1227827554391228,-1.058145946714099,-0.7210880284493156,-0.5803027830506975,-1.2818823689972492,0.2709410970195052,0
13348.0,-0.1794070292720186,-1.058145946714099,-0.9929671777905744,-0.848584025185672,-0.862804573858747,-0.241854556290566,0
13349.0,-1.2629135238814884,-1.058145946714099,-0.9525026139700504,-0.5193591300769778,-0.7601216003714991,-0.1655336891312839,0
13350.0,-1.0395356639262063,-0.5571872395918231,0.0368406446073814,-0.3599108152129162,-0.1220981718085144,0.7597967354777032,0
13351.0,-0.1599714449813229,-1.058145946714099,-0.6555838058543438,-0.9467793286780029,-0.7601216003714991,0.3944896688814643,0
13352.0,-0.2201397768252409,-1.058145946714099,-0.6108023443619761,-0.2865150349101377,-0.4437267787202448,0.4789527064398714,0
13354.0,-0.1138130260237924,-1.058145946714099,-0.1612661711487127,0.1282943760534984,0.1571027565423948,1.326830140910063,0
13355.0,0.2296283133843863,-1.058145946714099,-0.2311665582858514,-0.3009710220711328,-0.2159596295778201,1.1949898921250257,0
13356.0,-0.0382757972626953,-1.058145946714099,-0.1377388999379014,-0.2783949201827544,0.0011923041824166,1.3712053070100854,0
13357.0,0.7047061347631505,0.2992073267345332,1.0207284190138697,0.960136105639346,1.5527927217737971,1.3702013723868312,1
13358.0,0.7338623008571977,-1.058145946714099,-0.5402334918976625,-0.3644942549377236,-0.2941514393624997,0.6120537584714776,0
13359.0,-0.1794070292720186,-0.5571872395918231,0.0825526577167264,-0.1741308743400447,0.1727297634470911,0.8459297508127746,0
13360.0,1.0367703053241684,0.0739460908215904,0.3692723945584353,0.4202158067285957,0.2607132519567318,0.4459639556624991,1
13361.0,1.0934362995056883,-0.5571872395918231,0.3198015590395233,-0.2804155698175485,-0.2941514393624997,1.2930439367365234,0
13362.0,-1.3798409325433134,0.654643185938614,1.265859718343138,1.056727667730221,1.207095033142026,1.3753359484778,1
13363.0,-0.9682038613741812,-0.2017513803877423,0.4441387433911127,0.5490231088078554,0.5001945244425666,0.9771205755045628,1
13364.0,-0.1138130260237924,-1.058145946714099,-1.3865573156669262,-1.2717056438696923,-1.117253523671916,-0.9842112702119,0
13365.0,-0.5764124726865254,-0.5571872395918231,0.6280532624354667,0.6045297782794461,0.8634124775613803,1.874116745360172,1
13366.0,-0.3349679194593694,-1.058145946714099,-2.010955878179093,-0.8112565093766205,-2.515817022689194,-2.161899480451955,0
13367.0,1.0367703053241684,-1.058145946714099,-0.4322036093053438,-0.4425378060430995,-0.586765087019821,0.8158106642701067,0
13368.0,0.7047061347631505,0.0739460908215904,0.1345808963350512,0.1304650741914777,0.0565206627106016,0.0043159204262834,0
13369.0,0.9307105862349312,-1.058145946714099,-0.2960004581961679,-0.3352573999280677,-0.862804573858747,1.072705626701567,0
13370.0,0.94111068223374,-1.058145946714099,0.3486267932036249,0.211894544645614,-0.0581390644641013,2.2885474936632564,0
13371.0,1.1366880923212137,-0.5571872395918231,0.6510790154768623,0.4718413911206734,0.4684334074395972,1.9175268000415595,1
13372.0,0.0363810947797576,-1.058145946714099,-0.646607072732607,-0.74651041226979,-0.4772168596026035,0.4114208301599384,0
13373.0,-0.2097114950440718,0.4896629879592288,1.5116594615986136,1.412648749771696,1.5755040145163772,2.047837033272573,1
13374.0,1.011083648486406,-0.5571872395918231,-0.5673142911198653,-0.853402515152758,-0.7132292345010023,-0.377892413893247,0
13375.0,0.0292945563903604,-0.5571872395918231,0.4721500551404667,0.5362851572919094,0.3145288070742748,1.5802125676588787,1
13376.0,0.0968649100434169,-0.2017513803877423,0.066116697124308,-0.0050210152869876,0.0565206627106016,0.2652124377935301,0
13377.0,0.982715747443508,-0.5571872395918231,0.3689154047640948,0.2687247193212898,0.4240770344914922,1.385616701754574,1
13379.0,-0.7428435417295326,-0.2017513803877423,-0.3492621487633853,0.1250248368991558,0.5698454386786636,-0.5161696591542482,1
13380.0,1.0382497182035757,-1.058145946714099,-1.936295575377002,-1.5248267984910486,-1.9471638881929467,-2.0210814778780595,0
13381.0,-0.6141483680629726,1.2544959545938104,1.5697610241937665,1.5337469748287054,1.0531207928583963,1.2162725955422808,1
13382.0,0.7617503989180828,0.2992073267345332,0.2878678519325583,0.3626694906733145,0.457567115373851,-0.0095645123167256,1
13383.0,1.1843059274157668,-1.058145946714099,-0.8013355154310978,-0.3576310176485259,-2.515817022689194,0.1195850161540952,0
13384.0,-0.6338830081757483,1.15560189306089,1.4199991550447204,1.3937145926129326,1.233004335585143,1.052279587991164,1
13385.0,0.8644979455921589,-1.058145946714099,-0.3986450835325692,-0.3737580832755742,-0.144576100004755,0.8791059415632276,0
13386.0,1.0095401454577722,-0.5571872395918231,-0.0773707134363792,0.0223608173365031,-0.4437267787202448,0.5446187461054085,0
13387.0,1.014159554616912,-1.058145946714099,-1.143734384679868,-0.9036346224583336,0.4240770344914922,-0.5262190194789068,0
13388.0,0.2749171387187454,-0.2017513803877423,0.1746284883588213,0.2261007327383554,0.3891614223084505,0.4695066826386108,1
13389.0,-1.2629135238814884,-0.2017513803877423,-0.1104227500037648,-0.0962799984533907,0.1411722937225966,-0.0670238424771764,1
13390.0,-0.0791383545924629,-1.058145946714099,-0.3859619431224691,-0.5222758574236794,-0.91940584661767,0.9030278174716192,0
13391.0,0.5572336581134208,-1.058145946714099,-1.966469745480523,-3.0259974839117305,-2.515817022689194,-2.0779934672998825,0
13392.0,1.324346655508488,-1.058145946714099,-1.666905211590464,-1.178194505634738,-1.2818823689972492,-1.5129799631864662,0
13393.0,1.2297284596616558,0.0739460908215904,0.1409401933944249,0.1885064471269017,0.1880646595930938,0.0162784627872446,0
13394.0,-2.1519790306632065,1.7867352234743037,1.4135939751621724,1.562492718418263,1.4615439829551946,0.2990353316577853,1
13395.0,0.4948562494227654,-0.2017513803877423,0.1713296541820839,0.792557435875949,0.4897435161402434,0.4632951911877359,1
13396.0,-0.6752731880764764,-0.5571872395918231,0.2739353441524722,0.1239313687523604,0.0011923041824166,1.2065964219314491,1
13397.0,-0.0962413734548695,1.0480979277381186,0.8878614985761443,0.6498375613997025,0.3891614223084505,0.1799375034821101,1
13398.0,0.5185490566485405,-0.5571872395918231,-0.2358313004445731,-0.2468813028931192,-0.1002197270566499,0.2461427801145599,0
13399.0,1.0824965852277768,-0.2017513803877423,-0.8753048529621619,-0.9302666386620904,-1.117253523671916,-1.5032792539295845,0
13400.0,1.2286312392078274,-1.058145946714099,-0.7883947783225908,-0.3667980083921493,-0.4772168596026035,0.1439927493544865,0
13402.0,0.2551824986059697,0.0739460908215904,0.3606366812427939,0.5262704040584975,0.217900422374825,0.4297075559596478,1
13403.0,-0.9682038613741812,-0.2017513803877423,-1.0061632945411425,-0.9637172845910724,-1.1954453334565955,-1.7481505725958335,0
13404.0,-2.4120140217391843,-0.5571872395918231,-0.9376539722638424,-0.9811029912456316,-1.0458699940988507,-1.0742481852315942,0
13405.0,-0.0876328522714647,0.4896629879592288,0.1915294950021003,0.356551112238319,-0.1914684658752519,-0.4373941817131661,1
13406.0,1.0293216130101532,-0.5571872395918231,-0.3538498423887334,-0.3485900376463807,-1.3785107536966998,0.0239057872475444,0
13407.0,1.2242234885320706,-0.2017513803877423,0.6342826606707153,0.8043307980635127,0.5698454386786636,1.335388962269966,1
13408.0,-2.1519790306632065,3.858815183182004,2.8948603981091856,2.684801129797152,1.652931838782126,0.7556109960910172,1
13410.0,-0.7922005967383016,0.9303406571479472,0.6204361994063226,0.6029468149670815,-0.4115503779538524,-0.1801588314008288,1
13411.0,0.1462219650521856,-1.058145946714099,-1.0578356254360255,-1.2626334870875635,-0.7132292345010023,-0.3642039827550663,0
13412.0,1.2680279097306315,-1.058145946714099,-0.4651552831793918,-0.6800964371201603,-0.1914684658752519,0.753659980141353,0
13413.0,1.2883568763718705,0.4896629879592288,-0.5561117369579732,-0.0576667801225735,-0.0789096183560038,-1.837418263161556,0
13414.0,0.2893295474663386,0.4896629879592288,0.7101809820563861,1.1128296724623568,0.1083521949576072,0.5379810903518876,1
13415.0,1.0947907354871098,0.0739460908215904,-0.107982699120014,0.0068539079759826,0.5698454386786636,-0.4517381475247931,0
13416.0,-0.4152381970004986,-0.2017513803877423,0.0081018940075496,-0.5707933990113551,-0.7601216003714991,0.1560125873440529,0
13417.0,-1.7074462772723475,0.4896629879592288,0.4210589435437287,0.0449565067865308,0.2466890975132978,-0.0059955096317079,1
13418.0,-1.2115801184678894,2.3674323185913275,1.8558687347225955,1.7933778745386644,1.670575380230482,0.4675005349126477,1
13419.0,-0.1794070292720186,-1.058145946714099,-1.0330437589491386,-0.3879031647636542,-0.7601216003714991,-0.3174436430867898,0
13420.0,0.3611612137995771,-0.5571872395918231,-1.265417298258693,-1.0426170379233035,-1.2818823689972492,-1.68937551045955,0
13421.0,-0.4749394310824503,0.8001660338568091,1.0687816501591163,1.0403609340836106,1.15268439735128,0.8229437893987027,1
13422.0,-0.1794070292720186,-1.058145946714099,0.7473721374106308,0.6448996933210679,0.8961017842882889,3.040627525480359,1
13423.0,1.0323114794921844,-1.058145946714099,-1.046241384890367,-0.8250072737432935,-0.9802035124500996,-0.3423358984622822,0
13424.0,1.062891231517784,-1.058145946714099,-0.348998363165892,0.0412440551307057,-0.0378814165327151,0.9727454224385238,0
13425.0,0.1521328382198956,0.2992073267345332,0.934135160037209,1.0299554732313394,0.8766449105123539,1.207057032903415,1
13426.0,-2.4120140217391843,1.9594133665673956,1.564750972255611,1.4999157495257318,1.094407142278882,0.3846836081535323,1
13427.0,-0.9353081791524545,0.4896629879592288,0.0567160860853278,0.3754850891987499,-0.144576100004755,-0.690522272308323,1
13428.0,-1.3187161125298097,-0.2017513803877423,-0.4467557884719262,-0.2004783599377006,0.8634124775613803,-0.6993699412402843,1
13429.0,-1.2629135238814884,0.0739460908215904,0.0569091662793572,0.675879768631748,0.217900422374825,-0.1417697366979658,1
13430.0,-0.9353081791524545,-0.5571872395918231,-0.2261186926431372,0.2713538538233589,0.1083521949576072,0.2644348222513607,1
13431.0,-0.150470157144488,0.8001660338568091,0.9153974622468406,0.7559174655160901,0.8010741670374462,0.5341922292515072,1
13432.0,1.2153160509140626,-0.5571872395918231,-0.54011886900982,-0.5430633509352029,0.6853342645162757,-0.3267171921245062,0
13433.0,1.131598183073706,0.0739460908215904,-0.2488500510662724,-0.630028288668433,-0.5121324717856456,-0.7163367596461789,0
13434.0,-0.0876328522714647,0.2992073267345332,0.4199235560639449,0.3634303015606991,-0.7132292345010023,0.2388540259052738,1
13435.0,-1.7074462772723475,0.9303406571479472,1.1313218057079015,1.1341371458035248,0.6685909679263046,0.7809309572634019,1
13436.0,-2.1519790306632065,-1.058145946714099,-1.116082244536336,-1.2275467185765694,-0.9802035124500996,-0.4740638714850981,0
13437.0,-1.1198059414673356,0.654643185938614,0.935072164256058,0.6232340037961621,0.9927301689877396,0.7523115002891821,1
13438.0,1.187826477146772,-1.058145946714099,-2.1443554285227555,-2.5074125686447046,-2.515817022689194,-2.4135065262128825,0
13439.0,0.6997152519968288,-0.2017513803877423,0.0423264265156632,0.4271538556494647,0.9275383145186272,0.2204304312202085,1
13440.0,1.0232997359133336,0.654643185938614,0.2382866026281458,0.0936988718044614,0.1249263557760024,-0.5580204674761852,0
13441.0,0.0503234960319062,-0.5571872395918231,-0.1835083754612052,0.0299792917682934,-0.1914684658752519,0.3446883070917507,0
13442.0,1.3148171310090695,-0.2017513803877423,-0.5723135131122598,-0.958022695435433,-0.1914684658752519,-0.9351581107513212,0
13443.0,1.0614676455862315,0.4896629879592288,0.2298487716326285,0.3202211539615819,1.1620071460508272,-0.3654081200838148,1
13444.0,0.9445402369244064,-0.5571872395918231,-0.2785703651510677,-0.2546192855417444,0.1571027565423948,0.1656554573638392,0
13445.0,1.2741945456928905,-1.058145946714099,-0.9684049527202744,-0.6030410799249616,-1.3785107536966998,-0.195527347005885,0
13446.0,1.033801201878248,1.15560189306089,1.0288524119933922,1.0357261974091367,0.8010741670374462,0.3159946499312036,1
13447.0,-0.8183807704906293,-0.2017513803877423,0.1394688081479495,0.1061840272393253,0.217900422374825,0.4033057850490413,1
13448.0,-1.0028785328055103,1.3460575542855853,1.6537252347852989,1.4340461039143382,1.652931838782126,1.2657982296359769,1
13449.0,-0.7922005967383016,-1.058145946714099,-0.8335725095245863,-0.5281484048190704,-0.6267921989603487,0.0587823010986136,0
13450.0,-0.7195200551006783,1.3460575542855853,1.0717463228037276,1.4210782375473143,0.2466890975132978,0.1703066740117343,1
13451.0,-0.7428435417295326,1.15560189306089,1.4730105069254478,1.5518441423118956,2.1098500016332093,1.1521210962709147,1
13452.0,0.7096584775096997,-0.2017513803877423,-0.1746788038445828,-2.804692648559184,-2.183176263091345,-0.1879017343971359,0
13453.0,0.4257516242273519,-0.2017513803877423,-0.1252483615284219,-0.2468813028931192,-0.1914684658752519,-0.0949161230728078,0
13454.0,1.2893566040861313,-1.058145946714099,-1.0369157383623435,-0.6030410799249616,-0.4772168596026035,-0.3247466459746843,0
13455.0,-0.7670473650770303,0.4896629879592288,0.8202535336529265,0.4495436307255754,0.5105140700321456,0.7452056129294168,1
13456.0,-0.9682038613741812,0.4896629879592288,0.4618254811238038,0.2834860728339163,0.0200527453205781,0.0706718101712886,1
13457.0,1.3355982633836874,-0.5571872395918231,-1.3194981942310078,-1.0756752990814846,-1.1954453334565955,-1.790724035811751,0
13458.0,-1.5229485149574664,1.5859404542672264,1.8395273538658437,1.715833846631745,1.569884862020401,1.3339751831481252,1
13459.0,1.2731708819498868,-0.5571872395918231,0.1591361484158859,0.4502103524641729,0.2466890975132978,0.9902440082103122,0
13460.0,-0.6752731880764764,-0.5571872395918231,-1.1668027168517148,-0.3621985425239267,-0.7601216003714991,-1.5044514164767426,0
13461.0,-0.4907754257615954,0.4896629879592288,1.078699954040926,1.2099281890051887,-0.2672508963742018,1.2319620468786154,1
13462.0,0.6946852246521797,0.2992073267345332,0.1550544790413604,0.2223423171467483,0.3401681767824983,-0.2592760793893071,1
13464.0,-0.2415192631816249,0.4896629879592288,0.8662747662488577,0.6991067916340292,0.9024861982765124,0.8318626103771446,1
13465.0,1.0571778289304523,-0.5571872395918231,0.0006571751192534,0.1061840272393253,-0.1676872918813187,0.6916218431117923,0
13466.0,0.4913989623501418,0.2992073267345332,0.0615773676386116,0.186519373292834,0.1249263557760024,-0.4349351235910181,0
13467.0,-1.2629135238814884,-0.5571872395918231,0.1099037005141817,0.1061840272393253,0.607142454731596,0.8974685670896532,1
13468.0,-2.1519790306632065,3.386391605697828,1.920976431222289,1.6178256599488805,1.569884862020401,-0.5511442899049107,1
13469.0,1.3012333360775918,-1.058145946714099,-1.7387201382842286,-1.473214373913271,-1.4880589811139169,-1.6484312559412482,0
13470.0,0.0968649100434169,-0.5571872395918231,-1.2427074196162766,-1.0490970995891926,-1.3785107536966998,-1.6468025890127571,0
13471.0,-2.4120140217391843,0.0739460908215904,0.7209132847825788,0.7642378919571898,1.3215639934150147,1.1081883651279176,1
13472.0,1.0824965852277768,-0.5571872395918231,-0.3249518670502992,-0.3093765158786823,-0.4437267787202448,0.0783171422430423,0
13473.0,-0.2097114950440718,0.8001660338568091,0.7559494628296362,0.4594741808020236,0.3526935049184267,0.2341634048480352,1
13474.0,0.6502579820962507,-0.2017513803877423,-0.242896365957425,-0.2604831068966469,0.8223842757380923,-0.3161997070413017,0
13475.0,0.5152174896819478,0.0739460908215904,0.3104476174465749,0.4673120603127497,0.3401681767824983,0.3352362278655905,1
13476.0,0.4738273097812196,0.2992073267345332,0.5729508275440551,0.2372488121448318,0.5793298571111467,0.5268589352470432,1
13477.0,-0.5070123740010525,1.15560189306089,0.8022418455112009,0.9455505189649676,0.7938459876173184,-0.1101296236219627,1
13478.0,1.0893557436471168,0.2992073267345332,0.6249426318636951,0.5732295209741893,0.8082392174469527,0.6247383738858205,1
13479.0,0.5477790613471053,0.0739460908215904,-0.0637932943737498,0.2400065559703205,0.0565206627106016,-0.3686932301839793,0
13480.0,1.014159554616912,-0.5571872395918231,-0.2829801919748776,-0.2076863327758596,-0.0378814165327151,0.157351177595854,0
13481.0,-0.3873500989396135,1.15560189306089,1.0193156381501345,0.932877276419202,1.094407142278882,0.2980536990591776,1
13482.0,0.639341544931368,-0.5571872395918231,-0.7322664877798832,-0.6404409748334174,-0.586765087019821,-0.6881886690537671,0
13483.0,-0.1599714449813229,-1.058145946714099,-1.358592817124781,-0.7424124492385259,-1.117253523671916,-0.9314669779991552,0
13484.0,0.6636473034612838,-0.2017513803877423,-0.1169823729168795,-0.5222758574236794,-0.0789096183560038,-0.0793650190238983,0
13485.0,0.6420881238566438,1.15560189306089,0.8478033484884041,0.8450508835021734,0.921346639414674,-0.0244880540070672,1
13486.0,-0.0543097623705864,-0.2017513803877423,0.1351648376410704,0.1954143074317412,0.4009658426149288,0.3952023802291889,1
13487.0,-0.2415192631816249,0.2992073267345332,-0.0676076697334696,-0.2076863327758596,-0.2412044847042052,-0.6775452879458939,0
13488.0,-1.0028785328055103,2.0119964593872464,2.030461132915642,1.8175693190607487,1.7691409395186153,1.2010787326377792,1
13489.0,0.1342342291316152,0.0739460908215904,-0.5232566307259849,0.0786314777309225,-1.0458699940988507,-1.231049255962843,0
13490.0,1.3022132067018704,-1.058145946714099,-1.290951900781793,-1.9416401849203375,-1.2818823689972492,-0.8038883535601875,0
13491.0,-0.3102985242592435,2.202452120611942,1.145876325536119,1.0307829687552188,0.9984076522496488,-0.6794783473828322,1
13492.0,0.298760970365054,-0.2017513803877423,0.2240207450469135,-0.1292121204849814,-0.0789096183560038,0.5625147099583233,0
13493.0,0.7479579275786754,-0.5571872395918231,-0.2935891402447901,-0.1758549144852563,-1.4880589811139169,0.1373734741385515,0
13494.0,0.8286381285590276,-1.058145946714099,-0.7759548475575556,-0.7342923345111426,-0.6688728615528973,0.1674559036244787,0
13495.0,-1.4474112861963695,1.0480979277381186,1.2632089236971389,1.105980898684332,0.2745016951337471,0.886334390632403,1
13496.0,-1.2629135238814884,-0.5571872395918231,-0.2543245338450999,-0.2468813028931192,-0.321964036982949,0.2113149435214644,0
13497.0,0.7662827513425954,0.4896629879592288,0.2520955631617135,0.1005383192801558,0.1727297634470911,-0.3236087259353701,0
13498.0,1.3726167481092917,-1.058145946714099,-0.751130523238153,-0.2076863327758596,-0.7132292345010023,0.2142774625347241,0
13499.0,-0.9682038613741812,0.2992073267345332,0.1583291157796849,0.6639512418483263,-0.2412044847042052,-0.2531210048417774,1
13500.0,-0.8183807704906293,0.0739460908215904,0.3276030412232129,0.3433574474678515,0.4897435161402434,0.3675265376416925,1
13501.0,0.777475447277631,-0.2017513803877423,0.8150739339482421,0.6076843212032644,0.6162076636214244,1.6761139291491474,1
13502.0,-1.0028785328055103,0.2992073267345332,-0.1263447833479976,-0.0090274496374472,-0.321964036982949,-0.7877884283345581,0
13503.0,-0.1138130260237924,0.4896629879592288,0.5162452677528682,0.5327679246384178,1.074023657541187,0.1730349771382123,1
13504.0,-0.1794070292720186,-1.058145946714099,-0.8236762780006445,-0.6727062364625485,-0.5121324717856456,0.0774477431596291,0
13505.0,-0.0962413734548695,0.0739460908215904,1.1180644529336468,1.0580513166752603,1.189356113787718,1.8565800729160704,1
13506.0,0.8367820500425664,0.2992073267345332,0.4078729455845933,0.5648862259409839,0.217900422374825,0.2161800108476696,1
13507.0,-1.9674812683483252,0.0739460908215904,0.7058417389475601,0.7671253513275911,1.0096460890517032,1.0797956663066826,1
13508.0,0.6715487405611223,-0.5571872395918231,-0.8455551757748273,-0.6653981508446892,-0.3507527121214226,-0.9011800667457788,0
13509.0,-1.3798409325433134,0.8001660338568091,0.1302152517137734,0.5869040455194251,-0.3507527121214226,-0.9411171349083228,1
13510.0,-2.4120140217391843,1.15560189306089,1.1445704408016664,1.1911896465777456,1.1620071460508272,0.5337342377811216,1
13511.0,1.324346655508488,-1.058145946714099,-0.8563678675756137,-1.3807506813715704,-1.614523128595098,0.0157876082266668,0
13512.0,0.7145728708968584,0.0739460908215904,-0.1910440457398705,-0.1117564993005878,-0.2412044847042052,-0.6077825631206655,0
13513.0,0.2551824986059697,-0.2017513803877423,-0.0867963736805672,-0.2040724723719749,-0.2159596295778201,-0.0225712243509818,0
13514.0,-0.0876328522714647,0.0739460908215904,-0.0944213978435916,-0.3576310176485259,-0.8098576192004525,-0.426254431316022,0
13515.0,-0.0962413734548695,0.4896629879592288,0.221737707195737,0.3282914507803025,0.3401681767824983,-0.3806467218196369,1
13516.0,-0.8741833591389503,0.0739460908215904,0.4278296817281385,0.5304126098965184,0.217900422374825,0.5562054823094366,1
13517.0,-0.2201397768252409,-0.2017513803877423,0.595970427093912,0.6658744038583051,0.8831819415705221,1.2631936763303016,1
13518.0,0.0075526370213185,-1.058145946714099,-0.247627003648168,-0.1554588324623538,-0.1220981718085144,1.1639435803582152,0
13519.0,-0.0543097623705864,-0.5571872395918231,-0.7172046645739724,-0.8631467072838476,-0.6267921989603487,-0.6598634775867184,0
13520.0,-0.2307404346856175,1.15560189306089,1.4442367534595608,1.2420884756219186,0.5307717179635321,1.0979273336311186,1
13521.0,-2.4120140217391843,-0.2017513803877423,0.116476956565882,0.2581018083703786,1.6322919311293915,0.3600183232513443,1
13522.0,-0.6542442484349309,-1.058145946714099,-1.436818459855289,-1.5808368721392685,-1.614523128595098,-1.0790096257777124,0
13523.0,-0.5950029105353472,0.4896629879592288,1.2256859016428805,1.0221815599004038,1.1666290909919852,1.5088935911029842,1
13524.0,-0.4594850640247002,0.2992073267345332,-0.2253460406665396,-0.2804155698175485,-0.7132292345010023,-0.9734973896882044,0
13525.0,-1.0784157615666077,-0.5571872395918231,-0.2818809236363239,-0.1521201403247171,-1.614523128595098,0.1594212358948368,0
13526.0,1.3795972273515245,-0.5571872395918231,0.1724086102288687,0.8851184930692538,-0.2941514393624997,1.015256073905115,0
13527.0,-0.5764124726865254,1.2544959545938104,1.1641298671102411,1.127269790085312,1.499269850589834,0.4525762910788142,1
13529.0,-0.0462426723707365,-0.5571872395918231,-0.7955242487936889,-1.244856163309911,-0.8098576192004525,-0.8071313518034445,0
13530.0,1.2823255604571917,-1.058145946714099,-0.60182801847411,-0.3950914432943594,-0.6688728615528973,0.4958793273956747,0
13531.0,0.5603544681590024,0.4896629879592288,0.4502373577152544,0.1239313687523604,0.0384893202353487,0.0488774073630346,1
13532.0,-0.5764124726865254,-1.058145946714099,-1.0688005757936112,-0.8830791702047491,0.3650304751021734,-0.3848851526636602,0
13533.0,0.4879229365026979,-0.2017513803877423,-0.8874247849874018,-0.5835033778764733,0.3014022381220454,-1.5259732534126027,0
13534.0,-2.1519790306632065,2.5129551665095216,1.524246319137746,1.3488806133190714,1.0994248524597794,-0.3202795254532344,1
13535.0,0.9923118147379644,-1.058145946714099,-1.679846566628344,-2.5074125686447046,-2.515817022689194,-1.5373888618734248,0
13536.0,-2.4120140217391843,0.654643185938614,0.9435260329644156,0.9582920270328076,0.6251737972068488,0.7682286278466989,1
13537.0,1.0278214364224063,-0.5571872395918231,-0.1865593036775428,-0.2546192855417444,-0.0789096183560038,0.3389418791419519,0
13538.0,-0.4296506057480915,1.2544959545938104,0.8697754502499379,0.434702118283372,0.7413828979433381,-0.1010049071251708,1
13539.0,0.0075526370213185,0.654643185938614,0.3765175642529847,0.2344794567321561,0.4009658426149288,-0.2983943113735899,1
13540.0,1.086620877247503,-0.2017513803877423,-0.2777621615043039,-0.6334808999499925,-0.3805884749031534,-0.3817585658875846,0
13541.0,1.0293216130101532,-0.5571872395918231,-0.1219782351454607,-0.3784393908584309,-1.117253523671916,0.4605874144305754,0
13542.0,0.949650424908974,1.6565606001831652,1.0515550847770931,0.3250752050618609,0.6853342645162757,-0.2309158386930961,1
13543.0,1.2823255604571917,-0.5571872395918231,0.3143748660204542,-0.270373833714497,-0.1002197270566499,1.2828156367252808,0
13544.0,-0.4749394310824503,0.4896629879592288,-0.0829574723331113,-0.2149741739744117,1.3404244345531768,-0.9525280467823672,1
13545.0,0.972973911537828,-0.5571872395918231,-0.6542397376495913,-0.4322607072827482,0.2031181655606824,-0.5414337705363521,0
13546.0,-1.2115801184678894,0.2992073267345332,0.1154822579515223,0.1117816860375853,0.6600894093898906,-0.3336490779292858,1
13547.0,1.0002002930243403,-1.058145946714099,-1.198388746041377,-1.178194505634738,0.0384893202353487,-0.6293034928874992,0
13548.0,0.0773306527470905,-0.2017513803877423,-0.0166572021949821,0.0844675491965173,1.1289032233573464,0.109414730755005,1
13549.0,-0.7428435417295326,0.8001660338568091,0.0561937952709355,0.0715591414290579,0.0384893202353487,-1.079813760929374,1
13550.0,0.9597502430728068,-1.058145946714099,-0.7041350499316581,-0.0591107344650019,-0.0378814165327151,0.3029163835230021,0
13551.0,0.8428228344109817,-0.5571872395918231,-0.9616138175859024,-1.709582179172762,-1.614523128595098,-1.1192586881886355,0
13552.0,-0.1599714449813229,1.9594133665673956,1.4514498420866064,1.10104488348166,1.094407142278882,0.1715778060174218,1
13553.0,1.322452044975983,-1.058145946714099,-0.4215694201999079,-0.5771176875341992,0.5698454386786636,0.8358679800405783,0
13554.0,0.954720215728158,0.654643185938614,0.4074686462917889,0.102802421133135,1.0636387966331442,-0.2402344868396017,1
13555.0,-0.0876328522714647,1.3460575542855853,1.634630555272513,1.4943538810744914,1.493101452679689,1.2298307720979815,1
13556.0,1.0323114794921844,-0.5571872395918231,-1.1019118591587913,-0.8582565662530369,-1.2818823689972492,-1.382691030475629,0
13557.0,-0.6970151074455184,1.3460575542855853,0.8509078600451822,1.0343568008311654,0.8896672959534744,-0.2448059052023449,1
13558.0,-1.608585561882396,0.0739460908215904,-0.3095456197884739,-0.2411369787048411,0.8700553726182927,-0.8302747591596333,1
13559.0,1.1467483017274251,-0.5571872395918231,0.04479564803435,-0.2113201593606197,-2.515817022689194,0.7747855871115341,0
13560.0,-1.5229485149574664,-1.058145946714099,-1.2031394768767116,-1.3389765845331374,-0.2159596295778201,-0.6382639230209183,0
13561.0,0.5937169648127165,1.15560189306089,0.4835085105146583,0.5432636942583606,0.921346639414674,-0.708642821328515,1
13562.0,-0.0226329437380984,0.8001660338568091,1.1875022103393975,0.7695902671624874,0.5979759564957379,1.046512991423737,1
13563.0,-0.0073625747303351,-0.5571872395918231,-0.1290885309217563,-0.567653913628976,0.1249263557760024,0.4471936900295006,0
13564.0,0.3351579817503524,2.579756093947218,2.1034472665600195,1.9221404738632764,1.988962657158903,0.693496724501204,1
13565.0,-0.9353081791524545,-0.2017513803877423,-0.581046829780064,-0.4246569123197467,0.0565206627106016,-0.9515517826035392,0
13566.0,-0.4594850640247002,0.2992073267345332,0.4375328716433562,0.6144676992234456,1.4899997739109212,0.2719887370476254,1
13567.0,1.0308182885991817,0.0739460908215904,0.109890414017314,0.1714218258238153,1.1803407147432114,-0.0421269225600921,1
13568.0,0.4520853904121776,-1.058145946714099,-1.1309456721780908,-1.2809046880716817,-0.0181119525235737,-0.5020980223438452,0
13569.0,-1.0028785328055103,0.0739460908215904,-0.0288033276552747,-0.1389323112681091,0.9754580982530536,-0.3029240398256698,1
13570.0,0.6689257299564773,-1.058145946714099,-0.9755902229941148,-0.7383398607540069,-0.3507527121214226,-0.2090796012821349,0
13571.0,-1.1640528084915374,2.1575193073054413,1.14271096295917,1.2234342270011505,1.4899997739109212,-0.6344182013112114,1
13572.0,0.5634601652637944,-1.058145946714099,0.2861376980532081,0.0474198839687432,-0.2159596295778201,2.170685802356463,0
13573.0,-0.3349679194593694,0.4896629879592288,-0.0107582310328803,0.186519373292834,0.4465549626877331,-0.817128020033375,1
13574.0,1.0048872215498614,-1.058145946714099,-0.5699546094081135,-0.2968082174231356,0.5602500888610992,0.5559962788603912,0
13575.0,-0.8183807704906293,0.2992073267345332,-0.1724439772836549,-0.0663784430952912,-0.0181119525235737,-0.8742797021994759,0
13576.0,-1.3187161125298097,2.245808014503504,1.8145460570863328,1.4646772260225005,1.0040461146997783,0.527740440395349,1
13577.0,-0.7670473650770303,1.15560189306089,0.9520387958721356,0.7929532956163405,0.7178293264081053,0.1715079156829422,1
13578.0,1.00176641150428,-1.058145946714099,-1.3222075580261436,-0.8932765983286024,-1.1954453334565955,-0.86284015333993,0
13579.0,-1.0784157615666077,0.2992073267345332,0.362468518081164,0.2826268683501283,0.435392980203531,0.1307570134819077,1
13580.0,0.9970565357545048,-1.058145946714099,-1.5474722926286888,-1.5663808849782732,-1.614523128595098,-1.287715606378954,0
13581.0,0.8224615941517993,-0.5571872395918231,-0.8620532010405754,-0.935724935040335,-0.2159596295778201,-0.9321883677946796,0
13582.0,0.9713357875339578,-0.5571872395918231,-0.9690579059124128,-1.0111411307468456,-1.117253523671916,-1.13324178050447,0
13583.0,0.3861510713168414,-0.5571872395918231,0.3170813612857618,0.5203073447292799,0.6428173386552047,1.287916866764767,1
13584.0,0.8183106074995556,-0.2017513803877423,-0.620859875882068,-0.2058769205238143,0.457567115373851,-1.0262742822178728,0
13585.0,1.1688228586551843,-0.2017513803877423,-0.220748468632699,0.673985682545786,-0.2941514393624997,-0.2745495972703801,0
13586.0,1.180765944929144,-1.058145946714099,-1.4049696885994585,-1.6583052409265662,-0.586765087019821,-1.01893914408455,0
13587.0,-0.1794070292720186,0.0739460908215904,0.4227866497229535,0.1904875357897548,-0.3507527121214226,0.5467106895112924,1
13588.0,-1.0395356639262063,0.9303406571479472,0.7057807223317247,1.08904508082854,0.921346639414674,-0.0197385335035776,1
13589.0,-1.0784157615666077,0.4896629879592288,0.1340928461971769,-0.3463490782764294,0.1083521949576072,-0.5452642208996401,1
13590.0,-1.2629135238814884,1.7233615276208618,1.3833611867233042,1.5528420123137416,1.464754918784536,0.315441167132627,1
13591.0,-0.1696156146721137,0.654643185938614,0.5842069392025664,0.3526980201478962,0.607142454731596,0.0920359822199547,1
13592.0,-0.540774126845729,0.0739460908215904,-0.9506478043034924,-1.1625337434223335,-0.8098576192004525,-2.0298992978670416,0
13593.0,0.1521328382198956,1.4312993642702228,1.2829677266453916,0.9747055084910023,1.3138967127742598,0.4672154686590636,1
13594.0,-0.2983107883386734,-0.5571872395918231,-0.4003288862727524,-0.1487983103404511,-0.2412044847042052,-0.0636004866438513,0
13595.0,1.1517198397927773,-0.2017513803877423,-0.0923778102753066,-0.2241990227917721,0.8082392174469527,-0.0330729227800562,0
13596.0,-1.608585561882396,-0.5571872395918231,-0.207727668169938,-0.1324362491901478,0.9336836095984208,0.2990721709540245,1
13597.0,0.9875317290149478,-0.5571872395918231,-0.6130997350291914,-0.5021252811070448,-0.7132292345010023,-0.4640392099939744,0
13598.0,-0.3738480170997701,0.2992073267345332,-0.1180115902087073,-0.1405664013976162,0.5001945244425666,-0.772150637055803,1
13599.0,-2.4120140217391843,2.442335020593583,1.7225874551966538,1.689434139679278,1.3980195209492263,0.132085523071256,1
13600.0,0.8286381285590276,-0.5571872395918231,-0.4207087783112503,0.1228360796752538,-0.144576100004755,-0.1019665016204763,0
13601.0,-0.4011425702790203,0.0739460908215904,0.1743187243122466,0.4408141792516248,1.0842787042858788,0.0790716957881021,1
13602.0,-0.1696156146721137,0.0739460908215904,0.0699257360850116,0.052319131491566,0.1249263557760024,-0.1172911873196145,1
13603.0,-0.7428435417295326,-1.058145946714099,-1.2455781391975007,-0.7262712480428852,-0.3507527121214226,-0.7183081692351753,0
13604.0,1.3070902279146166,-1.058145946714099,-0.1867898983023521,-0.4716569691961637,-0.5486003891756687,1.278689427021665,0
13605.0,0.9663961595288088,-0.5571872395918231,-0.4148367291746589,-0.1024269678570621,0.1411722937225966,-0.0909123302168798,0
13606.0,-0.6752731880764764,-0.2017513803877423,-0.8620276058869473,-0.3784393908584309,-0.0378814165327151,-1.4784150907942477,0
13607.0,-0.4749394310824503,-0.5571872395918231,0.1063074203248525,-0.0391782715441003,0.7791957222855813,0.89069182808732,1
13608.0,1.180765944929144,-1.058145946714099,-0.9855162795377164,-0.96946160877935,-0.2412044847042052,-0.2278012967942832,0
13609.0,1.2395198742615607,-1.058145946714099,-1.2325777841675891,-2.1142026552549544,-1.3785107536966998,-0.6937879897106375,0
13610.0,-1.2115801184678894,1.4312993642702228,0.6118544741978443,0.3967866798633863,1.621773927354644,-0.7936840947919965,1
13611.0,0.0292945563903604,1.0480979277381186,0.9161117839791832,0.9157000450442566,1.133714926635295,0.2330739410080308,1
13612.0,1.2813148034334256,-1.058145946714099,-0.0923162402866431,-0.0737273568542482,0.1411722937225966,1.4568777187687068,0
13613.0,1.0671431268633091,0.2992073267345332,0.0801612300913829,-0.0722509904906822,0.1411722937225966,-0.4000197260638905,0
13614.0,-0.7922005967383016,0.4896629879592288,0.6701140456638081,0.3354710107890296,1.3697273015336937,0.4625655998292378,1
13615.0,0.8428228344109817,0.8001660338568091,1.374563805451626,1.1615894179635753,1.4774744457749929,1.3988839631518803,1
13616.0,1.2119436056379256,-0.5571872395918231,-0.8429332450800748,-0.6838229113311526,-0.2412044847042052,-0.8962518786347906,0
13617.0,-0.4749394310824503,0.8001660338568091,0.229055275215429,0.1162257633423767,0.1083521949576072,-0.755779938652212,1
13618.0,0.4557606165093461,-1.058145946714099,-1.1910379701204878,-0.4609184296153759,-0.91940584661767,-0.6154390757381099,0
13619.0,1.185481592637454,-0.5571872395918231,-0.9993491976278182,-1.1625337434223335,-0.0581390644641013,-1.1901352395810707,0
13620.0,1.1651961277902847,-1.058145946714099,-1.5176826250519726,-1.244856163309911,-1.614523128595098,-1.2315288333810817,0
13621.0,0.2030134902092342,-1.058145946714099,-1.056828741493533,-0.2430461845122031,-0.6267921989603487,-0.3623048826940686,0
13622.0,1.342071680121387,-1.058145946714099,-0.248161831484539,-0.1775834856216042,-0.2159596295778201,1.1629348329407514,0
13623.0,-0.6338830081757483,1.0480979277381186,0.7307783650769756,0.4744156446565621,1.3100360324395852,-0.1154093144887964,1
13624.0,0.9680469331528012,-1.058145946714099,-0.5034422254675839,0.3290930607988527,-0.5121324717856456,0.681446360113894,0
13625.0,1.2438240863831336,-1.058145946714099,-0.8108560946277306,-0.8112565093766205,-0.5486003891756687,0.1016280980128678,0
13626.0,0.6946852246521797,-0.5571872395918231,-0.197477820263685,-0.1454931730396027,0.0384893202353487,0.3183771144187547,0
13627.0,-0.2307404346856175,0.654643185938614,0.6346676100584577,0.7813755112489762,0.8362895757000253,0.1869481354054533,1
13628.0,1.323400049877103,-1.058145946714099,-0.7899910333013711,-1.0111411307468456,-0.7601216003714991,0.1409820270660124,0
13629.0,-0.8183807704906293,1.7867352234743037,1.9199182940675736,1.803331832153113,-0.321964036982949,1.2521611217352626,1
13630.0,-1.7074462772723475,0.654643185938614,0.5625022416483515,0.6763524391075747,0.1571027565423948,0.0512170872666142,1
13631.0,0.1032463079562461,1.15560189306089,0.8599167493088598,-0.0405821588194871,-1.4880589811139169,-0.0017155430903031,1
13632.0,-0.7670473650770303,0.8001660338568091,0.9841140557906122,0.7841888651086907,1.114296432923324,0.6635393696929458,1
13634.0,-0.5950029105353472,1.5859404542672264,1.2217136683490897,0.9458642422901647,1.5084363488256922,0.1710149411533435,1
13635.0,-0.1411075792030422,0.0739460908215904,0.8430012754508526,0.875764390001973,0.9458378031172426,1.338209853427661,1
13636.0,-0.5236711079833221,0.2992073267345332,0.0144397663491357,0.1151175559381492,0.2466890975132978,-0.5234812672971056,1
13637.0,-0.3102985242592435,-0.2017513803877423,-0.0992005888466611,-0.1276059635480851,0.5105140700321456,-0.0459099870442401,0
13638.0,-1.0395356639262063,-1.058145946714099,-1.455004015141247,-1.0963383891618057,-1.2818823689972492,-1.11330969522498,0
13639.0,-0.0876328522714647,-0.5571872395918231,0.2661049877781136,0.457500029428565,0.1249263557760024,1.1918383550969671,1
13640.0,1.2586653317891858,-1.058145946714099,-0.5982338527019845,-0.9989607652635912,-1.7640984679528429,0.5026583414895744,0
13641.0,1.2893566040861313,0.2992073267345332,0.0637904105447956,0.520906089366719,-0.0181119525235737,-0.4307774379509732,0
13642.0,0.5937169648127165,0.0739460908215904,-0.4258601704667362,-0.4425378060430995,0.6428173386552047,-1.0484853197175033,0
13643.0,-0.6338830081757483,1.0480979277381186,0.6055007319308496,0.3917077284569989,0.4240770344914922,-0.3507963029672276,1
13644.0,-1.0395356639262063,0.0739460908215904,0.7468124064925952,0.936704955149197,0.9984076522496488,1.156980345915719,1
13645.0,0.2191145500704246,-1.058145946714099,-0.9387634745713664,-0.7506340680270399,-1.614523128595098,-0.139620076480455,0
13646.0,0.9875317290149478,-0.5571872395918231,-0.7536144580012709,-1.202407826598178,0.2607132519567318,-0.7283325492991183,0
13647.0,-1.3187161125298097,0.8001660338568091,0.8602123002898994,0.8468763660473281,0.6853342645162757,0.4303343739626977,1
13648.0,0.9875317290149478,0.8001660338568091,0.4607240120633323,0.4326520773339149,0.6600894093898906,-0.3208601227529568,1
13649.0,0.7047061347631505,0.4896629879592288,0.4250981317328198,0.3626694906733145,0.6770053294538549,0.0016001970622419,1
13650.0,-1.0028785328055103,1.0480979277381186,0.909236718851442,0.8257593207535624,0.8961017842882889,0.2201419883090551,1
13651.0,-0.5583457794146515,-0.2017513803877423,-1.0144957616302606,-1.3595320367867216,-0.862804573858747,-1.763730604051593,0
13652.0,-0.3873500989396135,0.2992073267345332,0.7320010072531555,0.7559174655160901,0.8223842757380923,0.8263248897336725,1
13653.0,1.11477132965806,-1.058145946714099,-1.3005303590326642,-1.2626334870875635,-1.1954453334565955,-0.8219544383201248,0
13654.0,-0.4296506057480915,1.15560189306089,1.3786265030179758,1.4854387490600722,1.48688632403703,0.9743659785703348,1
13655.0,0.1864977655259916,0.4896629879592288,0.6456826086144686,0.5928319269624064,0.7257558910386418,0.4165841525547846,1
13656.0,0.4218998096527606,0.0739460908215904,0.1066678570810141,0.3619077987076936,0.5307717179635321,-0.0481882375015239,1
13657.0,-1.2629135238814884,-0.5571872395918231,-0.6399941732022755,-0.567653913628976,-0.7601216003714991,-0.5146356208536165,0
13658.0,-1.3187161125298097,0.9303406571479472,1.345615572482444,0.968976983698318,1.1044120596547775,1.1844900086391936,1
13659.0,0.5634601652637944,1.2544959545938104,1.195896220041259,1.0719206230008775,1.3588610094679472,0.5123540101099366,1
13660.0,0.9875317290149478,-1.058145946714099,-0.7797579394956113,-0.8438005790920419,-0.0581390644641013,0.1602828305157143,0
13661.0,1.2502267205812954,-1.058145946714099,-0.7558418820435049,-0.9412289080697872,-0.7132292345010023,0.2053912926227532,0
13662.0,0.0075526370213185,1.15560189306089,0.6360165168325104,0.5676791003659736,0.8896672959534744,-0.4224110658087191,1
13663.0,0.4738273097812196,0.2992073267345332,0.5680568513404086,0.3851194836668946,0.5887058798168258,0.5176462557972965,1
13665.0,0.9647411258391284,-0.2017513803877423,0.4390238504251458,0.7893819514273717,0.6770053294538549,0.9674845062063312,1
13666.0,-0.2201397768252409,0.2992073267345332,-1.4249820918086191,-1.448851553929116,-0.6267921989603487,-3.202573105672966,0
13667.0,0.3568999011193944,-1.058145946714099,-0.8019474841792174,-0.7673921959311133,0.5407159979871611,0.1184307720174718,0
13668.0,-1.9674812683483252,2.5129551665095216,1.9046185801746585,1.651821983401497,1.8551355954006,0.3947009327172333,1
13669.0,-0.3225146116861712,-0.2017513803877423,-0.5832163778680294,-0.1537873679317828,-0.91940584661767,-0.9556241844913776,0
13670.0,-0.0791383545924629,-1.058145946714099,-0.703744545793683,-0.3714298651318708,-0.4115503779538524,0.3036529196826835,0
13671.0,0.9794848831855826,-1.058145946714099,-1.1231813814070062,-1.0050227523118491,0.3014022381220454,-0.4874536681589269,0
13672.0,0.8056939671904363,-0.2017513803877423,-0.5722279106272639,-0.8390516708165107,-0.91940584661767,-0.9349974180982078,0
13673.0,-0.9353081791524545,-0.5571872395918231,-0.6127193457361523,-0.935724935040335,0.0914362748936436,-0.4633235505821563,0
13674.0,1.0382497182035757,-1.058145946714099,-0.972033354675498,-1.0362001973790858,-0.862804573858747,-0.2023709345175003,0
13675.0,0.3653943987983962,-0.5571872395918231,-0.4659377583856678,-0.2683837537127082,-0.4115503779538524,-0.187104448333263,0
13676.0,1.1783950542480568,-0.5571872395918231,-0.9624959966280578,-1.0235513279573645,-0.91940584661767,-1.1209158179072614,0
13677.0,0.9954788591929878,-0.5571872395918231,-0.3701278294125244,-0.5400531812013325,0.6853342645162757,-0.0067419993241223,0
13678.0,0.3695998250074675,-1.058145946714099,-0.9965366105857968,0.4075398502584155,-0.7601216003714991,-0.2485869211173919,0
13679.0,1.1225924655997357,-0.2017513803877423,-0.8601871399220081,-1.0362001973790858,0.0384893202353487,-1.4749682128628887,0
13680.0,-2.4120140217391843,1.2544959545938104,1.807269666914329,1.5498438489965425,1.732974507912762,1.663731706836416,1
13681.0,-0.9682038613741812,0.0739460908215904,-0.0839739648419251,-0.2113201593606197,-0.1002197270566499,-0.4066209414995377,0
13682.0,0.5017154078421048,-1.058145946714099,-1.9700341047229104,-2.5074125686447046,-1.9471638881929467,-2.0847162628167903,0
13683.0,1.0741675694743047,-1.058145946714099,-0.920491165245112,-0.6653981508446892,-1.117253523671916,-0.1051563788370609,0
13684.0,0.7730217821651971,0.0739460908215904,-0.3192171923570384,-0.4908819143496147,0.5307717179635321,-0.8484260138759282,0
13685.0,-1.9674812683483252,0.654643185938614,0.8713266373220427,1.5248334052780796,-0.2941514393624997,0.6323008773067907,1
13686.0,0.4879229365026979,-0.2017513803877423,-0.5910988589729012,-0.1793166116278707,-0.3507527121214226,-0.9704196865096494,0
13687.0,1.045596020739638,-1.058145946714099,1.8347864710153583,3.3974069260293143,0.0565206627106016,5.091617257391184,1
13688.0,1.2833347269893116,-1.058145946714099,-0.6525918785127263,-0.8780391383485852,-1.614523128595098,0.4001327913478926,0
13689.0,-0.1893502547848894,-0.5571872395918231,0.2181337644825166,0.2454875955128269,-1.4880589811139169,1.1014284463747974,0
13690.0,-0.2307404346856175,-1.058145946714099,-1.211903611610608,-1.3092999294811465,-1.1954453334565955,-0.654794099047491,0
13691.0,0.9811023498659778,-1.058145946714099,-1.060426419118723,-0.8067360727591756,0.2031181655606824,-0.369090520550735,0
13692.0,-0.7670473650770303,0.2992073267345332,0.8701618254265757,0.9474306182122147,0.5505411819726732,1.086543955910355,1
13693.0,0.9445402369244064,0.9303406571479472,0.5553917234898043,0.3754850891987499,0.5001945244425666,-0.3023757929888438,1
13694.0,-1.8243736859341724,4.225744299162235,3.8564601889161287,3.907140046857146,2.493428067043792,2.160597338398566,1
13695.0,-0.6338830081757483,1.5859404542672264,0.7859346594125713,0.8424866660679212,0.0914362748936436,-0.647591043798519,1
13696.0,1.0217853899940603,-0.2017513803877423,0.55845685063423,0.0691846950278294,-0.4437267787202448,1.1925068632452864,0
13697.0,-0.4907754257615954,-1.058145946714099,-1.304776092047578,-0.6763909572414488,-0.9802035124500996,-0.8299623839107965,0
13698.0,1.2438240863831336,-0.5571872395918231,-0.498093621628409,-0.5021252811070448,-0.2412044847042052,-0.247627263447123,0
13699.0,0.3820531327806657,-0.5571872395918231,-0.1415804695451169,-0.5370567252723396,-0.1914684658752519,0.4236629310005046,0
13700.0,-0.7428435417295326,1.3460575542855853,0.7438418595461203,1.1383638568501628,1.0994248524597794,-0.445887181280708,1
13701.0,1.058610958462758,-1.058145946714099,-1.2602837338414845,-1.1942372750823944,-1.1954453334565955,-0.7460446287284683,0
13702.0,1.0571778289304523,-1.058145946714099,-1.385392249677314,-1.244856163309911,-1.614523128595098,-0.9820138204378364,0
13703.0,0.8408155551547154,-0.5571872395918231,-0.5626366390694374,-0.8881581216111365,-0.1220981718085144,-0.369090520550735,0
13704.0,-1.7074462772723475,0.9303406571479472,0.6543318961055581,0.7393834871623045,0.7865535568710715,-0.1164535978305787,1
13705.0,-1.4474112861963695,0.654643185938614,0.5637595713142974,0.4653613294547838,0.217900422374825,0.0535815840327106,1
13706.0,0.8099271521892553,-0.5571872395918231,-0.2791514657247201,-0.3286910797782772,-0.0789096183560038,0.1645611645021263,0
13707.0,0.7290940618003953,0.2992073267345332,0.9260964312426132,0.98068211425661,0.9870131210634252,1.191912948684945,1
13708.0,0.7385953496372302,-1.058145946714099,-0.8213744872378729,-0.3178908216871508,0.1249263557760024,0.0817891878818097,0
13709.0,-1.8243736859341724,1.7233615276208618,1.512092360338412,1.391806771293233,1.586628158610372,0.5576493593357053,1
13710.0,-0.6141483680629726,-0.2017513803877423,-0.4331627828940319,-0.2565680897491287,-0.91940584661767,-0.6738329465582017,0
13711.0,0.6025224834477799,0.9303406571479472,0.4721621102666364,0.3282914507803025,0.5207054191909427,-0.4586979043521911,1
13712.0,0.6793540117376464,-0.5571872395918231,-0.1394458229528427,0.5386195730124327,-0.2159596295778201,0.42768387507443,0
13713.0,1.0002002930243403,-0.2017513803877423,-0.1615275379696682,-0.3621985425239267,0.4126028186801636,-0.1631640058470798,0
13714.0,1.0838742983222271,-1.058145946714099,-1.2587285761226503,-1.4985144522516916,-0.2672508963742018,-0.7431114206455319,0
13715.0,0.7617503989180828,1.6565606001831652,1.592094323009681,1.5087713671797611,1.5323911326091049,0.785748660766057,1
13716.0,0.7338623008571977,-1.058145946714099,-1.3691725945462818,-0.8390516708165107,-0.5486003891756687,-0.9514216670140304,0
13717.0,-0.6141483680629726,0.8001660338568091,0.4604300024067012,0.9607496513357084,0.7791957222855813,-0.3214124680865327,1
13718.0,0.6767627952879732,-0.5571872395918231,-0.7983537301942152,-0.6913398038775899,-1.1954453334565955,-0.8124508199998208,0
13719.0,-1.0784157615666077,1.15560189306089,0.7974169790255241,0.7679480167741871,1.2414620708765944,-0.1191977903234833,1
13720.0,0.2030134902092342,0.0739460908215904,-0.108675157825781,0.0055450101533554,0.0011923041824166,-0.4530393334472054,0
13721.0,-0.540774126845729,-0.5571872395918231,-0.1631947706626689,0.0198015886647239,-0.0181119525235737,0.3829498639858695,0
13722.0,0.2797573518734662,1.0480979277381186,1.2973941463462642,1.194421697006904,0.9578145568046976,0.950706427154654,1
13723.0,0.5966655916107547,0.4896629879592288,0.1887891700683106,0.1549263922572553,0.1571027565423948,-0.4425415266961874,0
13724.0,1.2853483085455746,-1.058145946714099,-1.059651569579381,-0.8780391383485852,-0.0581390644641013,-0.3676290643239271,0
13725.0,-0.3349679194593694,0.8001660338568091,0.5441127755701882,0.3177806281973799,0.6600894093898906,-0.1641660599740577,1
13726.0,-0.4907754257615954,-0.5571872395918231,0.1072081743996141,0.4940316719928908,-0.0581390644641013,0.8923891832438434,1
13727.0,-0.6752731880764764,0.8001660338568091,0.1074681827582865,-0.1933485238451358,0.457567115373851,-0.9837490113021582,1
13728.0,-0.5236711079833221,1.5859404542672264,0.8075595826293566,0.6160232086724894,0.4684334074395972,-0.6070202255420091,1
13729.0,1.042667590085983,-0.2017513803877423,-0.1796954146451035,-0.1117564993005878,-0.1220981718085144,-0.1973377311814902,0
13730.0,0.298760970365054,-0.5571872395918231,-0.1525408138108488,-0.0117120286249113,-0.0789096183560038,0.4030176369821994,0
13731.0,0.6025224834477799,-0.5571872395918231,-0.3030003768062732,-0.3807925988742401,-0.1220981718085144,0.119651577263647,0
13732.0,-0.6970151074455184,-1.058145946714099,-0.4585310171663749,0.0016026151001768,-0.1914684658752519,0.7661541152233374,0
13733.0,1.0048872215498614,-0.5571872395918231,-0.4656276193982582,-0.2585226853594002,-0.321964036982949,-0.1865206865986068,0
13734.0,1.1417379231273606,0.0739460908215904,1.4222398946022696,-0.3243496716804167,-0.4437267787202448,2.429970980945174,1
13735.0,-0.7670473650770303,1.3460575542855853,1.6970243144377353,1.3962497764361157,1.7512570039357047,1.3473625357419194,1
13736.0,-1.7074462772723475,0.654643185938614,0.7847585925855816,0.7483380110253343,1.6630602767751297,0.4693563966922665,1
13737.0,0.5445962994855142,-1.058145946714099,-0.7248019992964118,-0.9036346224583336,-0.2941514393624997,0.2639361166393409,0
13738.0,0.9811023498659778,-1.058145946714099,-0.5371287499196221,-0.4770927103734043,0.5979759564957379,0.6179096624451582,0
13739.0,-0.9682038613741812,-0.5571872395918231,-0.8327856209314033,-1.2275467185765694,-1.4880589811139169,-0.8771777959532947,0
13740.0,0.6636473034612838,0.2992073267345332,0.389437577026349,0.4535338609952382,0.5505411819726732,0.1814944444968989,1
13741.0,-0.10496702096475,-0.2017513803877423,-0.2378843503517775,-0.5400531812013325,-0.1676872918813187,-0.3067747198825236,0
13742.0,-1.0028785328055103,1.2544959545938104,0.8739958197897473,0.5362851572919094,1.2663243691962696,-0.0930727403801635,1
13743.0,-1.9674812683483252,0.654643185938614,0.2636028791802317,0.8369580181706596,-1.2818823689972492,-0.5104872282218972,1
13744.0,0.0706847362910886,-0.5571872395918231,0.1566189472652945,0.6055829745634238,0.2031181655606824,0.9855003660019244,1
13745.0,0.4102035851912229,-0.5571872395918231,-0.1292458970006431,0.5490231088078554,0.0741642041589574,0.4468972601247905,0
13746.0,1.0095401454577722,-1.058145946714099,-1.1936691308251457,-1.1703175140161766,-1.1954453334565955,-0.6204017504256607,0
13747.0,0.9445402369244064,-0.5571872395918231,-0.9464918565975324,-1.29969799342043,-1.7640984679528429,-1.0908515591326946,0
13748.0,0.0773306527470905,0.9303406571479472,0.6418317172883496,0.5268637473001856,-0.0378814165327151,-0.1399482768284864,1
13750.0,-0.2865430233339383,1.15560189306089,0.9749787541393312,0.6663543170053218,0.1571027565423948,0.2146536714427543,1
13751.0,0.777475447277631,-1.058145946714099,-0.8229001164579275,-0.7759341463654605,-1.1954453334565955,0.0789116739771856,0
13752.0,0.2399724924575698,0.654643185938614,0.3862575211963878,0.4640576205268311,0.4684334074395972,-0.2800930758603502,1
13753.0,0.777475447277631,0.0739460908215904,0.5844236067168829,0.7036553639726696,0.3401681767824983,0.8510882831138701,1
13754.0,0.3695998250074675,-0.2017513803877423,-0.5272181909431338,-0.2988863263835296,-0.7601216003714991,-0.8504930976218881,0
13755.0,-1.8243736859341724,0.9303406571479472,0.6070286144425638,0.613428645391542,1.3875239442341725,-0.2053547389852735,1
13756.0,-2.1519790306632065,2.0119964593872464,1.651118650755942,1.5730925072773505,0.9870131210634252,0.4869212287228479,1
13757.0,1.322452044975983,-1.058145946714099,-1.1209782923301217,-1.448851553929116,-1.2818823689972492,-0.4832983862801269,0
13758.0,-1.2115801184678894,1.5110377522649707,1.6673274265641325,1.5263922942688857,1.3177393102307873,1.0972172507075304,1
13759.0,-0.5950029105353472,-0.5571872395918231,-0.2476597368044407,-0.3599108152129162,-0.4437267787202448,0.2238664310670395,0
13760.0,-0.2865430233339383,0.2992073267345332,0.2753360273906753,0.1486323639510579,0.6600894093898906,-0.0331325042301977,1
13761.0,-0.3349679194593694,0.4896629879592288,0.5337140977646171,0.5094356767321276,0.8362895757000253,0.2058980639077383,1
13762.0,0.6025224834477799,0.2992073267345332,0.7038982932346968,1.089549468076269,-0.4772168596026035,0.7734038412585006,1
13763.0,-0.1893502547848894,-0.2017513803877423,1.2418732856640644,1.2289639078200407,0.1411722937225966,2.480686359234888,1
13764.0,-0.1138130260237924,0.4896629879592288,0.8318915851407925,0.946804515415001,1.583861231680227,0.767118940958208,1
13765.0,1.3012333360775918,-1.058145946714099,-0.6973601059920985,-0.3374608222193361,-0.7132292345010023,0.3156947146750715,0
13766.0,1.1238867651285056,-1.058145946714099,-1.140299297248564,-0.8438005790920419,-0.7601216003714991,-0.5197400456120959,0
13767.0,-2.1519790306632065,3.4032016091410844,2.62433368348213,2.250225690388988,0.8293663864529791,0.7522860402940285,1
13768.0,1.369979354952335,-0.5571872395918231,-0.0432909206381833,-0.1880514138269199,-0.2672508963742018,0.6088222241613596,0
13769.0,-2.1519790306632065,1.847016261407861,1.3181871336833206,1.080921832052092,0.8567153541898691,0.0501280358776697,1
13770.0,1.0217853899940603,0.0739460908215904,-0.12186826429544,-0.0391782715441003,0.1083521949576072,-0.4778293512169286,0
13771.0,-0.1794070292720186,0.9303406571479472,1.309238376539376,1.2116055145908229,1.189356113787718,1.1159716830063753,1
13772.0,-0.5764124726865254,0.8001660338568091,0.870120190158046,0.7063694844904232,1.820566213675165,0.4489796191928084,1
13773.0,0.982715747443508,-0.5571872395918231,-0.8101888786933937,-0.6875706191280061,-0.6267921989603487,-0.8347003429054851,0
13774.0,-0.0226329437380984,-1.058145946714099,-0.7134670640063235,-0.6231769669374269,-0.5121324717856456,0.2853151211028735,0
13775.0,1.2373568867177072,-1.058145946714099,0.0869210072052143,-0.0576667801225735,0.3274486497920416,1.7949399852123875,0
13776.0,1.0308182885991817,-0.5571872395918231,-0.2873941118616643,-3.361978192741088,-2.515817022689194,0.1490392708576576,0
13777.0,-2.4120140217391843,3.184600854015305,2.958094024459692,2.6202671913142765,0.0384893202353487,1.624568138201227,1
13778.0,0.1220181417046876,0.0739460908215904,0.136497786367287,0.0185182303281739,-0.1914684658752519,0.0079217734490061,0
13779.0,1.1504805636606206,-1.058145946714099,-1.2597057119643915,-1.4609201666402376,-0.3507527121214226,-0.7449544123333911,0
13780.0,-1.5229485149574664,-0.2017513803877423,-0.1687671984720943,-0.0211952960450161,0.6162076636214244,-0.1767820670614295,1
13781.0,0.6896154338329958,-0.2017513803877423,-0.1278862781403924,-0.3308725774292323,0.2324210325411989,-0.0998788357759783,0
13782.0,-1.1640528084915374,1.3460575542855853,0.4727485494709597,0.1754818445108397,1.211470473151452,-0.954367330067262,1
13783.0,1.11477132965806,0.0739460908215904,0.3638942184879751,1.271029737432418,-1.7640984679528429,0.4358397007504527,0
13784.0,-1.3187161125298097,1.4312993642702228,0.8213186646021764,1.1425635791357187,-0.91940584661767,-0.4006470337056695,1
13785.0,1.0323114794921844,0.0739460908215904,-0.388066987236085,-0.7802470860088049,-0.3805884749031534,-0.977604680604699,0
13786.0,0.932455689893557,0.4896629879592288,0.9246138521828484,0.7893819514273717,0.5207054191909427,0.9417266110482287,1
13787.0,-0.070754899282162,0.4896629879592288,0.1966652307223608,0.4581587384859318,0.4240770344914922,-0.4277471523767658,1
13788.0,1.1366880923212137,-1.058145946714099,-3.8035824913276346,-3.628661084298931,-2.515817022689194,-5.543001479107597,0
13789.0,0.9680469331528012,-1.058145946714099,-0.9756801192193192,-0.4297163291046267,-0.6688728615528973,-0.2092491560039502,0
13790.0,-1.8243736859341724,-1.058145946714099,-0.7055961780526018,0.2687247193212898,0.0565206627106016,0.3001605261828404,0
13791.0,0.2601733813722913,-0.5571872395918231,0.3516065203891052,0.57928136653745,-1.3785107536966998,1.3529913856966926,0
13792.0,-0.1599714449813229,-0.2017513803877423,-0.6365980190289238,-0.7589597607014165,-0.4772168596026035,-1.055806477624077,0
13793.0,1.2953224629098814,-1.058145946714099,-1.6298654125339962,-1.473214373913271,-1.3785107536966998,-1.4431186001446308,0
13794.0,1.187826477146772,-1.058145946714099,-1.4355125742499035,-1.3491740126569909,-1.1954453334565955,-1.0765465738526776,0
13795.0,0.9680469331528012,0.0739460908215904,-0.0766474337508767,0.606108940955952,-0.4772168596026035,-0.3928518385050095,0
13796.0,1.1290379992392874,-1.058145946714099,-0.8389561771986145,-0.5400531812013325,-0.5121324717856456,0.0486280785743907,0
13797.0,1.0441334768929462,-0.2017513803877423,0.1708536687112619,0.0936988718044614,0.4240770344914922,0.4623989452863613,0
13798.0,-2.4120140217391843,3.904160316263359,3.1704682833579128,3.0097380258783284,1.124063132285242,1.224292216785755,1
13799.0,0.2030134902092342,0.9303406571479472,0.7944222059514529,0.7428091247957953,0.3401681767824983,0.1469436626175798,1
13800.0,0.8245270555146574,-0.2017513803877423,0.4253897622061248,0.383646423837706,0.4465549626877331,0.9417993123406726,1
13801.0,-0.150470157144488,-1.058145946714099,-0.7568144022492292,-0.7105166998701326,-0.4772168596026035,0.2035570065605082,0
13802.0,0.3126530340951926,1.7867352234743037,2.406245577672017,2.2006592801150227,1.3138967127742598,2.1685338567028225,1
13803.0,0.6997152519968288,-0.2017513803877423,0.2621576683562707,0.3378468867216029,0.4465549626877331,0.6343352872004733,1
13804.0,-0.6338830081757483,0.9303406571479472,0.8916094436784174,0.8577241260479385,1.0262202498700983,0.3297622329352637,1
13805.0,-0.3102985242592435,-0.5571872395918231,-0.0044009463183577,0.8813236069440135,-1.117253523671916,0.6820918985133457,0
13806.0,-0.1794070292720186,-1.058145946714099,-0.9266799023059376,-1.4253590231077382,-1.117253523671916,-0.1168290557303041,0
13807.0,0.932455689893557,-0.2017513803877423,-0.3983356919520804,-0.7759341463654605,-0.4437267787202448,-0.60839526839111,0
13808.0,-1.608585561882396,0.2992073267345332,0.4540136746105288,0.297923393566484,0.4126028186801636,0.3030016870927516,1
13809.0,0.8141325783983266,-0.2017513803877423,-0.2258539925124745,-0.3737580832755742,-0.4772168596026035,-0.2841510973310985,0
13810.0,-0.6752731880764764,-0.2017513803877423,0.3434905332572454,-0.305160341577133,-0.2159596295778201,0.7875222963694707,1
13811.0,0.4913989623501418,-0.2017513803877423,-0.0956574069932906,-1.29969799342043,-1.3785107536966998,-0.0392435241915675,0
13812.0,-0.4443943630945455,-0.2017513803877423,-0.3927091691068891,-0.2624493891945898,-0.1914684658752519,-0.597822305209068,0
13813.0,-0.4749394310824503,0.8001660338568091,0.7845658676937182,0.6278281151785982,0.5602500888610992,0.2879983087348455,1
13814.0,0.0503234960319062,-0.2017513803877423,0.6383207908066182,0.5869040455194251,0.2324210325411989,1.342998586609929,1
13815.0,-0.8456753236698794,0.8001660338568091,1.5009974044117118,1.5658006261727826,1.2784785627150907,1.6371086185027406,1
13816.0,-0.7922005967383016,-0.5571872395918231,-0.3503811703195256,-0.4023591519246488,-0.4115503779538524,0.0304366738742878,0
13817.0,-0.6752731880764764,-0.5571872395918231,-0.6384160667930847,-0.5614195452564948,-0.586765087019821,-0.5116668688751353,0
13818.0,1.033801201878248,-1.058145946714099,-1.9491390779538007,-1.3807506813715704,-1.614523128595098,-2.045305815458255,0
13819.0,0.8078140524230828,0.4896629879592288,0.7517608014003977,1.0094920163536385,0.0914362748936436,0.6162530496745835,1
13820.0,1.0156919930971386,-0.2017513803877423,-0.2463080042394387,-0.3599108152129162,0.3891614223084505,-0.322615106797639,0
13821.0,0.3395657324261091,0.4896629879592288,0.2997823268562852,-0.0184718100053139,1.074023657541187,-0.2339940811740285,1
13822.0,-1.608585561882396,-0.5571872395918231,-0.2782059921415466,0.1358606822913158,0.6162076636214244,0.1663416229163082,1
13823.0,-0.9353081791524545,0.654643185938614,0.9340970618599524,0.7534006731384558,0.7642790739473241,0.7504755773568663,1
13824.0,-0.5950029105353472,1.2544959545938104,0.9150758949647828,0.7000190260920628,0.2745016951337471,-0.0158545603320613,1
13825.0,1.270090050410331,-0.5571872395918231,-0.9288950862381176,-0.6581703754853391,-0.0789096183560038,-1.0577924327056925,0
13826.0,0.4630484812852117,-1.058145946714099,-1.1435073904560349,-1.178194505634738,-1.117253523671916,-0.5257908820083054,0
13827.0,-0.2415192631816249,-0.2017513803877423,-0.5858284873895236,-0.8250072737432935,0.5505411819726732,-0.9605272287307944,0
13828.0,-0.8456753236698794,-1.058145946714099,-1.0716023165883894,-0.3072650503773302,-0.8098576192004525,-0.3901695612133591,0
13829.0,1.0202674598207486,-1.058145946714099,-1.586616845392446,-2.397537599248726,-2.515817022689194,-1.361546779371282,0
13830.0,1.2275321383409905,-1.058145946714099,-1.2789839335101305,-1.5383885354275355,-1.0458699940988507,-0.7813153772553277,0
13831.0,-1.0395356639262063,1.7233615276208618,1.4560457647557965,1.0765651997352166,0.8567153541898691,0.4521845294527155,1
13832.0,-0.9353081791524545,-0.5571872395918231,-0.2993570921614434,-0.1070751917177317,0.2031181655606824,0.1265120461347285,0
13833.0,0.3982900810201226,-0.5571872395918231,-0.2032818351002296,-0.4662657837754595,0.0200527453205781,0.3074455698313695,0
13834.0,1.22200820066849,-0.5571872395918231,-0.7581648437453701,-0.5311044589581426,-0.8098576192004525,-0.7368888764452151,0
13835.0,-0.7670473650770303,0.654643185938614,0.1175425921236013,0.0299792917682934,0.2880622196936218,-0.7846158636527061,1
13836.0,0.9859304168251346,-0.5571872395918231,-0.2915684586721062,-0.3926866108572838,-0.2941514393624997,0.1411785819452791,0
13837.0,0.5817849890277144,-0.5571872395918231,-0.8862326926583973,-0.6545860563214968,-0.7132292345010023,-0.977629550864436,0
13838.0,-1.608585561882396,1.0480979277381186,0.5388314618730551,0.3079269466885488,1.670575380230482,-0.4759951707077259,1
13839.0,1.1121429440166524,-1.058145946714099,-1.36058390083491,-1.9416401849203375,-1.3785107536966998,-0.9352223931326972,0
13840.0,1.01262344562185,-1.058145946714099,-0.2564531232330306,-0.2149741739744117,-0.0378814165327151,1.147296493703433,0
13841.0,0.6946852246521797,-1.058145946714099,-1.7165986583868813,-1.0490970995891926,-2.515817022689194,-1.6067075755353364,0
13842.0,-0.2307404346856175,1.7233615276208618,1.296690649386634,1.1545476138310609,1.3215639934150147,0.1524341481363063,1
13843.0,0.9564012788108172,-1.058145946714099,-0.7680712870989569,-0.8067360727591756,-0.6688728615528973,0.1823252142927357,0
13844.0,-1.2629135238814884,-1.058145946714099,-0.6796592261848551,-0.609684782260171,-0.586765087019821,0.3490806298764069,0
13845.0,-0.1696156146721137,-1.058145946714099,-0.7834434947565135,-0.6581703754853391,-1.1954453334565955,0.1533314452314663,0
13846.0,-0.7670473650770303,0.0739460908215904,0.2452241605878168,0.2298377935806916,0.5307717179635321,0.2124862210633294,1
13847.0,1.3637829280157905,-1.058145946714099,-0.7886490169503138,-1.0756752990814846,-0.6267921989603487,0.143513225773823,0
13848.0,0.0503234960319062,0.8001660338568091,0.9194611555640756,1.986364299448934,-1.9471638881929467,0.5418407324733464,1
13849.0,-0.3102985242592435,0.2992073267345332,0.9479019306018313,0.8754153738415913,1.2201519621759485,1.232992579455217,1
13850.0,0.2651257241188405,-1.058145946714099,0.3884046947082604,0.4216092838150984,0.6428173386552047,2.36357323594175,1
13851.0,0.0773306527470905,0.8001660338568091,1.1521437447326877,1.0682853618148216,0.7865535568710715,0.9799215472071452,1
13852.0,1.2586653317891858,-1.058145946714099,-1.1516863104579458,-1.1548410131689797,-1.0458699940988507,-0.5412172750800537,0
13853.0,-0.2524823540546596,-1.058145946714099,0.1141626590741275,-0.305160341577133,-0.4772168596026035,1.8463209046437288,0
13854.0,-1.3798409325433134,2.6431297898006605,1.8570669008038916,1.3212871645824251,0.3014022381220454,0.1586199046628684,1
13855.0,1.131598183073706,0.0739460908215904,0.2466267727727363,0.095986599115472,0.3401681767824983,0.215125666316741,0
13856.0,0.4371701786605239,1.15560189306089,0.1476411360939981,0.5250821093562177,-0.1914684658752519,-1.3377291408099623,1
13857.0,0.9762376600515654,0.4896629879592288,0.0527572853304867,0.297923393566484,0.6935794902722501,-0.697952057577762,1
13858.0,-0.2524823540546596,-1.058145946714099,-1.0490893211136711,-1.2361445003371931,-1.0458699940988507,-0.3477074369555906,0
13859.0,0.8567005826867328,-0.5571872395918231,-0.4242690559120746,-0.7144200996877884,-0.1676872918813187,-0.1086686635940817,0
13860.0,-2.4120140217391843,0.2992073267345332,0.2103167723405536,0.1140074781407906,0.2607132519567318,-0.1553913445965768,1
13861.0,1.0323114794921844,-0.5571872395918231,-0.8809056851293,-0.5193591300769778,-0.5486003891756687,-0.9676188320379848,0
13862.0,-0.9682038613741812,0.9303406571479472,0.7278535676779381,0.8905995326117603,0.8010741670374462,0.021761572119704,1
13863.0,0.6819348007287381,0.0739460908215904,0.2066376821150717,0.0703729897301092,0.2745016951337471,0.1398786082553668,0
13864.0,0.9663961595288088,-1.058145946714099,-0.2444046213346497,-0.6231769669374269,-2.515817022689194,1.1700213676680518,0
13865.0,-0.2415192631816249,0.0739460908215904,-0.4444867446276287,-0.5835033778764733,-0.3805884749031534,-1.0834113846674165,0
13866.0,-0.0876328522714647,-1.058145946714099,-1.3319187427136268,-1.4139201097638212,-1.3785107536966998,-0.8811565755749504,0
13867.0,-0.6338830081757483,-0.2017513803877423,0.0629542253298398,0.0210824477624261,0.1571027565423948,0.2592593383665943,1
13868.0,-1.5229485149574664,-0.5571872395918231,0.8880126938227266,0.903102182253235,-0.2159596295778201,2.3642456158771594,1
13869.0,0.2348212583467873,1.0480979277381186,1.5598106632871125,1.42714162170848,2.0188588295763243,1.444992954167583,1
13870.0,-2.1519790306632065,1.5110377522649707,1.3071300407043185,1.2733214503391352,1.0791672045283929,0.4191507637941216,1
13871.0,-0.8183807704906293,1.6565606001831652,1.539477041188061,1.2833487435752506,1.193826931703096,0.6867001340094606,1
13872.0,1.1639826455004636,-0.2017513803877423,-0.0083275538913017,-0.2507389147655574,0.1571027565423948,0.1250911592133223,0
13873.0,0.2191145500704246,0.8001660338568091,0.0795170919298439,-0.0335924975147533,0.217900422374825,-1.0361222259215288,0
13874.0,0.9165761254464796,0.654643185938614,0.56863351436761,0.3634303015606991,0.0741642041589574,0.062747490714464,1
13875.0,-0.2865430233339383,1.4312993642702228,1.183947957087433,1.1972100175711455,1.0791672045283929,0.2809225882627311,1
13876.0,-0.1794070292720186,-1.058145946714099,-1.4546544106267802,-1.709582179172762,-1.3785107536966998,-1.1126503005055597,0
13877.0,0.0075526370213185,-0.2017513803877423,-0.523000760982471,-0.0253017876707187,-0.4772168596026035,-0.8425737817759175,0
13878.0,-0.2749873017098188,0.0739460908215904,0.7040672434739359,0.4319673079448295,0.6428173386552047,1.0764528102424171,1
13879.0,1.2943319990854762,-1.058145946714099,-0.6152954223041192,-0.5835033778764733,-0.4115503779538524,0.4704782395883428,0
13880.0,-0.8741833591389503,1.6565606001831652,1.117741357065807,1.0847420999393502,1.0207326504320022,-0.1065552711775972,1
13881.0,-1.8243736859341724,2.760887060390832,2.797243508342471,2.690594696392134,1.189356113787718,1.7962545984862983,1
13882.0,-1.9674812683483252,0.2992073267345332,0.1779485578812203,0.4278436521875796,0.2031181655606824,-0.2162419001240176,1
13883.0,-1.2629135238814884,1.5110377522649707,1.4068513395101023,1.29856757068591,1.2663243691962696,0.6068072624792183,1
13884.0,-1.5229485149574664,1.0480979277381186,0.5098249683728666,0.3104042412887854,0.7642790739473241,-0.5304505550747979,1
13885.0,0.5085019812125491,-0.5571872395918231,-0.4370122959154671,-0.6581703754853391,-0.321964036982949,-0.1326570697002582,0
13886.0,-0.1138130260237924,-1.058145946714099,-0.9634971068842216,-0.8984352203714877,-0.7601216003714991,-0.186270579732846,0
13887.0,0.5572336581134208,-1.058145946714099,-0.7040528209460208,-0.7977873505159858,-0.6267921989603487,0.3030714769404747,0
13888.0,0.2191145500704246,0.654643185938614,0.6095900460536058,0.3924356985797981,0.8766449105123539,0.1397771174154449,1
13889.0,0.0571826544512456,0.4896629879592288,0.5479825057117239,0.4455290448813163,0.2466890975132978,0.2327418957702836,1
13890.0,-2.4120140217391843,1.4312993642702228,0.8255512103313949,0.6768247701431739,0.7017426726202728,-0.3926993469704228,1
13891.0,0.9513448121530388,-0.2017513803877423,-0.0535608699980387,-0.0239301063835586,0.6770053294538549,0.0399667376354276,0
13892.0,-0.7195200551006783,0.4896629879592288,0.2227778975410331,1.208457011982913,-0.1914684658752519,-0.3786925095125069,1
13893.0,0.799291332992275,-1.058145946714099,-0.0898489793053597,-0.630028288668433,-0.5486003891756687,1.4615312595416905,0
13894.0,-0.7922005967383016,-0.2017513803877423,-0.3593072730178584,-0.2223436733560928,-0.4115503779538524,-0.5350496348416638,0
13895.0,-0.6970151074455184,0.4896629879592288,1.0519775518972796,0.9344748505318452,1.0531207928583963,1.1816221185097198,1
13896.0,1.2741945456928905,-1.058145946714099,-0.6280382578875646,-0.7889587489815226,-0.5486003891756687,0.4464437716496712,0
13897.0,-0.3349679194593694,-0.2017513803877423,0.1593284612698218,0.3290930607988527,0.2607132519567318,0.4406981280702853,1
13898.0,0.8567005826867328,-0.5571872395918231,-0.21879601026872,0.0596002494519977,0.0200527453205781,0.2782260864842757,0
13899.0,-1.0395356639262063,-0.5571872395918231,-0.6280937542992829,-0.7589597607014165,-0.6267921989603487,-0.4922480007219211,0
13900.0,0.4879229365026979,0.4896629879592288,0.3951927280909555,0.4174199643090983,0.5207054191909427,-0.0546339704388739,1
13901.0,-0.10496702096475,1.5110377522649707,1.3026079802408947,1.2529929157827495,1.5411968671369618,0.4106425476273028,1
13902.0,1.2803024508967262,0.2992073267345332,2.594418855895038,4.008112886109351,0.2607132519567318,4.337108498659846,1
13903.0,0.9875317290149478,-1.058145946714099,-1.240756647356022,-1.0298453562635617,-1.117253523671916,-0.7092142756255668,0
13904.0,-0.5236711079833221,-0.5571872395918231,-0.7396795103631021,-0.2644215674002995,-0.4437267787202448,-0.7021289224989181,0
13905.0,1.3752433396257897,-1.058145946714099,-0.7842012525562411,-0.853402515152758,-0.9802035124500996,0.1519022260107075,0
13906.0,1.00176641150428,-1.058145946714099,-2.2160757739085937,-1.0490970995891926,-2.515817022689194,-2.548779427635683,0
13907.0,1.3383805896515115,-1.058145946714099,-1.3768706457653603,-1.29969799342043,-1.7640984679528429,-0.9659410857104118,0
13908.0,-0.0382757972626953,0.0739460908215904,0.673270151070948,0.7162265222834185,0.7336066022127771,1.018437789886125,1
13909.0,1.0232997359133336,-0.5571872395918231,-0.8466817873859548,-0.3265167937029618,-0.144576100004755,-0.9032976299721454,0
13911.0,-0.2524823540546596,1.847016261407861,1.0915709274595795,1.4463237207160875,1.1712251425483466,-0.3756578428445988,1
13912.0,1.024810514465536,-1.058145946714099,-1.44166519768381,-1.8475197636971112,-1.3785107536966998,-1.088151136251101,0
13913.0,1.139217978043039,-1.058145946714099,-2.212398417408409,-2.5074125686447046,-1.9471638881929467,-2.5418435061664004,0
13914.0,-1.2115801184678894,-0.5571872395918231,-0.284551849369009,-0.1758549144852563,-0.321964036982949,0.1543915609651295,0
13915.0,0.9778633268252848,-1.058145946714099,-1.8466389318238423,-1.967436469196142,-2.183176263091345,-1.8519786348839364,0
13916.0,1.0824965852277768,0.0739460908215904,0.2273979350260781,0.1993293245792594,0.435392980203531,0.1789417386073576,0
13917.0,-0.3349679194593694,-0.5571872395918231,-0.8841182745990542,-0.5106857612406167,-0.7601216003714991,-0.9736560868760178,0
13918.0,-0.3349679194593694,-0.5571872395918231,0.190953293651382,0.5455735155569927,-0.2672508963742018,1.0502043355634605,1
13919.0,-0.2307404346856175,0.0739460908215904,0.2737713126216184,0.5415259893141285,0.3526935049184267,0.2662087304015773,1
13920.0,1.0367703053241684,0.0739460908215904,0.4650630107186601,0.835475829512291,0.5307717179635321,0.6263103103186335,1
13921.0,0.9907224082272228,0.0739460908215904,-0.1737919198463508,-0.5645293427226981,-0.1220981718085144,-0.5753775151515714,0
13922.0,0.9057670179108388,-0.2017513803877423,-0.0521952582065035,-0.0405821588194871,-0.2672508963742018,0.042536501040509,0
13923.0,-0.2865430233339383,-1.058145946714099,-0.7008122587902919,-0.6474754904320826,-0.586765087019821,0.3091835535442348,0
13924.0,-2.1519790306632065,0.4896629879592288,0.4906444990187988,0.7580074607249936,0.6162076636214244,0.1248775296405193,1
13925.0,0.0571826544512456,0.0739460908215904,-0.2273906085269733,-0.2663996769779623,-0.321964036982949,-0.6760424004787755,0
13926.0,-0.8183807704906293,-1.058145946714099,-1.0240465065788518,-1.0235513279573645,-1.0458699940988507,-0.3004737801223236,0
13927.0,-0.0791383545924629,-0.5571872395918231,-0.1962372588167009,-0.0462278667786565,-0.1002197270566499,0.3207136602134288,0
13928.0,-1.2629135238814884,0.0739460908215904,-0.4995779466491095,-0.8830791702047491,-0.4772168596026035,-1.186679164973146,0
13929.0,0.4371701786605239,1.15560189306089,0.953033232701875,0.7542406744516176,-0.0789096183560038,0.173378184233577,1
13930.0,-0.2415192631816249,-0.5571872395918231,-0.7295993202707513,-0.3902905392135271,-0.8098576192004525,-0.683172933362621,0
13931.0,0.0773306527470905,1.15560189306089,1.2473674394509346,1.280714846135641,1.2864824609043526,0.7272258097022495,1
13932.0,0.7928241333268481,-1.058145946714099,-0.7963649175543306,-1.2626334870875635,-0.7601216003714991,0.1289601410643148,0
13933.0,0.1579897300569208,-0.5571872395918231,-0.3051243163217785,-0.5803027830506975,-0.4772168596026035,0.1156521297234016,0
13934.0,0.7218745649366273,-1.058145946714099,-0.0063498660913216,-0.1588145588172647,-0.2412044847042052,1.6190202851442377,0
13935.0,1.2438240863831336,-0.2017513803877423,1.356464648988347,0.9930589487503656,0.3771846686209953,2.696742423400854,1
13936.0,0.4773803670621637,-0.2017513803877423,0.0072291250774392,0.1875136606156799,0.2324210325411989,0.1543699342135568,0
13937.0,0.4371701786605239,-0.5571872395918231,-0.0398807925110647,0.1095483360519587,0.2031181655606824,0.6152468132948995,0
13938.0,-0.5583457794146515,-1.058145946714099,-1.8380591528307824,-1.2809046880716817,-1.3785107536966998,-1.8357961751967475,0
13939.0,-0.8183807704906293,0.654643185938614,0.3726526992110067,0.7716373305603664,0.6251737972068488,-0.3056560755889218,1
13940.0,-1.0028785328055103,0.0739460908215904,-0.0742074221582555,0.0249101264924206,-0.0581390644641013,-0.3882660959218282,1
13941.0,-0.8456753236698794,1.5110377522649707,1.78724953366607,1.571277101932689,0.0011923041824166,1.3230949550280409,1
13942.0,1.1736268151912543,-1.058145946714099,-0.7675098588215494,0.4594741808020236,-2.515817022689194,0.1833841332315268,0
13943.0,1.2231168011153777,-1.058145946714099,-0.954769637430381,-1.0893783142783806,-0.8098576192004525,-0.1698095586829809,0
13944.0,1.3012333360775918,-1.058145946714099,-1.103305691367528,-0.7716493042481812,-0.144576100004755,-0.4499658082642732,0
13945.0,0.9794848831855826,-0.5571872395918231,-0.0614469080964281,-0.121220273205811,0.1249263557760024,0.5746174219735785,0
13946.0,-0.0462426723707365,0.4896629879592288,0.5051379617799777,1.147198700072104,0.1249263557760024,0.1521405336087883,1
13947.0,-0.1696156146721137,-1.058145946714099,-1.671140777340239,-1.5808368721392685,-1.614523128595098,-1.5209687321341996,0
13948.0,0.9219131204530228,0.0739460908215904,-0.3798014146105074,-0.4556141997485073,-0.4772168596026035,-0.9620999459256666,0
13949.0,-1.9674812683483252,0.4896629879592288,0.6906203513574174,1.054870072558935,0.8766449105123539,0.5011622605703439,1
13950.0,-1.2629135238814884,0.0739460908215904,-0.1597868805076618,-0.2824424464256186,-0.1914684658752519,-0.5490692080101464,0
13951.0,0.4630484812852117,-0.2017513803877423,-0.2314332174894274,-0.0519224559342961,-0.0789096183560038,-0.2946432165522031,0
13952.0,0.5996007235020872,1.4312993642702228,1.889802214608499,1.6315694158561929,1.4083825184101708,1.6099584581968511,1
13953.0,-1.5229485149574664,1.2544959545938104,1.4156561699222152,1.5463286304198227,-1.2818823689972492,0.9260456931438203,1
13954.0,-2.1519790306632065,-0.5571872395918231,-0.5387774997790276,-0.7845884941066654,-0.4437267787202448,-0.3241929442490499,0
13955.0,0.3779288407609402,-0.2017513803877423,-0.3845224071719521,-0.3902905392135271,0.5407159979871611,-0.5824377786116137,0
13956.0,-1.7074462772723475,0.2992073267345332,0.0708029721041228,-0.007689258049055,0.8700553726182927,-0.4176024761470452,1
13957.0,1.0156919930971386,-0.2017513803877423,-0.5094268245959611,-0.7547837407119178,-0.5486003891756687,-0.8170838202125871,0
13958.0,0.954720215728158,0.8001660338568091,1.1680400370538269,0.9965528264951548,1.1432544882744613,1.0098588158736972,1
13959.0,-0.0462426723707365,0.4896629879592288,0.1048839368634694,0.2251631403646062,0.8499631098416093,-0.6001061443455858,1
13960.0,-0.8741833591389503,-0.5571872395918231,-1.0039159260320252,-0.8203916692661117,-1.0458699940988507,-1.1987116450744577,0
13961.0,0.9746078619728364,-1.058145946714099,-0.3935102733112455,-0.5164552801556334,-0.6267921989603487,0.8887907900278735,0
13962.0,-0.8456753236698794,-0.2017513803877423,-0.6773181544250941,-0.7424124492385259,-0.4772168596026035,-1.1322010478906566,0
13963.0,0.8203894592349804,1.6565606001831652,0.8460475774560905,0.9347939002294944,0.9088213112787455,-0.6167442316063633,1
13964.0,0.9663961595288088,-0.5571872395918231,-0.5404464113598234,-0.5106857612406167,-0.5121324717856456,-0.3273335741709824,0
13965.0,1.1001800545869456,-0.2017513803877423,0.049586067788501,-0.1024269678570621,-0.4772168596026035,0.2340954239155211,0
13966.0,1.0411983450016138,-1.058145946714099,-0.6237778183154477,0.2894692805292556,-0.5486003891756687,0.4544794555153346,0
13967.0,0.3439433958320878,-0.5571872395918231,-1.2370862023627285,-1.3190441216122355,-1.7640984679528429,-1.6362635615196377,0
13968.0,1.0232997359133336,-1.058145946714099,-1.4490836836452543,-0.6875706191280061,-1.2818823689972492,-1.1021432624012215,0
13969.0,-1.5229485149574664,2.5129551665095216,1.919649338892952,1.7213556543805106,1.9684089376959413,0.4229780084091208,1
13970.0,0.9647411258391284,-0.5571872395918231,-0.0678796847069515,-0.0377773744462167,-1.117253523671916,0.5624986930544196,0
13971.0,-0.9353081791524545,1.4312993642702228,1.1616383420850442,1.1997734021947684,1.1982735174240835,0.2389591234105509,1
13972.0,-0.1138130260237924,-0.5571872395918231,-1.1406759795141204,-0.6404409748334174,-0.8098576192004525,-1.4554343565512684,0
13973.0,0.7752524807579259,-1.058145946714099,-0.9037547637312136,-0.9929541396007278,-1.0458699940988507,-0.0735895817171878,0
13974.0,-0.3476678433474425,-0.5571872395918231,-0.2279530869218131,-0.2186486021835564,0.0200527453205781,0.2609800252761939,0
13975.0,-0.6338830081757483,1.2544959545938104,1.2611387885084098,1.3598358598078293,1.899701546343745,0.6351453071984857,1
13976.0,0.5665508950955468,0.0739460908215904,0.1786916585962899,-0.062008188220434,0.1249263557760024,0.0872988126302048,0
13977.0,1.0048872215498614,-1.058145946714099,-0.4187830021171123,-0.3243496716804167,-0.91940584661767,0.8411234881758075,0
13978.0,-1.0784157615666077,-0.5571872395918231,-1.1164464748097604,-0.2988863263835296,-0.862804573858747,-1.4099684741696052,0
13979.0,-0.0962413734548695,0.654643185938614,0.9367970393810916,1.0057801019196295,1.7375834697941206,0.7555591061096424,1
13980.0,-0.2201397768252409,0.2992073267345332,-0.1086571634654254,-0.026676335587522,0.2466890975132978,-0.7545953489010159,0
13981.0,1.01262344562185,-1.058145946714099,-0.7429265035598621,-0.4936747887746049,-0.5121324717856456,0.2297511965113495,0
13982.0,-0.4907754257615954,0.9303406571479472,1.1265344268856454,1.1210512912508708,0.8700553726182927,0.7719175672949278,1
13983.0,-0.6542442484349309,1.9044924940644756,1.4646996980390852,1.396091613410512,1.4083825184101708,0.2595300669664627,1
13984.0,-0.7195200551006783,1.2544959545938104,0.568440172705773,0.6903768710605444,0.1880646595930938,-0.66687643388929,1
13985.0,-1.8243736859341724,1.9594133665673956,1.7121109070109082,1.5090378667534263,1.0262202498700983,0.6619768429241556,1
13986.0,-1.0028785328055103,-1.058145946714099,-0.7664779722943267,-0.0947521907076331,-0.9802035124500996,0.1853303910712735,0
13987.0,0.954720215728158,-0.5571872395918231,-0.2228538055602494,-0.0063537836028127,0.0741642041589574,0.2705837623548499,0
13988.0,-0.9040178174155592,0.8001660338568091,1.1754324556258813,1.2610056604006317,1.3366868742976272,1.0237811912494654,1
13989.0,-0.1599714449813229,0.2992073267345332,0.5604717204510539,0.9797890782215104,0.3014022381220454,0.5033678457890703,1
13990.0,0.5847888596192942,-1.058145946714099,-0.7873094952947223,-0.630028288668433,-0.7601216003714991,0.1460397191962363,0
13991.0,-1.2115801184678894,0.4896629879592288,-0.0599149126278632,0.4581587384859318,0.2607132519567318,-0.9093232552312146,1
13992.0,-0.6542442484349309,-0.2017513803877423,-1.0381238835954474,-0.7673921959311133,-1.117253523671916,-1.8079018379360303,0
13993.0,-0.4296506057480915,1.7867352234743037,1.4301593970145428,0.9579841773015588,0.7791957222855813,0.3301959152264841,1
13994.0,-1.8243736859341724,0.4896629879592288,0.6559154809445685,0.4188193710897949,0.8634124775613803,0.4358426309828976,1
13995.0,-1.0784157615666077,1.4312993642702228,1.0325766742119526,1.0235765146943618,1.0096460890517032,-0.003726104021378,1
13996.0,0.9647411258391284,-0.5571872395918231,-0.0272105359420414,0.1380065926412373,-0.2941514393624997,0.6391175345334026,0
13997.0,1.1541912309005586,-0.2017513803877423,-0.6396745154586503,-0.8022464926048176,-0.1220981718085144,-1.061579051806406,0
13998.0,1.058610958462758,-0.2017513803877423,-0.3566622381632803,-0.5835033778764733,-0.2672508963742018,-0.5300783378956198,0
13999.0,-1.3187161125298097,2.2876939305965798,1.6738230474217763,1.523140428953885,1.15268439735128,0.2154529642262098,1
14000.0,0.5787669825224744,0.2992073267345332,0.5676451692635144,0.8595148185202489,-0.321964036982949,0.5168712892471388,1
14001.0,-0.3873500989396135,0.9303406571479472,1.1400996063084148,0.8719149880447642,0.2880622196936218,0.7974575512415631,1
14002.0,0.2893295474663386,-0.5571872395918231,-0.405186760050105,0.3732415818313983,0.0914362748936436,-0.0727458271380937,0
14003.0,1.3752433396257897,-1.058145946714099,-1.0718762412892795,-0.7889587489815226,-0.7601216003714991,-0.3906862150144723,0
14004.0,-0.4296506057480915,1.15560189306089,1.3729447242869794,1.2687300115272098,0.8961017842882889,0.9636665100602704,1
14005.0,-1.3187161125298097,0.2992073267345332,0.8124751168978941,1.055932197842322,0.1880646595930938,0.9778853713226258,1
14006.0,0.1975553704657846,0.654643185938614,0.618703747625623,0.971998215188,0.217900422374825,0.1569195183185208,1
14007.0,1.1467483017274251,-1.058145946714099,-1.7644017923551978,-2.2210947581379226,-1.614523128595098,-1.696869838338296,0
14008.0,1.0367703053241684,-1.058145946714099,-0.433840616125107,-0.2763804593773598,-0.2159596295778201,0.8127230792763791,0
14009.0,0.5381829940526488,-0.2017513803877423,0.1205860908098111,0.4264633349153768,0.4240770344914922,0.3677545333368917,1
14010.0,1.2085533323744282,-0.5571872395918231,-0.5302804344230906,-0.6763909572414488,-0.586765087019821,-0.308202545092729,0
14011.0,1.1041925298164252,-0.5571872395918231,-0.5101018386589985,0.1704028931044524,-0.2159596295778201,-0.2702273067377725,0
14012.0,0.7548912404987429,-1.058145946714099,-0.7480212100672574,-0.7424124492385259,-1.0458699940988507,0.2201419883090551,0
14013.0,0.1637936176211079,0.2992073267345332,0.1104747882521445,0.29201694390368,0.2324210325411989,-0.3430591941189095,1
14014.0,-0.0624796206101934,-0.2017513803877423,0.5322516313294786,0.9163564532213,0.4791576523996084,1.143130528778916,1
14015.0,-0.2983107883386734,-1.058145946714099,-0.0100752452183957,-0.1793166116278707,-0.586765087019821,1.61199378742301,0
14016.0,0.4102035851912229,1.15560189306089,1.8052341807883363,1.6062064565394432,1.732974507912762,1.778036282872785,1
14017.0,1.2153160509140626,-1.058145946714099,-1.005382163670504,-1.2536847648443734,-0.862804573858747,-0.2652706616100025,0
14018.0,1.2933400032205151,-1.058145946714099,-0.6687530416704603,-0.5222758574236794,-0.91940584661767,0.3696509605793304,0
14019.0,-0.3738480170997701,-0.2017513803877423,0.3053145439248788,0.4833470070597297,-0.1002197270566499,0.7156164054332457,1
14020.0,-1.0028785328055103,0.0739460908215904,0.2121118277322452,0.1744691869762233,0.3274486497920416,0.1501786686087097,1
14021.0,0.3820531327806657,0.654643185938614,0.4410909482180513,0.37399026823985,0.5602500888610992,-0.1770448903675268,1
14022.0,0.6197789110416514,-0.5571872395918231,-0.1156820157961026,0.2070901336643004,0.0565206627106016,0.4724477963675868,0
14023.0,-1.5229485149574664,-0.5571872395918231,-0.3349447219775677,-0.239233298826501,-0.2672508963742018,0.0595013950806357,0
14024.0,0.2296283133843863,-0.2017513803877423,-0.2627320201609314,-0.4825737499159102,-0.1914684658752519,-0.3534982844286823,0
14025.0,1.0838742983222271,0.8001660338568091,1.060797949050729,0.8861496732211169,0.2880622196936218,0.8079113837115052,1
14026.0,1.092078996990952,-0.5571872395918231,-0.1913265323855995,-0.0993463020900692,0.0200527453205781,0.3299628643178452,0
14027.0,-0.2097114950440718,-1.058145946714099,-1.5671532284224898,-1.3595320367867216,-1.4880589811139169,-1.3248361371463506,0
14028.0,1.1913278063103443,-0.2017513803877423,1.7386263467776284,1.754556710966445,-1.9471638881929467,3.417360943303295,1
14029.0,-0.1893502547848894,-0.5571872395918231,-0.4948111526547438,-0.6030410799249616,-0.8098576192004525,-0.2414493578495949,0
14030.0,-0.9682038613741812,1.847016261407861,1.573075416110309,1.4259334083927324,2.152514366176474,0.5295544847509847,1
14031.0,-1.5229485149574664,2.7886526377188545,2.727287956113608,2.218023129161129,1.5411968671369618,1.633226530486483,1
14032.0,-2.1519790306632065,1.5859404542672264,1.1893002642575592,1.3568203229670073,0.5105140700321456,0.1100637799014041,1
14033.0,1.197121207936731,-1.058145946714099,-1.536360229406061,0.0971274856787354,-2.515817022689194,-1.2667569645203325,0
14034.0,-0.8456753236698794,-0.2017513803877423,-0.2559893713189648,-0.1055221309281067,0.5407159979871611,-0.3408198898032066,1
14035.0,-0.6752731880764764,0.9303406571479472,0.8079505315001531,0.6894511553006836,0.4126028186801636,0.1723877539738816,1
14036.0,0.7707832975232035,-1.058145946714099,-0.2843221965401666,-0.4047996776888514,-0.0789096183560038,1.0947321845671665,0
14037.0,0.4630484812852117,0.4896629879592288,-0.076088250851674,0.1128955236260603,0.6685909679263046,-0.939649112552814,0
14038.0,-0.0543097623705864,0.2992073267345332,0.8597900474850774,0.8112949671851132,0.6935794902722501,1.067006844030669,1
14039.0,-0.5950029105353472,-0.5571872395918231,-0.8967914137413378,-0.6231769669374269,-1.117253523671916,-0.997471106012964,0
14040.0,-0.4594850640247002,2.5129551665095216,1.8797333597375985,1.5232708127265011,1.6878474509651678,0.347888223114068,1
14041.0,0.7266965816295208,-1.058145946714099,-1.353158185700383,-1.0893783142783806,-0.5486003891756687,-0.9212166319225034,0
14042.0,1.3682150479281203,-1.058145946714099,-0.5518720577746451,-0.6653981508446892,-0.5486003891756687,0.5901020714556101,0
14043.0,1.1186938201661043,-0.5571872395918231,-0.8037629078866803,-0.7716493042481812,-0.1002197270566499,-0.8226199679453639,0
14044.0,-0.7195200551006783,1.0480979277381186,0.8721713340519294,0.955207026354386,2.0679229850860814,0.1504281234918142,1
14045.0,0.1579897300569208,1.5859404542672264,1.7995007278604052,1.460817937464632,-0.7601216003714991,1.258577553214842,1
14046.0,0.7685369722885271,-1.058145946714099,-1.287525349301179,-0.0504941797187251,-0.862804573858747,-0.7974254794877944,0
14047.0,-1.3798409325433134,1.4312993642702228,1.0949719353905318,0.7881871810010919,0.6251737972068488,0.1135843117822029,1
14048.0,0.8141325783983266,-0.2017513803877423,-0.1562892929462823,-0.0405821588194871,0.8896672959534744,-0.1533104501225132,0
14049.0,-1.0028785328055103,1.3460575542855853,1.912778885852071,1.874840192406281,2.127182894035057,1.753871183715821,1
14050.0,-0.6141483680629726,-0.5571872395918231,-0.1585323488400906,0.2147604356235464,0.1249263557760024,0.391731944164018,0
14051.0,-2.4120140217391843,2.579756093947218,2.292803448382646,1.6315694158561929,0.5407159979871611,1.0499902412053697,1
14052.0,-0.9040178174155592,-0.5571872395918231,-0.474870692264575,-0.6404409748334174,0.8153422320095451,-0.203918317265459,0
14053.0,0.2399724924575698,0.0739460908215904,-0.3495888742995199,-0.0090274496374472,-1.9471638881929467,-0.905418497589802,0
14054.0,-0.1696156146721137,-1.058145946714099,-1.656655222302231,-1.3595320367867216,-1.4880589811139169,-1.493647292894479,0
14055.0,0.140256106228435,-0.2017513803877423,0.3539587364336671,0.2436656526890497,-0.1914684658752519,0.8072404427569536,1
14056.0,-2.4120140217391843,2.0119964593872464,1.5689089886986547,1.4141894413611955,1.6503800698286364,0.3322556707198879,1
14057.0,-0.7922005967383016,1.9594133665673956,1.5857431811779723,1.6885221160450836,1.428723884190206,0.4241772831724077,1
14058.0,1.081115906117918,-0.5571872395918231,-0.4924625165421963,-0.5614195452564948,-0.4772168596026035,-0.2370289739658879,0
14059.0,0.7290940618003953,-1.058145946714099,-1.166177879910244,-0.8881581216111365,-1.2818823689972492,-0.5685500582036761,0
14060.0,-1.7074462772723475,2.3282062876889484,1.675097311569847,1.8363015836766796,0.7017426726202728,0.1719152998627299,1
14061.0,1.139217978043039,-0.2017513803877423,-0.0100046284463058,-0.8631467072838476,-0.7132292345010023,0.1219348670592077,0
14062.0,-1.3187161125298097,2.062432694683636,2.3880465637605264,2.135640259759351,0.9812559531764108,1.816986226897676,1
14063.0,1.045596020739638,0.9303406571479472,2.301620594158099,1.345643539607747,-0.2672508963742018,2.986302182739605,1
14064.0,-0.6752731880764764,1.5110377522649707,0.9189036466834394,1.3669841673415206,0.921346639414674,-0.3107195724624126,1
14065.0,0.9696934685856776,-0.2017513803877423,-0.0310294734989659,0.1039315560693431,0.0011923041824166,0.0823670007944103,0
14066.0,0.7290940618003953,-1.058145946714099,-1.298885972955354,-1.5663808849782732,-1.3785107536966998,-0.8188529351895933,0
14067.0,-0.1794070292720186,-0.5571872395918231,-0.6541246483703089,-0.209500736516301,0.1571027565423948,-0.5412172750800537,0
14068.0,0.8448238506952722,0.0739460908215904,0.3574585911162962,0.0210824477624261,0.6428173386552047,0.423725018316438,1
14069.0,1.1492388881540097,-0.5571872395918231,-1.0044147358867452,-1.3916223493687232,-0.1002197270566499,-1.199648405610679,0
14070.0,1.331869618003757,-1.058145946714099,-0.7529541710055294,-1.147237218205978,-0.0378814165327151,0.2108378510362145,0
14071.0,-1.8243736859341724,0.8001660338568091,0.313979599613162,0.456180628908269,1.51449093761349,-0.5964250334208805,1
14072.0,1.3148171310090695,-1.058145946714099,-0.6237962075961164,-1.3289348484300858,-0.6267921989603487,0.4544447711961533,0
14073.0,-0.6141483680629726,-1.058145946714099,-1.306007308887664,-0.8780391383485852,-0.91940584661767,-0.8322846018720046,0
14074.0,1.271118639562384,-1.058145946714099,-1.038450757340041,-0.5106857612406167,-1.4880589811139169,-0.3276418700528047,0
14075.0,-1.7074462772723475,0.4896629879592288,0.4487237629864476,0.7233036147875206,0.2745016951337471,0.0460307827190132,1
14076.0,0.2651257241188405,-1.058145946714099,-1.4559954833628317,-1.186166978263674,0.0200527453205781,-1.115179719445872,0
14077.0,-0.4594850640247002,0.4896629879592288,-0.2977294526919762,-0.1827966247136157,0.0200527453205781,-1.354789983070183,0
14078.0,0.1158217147681432,0.9303406571479472,0.430972257367413,0.143340936064449,0.7567177940893411,-0.5360317029995585,1
14079.0,0.2450826804421367,-0.5571872395918231,-0.2934728555237782,-0.3265167937029618,-0.91940584661767,0.1375924472635324,0
14080.0,-0.5950029105353472,0.2992073267345332,0.1308350057667555,-0.4047996776888514,0.457567115373851,-0.3047964726067437,1
14081.0,0.8078140524230828,1.0480979277381186,1.2626510291755788,1.3216415400968196,1.95617707873042,0.8852838963307466,1
14082.0,0.9289607210324548,-0.5571872395918231,-0.5835467218193437,-0.4609184296153759,0.1083521949576072,-0.4084357754307346,0
14083.0,-1.8243736859341724,1.15560189306089,0.2980089450223895,0.4367457893387224,1.1289032233573464,-1.056339828131364,1
14084.0,1.1454993720263298,-1.058145946714099,-1.3085711931573485,-0.3178908216871508,-1.3785107536966998,-0.837120385389313,0
14085.0,-2.1519790306632065,2.442335020593583,1.7181333588381342,1.6964848145049891,1.9804610986224889,0.1237110156468894,1
14086.0,1.081115906117918,-1.058145946714099,-2.251275528536248,-3.628661084298931,-2.515817022689194,-2.6151702531711334,0
14087.0,-1.9674812683483252,-0.2017513803877423,-0.0681603077354611,0.2500204938045738,1.1573590143130723,0.0124947020328415,1
14088.0,-1.3187161125298097,1.5859404542672264,3.048598514598657,2.2519932369901383,1.9034648238468983,3.613038661499088,1
14089.0,-0.2524823540546596,-1.058145946714099,-1.2602837338414845,-0.8582565662530369,-0.91940584661767,-0.7460446287284683,0
14090.0,0.854736338582082,-1.058145946714099,-1.7932659093550376,-1.2626334870875635,-2.515817022689194,-1.7513109154492617,0
14091.0,1.3022132067018704,-0.5571872395918231,1.6759294420663071,1.2474641572337717,-0.91940584661767,3.850065189608592,1
14092.0,-1.4474112861963695,2.062432694683636,1.476860709134329,1.302591459947992,1.1289032233573464,0.1014800790396864,1
14093.0,-1.2115801184678894,-1.058145946714099,-0.5340048567872201,-0.1324362491901478,0.6600894093898906,0.6238016877202934,0
14094.0,1.0485111402989251,-1.058145946714099,-0.734128680220243,-0.6763909572414488,-0.0181119525235737,0.2463449131611094,0
14095.0,1.3664458738438814,-1.058145946714099,-3.93648079499012,-3.628661084298931,-2.515817022689194,-5.79366311541007,0
14096.0,-1.8243736859341724,1.6565606001831652,3.0611808666450537,2.296759656052814,2.675578380599917,3.55438950009752,1
14097.0,1.1055244621722873,-0.5571872395918231,-0.567212279488956,-0.2260596207476965,-0.0581390644641013,-0.3777004610097723,0
14098.0,-0.5236711079833221,-1.058145946714099,-1.323711776469787,-1.0235513279573645,-0.5486003891756687,-0.8656772840334683,0
14099.0,-1.0395356639262063,1.847016261407861,1.3138628628529696,1.3141592602090886,1.520501170041236,0.0419986630763905,1
14100.0,0.3080557011550128,-1.058145946714099,-1.1233652765611497,-1.3389765845331374,-0.4437267787202448,-0.4878005157783119,0
14101.0,-0.0876328522714647,1.3460575542855853,1.7078612073287345,2.008053553676069,-0.6267921989603487,1.3677773995823346,1
14102.0,-1.7074462772723475,0.2992073267345332,0.2735596038450565,0.4333361345342196,-0.144576100004755,-0.0364732409941875,1
14104.0,0.3820531327806657,0.2992073267345332,-0.1346168948903755,0.0159439767922851,0.8293663864529791,-0.803310685180283,0
14105.0,0.6583250720961007,0.2992073267345332,1.34121751864789,1.2893297651945317,1.2663243691962696,1.974173103504268,1
14106.0,1.3787288112420826,-1.058145946714099,-1.0536495258420628,-1.967436469196142,-2.515817022689194,-0.3563085127224864,0
14107.0,-0.3102985242592435,1.15560189306089,1.1933040759696152,1.2809033318623366,0.7178293264081053,0.6254570083418058,1
14108.0,-0.6338830081757483,0.0739460908215904,0.0836902896561361,0.186519373292834,0.1249263557760024,-0.0914046015923144,1
14109.0,-0.0962413734548695,-1.058145946714099,-1.339177322892367,-1.132288371569837,-1.1954453334565955,-0.8948471008464876,0
14110.0,-1.8243736859341724,2.442335020593583,1.8989825387035528,1.6179385637237351,1.1666290909919852,0.4638610467454603,1
14111.0,-1.1198059414673356,0.0739460908215904,-0.2120660777432925,-0.0533538404792291,-1.117253523671916,-0.6472643158588615,0
14112.0,-0.8183807704906293,1.3460575542855853,1.322418931879075,1.2902594062522048,1.2622326247684963,0.6419444284097143,1
14113.0,-1.8243736859341724,1.5859404542672264,1.4630924105462946,1.2714122445317744,0.4791576523996084,0.6251426177587709,1
14114.0,0.7456300658619328,0.654643185938614,0.2755736090737411,0.176492945307664,0.435392980203531,-0.4880086668452915,1
14115.0,1.1328744525473045,-0.5571872395918231,-0.2889061086306481,0.0159439767922851,-0.5121324717856456,0.1461920298534093,0
14116.0,-0.9040178174155592,0.2992073267345332,0.285351782773026,0.231698391536616,0.3014022381220454,-0.0142964561278709,1
14117.0,0.3351579817503524,-1.058145946714099,-1.6758763463502246,-1.2626334870875635,-1.9471638881929467,-1.5299005653040267,0
14118.0,1.0323114794921844,-1.058145946714099,-0.5091130798832219,-1.06892938416266,-0.8098576192004525,0.6707504700394283,0
14119.0,0.9479515492166356,-0.5571872395918231,-1.1670762534783672,-0.6763909572414488,-1.0458699940988507,-1.5049645556497595,0
14121.0,-1.8243736859341724,0.0739460908215904,0.7883795147151064,0.9414584396228464,1.0207326504320022,1.2352937799327353,1
14122.0,0.9970565357545048,-0.2017513803877423,-0.6780712289412262,-0.9637172845910724,-0.9802035124500996,-1.133613663941596,0
14123.0,1.3752433396257897,-1.058145946714099,-0.5449158318736779,-0.4936747887746049,-0.4437267787202448,0.6032223214420537,0
14124.0,-0.0073625747303351,-1.058145946714099,-0.5728102081600415,0.7757124423500487,-1.7640984679528429,0.5506102879481263,0
14125.0,-1.2629135238814884,-0.2017513803877423,0.7780139052484821,0.7845897922401581,1.0791672045283929,1.6062640811165716,1
14126.0,-1.4474112861963695,0.0739460908215904,0.1665740140285204,0.3806903696986337,-0.1002197270566499,0.0645013229891864,1
14127.0,0.2348212583467873,0.4896629879592288,0.5142353492780842,0.3354710107890296,0.6685909679263046,0.1692539679666691,1
14128.0,-0.2097114950440718,-0.2017513803877423,-0.0047046310138416,0.3242686802044462,0.1411722937225966,0.1319096361268607,1
14129.0,-2.1519790306632065,0.9303406571479472,0.7377192442971449,0.687131149583718,-0.0378814165327151,0.0403117443014323,1
14130.0,0.8428228344109817,0.0739460908215904,0.5076057883484273,0.6003000470540513,1.2201519621759485,0.7064195039688407,1
14131.0,1.2972988133147116,-1.058145946714099,-1.1496996253442044,-0.9412289080697872,0.0565206627106016,-0.5374701562101781,0
14132.0,-2.1519790306632065,1.15560189306089,0.9717416862189578,1.2576951409141883,0.7017426726202728,0.2085651210972502,1
14133.0,0.2700401175059993,0.0739460908215904,-0.0149566912458878,-0.1454931730396027,-0.1914684658752519,-0.2768941147634418,0
14134.0,0.9597502430728068,1.5110377522649707,1.787317551889661,1.6166955549649984,0.9151078788768328,1.3232230840397377,1
14135.0,-2.1519790306632065,2.062432694683636,1.684485271099678,1.929492547152228,0.9637379981128577,0.4920048295434936,1
14136.0,0.9891290528763732,0.2992073267345332,0.3771826206647568,0.5501689643917594,0.5793298571111467,0.1584383513167535,1
14137.0,1.342071680121387,-1.058145946714099,-0.7395499344660406,-0.0476468984807828,-1.0458699940988507,0.2361197979970026,0
14138.0,-2.1519790306632065,-0.5571872395918231,0.0392334491424677,0.1347850958883998,-0.0378814165327151,0.7643052504120482,1
14139.0,-0.3873500989396135,0.0739460908215904,0.1119535270820428,0.4909071010866128,0.1083521949576072,-0.0382463690557257,1
14140.0,-1.8243736859341724,-0.5571872395918231,0.003688949836603,0.3218431546327024,0.2880622196936218,0.6973340070882006,1
14141.0,-1.9674812683483252,0.0739460908215904,-0.0118114542037838,-0.2204935429130606,-0.3507527121214226,-0.2709812372851045,1
14142.0,0.942827752064887,-0.5571872395918231,0.0397974626616306,0.3378468867216029,0.0011923041824166,0.7653679651642905,0
14143.0,0.2893295474663386,-1.058145946714099,-1.49601372610751,-1.8259532106467025,-1.3785107536966998,-1.190658773217739,0
14144.0,1.1121429440166524,-1.058145946714099,-2.438049448424981,-2.397537599248726,-2.515817022689194,-2.9674475591090297,0
14145.0,-0.3738480170997701,0.654643185938614,1.5128796451260265,0.7905745554509653,-1.0458699940988507,1.8408059646039856,1
14146.0,-1.3798409325433134,1.2544959545938104,1.6698723237692394,1.612838608431294,1.692716266781489,1.4048586686338564,1
14147.0,-0.0543097623705864,0.9303406571479472,0.7374022886209433,0.456180628908269,-0.4437267787202448,0.0397157686772428,1
14148.0,0.6448229902562577,-0.5571872395918231,-0.4969206955383863,-0.5252055769172435,-0.8098576192004525,-0.2454197166050599,0
14149.0,0.6083263710119671,-1.058145946714099,-0.5279100865778518,-0.5400531812013325,-0.321964036982949,0.6352971322178222,0
14150.0,-0.540774126845729,-0.5571872395918231,-0.2485003970737985,-0.0010388380035462,-0.4772168596026035,0.2222832468334496,0
14151.0,1.320551820774439,-0.5571872395918231,-0.2261186926431372,-0.1340542596956857,0.0384893202353487,0.2644348222513607,0
14152.0,-0.0791383545924629,0.654643185938614,0.5501891216254675,0.8616572338959887,0.7336066022127771,0.0280620449945514,1
14153.0,1.108180056852143,-1.058145946714099,-0.9940730418354627,-0.305160341577133,-0.7132292345010023,-0.2439403443208159,0
14154.0,0.6583250720961007,0.8001660338568091,1.3958596726236945,1.228555892336233,1.4014884185366627,1.4390063286234671,1
14155.0,0.7266965816295208,-1.058145946714099,-1.4780398514333055,-1.9416401849203375,-1.4880589811139169,-1.1567579579900773,0
14156.0,-1.3187161125298097,4.332533059721831,4.194162802975293,3.8210504600204738,2.8857333527122617,2.678973541013736,1
14157.0,-0.9040178174155592,0.2992073267345332,0.054029053780845,0.0547551377532697,0.4684334074395972,-0.4491159056541677,1
14158.0,-0.4749394310824503,-1.058145946714099,-0.435792945890069,0.2970828555111235,-0.0181119525235737,0.8090407585845345,0
14159.0,-0.9040178174155592,1.847016261407861,1.5442270232045638,1.699383809581338,2.298153848691797,0.4752704140093369,1
14160.0,1.2576165577225409,0.654643185938614,1.5868245649320163,1.471341696996224,0.5207054191909427,1.9801701188662708,1
14161.0,0.5937169648127165,0.654643185938614,0.9159707127037844,0.7777405689610907,1.274447139088575,0.7163480866695221,1
14162.0,0.4557606165093461,-0.5571872395918231,-0.8397994694629107,-0.8203916692661117,-0.4115503779538524,-0.8903615443354684,0
14163.0,0.0148821476427679,0.2992073267345332,0.7386304101009862,0.4257720884630957,0.0011923041824166,0.8388093853834915,1
14164.0,-0.1138130260237924,-0.5571872395918231,0.4046012893469197,0.4808075408208088,-0.321964036982949,1.4528821905396534,1
14165.0,0.7502773702473149,-1.058145946714099,-1.4555870665183122,-1.448851553929116,-0.4772168596026035,-1.1144093978411609,0
14166.0,1.1366880923212137,-0.5571872395918231,-0.9253652316617036,-1.1625337434223335,-0.0581390644641013,-1.0511605002129505,0
14167.0,-0.4907754257615954,0.8001660338568091,0.2389755965778079,-0.2297966815900328,0.1083521949576072,-0.7371701550090861,1
14168.0,1.0202674598207486,-0.5571872395918231,-0.6623226111657814,-0.7977873505159858,-1.0458699940988507,-0.5566383045750902,0
14169.0,1.035287471833904,-0.5571872395918231,-0.2868754548852811,-0.5707933990113551,0.1411722937225966,0.1500159559710856,0
14170.0,0.9462481612329638,-0.2017513803877423,-0.3187955497855378,-0.3530949931952531,0.8700553726182927,-0.4589016453728121,0
14171.0,0.0904193764038643,-0.5571872395918231,-0.4484694814517193,-0.5614195452564948,0.3014022381220454,-0.1542238418981062,0
14172.0,1.252346805813942,-0.2017513803877423,-0.6022919388095005,-1.132288371569837,-0.0789096183560038,-0.9914278662245176,0
14173.0,-1.2629135238814884,0.4896629879592288,-0.3325715769415766,-0.616396278646906,-0.2672508963742018,-1.4199643367592083,0
14174.0,-0.5950029105353472,-1.058145946714099,-1.3892122194055203,-1.0893783142783806,-0.3805884749031534,-0.9892187270191116,0
14175.0,-0.2201397768252409,0.8001660338568091,1.5203143840484818,1.1835858516147453,1.4049427101962726,1.6735090589818422,1
14176.0,0.7971428378544745,0.2992073267345332,-0.0111196117614178,-0.2763804593773598,-0.1914684658752519,-0.5714835071594138,0
14177.0,0.0075526370213185,1.3460575542855853,0.6293370594930966,0.4902804017168488,0.9812559531764108,-0.6607874931960548,1
14178.0,-1.3798409325433134,0.654643185938614,0.3998013024288723,0.7281253160395869,1.228742543886138,-0.2546429692170397,1
14179.0,-0.4594850640247002,-0.5571872395918231,-0.1846272160892728,-0.2683837537127082,0.9458378031172426,0.3425809651463339,1
14180.0,-1.2629135238814884,2.442335020593583,1.3799102966189,0.37399026823985,0.8831819415705221,-0.511649752030582,1
14181.0,1.0048872215498614,-0.5571872395918231,-0.7890421077130009,-0.9194840867058316,0.1083521949576072,-0.7949445739205876,0
14182.0,1.054301926358555,0.0739460908215904,-0.226839169313071,-0.6875706191280061,0.0011923041824166,-0.6750068937806112,0
14183.0,1.0048872215498614,-0.5571872395918231,-0.8474589235355057,-1.370055796318314,-0.3507527121214226,-0.9047583173863912,0
14184.0,-0.150470157144488,-1.058145946714099,-0.5178864774100929,-0.8932765983286024,-0.4437267787202448,0.6542028233094698,0
14185.0,0.8664325630436192,-1.058145946714099,-1.1133200945876045,-2.804692648559184,-1.9471638881929467,-0.4688541358693586,0
14186.0,1.0293216130101532,0.2992073267345332,0.3678712381774175,0.747490432378652,0.4684334074395972,0.1409208708612642,1
14187.0,1.096142317017561,-1.058145946714099,-1.4500091525894192,-1.4985144522516916,-1.2818823689972492,-1.103888804319353,0
14188.0,-0.6338830081757483,0.4896629879592288,0.5704624186286834,0.5581345402494097,-0.1676872918813187,0.2750371107420337,1
14189.0,-2.1519790306632065,1.5859404542672264,1.3199202585712024,1.46922206596803,1.2622326247684963,0.355733528859108,1
14190.0,1.3138563440146451,-1.058145946714099,-1.7606510201466912,-3.361978192741088,-2.515817022689194,-1.6897954463161844,0
14191.0,-2.1519790306632065,1.5110377522649707,1.1844401190550973,1.3237637928834527,1.0152080971839796,0.1883598741264478,1
14192.0,0.9680469331528012,-1.058145946714099,-0.8290106915149313,-0.5400531812013325,-0.862804573858747,0.0673864197013477,0
14193.0,-0.1411075792030422,-0.2017513803877423,0.1893784078745093,0.1795169549510284,0.1249263557760024,0.4972804095124566,1
14194.0,-1.7074462772723475,2.546807042814728,2.160488765366204,1.975769820366844,1.8959209264867092,0.8380340898847675,1
14195.0,0.5509461058021287,0.4896629879592288,0.7444314415594377,0.9607496513357084,-1.117253523671916,0.6024552579836955,1
14196.0,0.1462219650521856,-1.058145946714099,-0.7334860011418182,-0.8203916692661117,-1.4880589811139169,0.2475570805475679,0
14197.0,1.0048872215498614,-1.058145946714099,-0.625268872627984,-0.8158082295413044,-0.586765087019821,0.4516671539020241,0
14198.0,-0.9682038613741812,0.9303406571479472,0.3766873266409113,0.1486323639510579,0.2607132519567318,-0.6379195209768741,1
14199.0,0.5996007235020872,0.0739460908215904,0.1151921534666318,-0.439953437536103,-0.8098576192004525,-0.0321547057986416,0
14200.0,1.264922212625839,-1.058145946714099,-0.6455449221711254,-0.8296554976039625,-0.5486003891756687,0.4134241694833411,0
14201.0,-0.2201397768252409,1.0480979277381186,0.179403832468882,0.3177806281973799,0.0914362748936436,-1.1499199906535729,1
14202.0,0.9564012788108172,-0.2017513803877423,-0.0668516675773251,-0.7183468035229781,-0.3507527121214226,0.0149571416520077,0
14203.0,0.982715747443508,-1.058145946714099,-0.7253522804667971,-1.1942372750823944,-0.7601216003714991,0.2628982224390844,0
14204.0,-2.1519790306632065,0.0739460908215904,0.0959855345183919,-0.0063537836028127,1.207095033142026,-0.0682801042835989,1
14205.0,-1.0028785328055103,0.9303406571479472,0.6867164941002838,0.6527825854490907,0.5105140700321456,-0.0555787233951423,1
14206.0,0.6583250720961007,-0.2017513803877423,0.1742397435474707,0.4117923711423014,0.3145288070742748,0.4687746988040667,1
14207.0,1.3346681324029106,-1.058145946714099,-1.2746601340240196,-1.709582179172762,-2.183176263091345,-0.7731601892328772,0
14208.0,0.0706847362910886,-0.5571872395918231,-0.3562181129365246,0.0412440551307057,-0.1676872918813187,0.0194467906994435,0
14209.0,-1.2629135238814884,1.5110377522649707,1.2102340207497746,0.8231186251663872,0.9336836095984208,0.2368717164281376,1
14210.0,0.140256106228435,1.5859404542672264,1.3257366657719432,1.0885403064838823,0.9927301689877396,0.3666758378111856,1
14211.0,-0.2983107883386734,1.7233615276208618,1.1194830470468526,1.0811772080750264,1.0583966506364906,-0.1806599209518512,1
14212.0,0.0363810947797576,-0.5571872395918231,0.6165594411774425,0.9299918277508208,-0.6688728615528973,1.85244787436876,1
14213.0,0.9954788591929878,-1.058145946714099,0.178595038435566,-0.4662657837754595,-1.614523128595098,1.967847855677032,0
14214.0,-0.6338830081757483,0.2992073267345332,0.0551767466434205,0.2713538538233589,0.3401681767824983,-0.4469598086873899,1
14215.0,-1.2115801184678894,0.9303406571479472,0.9368181261272072,1.002622805729363,1.1191943164689204,0.4148255456683646,1
14216.0,-1.9674812683483252,0.2992073267345332,0.6032497178948081,0.2363269886739557,0.3526935049184267,0.5838978324947356,1
14217.0,-2.1519790306632065,2.0119964593872464,0.9369362005034988,0.6092559370975342,0.8634124775613803,-0.8546327694770571,1
14218.0,-0.4296506057480915,-1.058145946714099,-1.2235178801187254,-0.7424124492385259,-0.9802035124500996,-0.6766999584036386,0
14219.0,-1.8243736859341724,-0.2017513803877423,-0.2761257662528874,-0.2058769205238143,-0.0581390644641013,-0.3786818384721609,1
14220.0,0.6793540117376464,0.0739460908215904,0.3511313517879109,-0.0391782715441003,-0.3805884749031534,0.4118145763611165,0
14221.0,-0.4443943630945455,1.6565606001831652,1.4021650882659102,1.338430861732213,1.114296432923324,0.4282913477850236,1
14222.0,0.4666615905535427,-1.058145946714099,-0.2221899605618276,0.1315477426479715,-0.0181119525235737,1.2119207980276867,0
14223.0,0.0503234960319062,-0.2017513803877423,0.0456168451885599,0.1073073766820068,0.1411722937225966,0.2266240290005376,0
14224.0,0.1637936176211079,0.9303406571479472,0.5134085590023959,0.3626694906733145,1.2201519621759485,-0.3812381666522028,1
14225.0,1.0411983450016138,0.0739460908215904,0.564357361148841,0.5615190465451568,0.4126028186801636,0.8132958769829254,1
14226.0,-0.6752731880764764,0.4896629879592288,0.8438102443337108,0.818186169281198,0.607142454731596,0.7895612459415621,1
14227.0,-0.7428435417295326,1.5110377522649707,1.385527448768937,1.3786197483926546,1.4353937831824446,0.5666748426413984,1
14228.0,1.045596020739638,-0.2017513803877423,-0.1593620252274336,-0.4246569123197467,-0.0789096183560038,-0.1590905272541957,0
14229.0,-0.3102985242592435,0.654643185938614,0.7384693731487881,0.4146121865602806,-0.0181119525235737,0.382244630988955,1
14230.0,1.042667590085983,-0.2017513803877423,0.0373404134575237,-0.4609184296153759,-0.3507527121214226,0.2110453031299076,0
14231.0,0.4913989623501418,0.0739460908215904,0.204351255680623,0.1347850958883998,0.3650304751021734,0.1355765625241674,1
14232.0,-0.4296506057480915,0.2992073267345332,0.5682538125569163,0.8953582578375047,0.5307717179635321,0.5180170236511263,1
14233.0,-0.3476678433474425,0.654643185938614,0.819841921982942,0.6118669803789536,0.0011923041824166,0.5353878874980003,1
14234.0,-0.8456753236698794,0.0739460908215904,-0.1310070367865315,0.434702118283372,0.8634124775613803,-0.4950002136135844,1
14235.0,-0.0791383545924629,0.9303406571479472,1.1693789384426252,1.1846775048758158,0.7567177940893411,0.8525863889383639,1
14236.0,-0.0304066776915911,0.2992073267345332,0.4527681079002913,0.3226526574288026,-0.0581390644641013,0.3006577698768368,1
14237.0,0.942827752064887,-0.5571872395918231,-0.2780466368688667,-0.3855244245982789,-0.3805884749031534,0.1666417114479517,0
14238.0,0.8567005826867328,-0.2017513803877423,-0.5481371589960458,-0.6334808999499925,-0.91940584661767,-0.8897708040423998,0
14239.0,-0.4296506057480915,1.9044924940644756,1.096348811540734,0.8193277158890873,0.6770053294538549,-0.4326808307139356,1
14240.0,-0.6542442484349309,-0.2017513803877423,0.2112350602840326,0.18152526472149,0.0741642041589574,0.5384376532088677,1
14241.0,0.4913989623501418,-0.5571872395918231,-0.737393759435379,-0.4716569691961637,-0.9802035124500996,-0.6978305934917804,0
14242.0,0.6475462436000934,-0.5571872395918231,-0.8620020116424153,-0.9141583819899256,-0.91940584661767,-0.9320921603628288,0
14243.0,-1.3798409325433134,1.6565606001831652,1.4966773483016502,1.3171980632664388,1.3980195209492263,0.6061433180433127,1
14244.0,1.309030698983018,-1.058145946714099,-0.6701833152752767,0.3242686802044462,-0.7601216003714991,0.3669532984402107,0
14245.0,0.6054309927359476,-0.5571872395918231,0.4313210604657874,0.4435125253493402,0.7567177940893411,1.503248500015281,1
14246.0,0.1695454516810397,-0.2017513803877423,0.3314039465289776,0.3161485654770629,0.2466890975132978,0.7647562005830653,1
14247.0,0.7548912404987429,0.2992073267345332,-0.1336102714208422,-0.1724113414944718,0.5407159979871611,-0.8014218489431874,0
14248.0,0.8408155551547154,-0.2017513803877423,0.0753683718712003,0.2176138931958927,-0.0181119525235737,0.2826282657734387,0
14249.0,1.0048872215498614,1.2544959545938104,1.2961210813897934,1.0583157271064825,1.1712251425483466,0.7009940611506521,1
14250.0,-1.5229485149574664,-0.2017513803877423,0.51573858530688,0.57928136653745,0.6514988276797011,1.1120172985877828,1
14251.0,-2.1519790306632065,0.2992073267345332,0.8137219177984952,0.798077907818942,-0.1002197270566499,0.9802337190079232,1
14252.0,0.9564012788108172,-1.058145946714099,-0.7010988095015158,-0.9811029912456316,-1.117253523671916,0.3086430856211721,0
14253.0,1.1212955486788323,-0.5571872395918231,-0.6761306894638159,-1.132288371569837,-1.0458699940988507,-0.5826113463775324,0
14254.0,1.0382497182035757,-1.058145946714099,-0.3143532106085824,-0.4171400197733095,-0.4772168596026035,1.0380902040545394,0
14255.0,1.1866551065949535,-1.058145946714099,0.0524839573841777,-3.628661084298931,-2.515817022689194,1.729987709527265,0
14256.0,0.7121203814881557,0.2992073267345332,0.704338063790747,0.563204791010395,0.7017426726202728,0.7742319608158332,1
14257.0,-0.1794070292720186,0.9303406571479472,1.3370695939170192,1.250629136279653,1.1191943164689204,1.168392796270175,1
14258.0,-1.3798409325433134,2.110890520920167,2.549873581721705,2.340932684381925,0.6770053294538549,2.066525697478928,1
14259.0,0.3262505441323444,-1.058145946714099,-1.4705569892011974,-1.29969799342043,-1.614523128595098,-1.1426444107164433,0
14260.0,1.092078996990952,-0.2017513803877423,-0.0870669993282343,0.0596002494519977,0.1411722937225966,-0.0230804219865375,0
14261.0,-0.3225146116861712,-0.5571872395918231,0.1610198425733635,-0.1324362491901478,0.1727297634470911,0.9937938216973085,1
14262.0,-1.4474112861963695,0.8001660338568091,0.7451553612298168,0.7865907701717123,0.5887058798168258,0.2138583372493437,1
14263.0,1.0232997359133336,-1.058145946714099,-0.7609623188467672,-0.6989435988405914,-0.7601216003714991,0.1957335540939848,0
14264.0,0.3820531327806657,0.4896629879592288,0.3522522472616454,0.0703729897301092,0.2745016951337471,-0.1353666163082348,1
14265.0,0.1579897300569208,0.0739460908215904,0.2804452018473468,0.2390885921942279,0.457567115373851,0.2787689162676852,1
14266.0,1.0308182885991817,-1.058145946714099,-2.240620581625838,-1.967436469196142,-2.515817022689194,-2.5950737857695456,0
14267.0,0.4141260756992679,-0.2017513803877423,0.35172051424469,0.042483868766071,-0.4115503779538524,0.8030244445833318,0
14268.0,1.092078996990952,-1.058145946714099,-0.6932396403097684,-0.7977873505159858,-0.6267921989603487,0.3234663915272014,0
14269.0,1.0470552368386383,-1.058145946714099,-0.824161803846996,-0.9141583819899256,-0.7601216003714991,0.0765319850215667,0
14270.0,0.8683613620879451,-1.058145946714099,-0.4573769108396426,-0.6063545425438546,-0.2941514393624997,0.7683308938002892,0
14271.0,0.62261037347245,-0.5571872395918231,-1.0393340578049992,-0.7889587489815226,-0.0789096183560038,-1.265219530373917,0
14272.0,-0.0876328522714647,0.0739460908215904,-0.0073575741364795,0.5203073447292799,0.3145288070742748,-0.2626080368691292,1
14273.0,-0.3225146116861712,0.0739460908215904,-0.3652558030263991,-0.4146533591976824,-0.5121324717856456,-0.9348126450317352,0
14274.0,1.3328038136515803,-1.058145946714099,-0.92606422595223,-0.6727062364625485,-0.8098576192004525,-0.1156678186189188,0
14275.0,0.9811023498659778,0.4896629879592288,0.1768899782718285,0.052319131491566,-0.862804573858747,-0.4648916771175131,0
14276.0,0.0968649100434169,0.654643185938614,0.5872069693526077,0.683402034342131,0.4684334074395972,0.0976782613814803,1
14277.0,-1.0784157615666077,0.9303406571479472,2.1024549119096028,3.4170824559471797,1.685402164334772,2.6108049280132097,1
14278.0,1.0033287148318906,-1.058145946714099,-1.084242202430031,-0.8730374341016977,-0.91940584661767,-0.4140098539817969,0
14279.0,1.1566531348790148,-0.5571872395918231,-1.134635200685342,-1.5522358034901935,-1.9471638881929467,-1.444099764187067,0
14280.0,0.5349521297947235,-1.058145946714099,-1.3914499226913102,-1.473214373913271,-1.2818823689972492,-0.993439295316206,0
14281.0,1.0002002930243403,-1.058145946714099,-0.958827354361155,-1.5663808849782732,-1.3785107536966998,-0.1774628841016647,0
14282.0,-1.9674812683483252,2.110890520920167,1.5361628812806225,1.5775491994937048,0.7017426726202728,0.1576808729268424,1
14283.0,1.081115906117918,0.0739460908215904,-0.2822700560826611,0.0668016455411409,-0.1220981718085144,-0.779078563095624,0
14284.0,-0.6338830081757483,-0.2017513803877423,0.240728447079187,0.0172323629805716,0.2745016951337471,0.5939784297457009,1
14285.0,-0.8741833591389503,0.8001660338568091,0.9084519427771458,0.4285327260471559,0.1083521949576072,0.5211198912971947,1
14286.0,-0.7922005967383016,0.654643185938614,1.5917944483988733,1.8888975003983448,1.5114692286462774,1.9895372463199283,1
14287.0,-1.4474112861963695,-0.2017513803877423,-1.193912492245088,-0.4221417240201969,-1.1954453334565955,-2.098791978400141,0
14288.0,0.5847888596192942,-1.058145946714099,-0.5608818922907631,-0.6369517309004904,-0.7601216003714991,0.5731084771027414,0
14289.0,-1.3798409325433134,0.4896629879592288,-0.0148618971447731,-0.3485900376463807,-0.1914684658752519,-0.8248259393773971,1
14290.0,-1.2629135238814884,0.8001660338568091,1.1379446698950637,0.76835896395332,0.8499631098416093,0.9531814713316692,1
14291.0,-2.1519790306632065,2.0119964593872464,1.5411425519046813,1.6532144392924002,1.4186162443378565,0.280027532759542,1
14292.0,-1.4474112861963695,1.5859404542672264,1.6525844035854782,1.2694974806210635,0.8499631098416093,0.9818832101221624,1
14293.0,-1.9674812683483252,0.9303406571479472,0.904826074082332,0.8197077915649662,0.5979759564957379,0.3546289155890574,1
14294.0,0.9986303407132076,-1.058145946714099,-0.6528981717674737,-0.630028288668433,-0.4772168596026035,0.3995550866947288,0
14295.0,-0.4749394310824503,0.2992073267345332,0.6712489103365872,0.4782582316648913,0.3650304751021734,0.711925020495733,1
14296.0,1.0202674598207486,-0.5571872395918231,-0.5123354574472327,-0.3009710220711328,-0.3507527121214226,-0.274430995028567,0
14297.0,-0.9682038613741812,0.0739460908215904,0.2438684601300447,0.3641902334058461,0.1083521949576072,0.2099350657869002,1
14298.0,-1.4474112861963695,3.545008616081317,3.303351190005717,3.489526778242954,2.841471467879104,1.8734367325711052,1
14299.0,-1.4474112861963695,2.202452120611942,1.978307916621889,1.8450718625421263,1.1044120596547775,0.8853044800498574,1
14300.0,-0.9353081791524545,-1.058145946714099,-2.196241682598501,-1.7848322627584738,-1.9471638881929467,-2.5113700277761724,0
14301.0,0.2030134902092342,0.0739460908215904,0.5483260405112481,0.8027731396947311,-0.1002197270566499,0.7831038854672746,1
14302.0,1.035287471833904,-0.2017513803877423,-0.1618761745971761,-0.3352573999280677,-0.4115503779538524,-0.1638198122882123,0
14303.0,0.9986303407132076,-0.5571872395918231,-0.8687131455992968,-0.5400531812013325,-0.5486003891756687,-0.9447051308845972,0
14304.0,0.6140782050718988,-0.2017513803877423,0.4446190177346365,0.29201694390368,0.4009658426149288,0.978025379914159,1
14305.0,-0.1138130260237924,-0.2017513803877423,0.4984780207992138,0.515497663780386,0.6685909679263046,1.079496423123711,1
14306.0,-0.3225146116861712,0.4896629879592288,0.878669517611887,0.9360685536106192,0.0200527453205781,0.8552032104608145,1
14307.0,0.0292945563903604,1.0480979277381186,1.2213670961639136,1.2588654631781402,1.2864824609043526,0.8075516578865234,1
14308.0,1.190162819252791,-0.5571872395918231,0.1507801034167296,-3.361978192741088,-2.515817022689194,0.9744971741144732,0
14309.0,-1.4474112861963695,1.15560189306089,1.009845332954247,1.0832166544805917,0.8831819415705221,0.2802384031732808,1
14310.0,1.0382497182035757,-1.058145946714099,-0.4581802070701443,-0.5049664126903386,-0.5121324717856456,0.7668157838099878,0
14311.0,0.6689257299564773,-0.5571872395918231,-0.4234469619381258,-0.4908819143496147,-0.2412044847042052,-0.1071210913497555,0
14312.0,-0.3738480170997701,1.15560189306089,0.8645634828587171,0.8827061002303325,1.0207326504320022,0.0070203849574954,1
14314.0,0.1462219650521856,-0.5571872395918231,-1.0052260390555283,-0.2644215674002995,-1.117253523671916,-1.201172019883069,0
14315.0,-0.4011425702790203,0.8001660338568091,0.8892030938431866,0.6537613370267374,0.5505411819726732,0.4848925535850246,1
14316.0,1.0217853899940603,0.2992073267345332,0.2788652811182987,1.4473487786039971,-0.5486003891756687,-0.0264953289560838,1
14317.0,-0.1696156146721137,-1.058145946714099,-0.4344908051660927,-0.4373791840002142,-0.4437267787202448,0.8114967472282792,0
14318.0,1.0769559442965295,-1.058145946714099,-1.2736625220424402,-0.7759341463654605,-1.1954453334565955,-0.7712785771670625,0
14319.0,1.024810514465536,-1.058145946714099,-0.4541726509934122,-0.270373833714497,-0.3805884749031534,0.7743745000319704,0
14320.0,0.5665508950955468,0.2992073267345332,0.2663616721213143,0.2372488121448318,0.3891614223084505,-0.0500094021166905,1
14321.0,-1.2629135238814884,0.654643185938614,0.6256833946252077,1.2392836912486482,1.094407142278882,0.1700482725940665,1
14322.0,1.0323114794921844,0.0739460908215904,-0.4849766778618064,-0.7506340680270399,-1.117253523671916,-1.159314034702658,0
14323.0,0.1920503993361995,-0.5571872395918231,-0.3095456197884739,-0.2297966815900328,-0.2159596295778201,0.107326732731215,0
14324.0,1.0033287148318906,-0.5571872395918231,-0.2030253907757225,-0.1389323112681091,-0.0181119525235737,0.3079285660585421,0
14325.0,1.214193871802146,-1.058145946714099,-0.9578619410587702,-0.2885608248606143,-0.6688728615528973,-0.1756420024845559,0
14326.0,0.6662919472041413,-0.2017513803877423,0.0082396030486935,0.0925520172177983,0.2031181655606824,0.1562717722393221,0
14327.0,0.4141260756992679,0.4896629879592288,0.5122806233030123,0.6298596872611718,0.6935794902722501,0.1655768121021181,1
14328.0,1.045596020739638,-1.058145946714099,-0.530441966178441,-3.628661084298931,-2.515817022689194,0.6305217132236393,0
14329.0,-1.0028785328055103,1.5110377522649707,1.7053463387678471,1.628688072678792,1.7213375318475266,1.1688216528554771,1
14330.0,1.2721455816534404,-1.058145946714099,-1.1025905688381357,-1.0298453562635617,-0.91940584661767,-0.4486170041152791,0
14331.0,0.2399724924575698,-0.5571872395918231,-0.5025402592505733,-0.4451323693240469,-0.3507527121214226,-0.2559961444299077,0
14332.0,-0.8183807704906293,0.2992073267345332,0.5305120149802799,0.3851194836668946,0.0914362748936436,0.4469739893604407,1
14333.0,-0.1411075792030422,-1.058145946714099,-0.5803539516905255,-1.4026767430063911,-0.8098576192004525,0.5363819114746416,0
14334.0,-1.0028785328055103,1.2544959545938104,1.1056354341722168,1.1785407771560248,1.0207326504320022,0.3425181965384601,1
14335.0,-1.0395356639262063,-0.5571872395918231,-0.4938892063191535,-0.1775834856216042,0.217900422374825,-0.23971416007898,0
14336.0,-1.0028785328055103,0.0739460908215904,0.3971217532186842,0.8306355177128244,0.4897435161402434,0.4983918409441288,1
14338.0,0.4062569561281632,-0.2017513803877423,-0.0016812837902632,0.1475774784982984,0.0200527453205781,0.1375997457601397,0
14339.0,0.6689257299564773,-0.5571872395918231,-0.2916844364547559,-0.056225988880909,-0.5486003891756687,0.1409601858802142,0
14340.0,0.6025224834477799,-1.058145946714099,-1.3879366448149917,-1.4026767430063911,-1.4880589811139169,-0.9868128451885968,0
14341.0,-0.4011425702790203,1.7233615276208618,1.1300473104314488,1.1407003457684022,1.2026961322161416,-0.1608105675827342,1
14342.0,-0.8741833591389503,0.4896629879592288,-0.0092126255707565,0.0312405020086414,-0.3507527121214226,-0.8142286127833029,1
14343.0,1.0202674598207486,0.0739460908215904,0.1133499040453012,0.1570110879448586,1.2372441024225518,-0.0356198764045442,1
14344.0,0.2551824986059697,1.847016261407861,0.9191802941502089,0.7961116255209985,0.9754580982530536,-0.6991672958464805,1
14345.0,-0.4907754257615954,-1.058145946714099,-1.5393678814677068,-1.4985144522516916,-1.4880589811139169,-1.2724297456350957,0
14346.0,0.2243929765656181,0.2992073267345332,0.6567277430974073,0.8736675095687282,0.8700553726182927,0.6845831473230125,1
14347.0,1.3787288112420826,-1.058145946714099,-1.7369941658240935,-1.5248267984910486,-1.4880589811139169,-1.645175871416784,0
14348.0,0.7121203814881557,-1.058145946714099,-0.5901680528003423,-0.6545860563214968,-0.6688728615528973,0.5178713769137778,0
14349.0,-1.3187161125298097,-1.058145946714099,-1.394337218274193,-1.147237218205978,-0.2412044847042052,-0.9988850701331092,0
14350.0,0.7456300658619328,-0.2017513803877423,0.0316090669730309,0.0583923135040178,0.217900422374825,0.2002574038659542,0
14351.0,0.4218998096527606,-1.058145946714099,-2.079131654021814,-2.397537599248726,-2.515817022689194,-2.290486912029164,0
14352.0,0.3902229910202726,0.0739460908215904,0.1067412572851109,0.052319131491566,0.0384893202353487,-0.0480501797190409,0
14353.0,0.5907547184430448,-0.2017513803877423,-0.6506804897060932,-0.2411369787048411,-0.6688728615528973,-1.0822290249676318,0
14354.0,-1.608585561882396,-0.5571872395918231,-1.2487229318810815,-0.5645293427226981,-1.1954453334565955,-1.6580803213127586,0
14355.0,0.9307105862349312,-0.2017513803877423,0.0623583830597932,0.2335537409722953,0.2466890975132978,0.2581377188358986,0
14356.0,-0.0382757972626953,-0.5571872395918231,-0.2034152222249504,-0.3831542564881224,-0.1914684658752519,0.3071943439430905,0
14357.0,-0.4296506057480915,-1.058145946714099,-1.017919465269434,-0.7933582365477243,-0.0581390644641013,-0.2889174685819452,0
14358.0,0.9696934685856776,-0.5571872395918231,-0.6070554388451083,-0.2526762385191352,-0.5486003891756687,-0.4526674389092185,0
14359.0,-0.9353081791524545,-0.2017513803877423,-0.0141355563599509,-0.191578076103695,0.0384893202353487,0.1141604356719731,1
14360.0,-0.6141483680629726,0.0739460908215904,0.5959061284546554,0.5518840134438602,0.7336066022127771,0.8727149375977563,1
14361.0,1.2242234885320706,-1.058145946714099,-1.0539501139402505,-0.4477372081299453,-0.862804573858747,-0.3568754567877479,0
14362.0,-0.8456753236698794,-1.058145946714099,-1.2593946613565827,-1.0490970995891926,-0.1002197270566499,-0.7443677347598066,0
14363.0,0.9907224082272228,-0.5571872395918231,-1.012537626844883,-1.017316959584883,-1.2818823689972492,-1.214902729015818,0
14364.0,0.1579897300569208,0.8001660338568091,0.997650944277822,0.9041055706077212,0.3014022381220454,0.6890230856750204,1
14365.0,0.9794848831855826,-0.5571872395918231,-0.2751615797839191,0.0751048154541481,0.1411722937225966,0.1720747003299341,0
14366.0,1.1615487708569847,-1.058145946714099,-1.3810662509666332,-2.2210947581379226,-2.515817022689194,-0.973854484422416,0
14367.0,-1.4474112861963695,1.5859404542672264,1.6553335293447498,1.4391032323832311,1.5114692286462774,0.9870599811749996,1
14368.0,0.8448238506952722,-1.058145946714099,-1.28747915595153,-1.709582179172762,-1.2818823689972492,-0.7973383534651874,0
14369.0,1.2903547758033207,-0.5571872395918231,-0.4925544758528878,-0.4373791840002142,-0.4437267787202448,-0.2372020517811976,0
14370.0,1.0643116644325106,0.4896629879592288,0.168609866430454,-0.4097080656836057,-0.1002197270566499,-0.4804432312114698,0
14371.0,0.7928241333268481,-1.058145946714099,-1.5971880837454104,-1.7461316338435953,-1.7640984679528429,-1.3814853627111197,0
14372.0,1.0528591244028265,-0.5571872395918231,-0.0564672323770859,-0.1793166116278707,-0.1220981718085144,0.5839987361949331,0
14373.0,0.9165761254464796,-1.058145946714099,-1.7911255781340631,-2.183500472526469,-1.7640984679528429,-1.7472740021757764,0
14374.0,1.180765944929144,-1.058145946714099,-1.5458176577854816,-2.0821123426729526,-1.3785107536966998,-1.2845947728855882,0
14375.0,0.4948562494227654,-0.2017513803877423,0.141919450408497,0.1855235806138911,1.1620071460508272,0.4079198294150397,1
14376.0,1.329997134341211,-1.058145946714099,-1.0514490360738733,-1.4985144522516916,-0.7132292345010023,-0.3521581334417843,0
14377.0,0.5152174896819478,-0.5571872395918231,-0.2954289337414718,-0.5370567252723396,-1.0458699940988507,0.1339090082478808,0
14378.0,1.270090050410331,-1.058145946714099,-1.4064937172975305,-1.4139201097638212,-1.1954453334565955,-1.0218136392188204,0
14379.0,-0.4152381970004986,0.0739460908215904,0.2234932223339365,0.2372488121448318,0.6428173386552047,0.1715943073774968,1
14380.0,1.3290588383452664,-1.058145946714099,-2.107970536795234,-3.628661084298931,-2.515817022689194,-2.3448803944582504,0
14381.0,-0.3102985242592435,-0.5571872395918231,-0.2789577134609497,-0.0605578658272451,0.7336066022127771,0.1649260266943704,0
14382.0,-0.7428435417295326,-0.5571872395918231,0.2108367016867489,0.8085954344762845,1.3697273015336937,1.0876763039144215,1
14383.0,-0.5070123740010525,-0.2017513803877423,0.2113504853890138,0.3266852938434061,0.1249263557760024,0.5386550101991018,1
14384.0,1.131598183073706,-1.058145946714099,-1.9820442687011257,-1.8259532106467025,-1.9471638881929467,-2.107368827011184,0
14385.0,-1.3798409325433134,-0.2017513803877423,-1.097320604778943,-0.74651041226979,-0.91940584661767,-1.9185081435473208,0
14386.0,0.7971428378544745,-1.058145946714099,-1.3481661274857475,-1.448851553929116,-1.3785107536966998,-0.911801030322534,0
14387.0,-0.5950029105353472,-0.2017513803877423,0.4633891205142699,0.3282914507803025,0.8831819415705221,1.013387527295417,1
14388.0,-1.3187161125298097,1.5859404542672264,1.4221710856493666,1.427443328566434,1.1982735174240835,0.5481278128577188,1
14389.0,-0.1696156146721137,0.2992073267345332,0.5134503005114672,0.6749334074054485,0.1083521949576072,0.414860462372425,1
14390.0,-1.3187161125298097,1.3460575542855853,1.3890394229615788,1.1615894179635753,1.253987399012523,0.7673520927594029,1
14391.0,1.22200820066849,-1.058145946714099,-1.383173250004652,-0.7105166998701326,-0.862804573858747,-0.9778285293274492,0
14392.0,1.0367703053241684,-1.058145946714099,-0.899158956114114,-0.9637172845910724,-0.862804573858747,-0.0649213547670592,0
14393.0,0.5996007235020872,-1.058145946714099,-1.8758250241168148,-2.348795234230796,-1.614523128595098,-1.9070269947938647,0
14394.0,1.2085533323744282,-1.058145946714099,-1.646396950354697,-1.4026767430063911,-1.4880589811139169,-1.474299000545052,0
14395.0,-2.1519790306632065,1.847016261407861,1.5683263600381985,1.3825068078547351,1.6503800698286364,0.5206178295621855,1
14396.0,-0.1696156146721137,0.654643185938614,0.5937708653344191,0.473773025222143,1.274447139088575,0.1100234810992386,1
14397.0,-1.9674812683483252,1.7867352234743037,0.7437040371906484,0.8778546066090467,-0.6688728615528973,-0.9588168963921953,1
14398.0,0.9891290528763732,-0.5571872395918231,-0.196714927159106,-0.4072492929554593,0.1411722937225966,0.319813991122562,0
14399.0,0.9778633268252848,0.8001660338568091,0.5907878694495683,0.4381047173816584,0.8431548296299944,-0.0764315156181908,1
14400.0,0.3568999011193944,-0.2017513803877423,0.4477267872768803,0.8105248020633823,0.4240770344914922,0.9838802245806422,1
14401.0,-1.8243736859341724,1.9594133665673956,1.4323030841518127,1.679948351115749,1.1384985731749109,0.1355745690637284,1
14402.0,1.3002519660332574,-1.058145946714099,-0.8491916929454245,-0.4770927103734043,-1.2818823689972492,0.0293227070625691,0
14403.0,0.2700401175059993,0.4896629879592288,0.5067790117315504,0.258993633508788,-0.586765087019821,0.1552275315585022,1
14404.0,-0.5764124726865254,1.3460575542855853,0.8185609509965854,0.7909716100593444,0.8700553726182927,-0.3055700641519519,1
14405.0,0.9663961595288088,-1.058145946714099,-1.1229975331708768,-1.0490970995891926,-2.183176263091345,-0.4871069090323652,0
14406.0,0.2137923187052415,-1.058145946714099,-1.2794405831816866,-1.2190598790341067,-1.2818823689972492,-0.7821766715738767,0
14407.0,0.1462219650521856,0.4896629879592288,0.605821255244971,0.6875958058650042,0.3771846686209953,0.3415700380199654,1
14408.0,-1.2629135238814884,1.15560189306089,1.069948298901769,1.0468489860906776,0.3274486497920416,0.3933127125442879,1
14409.0,-0.1138130260237924,0.9303406571479472,1.0051196762411725,1.035178780865838,0.4791576523996084,0.5433631157077603,1
14410.0,0.0503234960319062,1.15560189306089,0.7541530331570971,0.6697039397937106,1.6164639213921022,-0.2005010814819373,1
14411.0,0.8265858861715248,-1.058145946714099,0.0960126249959458,-0.609684782260171,-0.862804573858747,1.8120878323199705,0
14412.0,-0.4296506057480915,-0.2017513803877423,0.3076307201500476,0.6936066541705707,0.4684334074395972,0.7199788596253622,1
14413.0,0.9236822945372614,0.0739460908215904,-0.1357463587968558,-0.3760945721938142,0.6428173386552047,-0.5039046081817168,0
14414.0,0.0503234960319062,0.8001660338568091,0.6822662033487848,1.1540907045116746,0.6935794902722501,0.0955724095408811,1
14415.0,-2.4120140217391843,2.0119964593872464,1.847456308260073,1.669906615012698,1.9201891572919485,0.8564640492540632,1
14416.0,-0.8456753236698794,-0.5571872395918231,-0.4609328013150688,-0.2763804593773598,-0.91940584661767,-0.1776837628880256,0
14417.0,0.9680469331528012,-1.058145946714099,-0.3105688686692594,0.0867875549134829,0.7490861757345402,1.0452279124879582,0
14418.0,-1.8243736859341724,-0.2017513803877423,0.5281884528362935,0.8124485265667072,0.8082392174469527,1.135474779640112,1
14419.0,-1.2629135238814884,0.654643185938614,0.218939372181538,0.0739250466377289,0.8362895757000253,-0.5943411949099946,1
14420.0,0.0968649100434169,0.0739460908215904,0.4078597654892208,0.5339424266269587,0.5698454386786636,0.5186077259411344,1
14421.0,-0.2524823540546596,0.4896629879592288,0.7029916941203435,0.6527825854490907,0.435392980203531,0.5244485118988882,1
14422.0,-2.4120140217391843,1.7867352234743037,1.7299121964892965,1.6447067555192718,1.642676792037434,0.894338689808,1
14423.0,0.5996007235020872,-0.2017513803877423,-0.010648281556825,-0.1117564993005878,-0.9802035124500996,0.1207235016183362,0
14424.0,-0.9682038613741812,-1.058145946714099,-0.7628556575473588,-1.5248267984910486,-2.515817022689194,0.1921624974011139,0
14425.0,1.0411983450016138,-0.2017513803877423,-0.2455025316069713,-0.2783949201827544,-0.144576100004755,-0.3211004676721789,0
14426.0,-0.7922005967383016,1.6565606001831652,1.8254534261932036,1.740933824816563,1.932965280678352,1.225183141093915,1
14427.0,-0.3349679194593694,0.0739460908215904,0.2204282310142895,0.052319131491566,0.0200527453205781,0.1658270312312877,1
14428.0,-1.5229485149574664,0.2992073267345332,0.2096981455931815,-0.0856591296733116,0.7642790739473241,-0.1565544138165067,1
14429.0,0.9938972919331752,-1.058145946714099,-0.4236837403013597,-0.3621985425239267,-0.5121324717856456,0.8318801267595983,0
14430.0,1.1454993720263298,-0.2017513803877423,0.1957222772450689,-0.070777930661493,-0.2941514393624997,0.5092260450812967,0
14431.0,0.8099271521892553,0.0739460908215904,0.7440457882681344,0.5803757443919417,0.435392980203531,1.1517681502667136,1
14432.0,-1.3187161125298097,0.4896629879592288,0.6377430176966087,0.9376584043697592,1.4679533363137638,0.4016420889923779,1
14433.0,1.0852490581173193,-1.058145946714099,-0.8392041019069265,-0.8582565662530369,0.435392980203531,0.0481604637790722,0
14434.0,-0.8456753236698794,0.4896629879592288,0.2801567705448543,-0.1969037808196001,-1.9471638881929467,-0.2708777318564944,0
14435.0,1.1328744525473045,-1.058145946714099,-1.6725581831995842,-0.3714298651318708,-1.9471638881929467,-1.523642124210825,0
14436.0,0.0968649100434169,-0.5571872395918231,-0.8850161442999462,-0.3374608222193361,-1.0458699940988507,-0.9753433898726004,0
14437.0,0.9307105862349312,0.2992073267345332,0.021774187970444,-0.014407610016013,-0.1676872918813187,-0.5097053984331282,0
14438.0,0.816224995258786,-1.058145946714099,-1.4029607247219371,-1.178194505634738,-1.1954453334565955,-1.0151500048785982,0
14439.0,0.8448238506952722,0.2992073267345332,1.6693185886597777,0.9907193431217984,0.7413828979433381,2.592678043139372,1
14440.0,-1.4474112861963695,1.3460575542855853,1.4154445724084852,0.8291389961597865,0.3274486497920416,0.8170637610701265,1
14441.0,-2.4120140217391843,1.15560189306089,1.1529612374239029,0.611345600297109,0.7257558910386418,0.5495258195892141,1
14442.0,0.5603544681590024,0.654643185938614,1.262237694193521,0.6949860065226161,0.9024861982765124,1.3685119984486525,1
14443.0,-0.2865430233339383,0.2992073267345332,0.6783951768680593,0.7346439119023295,0.8431548296299944,0.7253810526039912,1
14444.0,1.071367018304198,-1.058145946714099,-1.402202034405449,-0.6653981508446892,-1.0458699940988507,-1.0137190268229206,0
14445.0,1.071367018304198,-1.058145946714099,-1.0311317254332408,-1.1703175140161766,-0.2159596295778201,-0.3138373258009253,0
14446.0,-2.4120140217391843,0.2992073267345332,0.2076592815365457,0.5315913215718552,1.4774744457749929,-0.1603876234771565,1
14447.0,-0.9353081791524545,0.4896629879592288,0.4390533019743355,0.3996714254474786,0.5307717179635321,0.0278439086239459,1
14448.0,-1.3798409325433134,-0.5571872395918231,-0.6528790246243567,-1.0235513279573645,-0.586765087019821,-0.5388741154174689,0
14449.0,-0.9353081791524545,0.8001660338568091,0.7068985401964804,0.83769786182438,1.6003245210805033,0.1418990400704187,1
14450.0,0.4809138481706168,0.654643185938614,0.1390223400198399,0.0324992984480111,0.0914362748936436,-0.7443198538914286,0
14451.0,-0.2201397768252409,1.2544959545938104,0.91377294887895,0.8298876825682382,1.4320656120576276,-0.0183039348560261,1
14452.0,-1.2629135238814884,0.0739460908215904,-0.2409479087566789,-0.3553590950482323,0.7642790739473241,-0.7014995440705764,1
14453.0,0.5118685254199581,-1.058145946714099,-1.4709739819052,-1.5115390548677536,-0.5121324717856456,-1.143430907388191,0
14454.0,0.9479515492166356,0.2992073267345332,0.0355013201270547,-0.142204561494289,0.6428173386552047,-0.4839208692559537,0
14455.0,1.0367703053241684,0.0739460908215904,-0.2825334119450418,0.2427527851742844,0.3526935049184267,-0.7795729262047205,0
14456.0,-1.7074462772723475,0.9303406571479472,0.8580326971553559,1.1611373760634407,2.137127174058685,0.2665937678365531,1
14457.0,0.8265858861715248,-1.058145946714099,-1.5094645247068776,-1.132288371569837,-1.7640984679528429,-1.2160285416314516,0
14458.0,0.9564012788108172,-1.058145946714099,-0.9818195233862752,-0.2723699534220584,0.0741642041589574,-0.2208287853295413,0
14459.0,0.3820531327806657,-0.5571872395918231,1.2634074352994265,1.0077814277722483,0.8010741670374462,3.0721109351889915,1
14460.0,0.1637936176211079,0.9303406571479472,0.1163782068467589,0.8740174542105597,-0.1914684658752519,-1.1258993645390374,1
14461.0,0.3526100844636154,1.3460575542855853,1.4235138228872886,1.1875073527641242,2.039792467269007,0.8322560008728702,1
14462.0,-0.1599714449813229,1.2544959545938104,0.64235862911689,0.5051587953623482,1.189356113787718,-0.5281651761591392,1
14463.0,0.0904193764038643,0.0739460908215904,-0.12076947786563,-0.5645293427226981,-1.3785107536966998,-0.4757647827135155,0
14464.0,1.2119436056379256,-0.5571872395918231,-1.5262528408424665,-1.3595320367867216,-1.7640984679528429,-2.177683940406771,0
14465.0,0.6793540117376464,1.15560189306089,1.040658376545012,1.0737307466405912,0.9024861982765124,0.3382053349023434,1
14466.0,-0.6752731880764764,1.3460575542855853,1.1584408466802585,1.0985629147295854,0.4897435161402434,0.3333752315823706,1
14467.0,-0.9682038613741812,1.2544959545938104,0.6266342230365552,0.577087132846628,0.9984076522496488,-0.5576787077360074,1
14468.0,1.376116485027959,-1.058145946714099,-1.0898031450212669,-0.7262712480428852,-0.9802035124500996,-0.4244984375896303,0
14469.0,1.01262344562185,0.0739460908215904,0.5904639973914119,0.4461998465088715,0.8499631098416093,0.8624649428362157,1
14470.0,-1.2115801184678894,-0.2017513803877423,-0.1924070562591995,-0.3714298651318708,0.2324210325411989,-0.2212468891231223,0
14471.0,1.2373568867177072,-0.5571872395918231,-0.6054581282938917,-0.6404409748334174,-0.0789096183560038,-0.4496622106034459,0
14472.0,0.1281552717803115,0.9303406571479472,0.6289751115190891,0.6344079101101008,1.147982991607394,-0.1641113834221373,1
14473.0,-0.0876328522714647,-0.5571872395918231,-0.9911890699689396,-1.132288371569837,-1.3785107536966998,-1.1748097816595529,0
14474.0,-0.3873500989396135,-0.5571872395918231,0.2286779172615003,-0.0605578658272451,0.8634124775613803,1.1213002929069718,1
14475.0,-0.10496702096475,0.0739460908215904,0.153367784274274,0.05596976587096,-0.0378814165327151,0.0396569411234358,1
14476.0,0.7047061347631505,-1.058145946714099,-1.0506505210885495,-0.8680734789258341,-0.7132292345010023,-0.3506520414352103,0
14477.0,-0.9040178174155592,0.654643185938614,0.5401161148818366,0.5339424266269587,-1.3785107536966998,0.0091204556652106,1
14478.0,0.9580779469522994,0.0739460908215904,0.2278774898508097,0.5933681854012492,0.2745016951337471,0.1798441151813821,1
14479.0,0.6972051697365015,0.0739460908215904,0.2404292112322068,0.145462618352032,0.8961017842882889,0.2034631412758143,1
14480.0,-1.2629135238814884,0.0739460908215904,0.2406564201754732,0.196395248611044,0.1727297634470911,0.2038906973034523,1
14481.0,0.4218998096527606,0.2992073267345332,0.655401509107422,0.7617527972924533,0.8082392174469527,0.6820860313632368,1
14482.0,-0.9682038613741812,1.2544959545938104,1.1121834652511324,1.1572824241696034,1.2026961322161416,0.354837313889243,1
14483.0,0.7640205789835691,-0.5571872395918231,-0.9246669147569696,-0.6197778847530964,-0.91940584661767,-1.0498484792700669,0
14484.0,-0.3349679194593694,0.0739460908215904,0.1013969077622045,0.2652027781678645,0.0914362748936436,-0.0581022164808019,1
14485.0,-0.4907754257615954,-1.058145946714099,-1.239459060287024,-1.2717056438696923,0.0384893202353487,-0.7067668757039997,0
14486.0,1.1454993720263298,-0.5571872395918231,-1.1985112160568436,-1.1176717491805908,-1.7640984679528429,-1.5639276596704998,0
14487.0,-0.7195200551006783,0.654643185938614,0.3213438582475023,0.3425730455396911,0.9088213112787455,-0.4020467407438021,1
14488.0,-0.1411075792030422,-1.058145946714099,0.0968789829693769,0.3120506024457988,0.0741642041589574,1.8137218840818008,1
14489.0,0.5665508950955468,0.0739460908215904,0.3790689553078211,0.4666624593327295,0.3526935049184267,0.4644060602510897,1
14490.0,0.9970565357545048,-0.5571872395918231,0.2260760977823332,0.4139083652637922,0.435392980203531,1.116396799717292,1
14491.0,0.4594149010336265,-0.5571872395918231,-0.4940888612836936,-0.669042043482492,-0.7132292345010023,-0.2400899316454995,0
14492.0,1.033801201878248,0.654643185938614,0.5224627345567445,0.2713538538233589,0.4126028186801636,-0.0240735541160155,1
14493.0,-1.5229485149574664,1.0480979277381186,1.2297178151061112,1.2205485773885911,1.5755040145163772,0.8232743458207175,1
14494.0,-0.7428435417295326,-0.2017513803877423,-0.6045444087737041,-0.5645293427226981,-0.7132292345010023,-0.9956553109677456,0
14495.0,-0.3225146116861712,-0.2017513803877423,-1.2013747748086052,-1.29969799342043,-1.3785107536966998,-2.112709196904447,0
14496.0,0.8286381285590276,0.654643185938614,0.7587815327364892,0.4535338609952382,0.3401681767824983,0.4204685794282038,1
14497.0,0.8224615941517993,-0.5571872395918231,-0.2077070222804557,-0.2644215674002995,-0.0378814165327151,0.299111055794573,0
14498.0,-0.4296506057480915,1.0480979277381186,1.0342842766937466,0.9539689630451876,1.5294347580327998,0.4554051996716602,1
14499.0,-0.7428435417295326,0.654643185938614,0.5995317195907134,0.606108940955952,1.2622326247684963,0.1208586202465493,1
14500.0,0.0221288371626836,-0.2017513803877423,-0.6892009963761722,-0.9467793286780029,-1.4880589811139169,-1.154489918432988,0
14501.0,0.4913989623501418,-0.5571872395918231,-0.9413018315143644,-0.7383398607540069,-1.1954453334565955,-1.0811013675997323,0
14502.0,-0.9040178174155592,1.15560189306089,0.7033707971330615,0.7250610532113828,1.7647063716554765,-0.2959095568073058,1
14503.0,-1.9674812683483252,0.4896629879592288,0.9630980498252114,0.9163564532213,0.8010741670374462,1.0142072472092392,1
14504.0,-0.3738480170997701,0.0739460908215904,-0.2327038698217613,-0.3136198914928544,0.5698454386786636,-0.6860195998791111,0
14505.0,-1.0028785328055103,1.7867352234743037,1.8420875960872176,1.5660449958351903,2.49525522382829,1.105571761541231,1
14506.0,-1.0028785328055103,0.654643185938614,0.909821456829906,0.5088263937438549,1.451835076066769,0.7047708888137025,1
14507.0,-0.7922005967383016,1.15560189306089,0.908454136079861,0.7415266006218392,1.189356113787718,0.0895442662167481,1
14508.0,-0.8456753236698794,0.2992073267345332,-0.0441377536618397,-0.2131446291541037,0.9870131210634252,-0.6334828250940824,1
14509.0,1.1724291954243062,-1.058145946714099,-1.5265746060443293,-1.6749572933624948,-0.4115503779538524,-1.248300142299931,0
14510.0,0.9479515492166356,-0.2017513803877423,0.0572522922685876,0.3298936950289469,0.3771846686209953,0.24852603666455,0
14511.0,-1.2629135238814884,0.2992073267345332,0.2490789011420882,0.2996012540141724,0.1880646595930938,-0.0825090933694278,1
14512.0,0.5051176715181148,0.654643185938614,0.1972362960535987,0.2634347100633524,0.217900422374825,-0.6350790745859743,1
14513.0,0.1095648339314894,0.4896629879592288,-0.119453141954357,0.1162257633423767,-0.8098576192004525,-1.020940381800182,0
14514.0,-0.2097114950440718,0.9303406571479472,1.1509729441617127,1.060690649826981,1.3138967127742598,0.8179300548368953,1
14515.0,-0.9682038613741812,1.2544959545938104,1.003808520474016,0.8871792392108516,0.7717713000569296,0.1509847127949631,1
14516.0,1.1504805636606206,-1.058145946714099,-1.247410933295176,-1.29969799342043,-0.144576100004755,-0.7217650317749374,0
14517.0,-0.5950029105353472,-0.5571872395918231,-0.7444250477149453,-1.110483470649885,-0.7132292345010023,-0.711052722062447,0
14518.0,-0.1794070292720186,-1.058145946714099,-1.2031394768767116,-0.3807925988742401,-0.7601216003714991,-0.6382639230209183,0
14519.0,1.3309340595609251,-0.5571872395918231,-1.0833369345250394,-1.178194505634738,-0.0789096183560038,-1.3478271053183517,0
14520.0,-2.1519790306632065,-0.5571872395918231,-0.8879287055804338,-0.8022464926048176,-1.9471638881929467,-0.9808167072754276,0
14521.0,1.1186938201661043,-1.058145946714099,-1.1068200871782978,-0.5614195452564948,-0.7132292345010023,-0.4565943669461008,0
14522.0,-0.7922005967383016,0.8001660338568091,0.458516010057124,0.4381047173816584,-0.1676872918813187,-0.3250081946668042,1
14523.0,0.1521328382198956,-1.058145946714099,-0.9708119343089904,-0.4477372081299453,-0.9802035124500996,-0.200067193843281,0
14524.0,-0.6141483680629726,1.3460575542855853,0.8271071668184594,0.5660047992357687,1.448573071542019,-0.2895169403582419,1
14525.0,-0.9040178174155592,1.6565606001831652,1.5711849687336956,1.547711850569603,1.6999657371393233,0.7463865081780834,1
14526.0,0.9696934685856776,-1.058145946714099,-0.9100196463697764,-0.669042043482492,-0.0181119525235737,-0.085405878014041,0
14527.0,-1.9674812683483252,4.030991185973982,2.4471348629940204,1.7160283810723251,2.1743928109283392,-0.2767709257355559,1
14528.0,-0.5236711079833221,-1.058145946714099,-0.6745109788253638,-0.3807925988742401,-0.6688728615528973,0.3587908223443055,0
14529.0,-0.2201397768252409,-0.2017513803877423,-0.291951256214947,-0.2335550971816399,1.1666290909919852,-0.4084357754307346,0
14530.0,-0.7428435417295326,1.5859404542672264,1.3658820988040383,1.1846775048758158,1.5084363488256922,0.4422068164820313,1
14531.0,1.1041925298164252,-1.058145946714099,-0.6509859714159731,-0.4246569123197467,-0.2941514393624997,0.4031617186519175,0
14532.0,0.6502579820962507,1.15560189306089,1.024625479385723,0.5310022297825363,1.3022597367090245,0.3080427037276218,1
14533.0,-0.7670473650770303,1.15560189306089,0.9472932714764188,1.641555860383506,0.457567115373851,0.1625829607689689,1
14534.0,-1.9674812683483252,2.1575193073054413,1.374400682280842,1.1492738949397223,1.9053400087938743,-0.1994692056721363,1
14535.0,-0.2201397768252409,0.9303406571479472,1.34624065633813,1.2322189515873527,2.1497380756855766,1.185667427081612,1
14536.0,0.7121203814881557,-1.058145946714099,-1.213777717108082,-1.6420643925920622,-0.6688728615528973,-0.6583288796854241,0
14537.0,-0.2415192631816249,-0.5571872395918231,-0.2675839154076552,-0.5106857612406167,-0.4772168596026035,0.1863447246384886,0
14538.0,-0.1696156146721137,0.2992073267345332,0.2791279664563302,-0.3667980083921493,0.0565206627106016,-0.0260013146043687,1
14539.0,-1.0395356639262063,-0.5571872395918231,-0.3947403654661789,-0.0978113633798804,-0.2412044847042052,-0.0530795015813453,0
14540.0,-1.3187161125298097,1.15560189306089,1.0126086014064,0.7761185682899702,1.253987399012523,0.285436529661248,1
14541.0,-0.2307404346856175,1.4312993642702228,0.7117791532192745,0.5392018846386105,0.6935794902722501,-0.6062596670471481,1
14542.0,0.4982949986740278,-1.058145946714099,-1.5779244220444886,-2.1142026552549544,-1.614523128595098,-1.3451518593475746,0
14543.0,-0.6752731880764764,2.6431297898006605,1.998268427491829,1.1116118958900565,0.7490861757345402,0.4241945612982835,1
14544.0,-0.7922005967383016,-0.2017513803877423,0.8389717363475666,1.045232963315034,1.0207326504320022,1.721157258154613,1
14545.0,1.3215026366622098,-1.058145946714099,-0.7046697671802828,-0.4881008491540746,-0.4772168596026035,0.301907844686872,0
14546.0,-1.7074462772723475,1.15560189306089,1.239170022294977,1.111368069774639,1.8531419296390843,0.7117940434056275,1
14547.0,-1.8243736859341724,0.8001660338568091,1.0518014042261563,1.1045039797879803,1.258120370257919,0.7909722516989213,1
14548.0,0.3653943987983962,0.9303406571479472,0.7476984464420791,0.4731297773089598,0.3650304751021734,0.0590761704163847,1
14549.0,0.8265858861715248,0.0739460908215904,-0.0106954007066231,-0.1504571282154663,0.8293663864529791,-0.2688830961128082,0
14550.0,-1.2629135238814884,0.0739460908215904,0.2698605584533818,0.2928639767816046,0.4897435161402434,0.2588488528958616,1
14551.0,-0.9682038613741812,0.654643185938614,-0.0399543987854201,-0.0130584383864058,0.4009658426149288,-1.0798673868596296,1
14552.0,0.3695998250074675,-0.2017513803877423,-0.4306828352812982,-0.4221417240201969,0.8766449105123539,-0.6691736989002318,0
14553.0,-0.9353081791524545,0.9303406571479472,0.4916972913296323,0.5455735155569927,1.3910374102343397,-0.4220137390175975,1
14554.0,-1.3187161125298097,0.0739460908215904,0.6767544118685962,0.7162265222834185,1.0152080971839796,1.0250012242650517,1
14555.0,-0.2524823540546596,0.4896629879592288,0.6566904177845982,0.3526980201478962,0.6514988276797011,0.4373011023459815,1
14556.0,1.242750738519486,-0.2017513803877423,-0.0774740983946053,-0.2663996769779623,1.074023657541187,-0.005030549196484,0
14557.0,0.0001383902963132,-1.058145946714099,-0.119115304698424,0.0172323629805716,-0.7601216003714991,1.4063315706862416,0
14558.0,1.3022132067018704,-0.2017513803877423,-0.2519387346485393,-0.7342923345111426,-0.91940584661767,-0.3332031878839979,0
14559.0,0.9713357875339578,-1.058145946714099,-1.800007474554377,-1.2626334870875635,-2.183176263091345,-1.764026290420472,0
14560.0,-1.5229485149574664,2.7886526377188545,1.3561241727721918,1.459813673648268,0.2880622196936218,-0.9448485830814572,1
14561.0,-0.070754899282162,-0.2017513803877423,0.1079412905766109,0.4686093406915149,0.3771846686209953,0.3439486008688991,1
14562.0,-1.8243736859341724,2.1575193073054413,1.4252181771847738,1.0885403064838823,1.4320656120576276,-0.1039889726405516,1
14563.0,1.1429941922828974,-0.5571872395918231,-0.2261292826710985,-0.2585226853594002,0.6600894093898906,0.2644148775399131,0
14564.0,1.0411983450016138,-0.5571872395918231,0.7416777652967481,0.6293523822311577,0.7567177940893411,2.088336737989738,1
14565.0,0.0773306527470905,0.2992073267345332,1.0246329462854438,0.8950194883534217,0.9696189771111754,1.3775581204869425,1
14566.0,0.1695454516810397,0.0739460908215904,1.066826573052048,1.034904901645222,-1.1954453334565955,1.7600078059187465,1
14567.0,-0.2524823540546596,-0.5571872395918231,0.3583956097920271,-0.1228108929382556,-0.1914684658752519,1.36578800097387,1
14568.0,1.0411983450016138,-1.058145946714099,-0.008225801176443,0.1714218258238153,0.0914362748936436,1.6154820536915022,0
14569.0,-2.4120140217391843,0.0739460908215904,-0.3168111226148371,-0.4297163291046267,-0.2412044847042052,-0.8439105029308138,1
14570.0,0.7617503989180828,-0.2017513803877423,-0.2992867583680246,-0.093227923655073,0.3401681767824983,-0.4222267451561094,0
14571.0,1.0263177424185734,-1.058145946714099,-1.2573982499153893,-1.4139201097638212,-0.2672508963742018,-0.740602270906683,0
14572.0,-1.9674812683483252,1.15560189306089,1.294803166796883,1.1667656915897076,1.6902854707597983,0.8165307368100185,1
14573.0,0.4773803670621637,1.3460575542855853,0.7460324485807621,0.3410014296454213,1.193826931703096,-0.4417743246963561,1
14574.0,1.3752433396257897,-1.058145946714099,-1.3416629864733216,-1.3491740126569909,-1.0458699940988507,-0.8995353510598381,0
14575.0,1.11477132965806,-1.058145946714099,-0.5055772255175244,-0.6800964371201603,0.4240770344914922,0.6774195020481728,0
14576.0,0.94111068223374,-1.058145946714099,-1.8466389318238423,-1.967436469196142,-2.515817022689194,-1.8519786348839364,0
14577.0,-1.1640528084915374,0.654643185938614,0.2809169314552905,0.0936988718044614,0.7336066022127771,-0.4779744805195964,1
14578.0,-1.9674812683483252,-1.058145946714099,-1.2271196881172584,-0.4770927103734043,-0.4437267787202448,-0.6834933866241557,0
14579.0,1.0367703053241684,-1.058145946714099,-1.5621316529957308,-1.4253590231077382,-0.4437267787202448,-1.3153648626560124,0
14580.0,1.1529567258055489,-1.058145946714099,-2.9352498064204275,-3.172763669970543,-2.515817022689194,-3.905225182078753,0
14581.0,-1.0028785328055103,-0.5571872395918231,-0.5488494449700869,-0.3114947816027251,0.2745016951337471,-0.3431465144594915,0
14582.0,-0.4594850640247002,-1.058145946714099,-1.5065162830832115,-1.2536847648443734,-1.4880589811139169,-1.210467815502997,0
14583.0,-1.608585561882396,0.8001660338568091,0.4676353234759092,0.5541638110082504,1.7306602805470743,-0.3078758357179956,1
14584.0,0.4371701786605239,0.8001660338568091,0.4541166880110939,0.434702118283372,0.8961017842882889,-0.3332728485615513,1
14585.0,-0.3349679194593694,0.2992073267345332,0.1484224377185869,0.1559695660505654,0.5979759564957379,-0.2717415044017338,1
14586.0,0.752588454545872,-1.058145946714099,-0.9820008883331448,-0.0737273568542482,-0.6267921989603487,-0.2211708606841348,0
14587.0,-0.9353081791524545,0.9303406571479472,0.3909548954379016,0.2800424998431318,1.133714926635295,-0.6111442589414119,1
14588.0,1.2231168011153777,-1.058145946714099,-1.3842818956909069,-1.3595320367867216,-0.7601216003714991,-0.979919563856394,0
14589.0,0.94111068223374,-1.058145946714099,-1.764222740755916,-2.5074125686447046,-1.9471638881929467,-1.6965321262259392,0
14590.0,1.0263177424185734,1.847016261407861,0.8447908309001376,0.393162863870899,0.8766449105123539,-0.8386373483661371,1
14591.0,-1.0784157615666077,0.0739460908215904,0.3181315626998305,0.630366601304611,0.9637379981128577,0.3496989195162162,1
14592.0,-0.5583457794146515,-0.2017513803877423,-0.3519053293674753,-0.1180505276067852,0.9275383145186272,-0.5211376496073226,0
14593.0,-0.8456753236698794,1.2544959545938104,0.9966153416091612,0.872616557112676,1.9034648238468983,0.1374574180063598,1
14594.0,-1.5229485149574664,-0.5571872395918231,-0.2749915630728562,-0.2663996769779623,0.1083521949576072,0.1723948679914695,0
14595.0,-0.9040178174155592,0.8001660338568091,0.6080609353310577,0.5944393923787606,0.8431548296299944,-0.0439587463448979,1
14596.0,1.2752165780985596,-1.058145946714099,-1.0062570871730203,-1.202407826598178,0.1411722937225966,-0.2669208689545391,0
14597.0,-1.2629135238814884,0.4896629879592288,0.6202988033663231,0.7022940921404748,0.5105140700321456,0.3688139033532758,1
14598.0,-0.4152381970004986,-0.5571872395918231,-0.6364295664919314,-0.2223436733560928,0.5505411819726732,-0.5079298175919016,0
14599.0,0.9713357875339578,-0.5571872395918231,-0.484309630373829,-0.3418899361875976,0.4897435161402434,-0.2216841352009739,0
14600.0,0.816224995258786,-0.5571872395918231,-0.0522202156864067,-0.0130584383864058,0.1880646595930938,0.5919998383376243,0
14601.0,-1.2629135238814884,-1.058145946714099,-1.0564599029413049,-0.7105166998701326,-1.3785107536966998,-0.3616092103454749,0
14602.0,1.3041684679689238,-1.058145946714099,-1.0858815399267912,-1.1942372750823944,-0.2412044847042052,-0.4171018349030387,0
14603.0,0.7479579275786754,-1.058145946714099,-0.2470162575039419,-0.142204561494289,-2.183176263091345,1.1650955185218952,0
14604.0,1.2813148034334256,-1.058145946714099,-1.3408666408665368,-1.132288371569837,-0.586765087019821,-0.8980333507531533,0
14605.0,0.9445402369244064,0.0739460908215904,0.0053114491348671,-0.1039727287067449,0.5979759564957379,-0.238789626297868,0
14606.0,-2.4120140217391843,4.587598438742236,2.52260446753733,2.2672704622950777,2.774157760409393,-0.7482723309397753,1
14607.0,-1.0395356639262063,1.9594133665673956,2.345544542406354,2.26516386598136,0.7490861757345402,1.855043186421078,1
14608.0,-1.8243736859341724,1.15560189306089,0.9233259053930314,0.4096695475497316,-0.8098576192004525,0.1175099026277724,1
14609.0,-0.10496702096475,1.0480979277381186,0.337310281495681,2.13156830959065,-1.4880589811139169,-0.8540915815367307,1
14610.0,0.9811023498659778,-0.5571872395918231,-2.5968526087424544,-2.2609688413137667,-1.117253523671916,-4.156456789137208,0
14611.0,1.054301926358555,-0.5571872395918231,-0.3104140982615068,0.1039315560693431,-0.1002197270566499,0.1056913814199155,0
14612.0,1.011083648486406,-1.058145946714099,-0.0418708057348938,-0.8582565662530369,-0.862804573858747,1.5520236673644383,0
14613.0,1.3271781179392863,-1.058145946714099,-1.7932659093550376,-1.2626334870875635,-2.515817022689194,-1.7513109154492617,0
14614.0,0.9647411258391284,-1.058145946714099,-0.8256203473215815,-0.6334808999499925,-0.6267921989603487,0.0737810026246326,0
14615.0,0.9778633268252848,0.2992073267345332,0.0164392273310405,-0.0023635533331493,-0.0378814165327151,-0.519725840069515,0
14616.0,0.6689257299564773,0.2992073267345332,-0.4078392281606594,-0.7027787172215069,-1.9471638881929467,-1.3154158817212862,0
14617.0,0.9923118147379644,-0.5571872395918231,-1.1398475382926876,-1.186166978263674,-1.3785107536966998,-1.453879943168999,0
14618.0,-1.3798409325433134,0.654643185938614,0.2639892101848036,0.2289055171116263,-0.0378814165327151,-0.5097618040851954,1
14619.0,0.6767627952879732,-0.5571872395918231,0.2360539643922917,0.1173321066458016,0.2607132519567318,1.13520156175012,0
14620.0,0.5634601652637944,-0.5571872395918231,-0.5845560779662358,-0.5521774127817789,-0.3805884749031534,-0.4103349517479735,0
14621.0,-2.4120140217391843,0.9303406571479472,0.8433398566169189,0.8105248020633823,0.939783214329445,0.2389542848456802,1
14622.0,0.4948562494227654,-1.058145946714099,-0.7662090273455956,-0.8022464926048176,-0.5486003891756687,0.1858376524814373,0
14623.0,-0.6141483680629726,1.0480979277381186,0.5722901898301015,0.4971414694590939,1.2372441024225518,-0.413168999866333,1
14624.0,-0.2524823540546596,0.4896629879592288,-0.0960374643535399,0.1714218258238153,-0.0581390644641013,-0.9770493633484252,0
14625.0,0.5317049066607064,1.15560189306089,1.1349588574363028,0.9641139601483418,1.1191943164689204,0.5156456151921878,1
14626.0,-0.7922005967383016,1.15560189306089,1.2681067833528714,1.2105576874792807,1.1848607981176718,0.76626942913826,1
14627.0,0.9530347346034082,-1.058145946714099,-0.5024004001065322,-0.3667980083921493,-0.2941514393624997,0.6834113637485968,0
14628.0,0.0433901831118387,0.2992073267345332,0.5504270756090351,0.549596286132849,0.3526935049184267,0.4844600510037858,1
14629.0,-1.8243736859341724,-0.5571872395918231,0.021901802979025,-0.1758549144852563,0.9336836095984208,0.7316493631238961,1
14630.0,1.1095037419429616,-1.058145946714099,-0.7268146827062315,-0.9811029912456316,-0.5486003891756687,0.2601399619634656,0
14631.0,-0.3225146116861712,0.4896629879592288,0.5603401783139945,0.683869331654012,0.3526935049184267,0.2559920470197471,1
14632.0,0.7194498921096045,-1.058145946714099,-1.503704757247313,-1.0756752990814846,-1.2818823689972492,-1.2051649512292535,0
14633.0,0.7266965816295208,-1.058145946714099,-0.7136753580264475,-1.0756752990814846,-0.586765087019821,0.28492225438842,0
14634.0,1.045596020739638,0.0739460908215904,0.5946291202988866,0.8833962586764551,0.7413828979433381,0.8703097437233134,1
14635.0,1.0685541839756287,-1.058145946714099,-1.052248436903866,-0.9412289080697872,-0.8098576192004525,-0.3536658962542913,0
14636.0,-0.540774126845729,-0.5571872395918231,-0.303872794269312,-0.4743692243337022,-0.3507527121214226,0.1180087843290035,0
14637.0,1.324346655508488,-1.058145946714099,-1.554597376586939,-1.0490970995891926,-1.3785107536966998,-1.301154342273607,0
14638.0,-0.3225146116861712,-1.058145946714099,-0.5327882548477134,-0.7183468035229781,-0.7601216003714991,0.6260963402815479,0
14639.0,-0.3102985242592435,0.9303406571479472,1.2081663533387927,1.03763857531784,1.2784785627150907,0.9256234138044316,1
14640.0,-0.7922005967383016,1.0480979277381186,0.987838548307826,0.7889839357185202,1.1093691324834083,0.3680108287762857,1
14641.0,-0.8456753236698794,-1.058145946714099,-1.5297355318166992,-1.1176717491805908,-1.3785107536966998,-1.2542620154352353,0
14642.0,-0.2307404346856175,-1.058145946714099,-1.6289745080426838,-1.2275467185765694,-2.183176263091345,-1.4414382507990988,0
14643.0,0.4409316275594932,0.2992073267345332,0.4255312462340128,0.6697039397937106,0.2466890975132978,0.2494055734909802,1
14644.0,-0.1411075792030422,0.654643185938614,0.6352510577780072,0.2877653393202686,0.1411722937225966,0.1880456559962467,1
14645.0,0.3902229910202726,-0.2017513803877423,-0.0425353666159493,0.1095483360519587,0.0565206627106016,0.0607144868135178,0
14646.0,-2.1519790306632065,4.292545226599931,4.569601422588638,4.343244513431921,2.550821607423074,3.431084153382624,1
14647.0,0.5477790613471053,-0.5571872395918231,-0.4185616599793809,-0.6653981508446892,0.0011923041824166,-0.0979245571354278,0
14648.0,1.01262344562185,1.5110377522649707,1.1427616676693593,1.249444053186417,1.5585297595388092,0.1099838993303827,1
14649.0,-1.7074462772723475,0.9303406571479472,1.00879658986301,1.052207231112776,1.7779388046064493,0.5502835037540963,1
14650.0,1.235186579405105,-1.058145946714099,-1.9351598885263188,-2.0222782993066613,-1.7640984679528429,-2.0189394405722827,0
14651.0,-0.150470157144488,0.9303406571479472,0.5633312630966513,0.3799492756046707,1.3291602796973223,-0.2874598574764941,1
14652.0,-0.0624796206101934,-1.058145946714099,-1.506078213496294,-1.4609201666402376,-0.2941514393624997,-1.2096415653820785,0
14653.0,-2.4120140217391843,1.2544959545938104,0.9774463772447184,0.9071065838999358,1.51449093761349,0.1014107481543391,1
14654.0,1.3795972273515245,-1.058145946714099,-0.9538387135607694,-0.3926866108572838,-0.3507527121214226,-0.1680537281418891,0
14655.0,-1.4474112861963695,0.654643185938614,1.0282248728233867,1.0185407704444234,0.435392980203531,0.9277187307632248,1
14656.0,0.4371701786605239,0.2992073267345332,-0.0955248759888517,-0.292671594109595,1.0207326504320022,-0.7299483082243302,0
14657.0,-0.9682038613741812,0.4896629879592288,0.3249314138831426,0.3792073455329857,0.9927301689877396,-0.1867245114129747,1
14658.0,-1.7074462772723475,-0.5571872395918231,-0.9529961013573242,-1.5383885354275355,-0.3507527121214226,-1.1030703024041084,0
14659.0,-1.3798409325433134,0.9303406571479472,0.7204436584750865,0.5765374287287081,1.0152080971839796,0.0078294350828286,1
14660.0,0.0148821476427679,-0.5571872395918231,-0.8488397794418522,-0.5106857612406167,-0.4437267787202448,-0.9073537292267956,0
14661.0,-0.7195200551006783,-1.058145946714099,-1.5461482809422795,-1.7276030581980808,-1.7640984679528429,-1.285218366559839,0
14662.0,-0.6752731880764764,0.654643185938614,0.3026350955872685,0.4153152555089004,1.2622326247684963,-0.4371867957955785,1
14663.0,1.033801201878248,-0.5571872395918231,-0.4603755773808113,-0.1471436655965733,0.2880622196936218,-0.176634908206923,0
14664.0,-0.9040178174155592,-0.5571872395918231,-0.2715319495141741,-0.0419890490645959,0.5001945244425666,0.1789098790738569,1
14665.0,-0.2097114950440718,0.654643185938614,0.7804333438417197,0.5478752534749721,0.6514988276797011,0.4612161782976184,1
14666.0,-0.7922005967383016,-1.058145946714099,-1.1220789949233658,-0.7383398607540069,-0.862804573858747,-0.485374439213095,0
14667.0,-1.2629135238814884,3.0365845316001647,2.2763368167841667,2.146393985661696,2.134298229679239,0.506195981827989,1
14668.0,1.0557414896988655,-1.058145946714099,-1.522210861769411,-1.5115390548677536,-1.117253523671916,-1.2400696137663652,0
14669.0,0.6662919472041413,0.654643185938614,0.8995160692494009,0.9325572954161476,1.685402164334772,0.6853693497922265,1
14670.0,0.7594721542528383,-0.2017513803877423,-0.313193114156474,-0.0886762034903892,1.0791672045283929,-0.448369868486053,0
14671.0,1.190162819252791,-0.5571872395918231,0.1383904338846954,0.0914031593906646,0.1083521949576072,0.9511493316994174,0
14672.0,0.6475462436000934,0.0739460908215904,0.1291940778467604,0.1724391824671909,0.6428173386552047,-0.0058170619556213,1
14673.0,-1.9674812683483252,0.654643185938614,0.9356532136795996,0.9264478905325816,0.5793298571111467,0.7534055023035819,1
14674.0,1.1417379231273606,-1.058145946714099,-1.206062779699721,-1.0298453562635617,-0.862804573858747,-0.6437776116747937,0
14675.0,-1.0395356639262063,-0.5571872395918231,0.0986490680275962,0.249116409897541,1.2498335012412511,0.8762607281432856,1
14676.0,-0.6338830081757483,1.2544959545938104,1.5812694428707392,1.8886731371218024,0.4897435161402434,1.237950050270136,1
14677.0,1.2395198742615607,-1.058145946714099,-1.161082303704364,-0.8343368051868192,-0.862804573858747,-0.5589392096490275,0
14678.0,1.2242234885320706,-1.058145946714099,-0.6010970580971783,-0.669042043482492,-0.4437267787202448,0.4972580035646295,0
14679.0,0.9580779469522994,-0.2017513803877423,0.2350495287721658,0.3079269466885488,0.1249263557760024,0.5832838401987427,0
14680.0,-0.7670473650770303,3.1233230300705346,2.9699174060291686,2.6353895556943847,1.3515360227957012,1.7153156940962948,1
14681.0,-0.1138130260237924,0.4896629879592288,-0.0439650175993991,-0.6951307131548892,-0.6267921989603487,-0.8794124980463399,0
14682.0,0.5051176715181148,0.4896629879592288,0.3510410343207061,0.4250801147655964,0.5105140700321456,-0.137643600118633,1
14683.0,1.2340986653209314,-1.058145946714099,-1.3275593649053954,-0.1655778157249051,-0.5486003891756687,-0.8729342827047034,0
14684.0,-0.7428435417295326,0.4896629879592288,0.3287071731481097,0.4846130727804154,1.5175015577155206,-0.179627202175517,1
14685.0,1.2208976805661906,0.8001660338568091,1.154225507465927,0.9189755544972747,0.7717713000569296,0.9838420457892576,1
14686.0,1.0095401454577722,0.2992073267345332,-0.0352343126926931,-0.0294340794130107,1.2026961322161416,-0.6167657704613206,0
14687.0,0.1462219650521856,-0.2017513803877423,0.2953432302031706,0.3526980201478962,-0.1676872918813187,0.6968359359845077,1
14688.0,-1.4474112861963695,2.245808014503504,1.5235619724908498,1.5896811050734432,1.253987399012523,-0.0195136009795671,1
14689.0,0.5726880251711707,-1.058145946714099,-1.514763955459112,-1.2275467185765694,-0.91940584661767,-1.2260238835373976,0
14690.0,-0.4152381970004986,0.0739460908215904,-0.113704157630066,-0.2411369787048411,0.4009658426149288,-0.4624890906040575,0
14691.0,-0.6338830081757483,0.2992073267345332,0.5911865435289012,0.231698391536616,0.1411722937225966,0.5611878706787371,1
14692.0,0.3034251741878168,1.2544959545938104,0.4529538421481945,0.3938892261079541,0.7098254282188435,-0.8834365094917027,1
14693.0,0.7242901052643254,0.654643185938614,0.1622008339361016,-0.1621874941005139,0.0200527453205781,-0.7008298806899294,0
14694.0,1.264922212625839,-1.058145946714099,-0.9612906223455816,-0.6197778847530964,-0.8098576192004525,-0.1821088936188064,0
14695.0,1.1541912309005586,-0.2017513803877423,0.3994191191849227,0.2041905509866509,0.4791576523996084,0.8928749490248613,1
14696.0,-1.8243736859341724,0.8001660338568091,0.7851985413850722,0.9628925652963132,0.9578145568046976,0.2891885943408924,1
14697.0,0.5996007235020872,-0.5571872395918231,-1.146881829866988,-0.6617743348522026,-0.5121324717856456,-1.4670781655223537,0
14698.0,-2.1519790306632065,0.2992073267345332,0.2131199445707077,0.1401455244085946,1.0207326504320022,-0.1501211100309589,1
14699.0,0.5877787261013253,0.0739460908215904,-0.2020107665817731,-0.0171142843658956,0.0565206627106016,-0.6283799145819419,0
14700.0,-0.6141483680629726,0.2992073267345332,0.8705919157292482,0.782180555338229,0.7865535568710715,1.0873541162840137,1
14701.0,-1.2629135238814884,1.5110377522649707,1.145170778467334,0.8391750571422436,1.9383804360299408,0.1145138405489026,1
14702.0,-2.4120140217391843,2.2876939305965798,1.4278706532839311,1.1974240149502269,1.6951398817114138,-0.2468185486207815,1
14703.0,-1.0784157615666077,-1.058145946714099,-0.7716296678422379,-0.6545860563214968,-0.5121324717856456,0.1756136949195218,0
14704.0,-1.2629135238814884,1.15560189306089,0.4806747168860479,0.5841917903818861,1.64782033902464,-0.7139584486282856,1
14705.0,0.5413976634342754,-1.058145946714099,-1.1843616671771733,-1.0490970995891926,-2.515817022689194,-0.6028467929617073,0
14706.0,1.2669943475426584,-1.058145946714099,-0.6240904999278895,-0.4171400197733095,-0.4115503779538524,0.4538897016775774,0
14707.0,1.042667590085983,-0.5571872395918231,-1.3644284404057585,-1.0756752990814846,-2.515817022689194,-1.8748857342550824,0
14708.0,-1.9674812683483252,0.2992073267345332,0.6238040122619947,0.7298699349373117,-0.3507527121214226,0.6225946762574288,1
14709.0,-1.0784157615666077,2.110890520920167,1.6255373748920212,1.393555818698147,0.7413828979433381,0.325768284376,1
14710.0,-1.1198059414673356,1.3460575542855853,0.5227175133698331,0.5518840134438602,1.6244160972942283,-0.8607249623234259,1
14711.0,-1.3187161125298097,1.15560189306089,0.8109901640989678,0.4448575584127773,1.3478488567818283,-0.0936869235210646,1
14712.0,-0.6752731880764764,0.0739460908215904,0.2563042915762984,-0.1244053687223093,-0.4437267787202448,0.2333372061057384,1
14713.0,-1.3798409325433134,1.9044924940644756,1.2691645432672682,1.27465460457337,1.3515360227957012,-0.1080839013457948,1
14714.0,-0.7922005967383016,0.0739460908215904,-0.0188381398815537,0.1683602798515559,0.3401681767824983,-0.2841909140089251,1
14715.0,-0.7670473650770303,0.8001660338568091,0.4912708805279178,0.4814433271813896,0.7178293264081053,-0.2634680385718583,1
14716.0,-0.4296506057480915,-0.2017513803877423,-0.3582506379547007,0.2722279017111986,0.5698454386786636,-0.5330637153406985,0
14717.0,1.3752433396257897,-1.058145946714099,-1.7482875989681297,-1.7848322627584738,-1.0458699940988507,-1.666476598012557,0
14718.0,1.0033287148318906,-1.058145946714099,-1.015856954548335,-0.589951674024074,-1.0458699940988507,-0.285027333809758,0
14719.0,-2.1519790306632065,0.2992073267345332,0.391400029388371,0.480171139282231,1.1666290909919852,0.1851866325782426,1
14720.0,-1.608585561882396,-0.2017513803877423,-0.2428746874629108,-0.5370567252723396,-0.1676872918813187,-0.3161589415227258,0
14721.0,0.9530347346034082,-1.058145946714099,-1.4961988337398846,-1.3916223493687232,-0.4437267787202448,-1.191007907711893,0
14722.0,0.3482913799359889,-0.2017513803877423,-0.4277489400300097,-0.5281484048190704,0.435392980203531,-0.6636615081719915,0
14723.0,-1.3187161125298097,1.15560189306089,0.5839041834193168,0.6359170219128273,1.5613833034839868,-0.5202502521501621,1
14724.0,1.2362726511275437,-1.058145946714099,-0.7129465922194491,-0.6404409748334174,-0.0378814165327151,0.2862967913435902,0
14725.0,-0.7670473650770303,0.0739460908215904,0.2493143488429493,0.6518023752247377,0.5698454386786636,0.2201831981872948,1
14726.0,1.3031915824809857,-1.058145946714099,-1.4428103598757176,-1.110483470649885,-0.8098576192004525,-1.0903110451509488,0
14727.0,0.7456300658619328,-0.2017513803877423,-0.494396130826588,-0.0391782715441003,0.0200527453205781,-0.7888558435300977,0
14728.0,1.0079929186546537,-1.058145946714099,-1.1394336745698577,-1.29969799342043,-0.862804573858747,-0.5181073807015183,0
14729.0,0.9445402369244064,-0.2017513803877423,-0.0179332409405666,0.0948437301245163,0.8896672959534744,0.1070132561742213,0
14730.0,-2.4120140217391843,0.8001660338568091,0.5529675583793889,0.5409457326035286,1.642676792037434,-0.1475233429684451,1
14731.0,-0.3738480170997701,-0.2017513803877423,-0.6439924495146335,-0.4348149665659621,-0.0789096183560038,-1.069680777594561,0
14732.0,-1.4474112861963695,1.7867352234743037,1.2821037529151325,0.9991611085867488,1.094407142278882,0.0517667746526247,1
14733.0,-1.0395356639262063,1.5110377522649707,2.0575460521154185,1.6891302722962775,0.9754580982530536,1.8323711008069732,1
14734.0,1.0278214364224063,0.0739460908215904,0.091542488783089,-0.1793166116278707,0.1083521949576072,-0.0766365694443887,0
14735.0,-1.8243736859341724,3.0807148010694942,1.8562550018887267,1.4501230524113753,1.258120370257919,-0.3327432958715042,1
14736.0,1.1108247005950005,-0.5571872395918231,-0.6052251093485678,-0.7262712480428852,0.4126028186801636,-0.4492238003404879,0
14737.0,-1.8243736859341724,0.0739460908215904,0.9653127846808498,0.504545535701317,-0.321964036982949,1.5686915952061369,1
14738.0,-0.4296506057480915,0.9303406571479472,0.483975116062386,0.2765808027005175,0.2607132519567318,-0.4365153563002073,1
14739.0,-1.8243736859341724,2.110890520920167,1.8590363631006293,1.984556485776528,0.9088213112787455,0.7651610079693852,1
14740.0,0.5349521297947235,1.15560189306089,1.078883499215702,0.9411426072331972,1.147982991607394,0.4101248927565065,1
14741.0,-1.2115801184678894,0.654643185938614,0.5132909108298648,0.5339424266269587,0.1083521949576072,-0.0413185260518375,1
14742.0,1.0411983450016138,-1.058145946714099,-0.3401610599840891,-0.1862951485943219,-0.1676872918813187,0.9894136026560648,0
14743.0,1.2395198742615607,-1.058145946714099,-2.086373857269436,-1.6420643925920622,-1.9471638881929467,-2.3041465485065,0
14744.0,-1.0395356639262063,1.4312993642702228,1.0294441744282916,1.073988929544321,0.2466890975132978,-0.0096147062112094,1
14745.0,0.1808966364835151,1.2544959545938104,0.7322699344278677,0.9074391861516784,0.457567115373851,-0.3593507312665512,1
14746.0,0.9970565357545048,0.0739460908215904,-0.3234230009362145,-0.1454931730396027,-1.3785107536966998,-0.856318943598816,0
14747.0,0.6845052458484283,-1.058145946714099,-0.7493333679247037,-1.1625337434223335,-0.6688728615528973,0.2176671061881371,0
14748.0,-0.6752731880764764,1.0480979277381186,0.8788797856573105,1.1248850124951375,0.9088213112787455,0.1630448643611835,1
14749.0,1.1041925298164252,-1.058145946714099,-0.7899678739011669,-0.1373022709324161,-0.6688728615528973,0.1410257083846672,0
14750.0,1.377859217618911,-1.058145946714099,-1.5196562436277414,-1.3289348484300858,-0.2159596295778201,-1.2352513072427158,0
14751.0,1.3309340595609251,-0.5571872395918231,-1.4331340030381137,-1.3289348484300858,-1.3785107536966998,-2.003509817317034,0
14752.0,-0.4152381970004986,-1.058145946714099,-0.6260247815476557,-0.4246569123197467,-1.614523128595098,0.4502414218837905,0
14753.0,0.0148821476427679,-0.5571872395918231,-0.0486186531483767,-0.1228108929382556,0.0565206627106016,0.5987849896247968,0
14754.0,-0.4011425702790203,0.4896629879592288,0.3678015732453175,0.4666624593327295,0.7791957222855813,-0.1061340140561456,1
14755.0,-1.3187161125298097,2.110890520920167,1.708628915575885,1.4335980142373237,1.3404244345531768,0.4820898691227252,1
14756.0,-1.0784157615666077,-0.2017513803877423,0.7548645424096936,0.6913012857437157,0.7178293264081053,1.5626340410267163,1
14757.0,-0.0791383545924629,-1.058145946714099,-0.5712356642479123,-0.7424124492385259,-0.6267921989603487,0.5535800606432446,0
14758.0,0.3395657324261091,0.654643185938614,0.8100278269746418,0.344923450442901,0.6251737972068488,0.5169157742505999,1
14759.0,-1.7074462772723475,-0.2017513803877423,0.4020370083155595,0.0890994059362388,0.6340429977198944,0.897806518682165,1
14760.0,0.7971428378544745,-1.058145946714099,-1.6822392411817195,-1.6420643925920622,-1.614523128595098,-1.541901723980466,0
14761.0,-0.2307404346856175,-0.2017513803877423,-0.5258203376287373,-0.5771176875341992,-0.5486003891756687,-0.8478682891463417,0
14762.0,0.7218745649366273,-0.5571872395918231,-0.576262260872369,-0.0978113633798804,-0.321964036982949,-0.3947293479393119,0
14764.0,-0.3738480170997701,-1.058145946714099,-0.8677837475887725,-0.630028288668433,-1.4880589811139169,-0.0057440673859756,0
14765.0,-0.6752731880764764,-0.2017513803877423,-0.9330634694593112,-0.853402515152758,-0.0789096183560038,-1.6114041262916707,0
14766.0,-1.4474112861963695,1.15560189306089,1.4064239762820208,1.3810518512704533,1.451835076066769,1.0267138484017204,1
14767.0,1.096142317017561,-1.058145946714099,-0.6387351666479767,-0.9467793286780029,-0.6688728615528973,0.4262681593252829,0
14768.0,-1.0028785328055103,-0.5571872395918231,-1.1318755899192243,-1.473214373913271,-1.7640984679528429,-1.4389216156797404,0
14769.0,-1.9674812683483252,1.6565606001831652,2.0389166955086315,2.051094277327296,2.4346681221559217,1.6273248745643591,1
14770.0,0.639341544931368,0.8001660338568091,0.9820356645810128,0.7675368126727622,1.0424661878166923,0.6596267986178739,1
14771.0,1.2690598089055165,-0.5571872395918231,-0.3220667266533393,0.1475774784982984,0.0741642041589574,0.0837497129784677,0
14772.0,0.1752461576507922,-1.058145946714099,-1.3641201212863432,-1.178194505634738,-1.1954453334565955,-0.9418921156216584,0
14773.0,1.2395198742615607,-1.058145946714099,-1.3575229695452071,-1.4609201666402376,-1.117253523671916,-0.929449121205654,0
14774.0,1.1664073183274863,-1.058145946714099,-0.9697411720005368,-1.0556416405393652,-0.91940584661767,-0.1980476117648703,0
14775.0,-0.2415192631816249,-0.2017513803877423,0.3037172086193421,0.7508742131607385,0.2466890975132978,0.7126078798002957,1
14776.0,-0.3225146116861712,1.5110377522649707,0.9958949726573544,1.4709183169115656,0.3891614223084505,-0.1660811263599305,1
14777.0,0.9938972919331752,-1.058145946714099,-0.7959911659081914,-0.5583243821854503,-0.7601216003714991,0.1296650800786599,0
14778.0,0.2551824986059697,-0.5571872395918231,-0.1736343657922968,-0.3178908216871508,-0.1676872918813187,0.3632862493659998,0
14779.0,0.7617503989180828,-0.2017513803877423,-0.6324915322083984,-1.1625337434223335,-0.0378814165327151,-1.0481010858830764,0
14780.0,-0.2749873017098188,-0.5571872395918231,-0.5262056815724663,-0.3093765158786823,-0.3805884749031534,-0.3005342272031755,0
14782.0,0.8448238506952722,-1.058145946714099,-1.1044871973187966,-0.9637172845910724,-1.4880589811139169,-0.4521942657154554,0
14783.0,1.3070902279146166,-1.058145946714099,-0.7965986108132622,-0.4196361174135791,-0.7132292345010023,0.1285193684354523,0
14784.0,-0.7428435417295326,-0.2017513803877423,-0.5226011463064646,-0.2058769205238143,-0.4115503779538524,-0.8418233911973524,0
14785.0,-1.3187161125298097,-0.5571872395918231,-1.7832703649323292,-1.1625337434223335,-2.183176263091345,-2.6573038934335718,0
14786.0,1.1913278063103443,-1.058145946714099,-1.668314302407405,-0.975256544405366,-1.3785107536966998,-1.515637672127359,0
14787.0,1.092078996990952,-1.058145946714099,-1.5285082203287217,-1.3916223493687232,-0.862804573858747,-1.2519471634216943,0
14788.0,-1.5229485149574664,-0.2017513803877423,0.1565940421152894,0.2427527851742844,0.1880646595930938,0.4355495764623183,1
14789.0,-0.6752731880764764,-1.058145946714099,-1.113356370011489,-0.9523769874762636,-1.4880589811139169,-0.4689225555320472,0
14790.0,-1.0028785328055103,1.0480979277381186,0.7195006357938564,1.0980653950849806,0.3526935049184267,-0.136605536732555,1
14791.0,1.2544599055801144,-1.058145946714099,-0.8052280089282569,-0.8932765983286024,-0.6267921989603487,0.112243321321236,0
14792.0,-0.1794070292720186,-1.058145946714099,-3.503861561743505,-3.361978192741088,-2.183176263091345,-4.977692994550443,0
14793.0,-0.8741833591389503,-0.5571872395918231,-0.2851837722965484,-0.209500736516301,-0.0581390644641013,0.1532015782981872,0
14794.0,-1.9674812683483252,1.0480979277381186,0.5343520731560916,0.2987628588225038,0.5698454386786636,-0.484405219864328,1
14795.0,0.4257516242273519,-1.058145946714099,-1.4054047965650376,-2.183500472526469,-1.4880589811139169,-1.0197598082436448,0
14796.0,-2.4120140217391843,2.202452120611942,1.7720174174090553,1.7974291138885026,1.9940216231823635,0.4970227188087076,1
14797.0,1.139217978043039,-1.058145946714099,-0.8131244779636435,-1.0556416405393652,-0.7601216003714991,0.0973496635778788,0
14798.0,-0.2983107883386734,0.8001660338568091,-0.1801125625316459,0.1250248368991558,-0.2672508963742018,-1.52187783792903,0
14799.0,-0.3225146116861712,-0.5571872395918231,-0.7278762520755961,-0.0023635533331493,-0.586765087019821,-0.6799325923518407,0
14800.0,-0.360624348634749,1.6565606001831652,1.529214208726472,1.7356690207515224,1.692716266781489,0.6673827095290188,1
14801.0,-0.2097114950440718,-1.058145946714099,-1.1298684688758425,-0.6838229113311526,0.2324210325411989,-0.5000662918030421,0
14802.0,1.045596020739638,-0.5571872395918231,0.3453951710897094,-3.361978192741088,-2.515817022689194,1.34128381043706,0
14803.0,0.4102035851912229,-0.2017513803877423,-0.0687303939228114,-0.1933485238451358,-0.144576100004755,0.0114219865907891,0
14804.0,-1.3798409325433134,-1.058145946714099,-0.6964462506511132,-0.9248532670431824,-0.9802035124500996,0.3174183519887343,0
14805.0,-1.0784157615666077,0.654643185938614,0.1236754482738321,-0.1086319283943098,0.5979759564957379,-0.7731112832258129,1
14806.0,-0.0791383545924629,-0.5571872395918231,-0.8057012583181367,-0.1055221309281067,-0.7132292345010023,-0.826263968163632,0
14807.0,0.972973911537828,-0.5571872395918231,-0.4195028339740178,-0.4582609676615375,-0.1002197270566499,-0.0996963174933989,0
14808.0,-0.4749394310824503,0.8001660338568091,0.7782083902363958,0.9616688980804592,1.1620071460508272,0.2760377655169004,1
14809.0,1.2690598089055165,-0.5571872395918231,-0.218418725381634,-0.4992963694822978,-0.6688728615528973,0.2789366561657241,0
14810.0,-0.4594850640247002,1.3460575542855853,0.7224594640439466,0.6045297782794461,0.8831819415705221,-0.4860298526968326,1
14811.0,0.9663961595288088,-1.058145946714099,-1.2192193410209995,-1.244856163309911,-0.321964036982949,-0.6685924144075728,0
14812.0,1.2459654079011129,-1.058145946714099,-1.157640865968594,-0.848584025185672,-0.1220981718085144,-0.552448258370432,0
14813.0,0.9376626889884035,0.0739460908215904,0.1146445927571214,-0.0308172995627917,0.7791957222855813,-0.0331846401417654,0
14814.0,1.226431150604787,-1.058145946714099,-1.2626897232473182,-1.0756752990814846,-0.321964036982949,-0.7505826041937108,0
14815.0,-0.5236711079833221,-0.5571872395918231,-0.1281912754732962,0.2652027781678645,0.1880646595930938,0.448883848407748,1
14816.0,0.5349521297947235,-1.058145946714099,-0.8846198873982366,-2.9060807784127,-1.7640984679528429,-0.0374989825154812,0
14817.0,0.5445962994855142,0.654643185938614,1.0431788500291177,1.0516733666850842,0.9870131210634252,0.9558805627144886,1
14818.0,-0.0876328522714647,0.4896629879592288,0.1653140581679121,0.0620094863539268,0.5887058798168258,-0.4866331479233666,1
14819.0,-0.1794070292720186,0.0739460908215904,-0.490977467176365,-0.6913398038775899,0.1727297634470911,-1.1705609058744004,0
14820.0,-0.8741833591389503,0.9303406571479472,0.2268051028152811,0.2473045053389683,0.1571027565423948,-0.9190233450089677,1
14821.0,0.932455689893557,0.654643185938614,0.233377948908481,-0.0157595548677755,0.3526935049184267,-0.5672359568219468,0
14822.0,1.1108247005950005,-1.058145946714099,-1.2751140509886991,-1.0893783142783806,-1.1954453334565955,-0.7740163293488637,0
14823.0,0.4773803670621637,-0.2017513803877423,-0.7643068688709593,-1.132288371569837,0.2324210325411989,-1.2953187575414105,0
14824.0,-1.3187161125298097,1.0480979277381186,1.0545591009064443,0.8997464558983241,0.5602500888610992,0.4935593244387215,1
14825.0,-1.8243736859341724,2.062432694683636,1.2003275111357623,1.1474296008779876,1.211470473151452,-0.4180791349911008,1
14826.0,1.2275321383409905,-0.5571872395918231,-0.6342619177881775,-0.7759341463654605,-1.117253523671916,-0.5038519552097698,0
14828.0,0.5349521297947235,1.3460575542855853,1.69894837279832,1.954528618260299,0.435392980203531,1.3509871073726336,1
14829.0,-0.6752731880764764,0.654643185938614,0.4310616010742444,0.549596286132849,0.4897435161402434,-0.1958950943944281,1
14830.0,-0.2983107883386734,-1.058145946714099,-1.1152088422889923,-0.7066363290939456,-0.0581390644641013,-0.4724165334045055,0
14831.0,1.3271781179392863,-0.2017513803877423,0.4241065634552804,0.3792073455329857,0.3771846686209953,0.9393819298985936,1
14832.0,1.2782729390801475,-1.058145946714099,-0.7614964047790771,-3.628661084298931,-2.515817022689194,0.1947262059937493,0
14833.0,1.1290379992392874,-1.058145946714099,-1.6388355676730464,-1.4026767430063911,-1.3785107536966998,-1.4600373545837522,0
14834.0,-0.9682038613741812,0.654643185938614,0.6218087208691908,0.3694853126909775,0.217900422374825,0.1627599474594814,1
14835.0,1.1664073183274863,-0.5571872395918231,-0.8210842570570274,-0.6653981508446892,-2.515817022689194,-0.8551820782969066,0
14836.0,-1.3187161125298097,-0.2017513803877423,-1.5834754800791535,-1.5663808849782732,-1.614523128595098,-2.822745199313514,0
14837.0,0.0363810947797576,0.9303406571479472,0.9460348547449828,1.1881586691455934,1.1384985731749109,0.4321690236426068,1
14838.0,1.0232997359133336,-0.5571872395918231,-0.1326701627974774,-0.2076863327758596,0.4009658426149288,0.4404470038218719,0
14839.0,1.0156919930971386,-0.2017513803877423,-0.0116934795432208,0.4096695475497316,0.3014022381220454,0.1187564273177452,0
14840.0,0.7314826127879408,-0.5571872395918231,-0.6774964430658416,-0.669042043482492,-0.586765087019821,-0.5851802599049022,0
14841.0,-0.2983107883386734,1.4312993642702228,1.4702076233308985,1.3971979567139372,1.2498335012412511,0.8196413707731071,1
14842.0,-0.4152381970004986,0.0739460908215904,0.7998283502048099,0.5603928117857174,0.9024861982765124,1.2568645291087903,1
14843.0,1.0441334768929462,-1.058145946714099,-1.0637373222872202,-0.8680734789258341,-1.1954453334565955,-0.3753352684743973,0
14844.0,-0.1794070292720186,1.0480979277381186,1.4223248215935744,1.4287992993706649,1.074023657541187,1.18599525672081,1
14845.0,1.2470333934915163,-1.058145946714099,-1.3109533214675462,0.1239313687523604,-2.515817022689194,-0.841613356056817,0
14846.0,1.0293216130101532,-1.058145946714099,-0.5429077361629472,-0.6197778847530964,-0.9802035124500996,0.6070098231846046,0
14847.0,0.3568999011193944,-0.2017513803877423,0.2675369735248509,0.0461893486447824,0.2324210325411989,0.6444662160306536,1
14848.0,0.9954788591929878,-1.058145946714099,-0.7890189787900925,-0.4246569123197467,-1.0458699940988507,0.1428154347744439,0
14849.0,-0.8456753236698794,2.760887060390832,2.038531463121284,2.094670132796883,1.5382721116074227,0.3675888784159256,1
14850.0,0.8286381285590276,0.654643185938614,0.4728649771778673,0.6843362971963857,0.9088213112787455,-0.1173194861957962,1
14851.0,-0.8183807704906293,-0.2017513803877423,-0.0826016045647635,0.1570110879448586,-0.0789096183560038,-0.0146784673313074,1
14852.0,-0.2415192631816249,1.7233615276208618,1.360020007771305,1.4291002469571583,1.0424661878166923,0.2715364460978339,1
14853.0,-0.7922005967383016,0.2992073267345332,0.2822884333461238,-0.239233298826501,-0.3805884749031534,-0.0200575996609546,1
14854.0,-0.0543097623705864,1.15560189306089,1.106365753308212,1.181397094390842,1.133714926635295,0.4618377073130014,1
14855.0,0.2137923187052415,0.654643185938614,1.4024756556606612,1.284849105648861,1.124063132285242,1.6327486994627272,1
14856.0,-0.540774126845729,-0.2017513803877423,0.2471980356538015,0.238169345449477,0.3526935049184267,0.6061621742100468,1
14857.0,-0.2201397768252409,0.654643185938614,0.984844517346192,0.9411426072331972,1.133714926635295,0.8460285631715532,1
14858.0,1.137954282661102,-1.058145946714099,-1.1773897370430282,-1.017316959584883,-1.0458699940988507,-0.5896969229675081,0
14859.0,-1.1640528084915374,0.2992073267345332,0.4364865034296266,0.3814306296966477,0.1571027565423948,0.2700197765394799,1
14860.0,-0.9353081791524545,-1.058145946714099,-1.2199760458823703,-0.4992963694822978,-1.0458699940988507,-0.6700196476642963,0
14861.0,-0.3102985242592435,1.0480979277381186,0.2843042989805245,0.5076061319118196,0.3145288070742748,-0.9534431173768744,1
14862.0,-0.7428435417295326,-0.5571872395918231,-0.072442710332401,0.2894692805292556,0.0914362748936436,0.553902471364526,1
14863.0,-0.6752731880764764,-1.058145946714099,-0.8981894756751196,-0.8680734789258341,-1.0458699940988507,-0.0630928020579234,0
14865.0,-1.5229485149574664,0.0739460908215904,-1.4148788560713752,-0.3308725774292323,-1.7640984679528429,-2.8909336170150417,0
14866.0,-1.2629135238814884,1.7867352234743037,2.2400489820573948,1.9208596147655748,-0.0378814165327151,1.855309250912912,1
14867.0,0.4982949986740278,1.5859404542672264,0.8315988257165473,0.4568406600111304,0.3771846686209953,-0.5619124097031409,1
14868.0,-1.9674812683483252,1.2544959545938104,1.0828460045354265,0.9866049002391734,0.9275383145186272,0.2996456095677837,1
14869.0,-1.3798409325433134,0.4896629879592288,0.7945943320726186,0.9589072945601872,1.211470473151452,0.6968939730806109,1
14870.0,0.7170160174661255,0.4896629879592288,0.4906836638189388,-0.0184718100053139,0.0200527453205781,0.1249511988035906,1
14871.0,-1.9674812683483252,0.9303406571479472,0.2178307143536461,-0.0591107344650019,0.8700553726182927,-0.9358439462838396,1
14872.0,1.1095037419429616,-0.2017513803877423,-0.0938041873924945,0.1885064471269017,-0.1676872918813187,-0.0357566772271023,0
14873.0,0.5757347064298897,-0.5571872395918231,-0.0614637613171317,-0.3072650503773302,0.1083521949576072,0.5745856719703262,0
14874.0,1.1736268151912543,-1.058145946714099,-1.4936731359661617,-0.7933582365477243,-1.4880589811139169,-1.186244148361173,0
14875.0,0.1521328382198956,-0.2017513803877423,0.8093813598973739,0.6478668604832499,0.5979759564957379,1.6653845379580237,1
14876.0,1.1566531348790148,-0.5571872395918231,-0.9257845468656224,-0.7342923345111426,-0.9802035124500996,-1.0519483211542555,0
14877.0,1.0156919930971386,-0.5571872395918231,-0.5435655117974858,-0.6989435988405914,0.2466890975132978,-0.3332031878839979,0
14878.0,-1.1640528084915374,2.110890520920167,1.0691537794026733,1.0436129601837068,1.0791672045283929,-0.7193805019122907,1
14879.0,1.331869618003757,-1.058145946714099,-1.160501133290088,-1.0235513279573645,-0.3507527121214226,-0.5578430547471336,0
14880.0,-0.0624796206101934,-0.2017513803877423,-0.1983434099665748,-0.1880514138269199,0.0565206627106016,-0.2324120951520755,0
14881.0,-0.9040178174155592,-1.058145946714099,-0.9294288693769888,-0.2968082174231356,-0.7132292345010023,-0.1220139269076012,0
14882.0,-0.7195200551006783,1.4312993642702228,0.9801538179805548,0.7845897922401581,-0.2159596295778201,-0.1022612698914703,1
14883.0,-0.9353081791524545,0.4896629879592288,-0.1439954357174407,0.3046093056627695,-0.0581390644641013,-1.0669335172768537,1
14884.0,1.3167343976054071,-1.058145946714099,-1.4669926299588096,-1.2626334870875635,-1.2818823689972492,-1.1359216151995355,0
14885.0,0.2797573518734662,-0.2017513803877423,0.3895953107859012,0.6359170219128273,-0.4437267787202448,0.8743690933848726,1
14886.0,0.6946852246521797,-1.058145946714099,-0.6733675241480435,-0.7424124492385259,-0.6688728615528973,0.3609475106733208,0
14887.0,-0.0462426723707365,-1.058145946714099,0.4996548283319174,0.5221019459485301,-1.4880589811139169,2.573403909204484,0
14888.0,0.5665508950955468,-1.058145946714099,-0.6647516337503101,-0.6510211644571734,-0.586765087019821,0.3771980806639163,0
14889.0,0.8760190673835795,-1.058145946714099,-1.381592423430757,-1.1176717491805908,-1.117253523671916,-0.9748469068025356,0
14890.0,0.6972051697365015,-0.2017513803877423,-0.0932315363828168,0.1621941008875446,0.217900422374825,-0.0346792255098874,0
14891.0,0.3526100844636154,0.0739460908215904,0.1250363053804121,0.3029441884726516,0.217900422374825,-0.0136379837819857,1
14892.0,1.33745448812043,-1.058145946714099,-1.0964696360345507,-1.202407826598178,-0.91940584661767,-0.4370722139263795,0
14893.0,-1.3187161125298097,-0.2017513803877423,0.479100422622537,0.4896531046365794,0.6853342645162757,1.0429878123484295,1
14894.0,0.0001383902963132,-0.2017513803877423,0.3405059289964166,0.127206334550111,-0.0581390644641013,0.7819004973105791,1
14895.0,-1.4474112861963695,2.611849228042442,2.374276304020135,2.018697120354935,1.9127981788600887,1.1672333259068892,1
14896.0,0.5603544681590024,0.8001660338568091,0.5836839174720382,0.5321798862096141,1.031671386584256,-0.0897859588075118,1
14897.0,-1.4474112861963695,0.8001660338568091,0.8761827924579002,0.5581345402494097,0.6514988276797011,0.4603888618846166,1
14898.0,-0.8183807704906293,1.4312993642702228,0.9558543268647104,0.9915976707913504,1.2026961322161416,-0.1479265652386643,1
14899.0,0.9794848831855826,-1.058145946714099,0.2864653432355777,0.1084288107794422,0.8896672959534744,2.1713037792250613,1
14900.0,1.1578805519021536,-1.058145946714099,-2.9788218448193704,-1.5248267984910486,-2.515817022689194,-3.987407107213409,0
14901.0,-1.2629135238814884,1.2544959545938104,0.6485636233794048,0.4934079441710827,0.7257558910386418,-0.5165180090123064,1
14902.0,-0.7428435417295326,-0.2017513803877423,0.0772267826442736,0.2400065559703205,0.1571027565423948,0.2861266859595476,1
14903.0,-0.8741833591389503,0.2992073267345332,0.7962338901409179,0.7415266006218392,1.3697273015336937,0.9472955635042029,1
14904.0,-2.1519790306632065,0.0739460908215904,0.4085053068292224,1.0745049915078742,0.8961017842882889,0.5198230699210079,1
14905.0,0.3942692202075933,0.8001660338568091,0.5407703705815543,0.4653613294547838,0.0565206627106016,-0.1704479811155245,1
14906.0,1.0557414896988655,-1.058145946714099,-1.8707221680901611,-3.628661084298931,-2.515817022689194,-1.897402415651716,0
14907.0,-1.9674812683483252,1.5859404542672264,1.362197885406569,1.1402337115247738,1.0478107868958555,0.4352747804493904,1
14908.0,-0.0876328522714647,-0.5571872395918231,-0.6404456962649949,-0.6581703754853391,-0.862804573858747,-0.5154850281345442,0
14909.0,1.0441334768929462,-0.2017513803877423,0.296687572947958,0.3814306296966477,0.3014022381220454,0.6993679166791594,1
14910.0,-1.9674812683483252,0.0739460908215904,-0.5479385071100393,-0.4825737499159102,-0.4115503779538524,-1.2772888992528348,0
14911.0,-2.4120140217391843,5.484918302069179,4.151680234898583,3.754363918370485,3.3508904663851315,1.3270488594862748,1
14912.0,-1.0028785328055103,0.4896629879592288,0.5101185643382022,0.8526840941917745,0.0384893202353487,0.1615096598957089,1
14913.0,-0.540774126845729,0.8001660338568091,1.0634967332968053,1.3633366004800664,1.1620071460508272,0.8129928571072439,1
14915.0,0.0433901831118387,1.15560189306089,0.4797528203741409,0.231698391536616,0.3526935049184267,-0.7156877165210184,1
14916.0,-0.1138130260237924,0.8001660338568091,0.8534429538792804,1.0390011632068874,0.8010741670374462,0.417595757509801,1
14917.0,1.2438240863831336,-0.5571872395918231,0.1360238467378727,0.383646423837706,-0.2941514393624997,0.9466896320257472,0
14918.0,0.1975553704657846,0.9303406571479472,1.3372341314100886,1.0750206488755696,0.5105140700321456,1.1687027168214204,1
14919.0,1.1783950542480568,-1.058145946714099,-0.684184315311997,-0.8830791702047491,-0.91940584661767,0.340545786212002,0
14920.0,0.5847888596192942,-0.2017513803877423,0.3936619124240575,0.3799492756046707,0.6162076636214244,0.8820296224465649,1
14921.0,-0.6542442484349309,-0.5571872395918231,0.2497686002152636,0.4278436521875796,0.5001945244425666,1.1610491448008626,1
14922.0,0.9778633268252848,-0.5571872395918231,-0.0702727362924674,-0.1827966247136157,0.1249263557760024,0.557990447812655,0
14923.0,-0.3225146116861712,-1.058145946714099,-0.1558953135198611,-0.113324368788697,0.0384893202353487,1.3369602022012483,0
14924.0,0.6767627952879732,-0.2017513803877423,0.0005721325015948,-0.305160341577133,-0.2672508963742018,0.1418408354136347,0
14926.0,0.9580779469522994,-0.5571872395918231,-0.6840843370728359,-0.5835033778764733,-2.183176263091345,-0.5975715677507077,0
14927.0,0.982715747443508,-1.058145946714099,-0.794498094858402,-0.609684782260171,-0.586765087019821,0.1324811854926654,0
14928.0,1.2762369843581085,-1.058145946714099,-1.023854245863303,-0.4047996776888514,-0.5486003891756687,-0.3001111540825026,0
14929.0,-0.6141483680629726,-0.5571872395918231,-0.0763118719426957,-0.0130584383864058,-0.1676872918813187,0.5466134611831418,0
14930.0,0.1579897300569208,0.4896629879592288,1.2458927827263242,0.9774017037716368,1.3177393102307873,1.5469693233398971,1
14931.0,-1.7074462772723475,0.2992073267345332,0.2170925687164293,-0.1148959846829668,-0.2672508963742018,-0.1426520811059446,1
14932.0,0.9307105862349312,-0.5571872395918231,0.0730718088445746,-0.2546192855417444,-0.2941514393624997,0.828064988471589,0
14933.0,1.054301926358555,0.0739460908215904,0.4631613009873645,0.1239313687523604,-2.515817022689194,0.6227295225974344,0
14934.0,-0.0226329437380984,0.2992073267345332,0.9549686517982336,0.9471176413141816,0.8153422320095451,1.2463059658860447,1
14935.0,0.7971428378544745,-0.5571872395918231,0.8062110742766033,0.8919626853044812,-0.4115503779538524,2.2100094048225456,1
14936.0,-0.5764124726865254,1.2544959545938104,1.8662311781008585,1.666769625256145,1.502336744094668,1.774837356795461,1
14937.0,-0.2524823540546596,-0.2017513803877423,0.4002232460984739,-0.0171142843658956,-0.1914684658752519,0.8943897579222171,1
14938.0,1.2051450416307885,-0.5571872395918231,0.6588024753785082,0.6658744038583051,0.4240770344914922,1.9320878417128096,1
14940.0,1.0156919930971386,-0.5571872395918231,-0.4028010917673699,-0.1689857038609805,-0.2159596295778201,-0.0682546279836238,0
14941.0,1.2242234885320706,-1.058145946714099,-1.172057106085795,-1.1942372750823944,-1.3785107536966998,-0.5796389616188664,0
14942.0,0.9907224082272228,0.0739460908215904,-0.1583395376764431,-0.2223436733560928,-0.9802035124500996,-0.5463502735284975,0
14943.0,1.3109653164344783,-1.058145946714099,-1.5483342066155017,-1.5522358034901935,-1.614523128595098,-1.289341276265871,0
14944.0,-0.6542442484349309,1.7867352234743037,1.694925022125372,1.499375193967213,1.1982735174240835,0.8284670866654053,1
14945.0,1.0095401454577722,-1.058145946714099,-1.1827621256600067,-0.7589597607014165,-1.0458699940988507,-0.5998298718801189,0
14946.0,-1.1198059414673356,-1.058145946714099,-1.5943538887147657,-2.0222782993066613,-1.9471638881929467,-1.37613974170315,0
14947.0,-0.10496702096475,0.4896629879592288,0.0870101619418078,-0.1164713649302792,0.0914362748936436,-0.6336604613977691,0
14948.0,-0.8183807704906293,0.4896629879592288,0.1219331898687134,0.1993293245792594,0.2324210325411989,-0.5680961115545761,1
14949.0,1.0893557436471168,0.0739460908215904,-0.425469044794884,-0.4503524041750327,-0.7601216003714991,-1.0477518766341911,0
14950.0,-0.9353081791524545,-1.058145946714099,-0.6608691181208309,-0.848584025185672,-0.6267921989603487,0.3845209560794426,0
14951.0,-0.0462426723707365,-1.058145946714099,-0.786410180528274,-0.3072650503773302,-0.586765087019821,0.1477359312974936,0
14952.0,-0.2201397768252409,2.4054512011867506,2.1191402158715293,1.736612260464029,1.4152191667836551,0.9199698753817134,1
14953.0,-0.7670473650770303,0.0739460908215904,0.0618756734367058,0.4776193574633178,1.274447139088575,-0.1324300340195722,1
14954.0,-1.2115801184678894,-0.5571872395918231,-0.441796145401779,-0.5370567252723396,0.7865535568710715,-0.1416621728983612,0
14955.0,1.3752433396257897,-1.058145946714099,-1.2480666339903637,-1.244856163309911,-0.2672508963742018,-0.7230017594430184,0
14956.0,1.0202674598207486,-1.058145946714099,0.2546378782766618,1.0617434246636863,-1.7640984679528429,2.111273483682519,0
14957.0,0.6946852246521797,-0.5571872395918231,-0.7382770109985001,-1.017316959584883,-0.3507527121214226,-0.6994915429810961,0
14958.0,0.3482913799359889,0.4896629879592288,0.0210982023030918,-0.4529780401521651,0.1727297634470911,-0.7573617044135943,0
14959.0,-0.1794070292720186,0.0739460908215904,-0.2094019527539143,-0.0036909421566538,-0.1002197270566499,-0.642261059347198,0
14960.0,-1.4474112861963695,-0.5571872395918231,-1.0323626229719896,-0.5311044589581426,-0.4772168596026035,-1.2521297716207984,0
14961.0,-1.2629135238814884,1.9594133665673956,2.067501885537076,1.856481836090315,1.670575380230482,1.3311785992892229,1
14962.0,0.7385953496372302,0.0739460908215904,-0.6692229554382321,-0.9141583819899256,-0.862804573858747,-1.5043414832835262,0
14963.0,-1.3187161125298097,1.2544959545938104,0.8816532311258453,1.0117659025901675,1.6084339089262203,-0.0786802535976912,1
14964.0,0.6793540117376464,-1.058145946714099,-1.0829195018369864,-0.8158082295413044,-0.91940584661767,-0.411515087037044,0
14965.0,0.0773306527470905,-0.5571872395918231,-0.3167871024425784,-0.2022729611569515,0.5207054191909427,0.0936910676754678,0
14966.0,-1.0784157615666077,0.4896629879592288,0.130938246306722,0.520906089366719,0.8831819415705221,-0.5511877017174887,1
14967.0,-0.3349679194593694,0.4896629879592288,0.5448578715457436,0.1785104957817125,-0.5121324717856456,0.2268632587653737,1
14968.0,-0.6542442484349309,-0.5571872395918231,-0.4395853633181552,-0.4297163291046267,0.5505411819726732,-0.1375006183234529,0
14969.0,1.349390734723095,-1.058145946714099,-0.0188460826213908,0.1914758469280886,-0.91940584661767,1.5954509693840293,0
14970.0,-0.1411075792030422,1.2544959545938104,1.1994888316835866,0.4475394008187635,0.4240770344914922,0.5191149403676911,1
14971.0,-0.5583457794146515,-0.2017513803877423,0.1314090936657698,0.1704028931044524,0.9984076522496488,0.3881312324622122,1
14972.0,0.2601733813722913,-0.5571872395918231,-1.3348726027941378,-1.6420643925920622,-0.586765087019821,-1.8195268596783285,0
14973.0,0.1462219650521856,-0.2017513803877423,0.2488817229549424,-0.1951237501287851,-0.2941514393624997,0.6093329775121653,0
14974.0,-0.5236711079833221,-1.058145946714099,-1.5047656003641523,-1.5808368721392685,-0.7132292345010023,-1.2071658245602062,0
14975.0,-0.2524823540546596,-0.5571872395918231,-0.4875749459184689,0.0133596082852886,-0.4115503779538524,-0.2278299463877495,0
14976.0,-0.2524823540546596,0.654643185938614,-0.1168549615548685,-0.4936747887746049,0.0914362748936436,-1.2238758276854549,0
14977.0,1.369097808148474,-1.058145946714099,-2.4083415717582413,-2.183500472526469,-1.7640984679528429,-2.911415053267053,0
14978.0,-0.10496702096475,1.0480979277381186,0.8765497002645251,0.2616618762708548,1.1573590143130723,0.1586625805526324,1
14979.0,1.3769884432844162,-1.058145946714099,-0.5395296677034028,-0.5552437164184574,0.0011923041824166,0.613381252648156,0
14980.0,1.3787288112420826,-1.058145946714099,-1.307715551072724,-1.202407826598178,-0.4437267787202448,-0.8355065450383786,0
14981.0,0.6767627952879732,-0.5571872395918231,-0.657546804212619,-0.4743692243337022,-0.586765087019821,-0.5476546832796672,0
14982.0,1.2164362698867952,-1.058145946714099,-0.9807322912574036,-0.9036346224583336,-0.0581390644641013,-0.218778139256919,0
14983.0,1.3355982633836874,-1.058145946714099,-1.1677409893249049,-1.1176717491805908,-0.2672508963742018,-0.5714982641084992,0
14984.0,-0.9353081791524545,0.4896629879592288,0.2249104188116979,-0.2297966815900328,0.1083521949576072,-0.3746860934471561,1
14985.0,0.5381829940526488,-0.5571872395918231,-0.8216890352357091,-0.4246569123197467,0.5001945244425666,-0.856318943598816,0
14986.0,0.9479515492166356,-0.5571872395918231,-0.356408418802572,-0.2449609484229135,0.5887058798168258,0.0190884825847484,0
14987.0,-1.0395356639262063,0.8001660338568091,0.4399446933868883,0.1973747289689879,-1.7640984679528429,-0.3598952656898208,1
14988.0,0.5817849890277144,0.654643185938614,0.5747409399632629,0.6196384879529337,1.1384985731749109,0.0742333321534138,1
14989.0,1.3099987372027848,-1.058145946714099,-0.7189023732391803,-0.5964638157260045,-0.6688728615528973,0.2750634966007438,0
14990.0,1.2597123935708792,-0.5571872395918231,-0.8010062089391119,-0.8780391383485852,-0.0181119525235737,-0.8174374590330794,0
14991.0,1.033801201878248,-1.058145946714099,-0.7795752969935784,-0.6265937067707593,-0.5486003891756687,0.1606273154877289,0
14992.0,1.0514130692268566,-1.058145946714099,-1.0681529434804675,-0.8067360727591756,-0.3507527121214226,-0.3836636429012241,0
14993.0,1.2074192468466634,-1.058145946714099,-2.321840724728276,-2.051515154316317,-1.1954453334565955,-2.748264409048547,0
14994.0,0.9580779469522994,0.2992073267345332,0.0231167664392579,0.0982663966798622,1.3910374102343397,-0.5071836388052647,1
14995.0,-0.4907754257615954,-0.5571872395918231,-0.9945958459332184,-1.0298453562635617,0.1880646595930938,-1.181208104870175,0
14996.0,1.1055244621722873,-0.5571872395918231,-0.534914594194742,-0.1356762603668062,-0.1002197270566499,-0.3169234985387062,0
14997.0,-0.3873500989396135,0.0739460908215904,-0.1299498364892274,0.6843362971963857,-0.1220981718085144,-0.4930138800117277,1
14998.0,0.4409316275594932,0.0739460908215904,-0.1354101349080057,-0.1986886419931085,0.7865535568710715,-0.5032729071050717,0
14999.0,1.2395198742615607,-1.058145946714099,-1.416203070516196,-1.132288371569837,-1.1954453334565955,-1.0401266070909336,0
15000.0,-0.360624348634749,-1.058145946714099,-0.4604928518798254,-0.5400531812013325,0.4791576523996084,0.7624538670946825,0
15001.0,0.9778633268252848,-0.5571872395918231,-1.001924132326867,-1.186166978263674,0.0384893202353487,-1.194971046131727,0
15002.0,0.1975553704657846,0.9303406571479472,1.1843832907672736,1.0664601687419977,1.344145044363842,0.8808389393988941,1
15003.0,1.0947907354871098,0.4896629879592288,0.0944532658114419,0.0632108034711044,1.4583204304497217,-0.6196880461108188,1
15004.0,0.3482913799359889,-1.058145946714099,0.2105594527208352,0.1559695660505654,1.0531207928583963,2.0281364535551805,1
15005.0,-1.0395356639262063,3.0807148010694942,1.9584936681282816,1.89344303225769,2.152514366176474,-0.1407136751134684,1
15006.0,-0.3225146116861712,-0.5571872395918231,-0.0863164813842134,-0.1164713649302792,1.1093691324834083,0.5277662617078552,1
15007.0,0.3982900810201226,-1.058145946714099,-1.2787100825475233,-1.2902342195152068,-0.9802035124500996,-0.7807988625331802,0
15008.0,1.1041925298164252,-0.5571872395918231,-0.6828856789240842,0.7259380145930437,-1.4880589811139169,-0.5953170097730778,0
15009.0,-1.2115801184678894,-0.2017513803877423,0.2194360003393926,0.1683602798515559,1.0207326504320022,0.5538809796957235,1
15010.0,-0.540774126845729,-1.058145946714099,-0.7927755791413152,-0.6510211644571734,-0.586765087019821,0.1357300501982544,0
15011.0,0.9811023498659778,-0.5571872395918231,-0.5779341115161716,-0.3553590950482323,-0.7132292345010023,-0.3978751281654419,0
15012.0,-0.2865430233339383,-0.2017513803877423,-0.0560154760435987,-0.0239301063835586,1.1093691324834083,0.0353477688921724,1
15013.0,1.11477132965806,1.0480979277381186,0.4087949537109681,0.8261356989834648,1.1666290909919852,-0.7200355014598662,1
15014.0,-0.4296506057480915,-0.5571872395918231,-0.9161463117207552,-0.7802470860088049,-0.2941514393624997,-1.0338392940954308,0
15015.0,1.131598183073706,1.3460575542855853,0.6718918169603194,0.7654769270591997,1.074023657541187,-0.5809414378224427,1
15016.0,0.4520853904121776,0.2992073267345332,-0.2801438377576064,-0.4582609676615375,0.6428173386552047,-1.076225635036785,0
15017.0,-0.5764124726865254,-1.058145946714099,-1.438069786199197,-1.3491740126569909,-0.586765087019821,-1.0813697725987648,0
15018.0,-0.4907754257615954,-0.2017513803877423,-0.3066977031969991,-0.5645293427226981,-0.2672508963742018,-0.4361590871178698,0
15019.0,0.7290940618003953,-1.058145946714099,-0.900237688587427,-0.74651041226979,0.3401681767824983,-0.0669559695020972,0
15020.0,0.9530347346034082,-1.058145946714099,-1.0926879137484613,-0.975256544405366,-0.3507527121214226,-0.4299394464632213,0
15021.0,-1.3798409325433134,1.2544959545938104,0.7893323687341159,0.5885260461905456,1.7352822254882323,-0.252164947237435,1
15022.0,-1.2115801184678894,0.2992073267345332,0.1748956288147894,0.1825271246848983,0.8153422320095451,-0.2219807821869138,1
15023.0,-1.9674812683483252,1.847016261407861,1.8521533121409937,1.5243129534694744,1.9923387650392004,1.0549262685548233,1
15024.0,-1.3187161125298097,1.5859404542672264,1.0639175620326669,0.9779993602769184,1.124063132285242,-0.1256265737471849,1
15025.0,-0.5950029105353472,-0.5571872395918231,0.0613926402402148,0.0236367070456399,0.9275383145186272,0.8060582460559063,1
15026.0,-0.0382757972626953,0.2992073267345332,0.0950706331575703,0.1993293245792594,0.7717713000569296,-0.3720054134467995,1
15027.0,-0.6338830081757483,1.0480979277381186,0.8887028243146406,1.1320135606585675,0.4009658426149288,0.1815198837614774,1
15028.0,-1.4474112861963695,0.4896629879592288,0.157458991713806,0.3095795127308114,0.3526935049184267,-0.5013854031988377,1
15029.0,1.2680279097306315,-1.058145946714099,-0.6727767932848463,-0.4936747887746049,-1.117253523671916,0.3620616976922873,0
15030.0,-0.10496702096475,0.8001660338568091,0.5438763646665641,0.5928319269624064,-0.4115503779538524,-0.1646103885171322,1
15031.0,-1.8243736859341724,1.4312993642702228,0.8798526191097897,0.7744925577243597,1.4049427101962726,-0.2907166777263311,1
15032.0,0.7022155483365661,0.8001660338568091,1.9416697576043611,1.8475449504341095,-0.0581390644641013,2.4676861462406467,1
15033.0,-1.7074462772723475,1.0480979277381186,0.7364199529993641,0.8062726977286697,1.6375007934350612,-0.104805649056117,1
15034.0,-1.0395356639262063,1.4312993642702228,1.577518692945253,1.4890193157774354,1.8650318922069535,1.021701843793819,1
15035.0,0.0363810947797576,-1.058145946714099,-0.9369720497421328,-0.4635866723774432,-0.3805884749031534,-0.1362412411858453,0
15036.0,-0.10496702096475,-0.2017513803877423,-0.4980627306798209,-0.2743721496068976,0.7567177940893411,-0.7957420320728723,0
15037.0,0.9479515492166356,-0.5571872395918231,-0.602666861858718,-0.3286910797782772,-0.0378814165327151,-0.4444105979784205,0
15038.0,-0.2307404346856175,0.9303406571479472,0.2463629601577476,-0.0781764444309413,1.2244584972993122,-0.8823617590418963,1
15039.0,-1.3187161125298097,3.698773764039586,2.710075624820512,2.366564052715784,2.111308478563333,0.5852766759594734,1
15040.0,1.1819481115290005,-1.058145946714099,-3.385102063143995,-3.628661084298931,-2.515817022689194,-4.753698786761186,0
15041.0,0.4409316275594932,-0.5571872395918231,-0.82832646030465,-0.6063545425438546,0.6853342645162757,-0.8687958008040271,0
15042.0,0.5413976634342754,-0.5571872395918231,-0.7777969544377437,-0.4825737499159102,-1.1954453334565955,-0.7738022437551016,0
15043.0,-0.6338830081757483,0.4896629879592288,0.8122445479369487,0.4795341213740282,-0.0581390644641013,0.7301258179987506,1
15044.0,-0.9353081791524545,2.5129551665095216,2.0584074368200995,1.5532158235990552,1.7095331115410488,0.6840877735405565,1
15045.0,0.3695998250074675,-0.5571872395918231,-0.1689236918152943,-0.9637172845910724,-1.0458699940988507,0.3721590435311582,0
15046.0,-1.3798409325433134,2.110890520920167,1.5327338118299734,1.4769608763160018,1.4420098920812563,0.1512330082050494,1
15047.0,0.736233191538285,-1.058145946714099,-0.716346852836662,-0.5281484048190704,-0.5121324717856456,0.2798835048931476,0
15048.0,-0.1696156146721137,0.0739460908215904,-0.4719750615282859,-0.5135641944509618,0.5793298571111467,-1.134943979980451,0
15049.0,0.7456300658619328,-1.058145946714099,-1.463622741552478,-1.3491740126569909,-1.9471638881929467,-1.1295656142664232,0
15050.0,-0.7670473650770303,0.2992073267345332,1.0845280027408977,1.0945721800667036,0.8223842757380923,1.4904149383985377,1
15051.0,-0.8183807704906293,0.9303406571479472,1.0386711473681491,1.1931307820904242,1.3661211723993998,0.6065137025770923,1
15052.0,0.8428228344109817,-1.058145946714099,-1.0503845459420025,-1.178194505634738,-0.3507527121214226,-0.350150381416896,0
15053.0,-1.7074462772723475,-0.2017513803877423,-0.206953851857092,0.4502103524641729,0.1249263557760024,-0.2486063151254715,1
15054.0,-1.2115801184678894,-0.5571872395918231,-0.8088562973471882,-0.6030410799249616,0.7413828979433381,-0.8321952123893063,0
15055.0,1.0974910561031592,-0.2017513803877423,-0.3651273596269647,-0.5049664126903386,0.4897435161402434,-0.5459881595495385,0
15056.0,1.1554233642263942,-1.058145946714099,-1.3946051465753275,-1.186166978263674,-1.4880589811139169,-0.9993904140278266,0
15057.0,0.7479579275786754,0.2992073267345332,0.9021826002359332,0.6777684158413487,0.3145288070742748,1.1468631053960603,1
15058.0,-0.7670473650770303,1.5859404542672264,0.9354884545278744,0.792557435875949,1.3875239442341725,-0.3668870239043436,1
15059.0,-0.4594850640247002,1.7867352234743037,0.9590836610314016,0.7753060654827457,1.6191232205022017,-0.5549895094447174,1
15060.0,-1.4474112861963695,0.0739460908215904,-0.8065064962694922,-0.4171400197733095,0.5307717179635321,-1.760969044682256,0
15061.0,-1.8243736859341724,4.08022145124404,3.6009126107354543,3.346795281384585,0.921346639414674,1.840135153862172,1
15062.0,-0.1138130260237924,0.8001660338568091,0.736127498256446,0.8715639226834505,0.6853342645162757,0.1968764095220821,1
15063.0,0.5847888596192942,-1.058145946714099,-0.661643949547745,-1.4253590231077382,-1.614523128595098,0.3830595340147781,0
15064.0,1.0033287148318906,0.0739460908215904,0.2152180606804176,0.321032654297476,0.4684334074395972,0.1560233877015636,1
15065.0,-0.5070123740010525,0.2992073267345332,0.9177007250567616,0.7018397080541435,1.0636387966331442,1.1760965722388432,1
15066.0,-0.2983107883386734,-1.058145946714099,-0.0289563565989352,-0.2947366536986517,0.0011923041824166,1.5763818183953626,0
15067.0,-0.0543097623705864,0.2992073267345332,1.0281078450147083,0.966549966410046,1.133714926635295,1.3841054150429166,1
15068.0,-0.3873500989396135,0.0739460908215904,0.1692647758911386,0.3410014296454213,1.1712251425483466,0.0695634948597793,1
15069.0,0.4738273097812196,-1.058145946714099,0.126855444627251,0.0299792917682934,0.4126028186801636,1.8702609724121064,0
15070.0,0.942827752064887,-0.2017513803877423,-0.0706908449338813,-0.1845435605050292,-0.3805884749031534,0.0077330753161014,0
15071.0,0.0639692278216899,0.0739460908215904,0.3223092136664408,-0.1164713649302792,-0.0181119525235737,0.3575622118089779,1
15072.0,1.1028578254869597,-1.058145946714099,-1.151036214429603,-0.7262712480428852,-0.91940584661767,-0.5399911184646012,0
15073.0,-1.3187161125298097,0.8001660338568091,0.7904157441026919,0.6852692348546585,0.8153422320095451,0.2990041198059827,1
15074.0,0.1342342291316152,-0.2017513803877423,0.3751258410768719,0.4996187640593305,0.3274486497920416,0.8471124270853633,1
15075.0,-0.0543097623705864,-1.058145946714099,-0.1332657328202288,-0.0693081625888552,-0.3507527121214226,1.3796422197341018,0
15076.0,0.4520853904121776,-0.2017513803877423,0.3184300603253746,0.3649492882377048,0.3891614223084505,0.7403193777371075,1
15077.0,1.1238867651285056,-0.5571872395918231,0.6908458426919769,0.0400019000139965,-0.321964036982949,1.9924999225630204,0
15078.0,-1.5229485149574664,3.0139138736317976,2.124536765297845,1.9033193502583936,0.8362895757000253,0.245980289116052,1
15079.0,0.5847888596192942,1.15560189306089,1.0072760644416427,0.7276884372863565,0.8431548296299944,0.2754052671136724,1
15080.0,1.0308182885991817,-0.5571872395918231,-0.383098908674954,-0.3599108152129162,-0.2412044847042052,-0.0311627361246934,0
15081.0,-0.8456753236698794,1.2544959545938104,0.5386959090786408,0.3177806281973799,0.4684334074395972,-0.7226718553479009,1
15082.0,1.3167343976054071,-1.058145946714099,-1.6498256316415092,-1.5956177399879288,-1.4880589811139169,-1.4807658916793038,0
15083.0,0.7047061347631505,-1.058145946714099,-1.690272692919973,-1.6749572933624948,-1.614523128595098,-1.557053747011411,0
15084.0,0.954720215728158,-0.5571872395918231,0.0265331640456466,0.1239313687523604,-0.2412044847042052,0.7403755874349666,0
15085.0,1.3726167481092917,-1.058145946714099,-0.7081964826716394,-0.7066363290939456,-1.1954453334565955,0.2952560496565774,0
15086.0,1.2085533323744282,-0.5571872395918231,-1.041300832871935,-1.0824911210991477,-1.117253523671916,-1.268912298273109,0
15087.0,0.7640205789835691,-1.058145946714099,-0.7974405346294597,-0.036379454815185,-0.8098576192004525,0.1269314023320921,0
15088.0,-0.8741833591389503,-0.5571872395918231,0.1589251656084264,-0.0504941797187251,0.1880646595930938,0.9898464125195608,1
15089.0,-1.3187161125298097,0.4896629879592288,0.6886948699549187,0.6610559138912184,0.9696189771111754,0.4975380513671001,1
15090.0,0.8203894592349804,-1.058145946714099,-0.6415380464687104,-0.5707933990113551,-0.4772168596026035,0.420981602440339,0
15091.0,-0.1411075792030422,-0.2017513803877423,0.0848261283968684,0.1039315560693431,0.217900422374825,0.3004324788678506,1
15092.0,0.5907547184430448,-0.2017513803877423,-0.1300795845919843,-0.5049664126903386,-0.0581390644641013,-0.1040050679768678,0
15093.0,-0.9682038613741812,2.0119964593872464,1.969639976999631,2.074174573137494,0.7336066022127771,1.086531642595436,1
15094.0,1.081115906117918,-0.5571872395918231,-1.733554573815608,-1.869817524092209,-1.7640984679528429,-2.5646757771426487,0
15095.0,0.1281552717803115,1.0480979277381186,0.8764350616422516,0.9874887359002432,0.6162076636214244,0.1584469762022209,1
15096.0,-0.4296506057480915,-1.058145946714099,-1.0384834528711433,-0.9302666386620904,-1.0458699940988507,-0.3277035376219162,0
15097.0,-1.8243736859341724,-0.2017513803877423,-0.0171641768559997,-0.1039727287067449,0.2745016951337471,0.1084606153790446,1
15098.0,0.4844279676415962,-0.2017513803877423,2.708003882452505,-0.9248532670431824,-2.515817022689194,5.2455262522953054,1
15099.0,-0.0073625747303351,-1.058145946714099,-0.5885726752898017,-0.2430461845122031,-0.4772168596026035,0.5208804441952375,0
15100.0,0.8722016442145482,0.654643185938614,0.8174643600323213,-0.2604831068966469,-1.0458699940988507,0.5309127868126065,0
15101.0,-1.3798409325433134,0.4896629879592288,0.3332969073003609,0.2022503698192664,0.1727297634470911,-0.1709996914596003,1
15102.0,1.1688228586551843,-0.5571872395918231,-0.3720962751840792,-0.2507389147655574,-0.3805884749031534,-0.010448056248967,0
15103.0,-0.6338830081757483,-0.5571872395918231,-0.2012328313379217,-0.270373833714497,-0.144576100004755,0.3113047421362981,0
15104.0,0.5349521297947235,-0.5571872395918231,0.0715180062806348,0.1632258202187932,0.3650304751021734,0.8251371801451621,0
15105.0,-0.9682038613741812,0.9303406571479472,0.8656396210171261,0.8261356989834648,0.9088213112787455,0.2809041351143302,1
15106.0,-0.9682038613741812,0.2992073267345332,0.3057753379123371,0.5687929379544485,0.6162076636214244,0.0241152623991916,1
15107.0,0.8265858861715248,0.9303406571479472,0.0077575062242157,-0.2186486021835564,-0.2159596295778201,-1.3291670824687216,0
15108.0,0.3262505441323444,0.0739460908215904,0.2410607856796131,0.0029193741762231,0.1411722937225966,0.2046516228222082,1
15109.0,0.6767627952879732,-0.2017513803877423,0.0397608518064163,-0.4297163291046267,0.0741642041589574,0.2156012562856313,0
15110.0,-0.7922005967383016,0.4896629879592288,0.3467689470841696,-0.2546192855417444,-0.4772168596026035,-0.1456746830892138,1
15111.0,-0.6752731880764764,0.2992073267345332,0.7754966386662544,0.5592646452332911,0.7717713000569296,0.9082390701101218,1
15112.0,1.2586653317891858,-1.058145946714099,-1.0719104891996298,-1.2626334870875635,-1.3785107536966998,-0.390750810551148,0
15113.0,-1.3187161125298097,-0.2017513803877423,0.9764072522669144,1.0310585694040475,0.4897435161402434,1.98021849413017,1
15114.0,-0.6542442484349309,1.2544959545938104,0.9333918820127644,1.2889575405446383,1.0370865419358446,0.0185787260596618,1
15115.0,-0.9682038613741812,-0.5571872395918231,-0.4023140856536215,-0.4635866723774432,-0.144576100004755,-0.0673377990843775,0
15116.0,-0.9682038613741812,0.0739460908215904,0.2695625353859399,0.1744691869762233,-0.1002197270566499,0.258287989430245,1
15117.0,-1.0784157615666077,0.8001660338568091,0.7078176254163817,1.2016894056371947,0.607142454731596,0.1436276729078487,1
15118.0,0.2893295474663386,-1.058145946714099,-0.9598526929025244,0.6991067916340292,-2.515817022689194,-0.1793967916795699,0
15119.0,0.6767627952879732,-1.058145946714099,-0.899158956114114,-1.132288371569837,-0.862804573858747,-0.0649213547670592,0
15120.0,0.2893295474663386,-1.058145946714099,-0.6852449383384415,-0.3396716509860114,-0.5486003891756687,0.3385453279970963,0
15121.0,-0.3349679194593694,-0.5571872395918231,-0.510258909339395,-0.5997442262109776,-0.321964036982949,-0.2705229159324876,0
15122.0,0.1864977655259916,1.15560189306089,1.1348931840558465,0.9296704395505312,1.0583966506364906,0.5155220223007173,1
15123.0,-1.5229485149574664,0.2992073267345332,1.1598766017644957,1.0680249298419846,1.0262202498700983,1.6324025917246778,1
15124.0,-0.8183807704906293,0.0739460908215904,-0.5211803141424215,-0.0476468984807828,-0.2672508963742018,-1.2271589498829916,0
15125.0,-0.7670473650770303,2.062432694683636,2.094000236237028,1.861256174572798,1.0370865419358446,1.2629951900001453,1
15126.0,1.1760153661788,-0.5571872395918231,-0.5233046164192318,-0.3926866108572838,-0.4115503779538524,-0.2950746250584302,0
15127.0,-0.1599714449813229,-0.5571872395918231,-0.1929529831693054,-0.0448118900448825,-0.3507527121214226,0.3268994838669631,0
15128.0,-0.2201397768252409,0.2992073267345332,0.468706098626688,0.7613377004413101,0.5887058798168258,0.3306506995001504,1
15129.0,-0.3349679194593694,2.0119964593872464,1.4390858925945942,1.371104722973918,0.5793298571111467,0.0881105975034088,1
15130.0,0.4409316275594932,-1.058145946714099,-0.7451646084946182,-0.6063545425438546,-0.5121324717856456,0.225529870657655,0
15131.0,0.9794848831855826,-1.058145946714099,-1.7572742054840855,-1.132288371569837,-1.3785107536966998,-1.683426381659283,0
15132.0,-0.9682038613741812,0.2992073267345332,0.0359652142069199,0.2051584995628302,0.1249263557760024,-0.4830494728957123,1
15133.0,0.2601733813722913,0.2992073267345332,0.4780210790130387,0.4326520773339149,0.0565206627106016,0.3481807970893169,1
15134.0,-1.0784157615666077,1.0480979277381186,0.3887702066080977,0.4958993143423847,0.0914362748936436,-0.7575957788843545,1
15135.0,0.6583250720961007,-0.5571872395918231,-0.800395038714981,-1.1625337434223335,-0.7132292345010023,-0.8162884691379915,0
15136.0,-1.9674812683483252,0.0739460908215904,0.233517861760133,0.2928639767816046,0.3014022381220454,0.1904576878687313,1
15137.0,1.1566531348790148,-0.5571872395918231,-0.0878357811996711,0.1195392259612697,-0.1676872918813187,0.5249041538845974,0
15138.0,0.9778633268252848,-1.058145946714099,-0.4431115664285839,-0.3308725774292323,-0.2412044847042052,0.7952369902210196,0
15139.0,0.6609917087814282,-0.5571872395918231,-1.184521816785033,-0.5707933990113551,-0.91940584661767,-1.5376892536061508,0
15140.0,-0.3102985242592435,0.8001660338568091,0.8994627711031596,0.9183217562935336,0.7257558910386418,0.5042015419052569,1
15141.0,1.0741675694743047,0.654643185938614,0.2883295627960823,0.5776363779213901,0.0384893202353487,-0.4640538192125666,1
15142.0,-0.3873500989396135,0.4896629879592288,0.7456201580308885,0.9641139601483418,0.8153422320095451,0.6046930427077957,1
15143.0,0.62261037347245,-0.5571872395918231,-0.3605696263175127,-0.2885608248606143,-0.3507527121214226,0.0112537977027292,0
15144.0,-1.4474112861963695,2.2876939305965798,1.8515391211602128,1.5497186284461777,1.2622326247684963,0.5497731719756064,1
15145.0,-1.8243736859341724,0.0739460908215904,0.1801213295954749,0.2757125241073478,0.2031181655606824,0.0899885830469341,1
15146.0,0.4218998096527606,-0.5571872395918231,0.2558107401719775,0.7139992226987668,0.6162076636214244,1.1724367125396986,1
15147.0,0.6609917087814282,-1.058145946714099,-0.2879477577506155,-0.2004783599377006,-0.321964036982949,1.0878939550301374,0
15148.0,-1.2629135238814884,-1.058145946714099,-0.8107845776489998,-0.6404409748334174,-0.586765087019821,0.1017629873411589,0
15149.0,0.2893295474663386,0.2992073267345332,0.3697172251856272,-0.1758549144852563,0.3145288070742748,0.1443936755582081,1
15150.0,-1.0028785328055103,1.3460575542855853,1.6347818607548623,1.6571615235144197,2.007361641610787,1.2301157718594384,1
15151.0,1.0232997359133336,-0.5571872395918231,0.5813359708090313,0.3087537487318148,0.2324210325411989,1.7860433770140431,1
15152.0,-1.3187161125298097,1.4312993642702228,1.2482507871078876,1.1802999783085908,1.3215639934150147,0.4018927604089719,1
15153.0,-0.6338830081757483,-1.058145946714099,-0.7470386573177366,-0.6030410799249616,-0.5121324717856456,0.2219951969141393,0
15154.0,-0.0791383545924629,-0.2017513803877423,0.2882984455190043,-0.2316732047996185,1.114296432923324,0.6835676599418145,1
15155.0,0.9597502430728068,-1.058145946714099,-0.636560581728541,-0.6231769669374269,-0.4437267787202448,0.4303696790524929,0
15156.0,-2.4120140217391843,-0.2017513803877423,0.0237609156158197,0.1206400144003198,0.1571027565423948,0.1854854077006714,1
15157.0,-1.8243736859341724,0.2992073267345332,0.7549595381837997,1.2765544352958187,1.0424661878166923,0.8695611601697787,1
15158.0,-0.4011425702790203,-0.5571872395918231,-0.3084051021380163,-0.5370567252723396,-1.0458699940988507,0.1094743407325013,0
15159.0,-2.1519790306632065,2.478149591821275,2.282540263349821,2.171293347983036,1.8591084508987927,1.145403693801629,1
15160.0,0.9147872115980474,0.0739460908215904,-0.3285685093611479,-0.3157518899197936,-0.7132292345010023,-0.8659750684407621,0
15161.0,0.9680469331528012,-1.058145946714099,-1.4710335719947605,-0.8112565093766205,-0.1914684658752519,-1.1435433012182474,0
15162.0,1.3734934744233138,-1.058145946714099,-0.7836271204586226,-1.244856163309911,-0.9802035124500996,0.1529851058299135,0
15163.0,-0.9682038613741812,-0.5571872395918231,-0.803243748528776,-0.6439488281553082,-0.2941514393624997,-0.8216439693212928,0
15164.0,-0.1318797192956659,0.9303406571479472,0.5755490454471475,0.4124984591744786,1.4253684886861164,-0.2645051744654719,1
15165.0,0.942827752064887,-1.058145946714099,0.0341742605298864,-0.2885608248606143,-0.3507527121214226,1.695453494663585,0
15166.0,1.0879897682663244,-1.058145946714099,-1.233391505688454,-0.8296554976039625,-0.9802035124500996,-0.6953227630094186,0
15167.0,0.8468186429686271,0.2992073267345332,0.4168104263270314,0.3694853126909775,1.48688632403703,0.2329963803246066,1
15168.0,-0.7428435417295326,-1.058145946714099,-1.5554008628150675,-1.473214373913271,-1.614523128595098,-1.3026698106215002,0
15169.0,0.9580779469522994,-0.5571872395918231,-0.3534706293933657,-0.2186486021835564,0.2607132519567318,0.0246197745453066,0
15170.0,0.9986303407132076,-1.058145946714099,-1.7496021505475297,-1.7651973438095343,-1.7640984679528429,-1.668955994971101,0
15171.0,0.8664325630436192,-1.058145946714099,0.2350830325261964,-0.3530949931952531,-1.614523128595098,2.074390773381697,0
15172.0,-1.3798409325433134,0.2992073267345332,0.4011861285403124,0.7728625173886673,0.7490861757345402,0.2035987223840619,1
15173.0,0.9564012788108172,0.654643185938614,0.3413688831621285,0.344923450442901,0.3891614223084505,-0.3644302429545583,1
15174.0,0.8507897095190223,-0.5571872395918231,-0.4738992099548825,-0.1724113414944718,-0.1676872918813187,-0.2020897813775086,0
15175.0,-0.10496702096475,-1.058145946714099,-1.0231177212963576,-0.0591107344650019,-0.4772168596026035,-0.2987219832049234,0
15176.0,1.3157764807748435,-1.058145946714099,0.0433690475109225,-0.0678416715937903,0.1727297634470911,1.7127959308467624,0
15177.0,1.0278214364224063,-1.058145946714099,0.014295651509631,-0.0157595548677755,-0.3805884749031534,1.657960129232158,0
15178.0,0.7121203814881557,-1.058145946714099,-2.241661650659703,-1.8259532106467025,-1.9471638881929467,-2.5970373628833303,0
15179.0,-0.9682038613741812,1.3460575542855853,1.5025551153858077,1.570064041945144,1.3624991221135656,0.981085143978044,1
15180.0,0.932455689893557,-0.2017513803877423,-0.0202772038576066,0.2157129643038685,0.0741642041589574,0.1026019980473422,0
15181.0,-0.1599714449813229,0.2992073267345332,0.1834102461801742,0.2138065254653223,-0.8098576192004525,-0.2059748408762452,0
15182.0,0.3779288407609402,1.15560189306089,0.8429513152578285,0.5715693073737764,0.5001945244425666,-0.03360924988461,1
15183.0,1.188995712108433,-0.2017513803877423,-0.269234733833086,-0.3374608222193361,-0.1914684658752519,-0.365725175719934,0
15184.0,-0.6752731880764764,0.0739460908215904,-0.2150841644155805,-0.014407610016013,0.435392980203531,-0.6529322201453672,1
15185.0,-0.1227827554391228,-1.058145946714099,-0.7888802208402556,0.1924626752284485,-0.5486003891756687,0.1430771483840054,0
15186.0,-1.1198059414673356,0.2992073267345332,0.2959284814765274,0.2400065559703205,-0.2941514393624997,0.0055953444548853,1
15187.0,-2.1519790306632065,1.5859404542672264,1.178361079701173,0.8768103286355493,0.3014022381220454,0.0894952896972303,1
15188.0,1.3682150479281203,-1.058145946714099,-0.7893197127082866,-0.4964795731478753,-0.4772168596026035,0.142248215675714,0
15189.0,-2.4120140217391843,2.842379197713229,2.114837026118844,1.729504768144664,0.6162076636214244,0.4197182410460051,1
15190.0,1.0397257262171895,-1.058145946714099,-0.078249958740456,0.3046093056627695,-0.0378814165327151,1.4834083595059504,0
15191.0,1.081115906117918,-0.2017513803877423,-0.3300594091438693,-0.3599108152129162,-0.1914684658752519,-0.4800752606146572,0
15192.0,0.2191145500704246,0.2992073267345332,0.5444145413994992,0.7861910612935304,0.2324210325411989,0.473142454412589,1
15193.0,-0.2097114950440718,-1.058145946714099,-0.4477057366450875,-0.8112565093766205,-0.6267921989603487,0.7865718515985922,0
15194.0,-1.9674812683483252,2.245808014503504,1.867210515422777,1.916285140763528,1.5234898547932807,0.6268483615837632,1
15195.0,-1.9674812683483252,-1.058145946714099,1.0249651450167008,0.6824664425217746,-2.515817022689194,3.5642001791191578,1
15196.0,1.0382497182035757,-0.5571872395918231,-0.7759775609318972,-0.8730374341016977,-0.1676872918813187,-0.7703814525474958,0
15197.0,-1.2629135238814884,0.4896629879592288,0.5056291349056149,0.4965206851385348,0.0384893202353487,0.1530644830716594,1
15198.0,0.0503234960319062,0.2992073267345332,-0.3507839402561831,-0.2743721496068976,-0.321964036982949,-1.2085799813400244,0
15199.0,-0.2307404346856175,1.0480979277381186,0.8720098565929681,0.3858547782530404,-0.7132292345010023,0.1501244332272254,1
15200.0,1.1238867651285056,-1.058145946714099,-0.379421399843325,-0.6130319698342725,-0.2672508963742018,0.915364041753466,0
15201.0,0.0148821476427679,0.654643185938614,0.4922485128990723,0.792557435875949,0.0384893202353487,-0.0808800652669701,1
15202.0,1.0187459283862368,-0.2017513803877423,1.3427389444877886,-3.172763669970543,-2.515817022689194,2.670862691921267,0
15203.0,-0.7428435417295326,1.5110377522649707,1.119137665305159,1.400034323567289,1.031671386584256,0.0655652900522626,1
15204.0,0.9147872115980474,-1.058145946714099,-0.7752283973339983,-0.4297163291046267,-1.1954453334565955,0.1688260731203335,0
15205.0,0.0001383902963132,-0.5571872395918231,-0.2544236548463248,-0.1793166116278707,-0.1002197270566499,0.2111282751020457,0
15206.0,-1.3187161125298097,0.0739460908215904,-0.5715776638545218,-0.7342923345111426,-1.9471638881929467,-1.3215649285142392,0
15207.0,1.01262344562185,-0.2017513803877423,-0.2214004654632407,-0.0978113633798804,-0.6267921989603487,-0.2757757601830144,0
15208.0,-2.4120140217391843,0.4896629879592288,0.0304899433848656,-0.2186486021835564,-0.3507527121214226,-0.739739079677727,1
15209.0,1.3726167481092917,-1.058145946714099,-1.1844417375320084,-1.0893783142783806,-0.91940584661767,-0.6029978149507711,0
15210.0,0.6197789110416514,-0.2017513803877423,0.1688608833912512,0.3457050559285902,0.3650304751021734,0.4586466868532382,1
15211.0,-0.2201397768252409,-0.5571872395918231,0.2283398169608286,-0.2168088221341602,0.1727297634470911,1.120663094756939,1
15212.0,0.6636473034612838,-0.5571872395918231,-1.0757565921946777,-1.1625337434223335,-1.3785107536966998,-1.3335980486509529,0
15213.0,0.8428228344109817,-0.5571872395918231,-0.749005104389636,-0.3950914432943594,-0.5121324717856456,-0.7196651739874282,0
15214.0,-2.1519790306632065,0.8001660338568091,0.4175780506365289,0.6082086105405562,0.7717713000569296,-0.4019071703651389,1
15215.0,-0.3738480170997701,0.654643185938614,0.6891678025930217,0.2928639767816046,0.5698454386786636,0.2894781358209594,1
15216.0,0.0221288371626836,-0.5571872395918231,-0.467016900262069,-0.5430633509352029,-0.4437267787202448,-0.1891356682588994,0
15217.0,1.206283152308942,-1.058145946714099,-0.561488821194586,-0.630028288668433,-0.321964036982949,0.5719637386978188,0
15218.0,-1.2629135238814884,1.9594133665673956,1.8123490098004056,1.6953818444581314,0.9696189771111754,0.8506684284035416,1
15219.0,0.4630484812852117,-0.5571872395918231,-0.2197925726428216,-0.3975051008243698,-0.3805884749031534,0.2763491864226097,0
15220.0,-0.3102985242592435,0.4896629879592288,0.4667977983822676,0.6772967622257227,0.7791957222855813,0.080023816917801,1
15221.0,0.9307105862349312,0.0739460908215904,0.7018473438011307,-0.3599108152129162,-0.5486003891756687,1.0722709003537143,0
15222.0,0.8428228344109817,1.15560189306089,0.964651716039852,1.4420599509556802,0.6853342645162757,0.1952299733715699,1
15223.0,0.62261037347245,0.2992073267345332,0.3034582590565015,-0.1672795526090386,-0.3805884749031534,0.0197572480083577,0
15224.0,0.9165761254464796,0.2992073267345332,-0.0470888800244665,-0.0752070446297544,-0.4437267787202448,-0.6390236380442653,0
15225.0,0.6448229902562577,-1.058145946714099,-0.5904664823130967,-0.5164552801556334,-0.4772168596026035,0.5173085041913544,0
15226.0,0.8265858861715248,-1.058145946714099,-1.29020964290881,-1.2717056438696923,-1.2818823689972492,-0.8024883690015227,0
15227.0,-0.5236711079833221,0.9303406571479472,0.7085474192507006,0.5885260461905456,0.5793298571111467,-0.0145369691806575,1
15228.0,-0.1599714449813229,0.4896629879592288,1.290310002971807,1.259060314590854,1.1982735174240835,1.6306680187057288,1
15229.0,1.2319172849905398,-1.058145946714099,-1.2625112260560167,-0.9637172845910724,-1.1954453334565955,-0.7502459377591966,0
15230.0,0.6583250720961007,-0.5571872395918231,-0.5558439331241369,-0.2279254970027644,-0.4772168596026035,-0.3563085127224864,0
15231.0,1.2690598089055165,-1.058145946714099,-0.9440212162330748,-0.630028288668433,-0.862804573858747,-0.1495367879196511,0
15232.0,0.1808966364835151,-0.5571872395918231,-0.301270458134955,0.211894544645614,-0.3805884749031534,0.1229090848958541,0
15233.0,0.9891290528763732,-1.058145946714099,-1.9712261532289992,-2.397537599248726,-2.515817022689194,-2.086964604750837,0
15234.0,0.752588454545872,-1.058145946714099,-1.1156818037604843,-0.609684782260171,-0.862804573858747,-0.4733085936722822,0
15235.0,0.5996007235020872,1.5859404542672264,0.8281131844794304,0.8216048824065979,1.0893585536871893,-0.5684534284786872,1
15236.0,0.8014326545102536,-1.058145946714099,-0.7651566250515093,-0.4023591519246488,-0.8098576192004525,0.1878226054403111,0
15237.0,-2.1519790306632065,0.0739460908215904,0.300593458157723,0.504545535701317,0.6514988276797011,0.3166892399392155,1
15238.0,-0.6752731880764764,-0.2017513803877423,0.1020755178527564,0.2176138931958927,0.1249263557760024,0.3329055723313011,1
15239.0,-1.3187161125298097,-0.5571872395918231,-0.1262618023497755,0.1173321066458016,0.1083521949576072,0.452518402382517,1
15240.0,-0.4011425702790203,1.2544959545938104,1.1288626363879986,1.2269212945671453,0.939783214329445,0.3862178863770703,1
15241.0,-0.150470157144488,1.15560189306089,0.8551477562830525,1.249839318185575,0.8499631098416093,-0.0106811306632536,1
15242.0,1.0217853899940603,-1.058145946714099,-0.8089989561045619,-0.609684782260171,-1.7640984679528429,0.1051308769666163,0
15243.0,-0.0876328522714647,-0.5571872395918231,-0.0023175417747592,0.0583923135040178,0.2324210325411989,0.6860172067605329,0
15244.0,-0.1696156146721137,-0.2017513803877423,-0.0142144709896663,-0.0335924975147533,0.0384893202353487,0.1140119188065507,0
15245.0,0.2893295474663386,0.8001660338568091,1.1528284384226113,1.1862027818792895,0.435392980203531,0.9812110009260022,1
15246.0,0.6556473011960866,-0.2017513803877423,-0.1264369956659432,-0.2131446291541037,0.0565206627106016,-0.0971523062989835,0
15247.0,0.2296283133843863,-0.2017513803877423,0.0345873854703125,0.0223608173365031,-0.91940584661767,0.2058633595730427,0
15248.0,1.0048872215498614,-0.2017513803877423,0.511900449319106,0.500853921114919,0.7257558910386418,1.104785740573397,1
15249.0,-0.6141483680629726,1.7233615276208618,1.6556819741408326,1.514873702843016,1.6084339089262203,0.8279273850276732,1
15250.0,1.2893566040861313,-1.058145946714099,-1.964103263361499,-1.5248267984910486,-1.9471638881929467,-2.073530007166174,0
15251.0,-1.3798409325433134,1.9044924940644756,2.221649186040433,2.099139251498394,1.193826931703096,1.6847433577000943,1
15252.0,-0.540774126845729,0.2992073267345332,0.5874569796947464,0.6945265437454221,0.7490861757345402,0.5541667910968683,1
15253.0,-1.0395356639262063,0.8001660338568091,0.5707183054863983,0.7634105699125021,0.7178293264081053,-0.1141583745788751,1
15254.0,0.2551824986059697,-0.2017513803877423,0.1129795653274442,0.2354038714153275,0.3401681767824983,0.3534338966047116,1
15255.0,-0.150470157144488,0.9303406571479472,0.9999862471599492,0.9854246021408116,0.9578145568046976,0.5337015181983422,1
15256.0,0.3568999011193944,-0.5571872395918231,-1.2196396345048313,-1.1033729047604708,-1.4880589811139169,-1.6035504953952353,0
15257.0,0.7662827513425954,-0.5571872395918231,-0.2193203449768586,-1.2717056438696923,-1.0458699940988507,0.27723856744847,0
15258.0,0.4371701786605239,-0.5571872395918231,-0.2883401811158857,-0.8203916692661117,-0.2159596295778201,0.1472577267959084,0
15259.0,1.1467483017274251,0.0739460908215904,0.1726400400095818,0.1570110879448586,0.1411722937225966,0.0759134992820257,0
15260.0,0.1032463079562461,2.110890520920167,1.6496091346118429,1.4798918391959583,1.207095033142026,0.3710501564721903,1
15261.0,0.294062596246371,0.0739460908215904,0.3477963692379924,0.3177806281973799,0.5887058798168258,0.4055368636333878,1
15262.0,0.8527660599238526,-0.2017513803877423,-0.5741135183672501,-0.5400531812013325,-0.5121324717856456,-0.9385370527150844,0
15263.0,0.1462219650521856,-1.058145946714099,-1.280537724533164,-1.12493945781088,-0.9802035124500996,-0.7842460075912487,0
15264.0,-0.1794070292720186,-0.5571872395918231,-0.0663085154094499,-0.0752070446297544,0.1727297634470911,0.5654586123148772,0
15265.0,0.3653943987983962,0.0739460908215904,0.9217557929157002,0.7559174655160901,1.175795589227843,1.4866094502725065,1
15266.0,0.8798139021176289,0.2992073267345332,-0.0630835084929061,-0.4881008491540746,-0.0789096183560038,-0.6690521370389473,0
15267.0,-0.8456753236698794,0.2992073267345332,0.441418114974504,0.4216092838150984,-1.2818823689972492,0.2792996928137958,1
15268.0,1.1028578254869597,-0.2017513803877423,0.0240678074134109,-0.0978113633798804,-0.5486003891756687,0.1860630412407579,0
15269.0,-0.7922005967383016,-0.2017513803877423,0.1983476920605379,-0.1898123812478129,-0.1914684658752519,0.5141698051551549,1
15270.0,-1.0395356639262063,1.9044924940644756,1.5956163515862074,1.3724178672859333,0.3650304751021734,0.5058205256716729,1
15271.0,-1.5229485149574664,2.062432694683636,1.1680874607525131,1.0680249298419846,1.7669266519203308,-0.4785986311353769,1
15272.0,-0.2524823540546596,0.4896629879592288,0.5812910750073506,0.212851229816185,1.4711393327727598,0.2954120196348515,1
15273.0,1.2470333934915163,-1.058145946714099,-1.0078534325921902,-0.5460873605785668,-2.515817022689194,-0.2699317618240918,0
15274.0,-1.8243736859341724,-0.5571872395918231,-0.1878435513013117,0.1444026327256631,0.0384893202353487,0.336523006883012,1
15275.0,-0.5070123740010525,-1.058145946714099,-0.2976592775779705,0.0016026151001768,-0.0181119525235737,1.0695769006823934,0
15276.0,-0.1599714449813229,0.0739460908215904,-0.2585215538163284,-0.2663996769779623,1.0842787042858788,-0.7344951568909027,0
15277.0,-0.3738480170997701,-0.5571872395918231,-0.481587211545675,-0.1880514138269199,-0.4772168596026035,-0.2165600919740421,0
15278.0,1.2051450416307885,0.0739460908215904,-0.4522714061236269,-0.0533538404792291,-0.2941514393624997,-1.0980065631093052,0
15279.0,0.911194343944402,0.2992073267345332,0.3816295698935286,0.3145124428950506,0.457567115373851,0.1668045889077535,1
15280.0,0.4483889813387123,-0.2017513803877423,-0.5960717703336207,0.0210824477624261,0.1083521949576072,-0.9797534911537854,0
15281.0,-0.2307404346856175,1.5859404542672264,1.5971959606971156,1.5474605722709198,1.8863924447270344,0.877590400075623,1
15282.0,1.214193871802146,-1.058145946714099,-0.7060289110560588,-0.1504571282154663,-0.3507527121214226,0.2993443414781499,0
15283.0,0.9713357875339578,-0.2017513803877423,-1.3189671927175393,-1.892897819902408,-1.1954453334565955,-2.3317948880832144,0
15284.0,1.1303193686941886,-1.058145946714099,-2.585571076435872,-2.9060807784127,-2.515817022689194,-3.245690483571976,0
15285.0,1.0002002930243403,-1.058145946714099,-1.6379335106085329,-0.9302666386620904,-1.4880589811139169,-1.4583359701898368,0
15286.0,-0.3349679194593694,-1.058145946714099,-0.9724210669977792,-1.437000405574019,-1.9471638881929467,-0.2031022049885249,0
15287.0,-0.8456753236698794,0.2992073267345332,-0.0598644626984888,0.4660122161371026,-0.4772168596026035,-0.6630089113189906,1
15288.0,-0.4296506057480915,1.0480979277381186,1.029082496510496,0.6824664425217746,0.9024861982765124,0.4456166376962578,1
15289.0,-0.6752731880764764,0.2992073267345332,0.3873251271270497,0.7793585794666286,0.3771846686209953,0.1775200767870108,1
15290.0,-1.7074462772723475,2.1575193073054413,1.7455085759099915,1.6967853037840173,0.7490861757345402,0.4983098229141331,1
15291.0,-0.7428435417295326,2.6736379125253507,1.945107741181141,1.5197413467695544,0.8223842757380923,0.2898797550078671,1
15292.0,0.5477790613471053,-1.058145946714099,-1.1766368281788868,-1.4253590231077382,-0.4437267787202448,-0.5882768494024487,0
15293.0,1.3138563440146451,-1.058145946714099,-0.951980466012869,-0.6727062364625485,-0.6267921989603487,-0.1645488574386881,0
15294.0,1.0048872215498614,-1.058145946714099,-0.9942267683763344,-1.06892938416266,-0.8098576192004525,-0.2442302904316093,0
15295.0,1.3022132067018704,-1.058145946714099,-1.045547665061896,-0.7802470860088049,0.1411722937225966,-0.3410274622930614,0
15296.0,-0.3225146116861712,1.2544959545938104,1.7348971431938072,1.5758664330159715,1.7047633710291312,1.527366692168593,1
15297.0,-1.3187161125298097,-0.2017513803877423,-0.2669784408592899,-0.3485900376463807,-0.2672508963742018,-0.3614827627118359,0
15298.0,-2.1519790306632065,2.0119964593872464,1.6705635139645585,1.668026217146993,1.2622326247684963,0.5235102533428779,1
15299.0,-0.150470157144488,1.0480979277381186,1.5490694267229346,1.5745412323978885,-1.1954453334565955,1.424756352886907,1
15300.0,-0.1794070292720186,-1.058145946714099,-0.4518656830400587,-0.3485900376463807,-0.321964036982949,0.7787257095368978,0
15301.0,-0.3225146116861712,1.6565606001831652,1.5132009515547884,1.416800362702153,1.3839953665057922,0.6372425630813611,1
15302.0,1.3726167481092917,-1.058145946714099,-0.7949643473221619,-1.0362001973790858,-0.8098576192004525,0.1316017791926954,0
15303.0,0.7818983972139277,-0.2017513803877423,0.1976540056498456,0.0223608173365031,0.3274486497920416,0.5128635633161384,0
15304.0,-0.2097114950440718,0.9303406571479472,-0.0083432094304872,-0.8631467072838476,-1.2818823689972492,-1.3592761424245774,0
15305.0,1.197121207936731,-1.058145946714099,-1.6479187949701926,-1.6420643925920622,-1.614523128595098,-1.4771693762459113,0
15306.0,-0.1794070292720186,0.9303406571479472,0.9510988031450572,1.1976379427253467,0.8700553726182927,0.441698271149941,1
15307.0,0.0773306527470905,-1.058145946714099,-1.0860910857502806,-1.6920419146655814,-0.9802035124500996,-0.4174970626640313,0
15308.0,0.7456300658619328,-1.058145946714099,-0.7892271658264637,-0.6838229113311526,-0.6267921989603487,0.1424227698437742,0
15309.0,1.2586653317891858,0.0739460908215904,-0.1104227500037648,-0.0796661867185862,0.1249263557760024,-0.456323179757255,0
15310.0,1.1028578254869597,-1.058145946714099,0.4058667994229881,0.7153365073454374,0.0565206627106016,2.396508793585849,1
15311.0,-2.4120140217391843,4.685999968399436,3.481495684012979,3.262572491594508,2.463626177507059,0.945541744347947,1
15312.0,-0.0791383545924629,1.2544959545938104,0.8262423419086544,0.8054966257344327,0.8362895757000253,-0.1828154818276954,1
15313.0,0.1637936176211079,-1.058145946714099,-2.065405655061287,-1.9416401849203375,-2.515817022689194,-2.2645980837709088,0
15314.0,0.5413976634342754,-0.2017513803877423,-0.0904189474558392,0.2704786428641341,0.1249263557760024,-0.0293872657361028,0
15315.0,-0.1794070292720186,-0.5571872395918231,-0.3518548923857511,0.3619077987076936,-0.144576100004755,0.0276619131534946,0
15316.0,0.858658829090127,-1.058145946714099,-1.2427074196162766,-1.0490970995891926,-2.515817022689194,-0.7128936586826355,0
15317.0,1.324346655508488,-1.058145946714099,-1.4147135002384086,-1.5663808849782732,-1.614523128595098,-1.0373171045395244,0
15318.0,-1.8243736859341724,-1.058145946714099,-0.7842701791580057,0.1683602798515559,-0.1914684658752519,0.1517722224342362,0
15319.0,0.7685369722885271,-1.058145946714099,-1.088890868418062,-0.6838229113311526,-0.7601216003714991,-0.4227777779587854,0
15320.0,-0.4152381970004986,-1.058145946714099,-0.8971944225460117,-0.2763804593773598,-0.1220981718085144,-0.0612160162850701,0
15321.0,-0.1138130260237924,1.2544959545938104,1.4231091167816108,1.3111063520767765,1.421999313285038,0.9400796931213417,1
15322.0,0.0075526370213185,-0.5571872395918231,0.2895679761239216,0.4401378594606127,0.4791576523996084,1.2360599817318914,1
15323.0,1.206283152308942,-0.2017513803877423,-0.5475248248220828,-0.6369517309004904,-0.2941514393624997,-0.888621151392209,0
15324.0,1.3466558683234804,-1.058145946714099,-1.3592048725049533,-1.244856163309911,-1.2818823689972492,-0.932621385533892,0
15325.0,0.1281552717803115,0.8001660338568091,0.3913460884007958,0.6725615298302748,1.1044120596547775,-0.4511724358041655,1
15326.0,0.8722016442145482,0.2992073267345332,0.4343214409076774,0.657175543115032,0.6514988276797011,0.265945780097253,1
15327.0,-0.2983107883386734,-1.058145946714099,-1.0741401020813208,-0.9523769874762636,-1.117253523671916,-0.3949561194064448,0
15328.0,1.0002002930243403,-1.058145946714099,-1.5508595748728893,-1.132288371569837,-1.2818823689972492,-1.2941044141105105,0
15329.0,-0.4907754257615954,1.15560189306089,0.8394305006623268,0.5896051620007948,0.6853342645162757,-0.0402277989710735,1
15330.0,-0.6141483680629726,-0.5571872395918231,-0.1894621508025811,0.6379237997894005,-1.117253523671916,0.3334743935289788,0
15331.0,1.1303193686941886,-0.2017513803877423,-0.1380480970196649,0.2261007327383554,-0.0181119525235737,-0.1189958304852014,0
15332.0,0.9307105862349312,0.4896629879592288,1.4061612803178698,1.172346252293763,0.8010741670374462,1.8489963065383437,1
15333.0,0.5696268012260529,-1.058145946714099,0.072302325441169,-0.2411369787048411,-0.7601216003714991,1.7673674535052344,0
15334.0,0.3902229910202726,-0.2017513803877423,-0.6997080579354523,-0.3902905392135271,0.3771846686209953,-1.1741965111613455,0
15335.0,-0.2865430233339383,-1.058145946714099,-1.2047849492080922,-1.1942372750823944,-0.1676872918813187,-0.6413674749527906,0
15336.0,0.9907224082272228,-1.058145946714099,-0.972570242685632,-1.1625337434223335,-0.8098576192004525,-0.2033835676619618,0
15337.0,1.0048872215498614,-1.058145946714099,-0.6573541167879875,-0.5964638157260045,-0.5486003891756687,0.3911506568462299,0
15338.0,1.324346655508488,-1.058145946714099,-0.854668444356744,-0.7845884941066654,0.2324210325411989,0.0189929177985189,0
15339.0,-0.1599714449813229,0.654643185938614,0.4863193832507696,0.5473005737190528,1.094407142278882,-0.0920266730300655,1
15340.0,1.2051450416307885,-1.058145946714099,-1.5625375066576004,-1.2275467185765694,-1.3785107536966998,-1.316130349800543,0
15341.0,-0.0304066776915911,-0.5571872395918231,0.6832831832760254,0.4647097980109116,-0.5121324717856456,1.978241769217461,1
15342.0,0.2700401175059993,-1.058145946714099,-0.5963018476046453,-0.3691098594149052,-0.4437267787202448,0.5063023274976549,0
15343.0,0.0148821476427679,-1.058145946714099,-0.6739587396804018,-1.1625337434223335,-0.5486003891756687,0.3598324095120244,0
15344.0,-2.4120140217391843,-0.2017513803877423,-0.3601741061028033,-0.9523769874762636,-0.5486003891756687,-0.536678818552197,0
15345.0,-0.3873500989396135,-1.058145946714099,-0.6188663301701939,-1.186166978263674,-0.586765087019821,0.4637430926065658,0
15346.0,0.8702843776182111,-0.2017513803877423,-0.3202542774921822,-0.4246569123197467,-0.1220981718085144,-0.4616437999416242,0
15347.0,0.9307105862349312,0.0739460908215904,0.2753149052275048,0.1983527528500262,-0.2941514393624997,0.2691137320026747,0
15348.0,-0.10496702096475,-1.058145946714099,-1.273571898492349,-1.1625337434223335,-1.1954453334565955,-0.7711076506260354,0
15349.0,0.3942692202075933,-0.5571872395918231,-0.4854166606437467,-0.2743721496068976,0.3526935049184267,-0.2237677379487545,0
15350.0,0.942827752064887,-0.5571872395918231,-0.2434819319697605,-0.2824424464256186,-0.3805884749031534,0.2317343769607178,0
15351.0,-1.2115801184678894,1.0480979277381186,1.0016976025705728,0.7219824474089629,1.27039580711652,0.39408724470468,1
15352.0,1.190162819252791,-1.058145946714099,-1.501276943353257,-1.5956177399879288,-0.1676872918813187,-1.2005858122443982,0
15353.0,0.6997152519968288,0.654643185938614,0.8842595547362518,0.7479143582320683,1.5234898547932807,0.6566474654932208,1
15354.0,1.2502267205812954,-0.2017513803877423,-0.8522151651751871,-3.172763669970543,-2.515817022689194,-1.4600373545837522,0
15355.0,-0.6752731880764764,-0.5571872395918231,-0.871015982117291,-1.5663808849782732,-1.1954453334565955,-0.949033007764295,0
15356.0,-0.6338830081757483,1.3460575542855853,0.9469981048612618,0.9199550348552192,1.569884862020401,-0.0642373130851039,1
15358.0,-1.7074462772723475,2.7324831383346417,2.095080366616624,2.2563700495765966,1.7444487237240909,0.5058753929126208,1
15359.0,1.3109653164344783,0.8001660338568091,-1.1750148055081453,-0.8067360727591756,-1.117253523671916,-3.3602359790383467,0
15360.0,-0.4749394310824503,-1.058145946714099,-0.558644049670254,-0.5252055769172435,-0.91940584661767,0.5773293082012992,0
15361.0,0.9236822945372614,0.0739460908215904,-0.2160025031282918,-0.1880514138269199,-1.117253523671916,-0.6546568208907977,0
15362.0,1.0614676455862315,-0.5571872395918231,-0.3000725423469877,-0.1969037808196001,-0.0789096183560038,0.1251648167981523,0
15363.0,0.942827752064887,-0.5571872395918231,0.0549832016332771,0.0387573945550787,-0.2159596295778201,0.7939812627174969,0
15364.0,0.0773306527470905,-0.5571872395918231,-0.0133390026644356,-0.0050210152869876,-0.2941514393624997,0.6652519929295869,0
15365.0,-0.7428435417295326,1.3460575542855853,1.1443870801432072,0.9567513354433071,0.8896672959534744,0.3069371237715785,1
15366.0,-0.0791383545924629,0.654643185938614,0.6791825044013939,1.0476555109480925,0.5793298571111467,0.270691539846812,1
15367.0,-0.2524823540546596,1.15560189306089,1.2228289533501475,1.1692269737022365,1.3215639934150147,0.6810327342963423,1
15368.0,-0.8741833591389503,-0.5571872395918231,-0.1816740430880443,-0.1324362491901478,-1.2818823689972492,0.348143291124798,0
15369.0,1.1199960037583183,1.15560189306089,1.3721165296799305,1.241888530054546,0.0384893202353487,0.9621069318302418,1
15370.0,-0.4594850640247002,0.8001660338568091,1.0018363393708287,0.6791813507323218,0.6162076636214244,0.6969024366167345,1
15371.0,1.3099987372027848,-1.058145946714099,-1.9712261532289992,-2.397537599248726,-2.515817022689194,-2.086964604750837,0
15372.0,0.3034251741878168,0.8001660338568091,1.3446056879793018,1.6808723329190385,0.0565206627106016,1.3424437774115956,1
15373.0,-1.4474112861963695,1.6565606001831652,0.937884310720332,0.2869117104674071,0.7567177940893411,-0.4443888574750833,1
15374.0,0.2651257241188405,-0.5571872395918231,-0.7965518660980176,-0.3530949931952531,-1.2818823689972492,-0.8090632958233949,0
15375.0,1.3365270473241957,-1.058145946714099,-1.952851092125518,-1.1625337434223335,-1.4880589811139169,-2.052307105321395,0
15376.0,-0.4749394310824503,-0.2017513803877423,0.2030331219925459,0.1444026327256631,0.7017426726202728,0.5229927280810139,1
15377.0,0.9597502430728068,0.0739460908215904,0.1903059271044073,-0.4425378060430995,-0.8098576192004525,0.1091501799334743,0
15378.0,1.081115906117918,-0.5571872395918231,-0.9548860875207444,-0.8780391383485852,-1.2818823689972492,-1.1066207095390352,0
15379.0,0.4371701786605239,0.8001660338568091,1.1933838371097656,1.1816162981718437,1.1666290909919852,1.0575904640042828,1
15380.0,-1.3798409325433134,1.15560189306089,0.949925708892732,0.480171139282231,-0.3507527121214226,0.1675337911870613,1
15381.0,0.5877787261013253,0.2992073267345332,0.510621593571037,0.3145124428950506,-0.586765087019821,0.4095364289146472,1
15382.0,-1.0784157615666077,1.2544959545938104,1.9392028493197255,1.9169303518294116,1.6375007934350612,1.9123544969918531,1
15384.0,0.4409316275594932,0.0739460908215904,0.5610864504032234,0.833618384225835,0.5505411819726732,0.8071356479870769,1
15385.0,-0.4749394310824503,-0.2017513803877423,0.0090805869572484,-0.0978113633798804,-0.6688728615528973,0.1578546068735638,0
15386.0,0.4982949986740278,-1.058145946714099,-0.6177713145239575,-0.070777930661493,-0.2412044847042052,0.4658084192969614,0
15387.0,1.1199960037583183,-1.058145946714099,-0.4932905731218776,-0.2585226853594002,-0.586765087019821,0.7005935555108422,0
15388.0,0.736233191538285,-1.058145946714099,-1.35757387866654,-1.132288371569837,-1.117253523671916,-0.929545141721374,0
15389.0,0.4483889813387123,0.2992073267345332,0.7762690789832828,1.3608379741796566,-2.183176263091345,0.909693853313686,1
15390.0,0.9811023498659778,-0.5571872395918231,0.1932174664885088,0.3858547782530404,0.4897435161402434,1.054471318749131,1
15391.0,1.2297284596616558,-1.058145946714099,-0.8385349008594599,-0.9929541396007278,-0.9802035124500996,0.0494226546795618,0
15392.0,-1.7074462772723475,0.654643185938614,0.8216626379215728,0.9607496513357084,0.7017426726202728,0.5388149006503034,1
15393.0,-1.0395356639262063,0.2992073267345332,-0.0307710168950249,-0.1793166116278707,-0.1002197270566499,-0.6083851596716247,1
15394.0,-1.3187161125298097,1.15560189306089,1.2513878346442189,1.0271896115490002,0.9088213112787455,0.7347943887007191,1
15395.0,0.8567005826867328,-1.058145946714099,-1.549462882727694,-2.183500472526469,-1.3785107536966998,-1.2914700905045853,0
15396.0,0.1808966364835151,-0.5571872395918231,-0.1118491849246365,-0.3807925988742401,-0.7601216003714991,0.4796678816740073,0
15397.0,0.7818983972139277,-1.058145946714099,-1.6448783130010425,-2.0821123426729526,-1.4880589811139169,-1.4714346741125357,0
15398.0,-1.0395356639262063,-0.5571872395918231,0.265709086857453,0.2869117104674071,0.2880622196936218,1.1910921939624175,1
15399.0,-2.4120140217391843,-0.2017513803877423,-0.0945360808709907,0.1358606822913158,0.0565206627106016,-0.0371337430663556,1
15400.0,0.0503234960319062,0.8001660338568091,0.2421951208070837,0.1885064471269017,-0.7601216003714991,-0.7311302710591829,0
15401.0,1.0657289582664145,-0.5571872395918231,-1.0465058348800689,-1.0963383891618057,-0.862804573858747,-1.2786848596041067,0
15402.0,0.3568999011193944,0.4896629879592288,0.4873824433037623,0.9261247655254412,0.5105140700321456,0.1187416264967576,1
15403.0,1.1199960037583183,-0.5571872395918231,-1.2176244577332729,-0.0063537836028127,-1.4880589811139169,-1.5997716540660534,0
15404.0,0.9479515492166356,-1.058145946714099,-0.9247785999955068,-0.2604831068966469,-0.7601216003714991,-0.113242978744336,0
15405.0,0.5085019812125491,-0.5571872395918231,-0.2471907035878533,-0.2335550971816399,-0.2941514393624997,0.2247497451013052,0
15406.0,-0.6338830081757483,0.0739460908215904,0.0344472446255784,0.0632108034711044,0.7642790739473241,-0.184007816143379,1
15407.0,-0.5764124726865254,0.0739460908215904,0.0915561179246421,0.0762824718812258,0.9870131210634252,-0.0766109360241874,1
15408.0,0.7218745649366273,-1.058145946714099,-0.8970600612326499,-1.0111411307468456,-0.1676872918813187,-0.0609625952425523,0
15409.0,1.3646718057725404,-1.058145946714099,-1.4064937172975305,-1.3916223493687232,-1.1954453334565955,-1.0218136392188204,0
15410.0,-0.0073625747303351,1.0480979277381186,1.164434360641298,0.8820152168277247,0.5207054191909427,0.7003678121900933,1
15411.0,-0.7428435417295326,0.0739460908215904,0.2728181329211472,0.042483868766071,0.5793298571111467,0.2644148775399131,1
15412.0,0.4446711436871723,-1.058145946714099,-1.1396217649777542,-0.9989607652635912,-1.117253523671916,-0.5184621410567435,0
15413.0,1.3383805896515115,0.2992073267345332,1.432601992664895,1.1108801462071545,-0.586765087019821,2.146426799953928,1
15414.0,-1.3187161125298097,-0.2017513803877423,-0.1315269318956049,-0.0752070446297544,-0.1002197270566499,-0.1067279215704783,1
15415.0,0.8306838247077005,-1.058145946714099,-0.3489481292365522,0.095986599115472,0.0741642041589574,0.9728401694637244,0
15416.0,-0.1696156146721137,0.654643185938614,1.1468632473951177,1.0403609340836106,1.2201519621759485,1.151165854288972,1
15417.0,0.0001383902963132,-1.058145946714099,-0.4341797719946878,-0.3667980083921493,-0.321964036982949,0.8120833919147811,0
15418.0,1.0263177424185734,-0.5571872395918231,-0.5187919748227757,-0.4097080656836057,0.3401681767824983,-0.2865820518339643,0
15419.0,-0.7670473650770303,-1.058145946714099,-1.381803000041724,-0.5049664126903386,-1.2818823689972492,-0.9752440787484324,0
15420.0,1.0397257262171895,0.4896629879592288,-0.1617793141685612,0.3480443148454563,0.1727297634470911,-1.1002547850709414,0
15421.0,-0.2307404346856175,1.0480979277381186,1.0145042318239967,0.8905995326117603,1.133714926635295,0.418184548095038,1
15422.0,0.8507897095190223,0.654643185938614,0.3993746661147681,0.2344794567321561,0.5207054191909427,-0.2554446881831849,1
15423.0,-0.5070123740010525,-0.2017513803877423,-0.8978397058167145,-0.6030410799249616,-0.91940584661767,-1.5454724744157342,0
15424.0,0.6972051697365015,-0.2017513803877423,-0.3182538001782437,0.3702382846550766,-0.1914684658752519,-0.4578832455530632,0
15425.0,0.9875317290149478,0.0739460908215904,0.5309047209225546,0.4865076135204111,0.8082392174469527,0.7502952364387638,1
15426.0,-0.9353081791524545,0.9303406571479472,0.7443736067219253,0.5901440566960836,1.6680779869560265,0.052824208802427,1
15427.0,-0.5950029105353472,-0.2017513803877423,0.3358260919772946,0.4679610203444869,1.3910374102343397,0.7730856214250091,1
15428.0,-1.0784157615666077,0.0739460908215904,-0.1429001512804895,-0.2354423895492016,-0.0581390644641013,-0.5173449593604499,0
15429.0,-0.7195200551006783,-0.5571872395918231,-0.6119410793494038,-0.1758549144852563,0.4897435161402434,-0.4618593274900318,0
15430.0,1.0879897682663244,-0.5571872395918231,0.0186970884939267,-0.3114947816027251,-0.1220981718085144,0.7256112030819248,0
15431.0,1.134148187223855,-1.058145946714099,-1.2956551330211503,-1.1625337434223335,-2.183176263091345,-0.8127591958248256,0
15432.0,-0.8183807704906293,-0.5571872395918231,-0.7658057980368237,-1.1033729047604708,-0.7601216003714991,-0.7512561873516871,0
15433.0,0.5877787261013253,-0.5571872395918231,-0.4003558591221351,0.0474198839687432,-0.0378814165327151,-0.0636512655341903,0
15434.0,-1.4474112861963695,1.15560189306089,0.7309383238356355,0.6913012857437157,0.5407159979871611,-0.2441195764347065,1
15435.0,-0.8456753236698794,-1.058145946714099,-1.314349531689944,-1.448851553929116,-0.2941514393624997,-0.8480190029922017,0
15436.0,-1.2115801184678894,-0.2017513803877423,0.135241805587695,0.1380065926412373,1.4253684886861164,0.3953472927429452,1
15437.0,0.7170160174661255,-0.5571872395918231,-0.6190307261307643,-0.6763909572414488,0.2324210325411989,-0.4751975757542424,0
15438.0,0.2749171387187454,-1.058145946714099,-1.2802175523800523,-1.3916223493687232,-0.4115503779538524,-0.7836421257237928,0
15439.0,0.9954788591929878,0.0739460908215904,0.2235726590511809,0.0925520172177983,0.1249263557760024,0.1717437811592354,0
15440.0,-0.2749873017098188,-0.2017513803877423,-0.6371036130430185,-0.6063545425438546,0.1411722937225966,-1.0567551560878892,0
15441.0,0.9811023498659778,-0.2017513803877423,0.2151032534759626,0.1095483360519587,0.0565206627106016,0.5457218772529179,0
15442.0,0.6845052458484283,-1.058145946714099,-0.3228172058962467,-0.9302666386620904,-2.183176263091345,1.0221261258835308,0
15443.0,-2.1519790306632065,1.4312993642702228,1.2361184196121122,1.1208109400920454,1.849140004351645,0.3790665461809275,1
15444.0,-1.3798409325433134,-0.5571872395918231,0.3036156708616495,0.2826268683501283,1.228742543886138,1.2625367272461712,1
15445.0,0.7218745649366273,-0.5571872395918231,-0.8519627240594152,-0.9412289080697872,-0.9802035124500996,-0.9132234505352405,0
15446.0,0.949650424908974,-0.2017513803877423,-0.5947811606554764,-0.4072492929554593,0.6162076636214244,-0.9773311377796524,0
15447.0,0.8664325630436192,0.2992073267345332,-0.4570412523194055,-0.5106857612406167,-0.3507527121214226,-1.4074957397480103,0
15448.0,0.8306838247077005,-0.5571872395918231,-0.1187228819178519,-0.0130584383864058,0.1249263557760024,0.4667196070133459,0
15449.0,-0.7428435417295326,-0.2017513803877423,0.0334507214741605,0.3226526574288026,0.0914362748936436,0.2037238621729188,1
15450.0,-0.6542442484349309,-1.058145946714099,-0.5554424138951747,-0.1827966247136157,-0.2672508963742018,0.5833679651300144,0
15451.0,1.0397257262171895,-0.5571872395918231,-0.9946573772420764,-1.202407826598178,0.2324210325411989,-1.1813236666752938,0
15452.0,-0.6542442484349309,0.4896629879592288,0.4749094305307286,0.516703385362417,1.074023657541187,0.0952806802804552,1
15453.0,-2.1519790306632065,0.654643185938614,0.2882776999210756,0.3488222226106565,1.1289032233573464,-0.4641512180164943,1
15454.0,0.9236822945372614,-0.5571872395918231,-0.795687635371543,-0.7933582365477243,-0.144576100004755,-0.8074385228992484,0
15455.0,1.2448956408493488,-1.058145946714099,-2.2818289422065314,-3.172763669970543,-2.183176263091345,-2.672797540007462,0
15456.0,0.7662827513425954,1.0480979277381186,0.5928674066003007,1.1423309634166523,0.9024861982765124,-0.3745243800480261,1
15457.0,0.7170160174661255,-1.058145946714099,-0.9828781296551136,-0.8680734789258341,0.2324210325411989,-0.2228254397053637,0
15458.0,-0.7670473650770303,-0.5571872395918231,-0.66234201089273,-0.3308725774292323,-0.91940584661767,-0.5566747964702505,0
15459.0,1.014159554616912,-0.5571872395918231,-1.0947707074237665,-0.9248532670431824,-1.4880589811139169,-1.3692880713626163,0
15460.0,0.9093903337567484,-1.058145946714099,-1.0471342928389058,-0.9929541396007278,0.1880646595930938,-0.3440200265608363,0
15461.0,1.0783455985755337,-0.5571872395918231,-0.5556766062552557,-0.5049664126903386,-2.515817022689194,-0.3559936459565264,0
15462.0,0.0639692278216899,0.0739460908215904,-0.1675652894369488,-0.0023635533331493,-0.2159596295778201,-0.5636811161194624,0
15463.0,-0.6752731880764764,-1.058145946714099,-1.43488885585446,-1.0111411307468456,-1.3785107536966998,-1.0753701685165276,0
15464.0,0.8798139021176289,-1.058145946714099,0.0863652559956616,-0.2297966815900328,1.0583966506364906,1.7938917738829383,0
15465.0,-0.9040178174155592,2.4054512011867506,1.8803074826684223,1.128934004445698,0.6514988276797011,0.4704407475173031,1
15466.0,0.0001383902963132,0.0739460908215904,0.3772743044327297,0.4216092838150984,1.3100360324395852,0.4610275796782123,1
15467.0,-1.3798409325433134,-0.2017513803877423,-0.4118020700694412,-0.3093765158786823,-0.0181119525235737,-0.6336990810579043,0
15468.0,-0.3225146116861712,-0.2017513803877423,0.3097935070172108,0.6805912568216348,0.5207054191909427,0.7240524268995759,1
15469.0,-0.3349679194593694,-0.2017513803877423,-0.0447056067268699,-0.3599108152129162,-0.0789096183560038,0.0566304800670042,0
15470.0,1.2208976805661906,-1.058145946714099,-1.9247947050430432,-0.4992963694822978,-1.7640984679528429,-1.9993895006491091,0
15471.0,-2.1519790306632065,-0.2017513803877423,0.2500366383468381,0.209016111435269,0.8634124775613803,0.6115079778748461,1
15472.0,0.1808966364835151,-1.058145946714099,-0.660172481467572,-0.4477372081299453,0.4791576523996084,0.3858348937189902,0
15473.0,-1.1198059414673356,0.8001660338568091,0.5675254910374031,0.2928639767816046,-1.614523128595098,-0.1201599157608379,1
15474.0,1.242750738519486,-1.058145946714099,-1.251002736909726,-1.4253590231077382,-0.6267921989603487,-0.7285395905652952,0
15475.0,-0.0624796206101934,-1.058145946714099,-0.5159522107871316,-0.2906129979414018,-0.2941514393624997,0.6578510748175406,0
15476.0,0.954720215728158,0.0739460908215904,0.6230547957097189,0.5648862259409839,0.3771846686209953,0.9238497706375344,1
15477.0,1.298284709279553,-1.058145946714099,-0.666310516256816,-0.5460873605785668,-2.183176263091345,0.3742578471988116,0
15478.0,-0.4749394310824503,-0.2017513803877423,0.560087692349368,0.393162863870899,0.1880646595930938,1.1955797831857489,1
15479.0,1.3752433396257897,-1.058145946714099,-1.3234689481077253,-1.6749572933624948,-1.1954453334565955,-0.8652192815390974,0
15480.0,0.1975553704657846,0.2992073267345332,1.3753065826851985,0.8645029752258055,1.2622326247684963,2.038427127966483,1
15481.0,0.9891290528763732,-1.058145946714099,0.5487452926210289,0.7036553639726696,-0.0789096183560038,2.6659942265106205,1
15482.0,-1.0395356639262063,1.7867352234743037,1.982918194939576,1.6932710243206155,0.457567115373851,1.370833290226311,1
15483.0,0.4062569561281632,1.0480979277381186,-0.0546952947986368,0.4216092838150984,1.3291602796973223,-1.5875624799034924,1
15484.0,-2.4120140217391843,0.4896629879592288,1.159850297577047,1.3831524235520274,1.1803407147432114,1.3848472749935368,1
15485.0,-0.6542442484349309,0.654643185938614,1.3145872516185977,1.0860106074469305,0.5207054191909427,1.4671430103137548,1
15486.0,1.1639826455004636,-1.058145946714099,-1.586616845392446,-1.6420643925920622,-2.515817022689194,-1.361546779371282,0
15487.0,1.3271781179392863,-1.058145946714099,-1.000495923610394,-0.8112565093766205,-0.862804573858747,-0.2560546453398141,0
15488.0,0.0571826544512456,0.2992073267345332,-0.5519719205521604,-0.4477372081299453,-1.117253523671916,-1.585009318035783,0
15489.0,-0.8183807704906293,0.8001660338568091,0.6883288033551969,0.613428645391542,0.4684334074395972,0.1069740665203602,1
15490.0,1.033801201878248,-1.058145946714099,-1.0443599826360082,-1.1548410131689797,-0.5121324717856456,-0.3387873552933754,0
15491.0,0.0706847362910886,0.4896629879592288,0.8668442921243461,0.786990236287123,0.7642790739473241,0.8329350724733342,1
15492.0,-0.6970151074455184,-0.5571872395918231,-0.2476051823700196,-0.0184718100053139,-0.2159596295778201,0.2239691715018391,0
15493.0,-0.5950029105353472,0.9303406571479472,1.1050513133055342,0.611345600297109,1.567060786745896,0.7314717827501368,1
15494.0,-0.8741833591389503,0.2992073267345332,1.0097005065786118,1.2025391744101874,1.6164639213921022,1.3494232626527607,1
15495.0,0.9530347346034082,-1.058145946714099,-0.9548860875207444,-0.616396278646906,-0.586765087019821,-0.1700291970786086,0
15496.0,1.279288497801991,-1.058145946714099,-1.3296133135385777,-1.0622519568722428,-0.5121324717856456,-0.8768082683846274,0
15497.0,-0.9682038613741812,0.9303406571479472,1.6067314255264715,1.1676617693016154,0.3650304751021734,1.6764370308015788,1
15498.0,-1.9674812683483252,2.7886526377188545,2.400196221728889,2.1264817428877096,2.160787307445943,1.0171112865081386,1
15499.0,1.3673310709462236,-1.058145946714099,-1.2576198004652055,-1.3807506813715704,-0.0378814165327151,-0.7410201409758277,0
15500.0,-1.4474112861963695,0.0739460908215904,0.1410101844738447,0.0925520172177983,0.3401681767824983,0.0164101253188296,1
15501.0,0.9954788591929878,-0.5571872395918231,-0.6026847202039088,-0.5771176875341992,0.3401681767824983,-0.4444441976221637,0
15502.0,-1.0395356639262063,1.4312993642702228,1.952712310479698,1.62199024556396,1.3839953665057922,1.728499139072982,1
15503.0,0.9254466015614758,-0.5571872395918231,-0.8971406750142793,-0.848584025185672,0.7938459876173184,-0.9981274064198036,0
15504.0,-0.0304066776915911,0.0739460908215904,-0.5655311692166947,-0.7933582365477243,0.0011923041824166,-1.310240836760774,0
15505.0,-0.2983107883386734,0.2992073267345332,0.9767325138852732,1.0321598186170422,0.6162076636214244,1.2873090367780824,1
15506.0,-0.8183807704906293,0.4896629879592288,0.5654208371043034,0.7873894599344671,1.1803407147432114,0.2655512592289638,1
15507.0,0.4483889813387123,-1.058145946714099,-0.4578003554282841,-0.7342923345111426,-0.0181119525235737,0.7675322281247524,0
15508.0,0.5085019812125491,0.4896629879592288,0.0522249194496531,-0.0796661867185862,0.5001945244425666,-0.6989511740576257,0
15509.0,0.954720215728158,-1.058145946714099,-1.2361822593327103,-1.2626334870875635,-0.3805884749031534,-0.7005864485171208,0
15510.0,0.8664325630436192,-1.058145946714099,-0.9447672610612974,-3.361978192741088,-2.515817022689194,-0.1509439151157378,0
15511.0,-1.2115801184678894,0.2992073267345332,-0.0164671786167042,-0.3975051008243698,0.8293663864529791,-0.5815256724575734,1
15512.0,0.3861510713168414,0.0739460908215904,-0.7419725348643167,-0.4908819143496147,-0.2941514393624997,-1.640388367080745,0
15513.0,-0.5950029105353472,2.5129551665095216,2.446051602529892,2.0258400271328187,1.5353368918139898,1.4140452584876182,1
15514.0,-1.2115801184678894,1.7233615276208618,1.4110706907523258,1.410021262794945,1.1384985731749109,0.367567620772051,1
15515.0,0.9663961595288088,-1.058145946714099,-1.2137360173217453,-0.8730374341016977,-1.3785107536966998,-0.658250229045133,0
15516.0,-0.4011425702790203,-0.2017513803877423,-1.9359546813435524,-1.892897819902408,-0.8098576192004525,-3.471394565992266,0
15517.0,0.6420881238566438,-1.058145946714099,-0.8974632203548585,-0.3463490782764294,-0.3507527121214226,-0.0617230001723225,0
15518.0,-0.1794070292720186,1.5110377522649707,1.0888354426415814,1.141632622237468,1.448573071542019,0.0085968573103566,1
15519.0,0.9597502430728068,-0.5571872395918231,-0.7142797513915617,-0.9523769874762636,-0.1676872918813187,-0.6543627000947544,0
15520.0,-2.1519790306632065,-1.058145946714099,-0.7165978140039072,-0.3009710220711328,-0.6688728615528973,0.2794101629836088,0
15521.0,-0.4749394310824503,1.5859404542672264,1.4645212874777689,1.4505600279155262,1.207095033142026,0.6278319644078678,1
15522.0,-0.5950029105353472,-0.5571872395918231,-0.6092507799170198,0.0936988718044614,0.0914362748936436,-0.4567977928535107,0
15523.0,-0.0073625747303351,1.5859404542672264,2.108045881843572,2.2772063912300635,0.3526935049184267,1.839902618707325,1
15524.0,-0.7670473650770303,-0.5571872395918231,-0.3259729161944903,-1.869817524092209,-1.1954453334565955,0.0763945680668775,0
15525.0,-2.1519790306632065,0.0739460908215904,0.2385367169181831,0.2061250257305973,1.0424661878166923,0.1999019055353852,1
15526.0,-0.5950029105353472,-0.5571872395918231,-1.318436582208334,-1.967436469196142,-1.7640984679528429,-1.7887350317607582,0
15527.0,-0.9353081791524545,2.0119964593872464,1.2897119794152123,0.9842421821570864,1.3661211723993998,-0.1926257047686825,1
15528.0,0.6972051697365015,-1.058145946714099,-1.0066949476121183,-0.9141583819899256,-0.3805884749031534,-0.2677467245983786,0
15529.0,-0.8183807704906293,1.2544959545938104,1.2271573541057368,1.4464702554028477,1.931152256609813,0.5711867813765548,1
15530.0,-0.8456753236698794,0.2992073267345332,0.4807342816900192,0.6518023752247377,0.7865535568710715,0.3532869363144875,1
15531.0,-1.4474112861963695,-0.5571872395918231,0.5538219671057639,0.5250821093562177,1.2498335012412511,1.7341741092113276,1
15532.0,-0.7670473650770303,1.0480979277381186,1.0081456017902075,0.6562018627909401,1.8669969064568752,0.4062198487545326,1
15533.0,-0.9353081791524545,-0.2017513803877423,-0.101807069126857,-0.3553590950482323,0.4465549626877331,-0.0508140033991892,1
15534.0,1.369097808148474,-1.058145946714099,-1.2547449428699806,-1.3491740126569909,-1.2818823689972492,-0.7355978256482687,0
15535.0,0.4520853904121776,0.4896629879592288,0.1126288907877472,-0.2824424464256186,0.5979759564957379,-0.5855653947968946,0
15536.0,1.00176641150428,-1.058145946714099,-0.9191323138073036,-0.4716569691961637,-0.7601216003714991,-0.1025934272003114,0
15537.0,0.4141260756992679,-1.058145946714099,-1.5267677341531196,-1.8475197636971112,-0.4437267787202448,-1.2486644043441504,0
15538.0,1.1772063139654854,0.4896629879592288,0.9244980311927083,0.4699040673670961,-1.9471638881929467,0.941508483834642,0
15539.0,-1.5229485149574664,-1.058145946714099,-0.3934301228014468,-0.1260037192994412,-0.0181119525235737,0.8889419631985082,0
15540.0,-1.2629135238814884,-0.5571872395918231,-0.505624048192094,-0.0737273568542482,-0.2412044847042052,-0.2617999842728039,0
15541.0,0.1864977655259916,-1.058145946714099,-1.7155102121160506,-1.5115390548677536,-0.2941514393624997,-1.6046546394499623,0
15542.0,1.1454993720263298,-0.2017513803877423,-0.0092047883085206,-0.0377773744462167,1.3138967127742598,0.1234401822574666,0
15543.0,0.777475447277631,-0.5571872395918231,-0.9656217074138016,-0.7066363290939456,0.1411722937225966,-1.126787244622345,0
15544.0,-1.3798409325433134,1.847016261407861,1.5643141638137614,1.740559161782333,1.1573590143130723,0.5130678847951552,1
15545.0,-0.2865430233339383,-0.5571872395918231,-0.5584424804507476,-0.4825737499159102,0.5001945244425666,-0.3611982985417145,0
15546.0,1.2544599055801144,-0.5571872395918231,0.1068346649147183,-0.6030410799249616,-1.4880589811139169,0.8916853524397294,0
15547.0,-1.5229485149574664,2.1575193073054413,1.7216486001122504,1.7719352395295955,2.232970718884709,0.4534158452304979,1
15548.0,1.242750738519486,-1.058145946714099,-1.2733453894666258,-1.3389765845331374,-0.4772168596026035,-0.7706804282954232,0
15549.0,-0.0624796206101934,0.8001660338568091,0.6660634109576425,0.4188193710897949,0.9696189771111754,0.0651019277667701,1
15550.0,-1.8243736859341724,1.2544959545938104,0.6259236540348602,0.5478752534749721,1.114296432923324,-0.559012318085569,1
15551.0,-0.5236711079833221,0.654643185938614,0.4383587664702703,0.3242686802044462,0.8293663864529791,-0.1821801295597278,1
15552.0,0.5966655916107547,-0.5571872395918231,-0.9375686966489496,-0.7183468035229781,-0.2941514393624997,-1.0740879774882386,0
15553.0,-0.2201397768252409,-1.058145946714099,-0.5431872174454216,-0.0634617157485895,0.1571027565423948,0.6064826890252486,0
15554.0,0.7548912404987429,-1.058145946714099,-1.045679750692841,-1.244856163309911,-0.862804573858747,-0.3412765911342302,0
15555.0,-1.2115801184678894,2.546807042814728,1.848691732747252,1.9067485980427408,2.2516027019158176,0.251324725385474,1
15556.0,-0.7922005967383016,-1.058145946714099,-0.8640010976554064,-0.4881008491540746,-0.2412044847042052,0.0013904497276888,0
15557.0,-0.6752731880764764,-1.058145946714099,-0.4856595248113949,-0.5370567252723396,-0.7601216003714991,0.7149865989394978,0
15558.0,1.2873555878018408,-1.058145946714099,-1.0558902508072314,-1.147237218205978,-0.4772168596026035,-0.3605347802578448,0
15559.0,1.2119436056379256,-1.058145946714099,0.1267710861732749,0.0375105298426944,0.3145288070742748,1.8701018625700176,0
15560.0,0.9843250963403034,-0.5571872395918231,-1.2943481882132872,-1.2626334870875635,-1.117253523671916,-1.743598567552532,0
15561.0,-1.2115801184678894,0.8001660338568091,0.5271243907111515,0.6488529490319831,0.3526935049184267,-0.1960939992523583,1
15562.0,0.9057670179108388,-0.2017513803877423,-0.2325756351866616,0.0798028421345739,-0.2159596295778201,-0.2967915826827113,0
15563.0,-0.8456753236698794,0.654643185938614,0.8105380508408444,1.1857673492657,1.175795589227843,0.5178761059491076,1
15564.0,1.081115906117918,-0.5571872395918231,-1.8472413505499703,-1.6107384274973675,-1.7640984679528429,-2.7763724316697656,0
15565.0,-0.3349679194593694,-0.5571872395918231,-1.20812858341259,-1.3807506813715704,-1.2818823689972492,-1.5819642561977802,0
15566.0,0.9762376600515654,-0.5571872395918231,-1.0112771320858964,-0.7716493042481812,-1.1954453334565955,-1.2125356410500672,0
15567.0,-0.9353081791524545,-1.058145946714099,-1.1568312323097003,-0.5252055769172435,-1.3785107536966998,-0.5509211952541172,0
15568.0,-1.9674812683483252,-0.2017513803877423,-0.1471204667934931,-0.0490689983619504,-0.3507527121214226,-0.1360627005953437,1
15569.0,0.1281552717803115,1.0480979277381186,0.9718059676789824,0.8219836448350352,0.8700553726182927,0.3378463610080807,1
15570.0,-1.5229485149574664,2.110890520920167,1.6591757584696367,1.4151121269539078,1.9146521752584529,0.3890472269260487,1
15571.0,-1.2115801184678894,1.4312993642702228,1.059683949596126,1.0633194340570669,1.9146521752584529,0.0472347801601077,1
15572.0,-1.7074462772723475,1.0480979277381186,1.0627074590503336,0.9619750283809846,1.4774744457749929,0.508893969550877,1
15573.0,-0.6141483680629726,0.2992073267345332,0.1875853902513546,0.2962412419109327,1.1848607981176718,-0.1981260950102262,1
15574.0,0.4702544582071883,0.4896629879592288,0.3528879127151263,0.4250801147655964,1.228742543886138,-0.1341716108825936,1
15575.0,1.2680279097306315,-1.058145946714099,-2.449542405887865,-2.804692648559184,-1.9471638881929467,-2.9891246117440846,0
15576.0,-0.5070123740010525,-1.058145946714099,0.0080024211084466,-0.1356762603668062,0.0200527453205781,1.6460903657625237,0
15577.0,0.3653943987983962,0.2992073267345332,-0.6108023443619761,-0.9248532670431824,0.2607132519567318,-1.694912275145756,0
15578.0,0.4102035851912229,-1.058145946714099,-1.4294682893810784,-1.473214373913271,-0.91940584661767,-1.065146350571079,0
15579.0,-0.1318797192956659,0.2992073267345332,0.2423056921066108,0.2463966778120865,0.9754580982530536,-0.0952452524391774,1
15580.0,0.949650424908974,0.8001660338568091,0.2845441560354012,0.4319673079448295,1.031671386584256,-0.6516695545434938,1
15581.0,0.2243929765656181,2.611849228042442,1.5310903266355067,1.2128607076030802,2.081634608837307,-0.4186782303463625,1
15582.0,-0.7670473650770303,-0.2017513803877423,-0.2224638542277417,-0.0605578658272451,-0.0581390644641013,-0.2777755909861647,0
15583.0,0.9479515492166356,-1.058145946714099,-1.5467437851695884,-1.3491740126569909,-0.1002197270566499,-1.2863415566979255,0
15584.0,-0.7922005967383016,0.4896629879592288,0.2283510895270218,-0.0130584383864058,1.15268439735128,-0.3682219295734348,1
15585.0,0.4666615905535427,-1.058145946714099,-0.5140704970801738,-0.2885608248606143,-0.2412044847042052,0.6614002054222224,0
15586.0,1.2395198742615607,-0.2017513803877423,0.1457916232665696,0.6508207019995073,-0.2672508963742018,0.4152103734323619,0
15587.0,-0.3349679194593694,0.654643185938614,0.3544888210124624,0.0400019000139965,-1.9471638881929467,-0.3397825026116305,0
15588.0,1.325291865994738,-1.058145946714099,-0.3404712727219297,-1.0756752990814846,-1.7640984679528429,0.9888285054025552,0
15589.0,0.7022155483365661,-0.2017513803877423,-0.4782887451487311,-0.468955852714794,-0.321964036982949,-0.7586030409840416,0
15590.0,0.9580779469522994,0.2992073267345332,0.3423318569224395,0.3386369419983482,0.4684334074395972,0.0928767071769063,1
15591.0,1.2286312392078274,-0.2017513803877423,-1.043371740436407,-1.4026767430063911,-1.4880589811139169,-1.817710612231632,0
15592.0,-0.3738480170997701,-1.058145946714099,-0.6279827657495677,-0.2223436733560928,-0.4437267787202448,0.4465484362671187,0
15593.0,-0.1138130260237924,-1.058145946714099,-1.1055629773010374,-1.3807506813715704,-1.614523128595098,-0.4542233117094114,0
15594.0,-1.0395356639262063,0.2992073267345332,0.4638851923849106,0.4482081562793331,0.5698454386786636,0.3215783124945882,1
15595.0,1.11477132965806,-1.058145946714099,-0.687692321477391,-0.8112565093766205,-1.7640984679528429,0.3339292791434844,0
15596.0,0.1095648339314894,0.9303406571479472,0.8737703129926819,0.6692264654070016,0.5407159979871611,0.296200260662997,1
15597.0,-0.5583457794146515,-0.5571872395918231,-0.3609015204260834,-0.1537873679317828,-0.144576100004755,0.0106289138346239,0
15598.0,-0.2983107883386734,-0.5571872395918231,-0.3807720165822296,-0.1356762603668062,-0.2159596295778201,-0.0267819395780859,0
15599.0,-0.7195200551006783,-0.2017513803877423,0.2127168670633574,0.520906089366719,0.4897435161402434,0.5412280474627492,1
15600.0,1.0308182885991817,0.0739460908215904,0.1828761422708626,0.1835274609063298,0.217900422374825,0.0951715009716937,0
15601.0,-1.2629135238814884,2.3282062876889484,2.000842589828645,2.03965946452633,1.6244160972942283,0.7848067879338361,1
15602.0,-1.4474112861963695,1.5859404542672264,0.896529745276478,1.0207836402693722,0.3145288070742748,-0.4400371426924596,1
15603.0,-0.0462426723707365,-0.5571872395918231,-1.6880142840405998,-0.8881581216111365,-1.7640984679528429,-2.479761105706498,0
15604.0,-0.3102985242592435,-1.058145946714099,-1.048359707213561,-0.74651041226979,-0.7132292345010023,-0.3463313003983094,0
15605.0,-0.540774126845729,0.9303406571479472,0.5280211346012978,0.2363269886739557,0.5207054191909427,-0.3537916186899015,1
15606.0,-0.2097114950440718,1.6565606001831652,1.2437419250898374,0.7744925577243597,0.5602500888610992,0.1303049102905309,1
15607.0,0.8779192915851238,0.9303406571479472,0.4378911565651213,0.7126592135314093,0.6600894093898906,-0.5230429155019148,1
15608.0,-0.6970151074455184,0.2992073267345332,0.4696341626034245,0.6123879474864333,0.6428173386552047,0.3323972239886758,1
15609.0,0.4913989623501418,-1.058145946714099,-0.8175143298476937,-0.7933582365477243,-0.7601216003714991,0.0890698930611981,0
15610.0,-0.3102985242592435,-1.058145946714099,-1.5169200925389106,-1.3190441216122355,-1.4880589811139169,-1.2300906084964105,0
15611.0,-1.3187161125298097,2.1575193073054413,0.8425495862847866,0.2678460005014682,0.0200527453205781,-1.19672317011963,1
15612.0,-0.540774126845729,-0.5571872395918231,-1.122446269731317,-1.473214373913271,-1.7640984679528429,-1.4212276218458115,0
15613.0,1.2576165577225409,-1.058145946714099,-0.5489820410064534,0.2251631403646062,-0.3507527121214226,0.5955529787440604,0
15614.0,1.045596020739638,0.0739460908215904,0.8777454396417161,0.7813755112489762,0.4465549626877331,1.403677471518732,1
15615.0,-1.3187161125298097,2.868391025713604,2.25792556634633,2.098160823475108,1.5755040145163772,0.6598066862219201,1
15616.0,1.045596020739638,-1.058145946714099,-0.7740268227865907,-0.8438005790920419,-0.91940584661767,0.171092382274719,0
15617.0,0.9811023498659778,-0.2017513803877423,-0.0833482613167121,-0.0157595548677755,-0.0181119525235737,-0.0160833633129121,0
15618.0,-0.5950029105353472,0.0739460908215904,-0.1297172751496192,-0.0591107344650019,-0.0581390644641013,-0.4925769278145407,0
15619.0,-1.2629135238814884,-1.058145946714099,-0.7316041091098208,-0.848584025185672,-1.9471638881929467,0.2511065474939862,0
15620.0,-0.2524823540546596,0.0739460908215904,0.530085723897806,0.6055829745634238,0.8082392174469527,0.7487528925186199,1
15621.0,-1.8243736859341724,0.0739460908215904,0.23705143330162,0.0055450101533554,-1.0458699940988507,0.1971069610798798,1
15622.0,-0.4296506057480915,1.6565606001831652,1.5364336038089448,1.38556785387892,1.678022266979655,0.680971503840087,1
15623.0,0.3217499979517362,0.8001660338568091,0.693501916370645,0.514289727832406,0.6251737972068488,0.1167031244407184,1
15624.0,0.2030134902092342,0.0739460908215904,-0.3299615506626582,-0.2168088221341602,-0.3805884749031534,-0.8685892071303786,0
15625.0,0.1281552717803115,0.9303406571479472,0.8978419585770634,1.18598510160631,0.7490861757345402,0.3414883775454246,1
15626.0,-0.0791383545924629,-0.2017513803877423,0.0990673076717242,0.5444196188771608,0.4465549626877331,0.3272423166299656,1
15627.0,1.072768822575603,-0.5571872395918231,-0.356408418802572,-0.2411369787048411,-0.4772168596026035,0.0190884825847484,0
15628.0,-1.7074462772723475,1.6565606001831652,1.2995451399043434,1.3403275547039315,0.951848035544989,0.2352474411149835,1
15629.0,1.062891231517784,0.0739460908215904,0.6330622958194115,0.7337784894895687,-0.0581390644641013,0.9426996781911632,1
15630.0,-0.4011425702790203,-0.2017513803877423,0.3349807757246831,0.4508763990414005,0.4791576523996084,0.7714934036951343,1
15631.0,1.2903547758033207,-1.058145946714099,-0.3195908533512457,0.036261296914809,-0.0581390644641013,1.0282114015110695,0
15632.0,-1.0395356639262063,0.8001660338568091,0.9086471205809156,0.949929086321279,0.7567177940893411,0.5214872367346,1
15633.0,1.1417379231273606,1.3460575542855853,1.1112819348475398,0.9338362864634282,0.4897435161402434,0.2446647407690068,1
15634.0,-1.0028785328055103,-0.5571872395918231,-0.3721222116616975,-0.5135641944509618,-0.1676872918813187,-0.0104968875783,0
15635.0,0.9811023498659778,-1.058145946714099,-1.5982537874017206,-2.9060807784127,-2.183176263091345,-1.3834954035840463,0
15636.0,0.0363810947797576,0.0739460908215904,0.3168565817308956,0.0786314777309225,-0.0581390644641013,0.3472991331780403,1
15637.0,-0.2983107883386734,0.2992073267345332,-0.1107565354540849,0.1775024941456337,-0.1002197270566499,-0.7585353024745312,0
15638.0,0.9530347346034082,0.4896629879592288,0.6408307939994877,0.5421057345599555,-0.586765087019821,0.4074531450776452,1
15639.0,0.2893295474663386,-0.2017513803877423,0.0974199282373307,0.3519246856216433,0.3014022381220454,0.3241409792423542,1
15640.0,-1.8243736859341724,2.2876939305965798,2.340149493334645,2.114280924671357,1.6057396764320917,1.4698109164245214,1
15641.0,0.1342342291316152,1.2544959545938104,1.2593498217356132,1.436728250109387,1.4452980450086004,0.6317780273379138,1
15642.0,1.3726167481092917,-1.058145946714099,-1.5606454755244037,-0.3999276484574282,-1.4880589811139169,-1.3125617593316474,0
15643.0,0.5185490566485405,-0.2017513803877423,-0.2426687742860271,-0.4609184296153759,-0.2412044847042052,-0.315771730067283,0
15644.0,0.4257516242273519,0.0739460908215904,-0.0969840593918254,0.0751048154541481,1.114296432923324,-0.4310701916585566,1
15645.0,-0.9353081791524545,-0.2017513803877423,0.0906901554998907,-0.1487983103404511,0.2745016951337471,0.3114717254799323,1
15646.0,0.3942692202075933,0.2992073267345332,0.0335171992426641,0.4921587112431972,0.3526935049184267,-0.4876478919205725,1
15647.0,1.011083648486406,-1.058145946714099,-1.2255496290895491,-0.9088754544805528,-1.0458699940988507,-0.6805320729419544,0
15648.0,0.5572336581134208,-0.5571872395918231,-0.249910977533649,-0.5311044589581426,-0.4772168596026035,0.2196267593748796,0
15649.0,0.8760190673835795,0.0739460908215904,0.6100215986094074,-0.0157595548677755,-1.2818823689972492,0.8993012592034639,0
15650.0,1.1578805519021536,-0.5571872395918231,-0.3731214765537198,-0.5645293427226981,-0.1914684658752519,-0.0123782290374553,0
15651.0,-0.5236711079833221,0.2992073267345332,0.2178821846807546,0.3687314777215735,0.1727297634470911,-0.1411674890358737,1
15652.0,0.0433901831118387,0.2992073267345332,0.3046709648387587,0.1855235806138911,0.6428173386552047,0.0220381276045492,1
15653.0,0.0571826544512456,-0.5571872395918231,-0.0420840547899986,0.57928136653745,-1.7640984679528429,0.6110959228179723,0
15654.0,-1.3798409325433134,-0.5571872395918231,-0.0060142763268655,-0.0294340794130107,-0.8098576192004525,0.6790522583818764,0
15655.0,0.6689257299564773,-1.058145946714099,-0.3643571796463467,-0.2804155698175485,-0.1676872918813187,0.9437769106925992,0
15656.0,-0.4011425702790203,0.0739460908215904,-0.156471941844257,-0.2430461845122031,0.0741642041589574,-0.5428418322165233,0
15657.0,-0.8183807704906293,-1.058145946714099,-2.451863158803984,-1.967436469196142,-2.515817022689194,-2.993501821289854,0
15658.0,0.5118685254199581,0.8001660338568091,0.6894769743562186,0.2166641155018866,0.5105140700321456,0.1091334108924663,1
15659.0,-0.4152381970004986,-0.2017513803877423,-0.4014491088615289,-0.7383398607540069,-0.862804573858747,-0.6142456491209615,0
15660.0,-0.7670473650770303,1.5110377522649707,0.7968384812621447,0.8788972291874401,0.4465549626877331,-0.5398998020423006,1
15661.0,0.8388019735984524,0.8001660338568091,0.192797176457333,0.2953985500098703,-0.3507527121214226,-0.8237854295481676,0
15662.0,1.309030698983018,-0.5571872395918231,-0.8539088057057488,-0.8067360727591756,-0.9802035124500996,-0.9168811576506032,0
15663.0,0.140256106228435,-1.058145946714099,-1.3698972770444262,-1.0111411307468456,-1.1954453334565955,-0.9527885023744426,0
15664.0,-0.3225146116861712,0.0739460908215904,0.2149999113504361,0.042483868766071,0.2031181655606824,0.1556129137686921,1
15665.0,0.4333865381942647,0.2992073267345332,1.0531627323719288,1.1348434865968149,1.0994248524597794,1.4313139965524613,1
15666.0,1.0934362995056883,-0.5571872395918231,-0.277136710735267,-0.0377773744462167,0.3145288070742748,0.1683552331414168,0
15667.0,-0.4749394310824503,-1.058145946714099,-0.8107130677674377,-0.4770927103734043,-0.91940584661767,0.1018978632833657,0
15668.0,0.5996007235020872,-1.058145946714099,-1.7932659093550376,-1.2626334870875635,-2.515817022689194,-1.7513109154492617,0
15669.0,-0.4749394310824503,0.0739460908215904,-0.2209587257413338,-0.2449609484229135,-0.2412044847042052,-0.6639642300224258,0
15670.0,0.7971428378544745,-0.5571872395918231,-0.7559302387547436,-0.8680734789258341,-0.6267921989603487,-0.732687053012279,0
15671.0,-0.9353081791524545,0.654643185938614,0.7557786962004928,0.807822099950031,0.1727297634470911,0.4148176099287007,1
15672.0,1.3682150479281203,-1.058145946714099,-2.1627937860539754,-2.5074125686447046,-1.9471638881929467,-2.448283410056662,0
15673.0,0.0221288371626836,0.9303406571479472,1.3907216259969244,1.256327127771583,1.1666290909919852,1.2694559323141743,1
15674.0,-0.0962413734548695,1.3460575542855853,1.4482744810929156,1.3102057344654203,1.48688632403703,0.8788755758796739,1
15675.0,-0.0304066776915911,0.0739460908215904,-0.3886638726225187,0.1496855602350355,-0.2159596295778201,-0.9787242930816484,0
15676.0,-0.9353081791524545,-0.2017513803877423,0.9409036174345086,0.9930589487503656,1.228742543886138,1.9132925184659624,1
15677.0,-0.3476678433474425,-0.2017513803877423,0.2440339260753555,0.2012781287866438,0.3274486497920416,0.6002033968847372,1
15678.0,-0.2983107883386734,-0.2017513803877423,0.5118852381870181,0.5020867629731707,0.4897435161402434,1.104757080860722,1
15679.0,-0.7922005967383016,0.0739460908215904,-0.12562593196284,0.5626433561160352,0.6853342645162757,-0.4848897431423234,1
15680.0,-1.3798409325433134,1.0480979277381186,1.1365108501913497,1.1976379427253467,1.0583966506364906,0.6478037493059925,1
15681.0,-0.7670473650770303,1.4312993642702228,0.8407255364294947,0.6768247701431739,0.1083521949576072,-0.3642039827550663,1
15682.0,1.2459654079011129,-0.5571872395918231,-0.7714716455016286,-0.5281484048190704,-0.4115503779538524,-0.7619093940588841,0
15683.0,0.2030134902092342,-0.5571872395918231,-0.4122681096770657,-0.2644215674002995,-0.4115503779538524,-0.0860768329352729,0
15684.0,1.187826477146772,-0.2017513803877423,-1.2048673215398693,-1.2190598790341067,-1.1954453334565955,-2.119222269443505,0
15685.0,1.062891231517784,-1.058145946714099,-2.013228646286567,-1.709582179172762,-0.7132292345010023,-2.1661861850753823,0
15686.0,1.0187459283862368,-1.058145946714099,-1.6758763463502246,-1.2626334870875635,-2.515817022689194,-1.5299005653040267,0
15687.0,-1.3798409325433134,0.9303406571479472,0.8415442829204114,0.6369211762129198,0.8431548296299944,0.2355766378782003,1
15688.0,1.0172207785620295,-1.058145946714099,-1.1394712887239884,-1.0824911210991477,-0.3805884749031534,-0.5181783253649394,0
15689.0,0.2191145500704246,-0.2017513803877423,-0.4170969830665645,-0.5739479419351734,-0.586765087019821,-0.6436479256612809,0
15690.0,-1.8243736859341724,-0.5571872395918231,-0.974781661236335,-0.1292121204849814,-0.6267921989603487,-1.143992969506613,0
15691.0,0.6921553389303546,0.0739460908215904,-0.350846893399769,-0.5583243821854503,-0.9802035124500996,-0.9077789052500994,0
15692.0,-0.6970151074455184,-1.058145946714099,-1.1377055425049718,-0.8390516708165107,-0.9802035124500996,-0.5148479229116643,0
15693.0,1.3070902279146166,-1.058145946714099,-2.2957314922294625,-1.8259532106467025,-2.515817022689194,-2.699019364075098,0
15694.0,-2.4120140217391843,2.062432694683636,1.76678256065925,1.1020350544459463,0.217900422374825,0.6468780639307893,1
15695.0,0.7290940618003953,0.0739460908215904,0.1406792576447905,-0.0171142843658956,0.217900422374825,0.0157876082266668,0
15696.0,-0.5950029105353472,1.3460575542855853,1.0334180727180795,0.6801216238571579,1.0994248524597794,0.0982307015253101,1
15697.0,1.3365270473241957,-1.058145946714099,-0.954158583009076,-0.8932765983286024,-0.862804573858747,-0.1686570390729249,0
15698.0,1.2721455816534404,-1.058145946714099,-2.148920975944967,-1.3807506813715704,-2.183176263091345,-2.4221176789208543,0
15699.0,-0.9682038613741812,-1.058145946714099,-0.7911267566816651,-0.96946160877935,-0.6688728615528973,0.1388399208611471,0
15700.0,0.4483889813387123,-0.5571872395918231,-0.2080993953680709,-0.2168088221341602,0.5698454386786636,0.298372053518591,0
15701.0,-2.1519790306632065,0.0739460908215904,0.3639175671417591,0.4068284159664377,1.2372441024225518,0.4358836535737982,1
15702.0,1.0988369646744305,-0.5571872395918231,-1.3583379474027446,-1.0298453562635617,-0.2672508963742018,-1.8634793719991736,0
15703.0,0.7242901052643254,-1.058145946714099,-1.0647539128498091,-1.3190441216122355,-1.614523128595098,-0.3772526763482808,0
15704.0,0.3172176455272237,0.4896629879592288,1.016889421639977,0.8170426379491432,0.9088213112787455,1.1155262928091718,1
15705.0,0.5477790613471053,-1.058145946714099,-1.3446571451756504,-1.3595320367867216,-1.4880589811139169,-0.9051826821317313,0
15706.0,-0.1794070292720186,0.0739460908215904,0.0943582392558522,-0.2865150349101377,0.1411722937225966,-0.0713407324855412,0
15707.0,-0.5583457794146515,0.0739460908215904,0.0117499337558022,0.1293806206254263,0.8896672959534744,-0.2266844334442464,1
15708.0,-0.4594850640247002,0.9303406571479472,1.115615484218912,0.7984704598680793,0.9458378031172426,0.751360439840604,1
15709.0,0.7685369722885271,-0.5571872395918231,-0.7500998982155407,-0.7066363290939456,-0.3805884749031534,-0.7217238268941812,0
15710.0,1.014159554616912,-1.058145946714099,-0.0247158130903502,0.1673365894677739,0.7791957222855813,1.584379975974358,0
15711.0,1.199423993889602,-0.5571872395918231,-0.5716631891240548,-0.5997442262109776,-0.4115503779538524,-0.3860755732399558,0
15712.0,-1.3798409325433134,1.2544959545938104,0.9485474197913258,0.6201533380291686,0.5793298571111467,0.0470726371025179,1
15713.0,0.3307197273670667,0.0739460908215904,0.0597564475984431,0.0172323629805716,0.1083521949576072,-0.1364153408462261,0
15714.0,-1.2115801184678894,0.2992073267345332,-0.1223816052428156,-0.2076863327758596,0.0565206627106016,-0.7803513751656631,1
15715.0,1.198273634480128,0.2992073267345332,-0.2491780058442683,-0.4609184296153759,-0.1914684658752519,-1.0181804706634767,0
15716.0,0.3439433958320878,1.15560189306089,0.8567165793058588,0.853406467618376,1.215822701168371,-0.0077318039624161,1
15717.0,0.6448229902562577,0.2992073267345332,-0.3072426826756436,-0.5222758574236794,-0.7132292345010023,-1.127009305302389,0
15718.0,1.1795815951948991,-1.058145946714099,-0.8288884597100483,-1.0824911210991477,-0.6688728615528973,0.0676169630820818,0
15719.0,-0.5950029105353472,2.3674323185913275,1.7265047978419243,1.564210006440338,1.9275141439641943,0.2241587237913289,1
15720.0,-0.7922005967383016,-0.5571872395918231,-0.1628260964393826,-0.270373833714497,1.0424661878166923,0.3836442914247604,1
15721.0,-1.2115801184678894,-1.058145946714099,-0.4366150716581977,-0.1276059635480851,0.5207054191909427,0.8074901338992946,0
15722.0,-0.540774126845729,1.15560189306089,1.2474660994102185,1.002047119969366,0.6251737972068488,0.7274115406591257,1
15723.0,0.9289607210324548,0.0739460908215904,0.0133240207313907,-0.0737273568542482,0.7642790739473241,-0.223724892034429,0
15724.0,0.5477790613471053,-0.2017513803877423,-0.7883485627532058,-0.9467793286780029,-0.7132292345010023,-1.340379959686204,0
15725.0,-1.0784157615666077,-1.058145946714099,-0.5802673887547978,-0.5311044589581426,-0.2159596295778201,0.5365451792253555,0
15726.0,0.9713357875339578,-1.058145946714099,-0.763234922983728,-0.9141583819899256,-0.4772168596026035,0.1914471587379908,0
15727.0,-1.0028785328055103,1.5110377522649707,1.669507028393869,1.6310162908224954,1.8844733957651465,1.1013221401359998,1
15728.0,0.954720215728158,-0.5571872395918231,-0.3852748333004429,-0.8680734789258341,-1.117253523671916,-0.0352592856793053,0
15729.0,0.5847888596192942,-0.2017513803877423,-1.132061717560089,-1.5383885354275355,-1.117253523671916,-1.9833794892763916,0
15730.0,-0.1599714449813229,0.2992073267345332,0.4452741802382151,0.4983812830944592,0.7178293264081053,0.2865558340282093,1
15731.0,1.195966706816979,-1.058145946714099,-1.4396655325340806,-0.9194840867058316,-1.2818823689972492,-1.0843795355257733,0
15732.0,0.5817849890277144,1.0480979277381186,0.4264652010393466,0.6620224400589856,0.1880646595930938,-0.6868868121903473,1
15733.0,0.7662827513425954,-1.058145946714099,-1.2545242743159362,-1.3595320367867216,-1.117253523671916,-0.73518161912559,0
15734.0,0.1920503993361995,0.0739460908215904,0.6402263895939222,0.0249101264924206,-0.1220981718085144,0.9561940231298994,1
15735.0,1.0202674598207486,-1.058145946714099,-0.7504725073421862,-0.5771176875341992,-0.6267921989603487,0.2155185569403756,0
15736.0,1.0411983450016138,-0.5571872395918231,0.4815280089502332,0.6155051141684996,0.6600894093898906,1.5978906833731468,1
15737.0,-1.0784157615666077,0.8001660338568091,0.1863556986099722,0.1228360796752538,0.2880622196936218,-0.8358650106580721,1
15738.0,-0.9353081791524545,2.703410827734218,1.9200319904131868,1.9245530897866656,0.4126028186801636,0.2092601794639884,1
15739.0,-0.1599714449813229,-1.058145946714099,-0.523896702856896,-0.0335924975147533,-1.2818823689972492,0.6428668400536677,0
15740.0,-0.3476678433474425,-1.058145946714099,-1.2880336716830882,-0.7759341463654605,-1.1954453334565955,-0.7983842345396434,0
15741.0,1.0741675694743047,-0.5571872395918231,-1.074586853701555,-1.2809046880716817,-1.0458699940988507,-1.3314022695450614,0
15742.0,1.2669943475426584,-1.058145946714099,-1.2788926382917642,-1.4857427705919497,-0.0181119525235737,-0.7811431838699228,0
15743.0,-1.0395356639262063,0.0739460908215904,-0.1227026291398307,-0.5460873605785668,0.2745016951337471,-0.4793970758910593,0
15744.0,-0.0543097623705864,-1.058145946714099,-2.3481260714036623,-0.9302666386620904,-1.9471638881929467,-2.797841625813956,0
15745.0,-0.9353081791524545,0.0739460908215904,0.1170954802068827,-0.1086319283943098,0.2466890975132978,-0.0285746266150475,1
15746.0,0.2893295474663386,-1.058145946714099,-1.116118659280139,-0.6727062364625485,-0.321964036982949,-0.4741325539213351,0
15747.0,-1.1640528084915374,0.9303406571479472,0.7296885784875938,0.6663543170053218,0.8223842757380923,0.0252118350264171,1
15748.0,-0.4749394310824503,-0.2017513803877423,-0.2981038354293758,-0.4196361174135791,-0.1676872918813187,-0.4200028443058055,0
15749.0,0.6475462436000934,-0.2017513803877423,2.78688527622988,2.360933623417504,-1.614523128595098,5.394298662213052,1
15750.0,-1.9674812683483252,1.7233615276208618,1.4324399402816117,1.4616775162480178,1.8101152053728415,0.4077704679760614,1
15751.0,1.0783455985755337,1.15560189306089,0.2841530437074353,-0.0752070446297544,0.6162076636214244,-1.0822876301429958,1
15752.0,-0.4749394310824503,0.9303406571479472,1.086886154749566,1.1743437191400288,1.7444487237240909,0.6972743771247082,1
15753.0,0.8141325783983266,-1.058145946714099,-1.766913197487865,-0.8112565093766205,-2.515817022689194,-1.701606640107952,0
15754.0,-0.3225146116861712,0.9303406571479472,0.8521777075191335,0.8317556785378892,0.8082392174469527,0.2555794581431616,1
15755.0,-1.3187161125298097,1.6565606001831652,1.3417334328127786,1.3763416429129682,1.544111232749301,0.3146013203706434,1
15756.0,-0.2097114950440718,0.0739460908215904,-0.4008145521029765,-0.4716569691961637,1.0842787042858788,-1.001514912593792,0
15757.0,-0.1599714449813229,0.4896629879592288,0.8287381707186277,0.8298876825682382,1.094407142278882,0.7611813063979449,1
15758.0,-0.7670473650770303,-1.058145946714099,-1.0862657538295757,-1.5383885354275355,-1.1954453334565955,-0.4178265069485654,0
15759.0,0.5996007235020872,0.654643185938614,-0.0812838213136763,0.0337556903081912,-1.117253523671916,-1.15727689887927,0
15760.0,1.279288497801991,-0.5571872395918231,1.9487298033104457,-3.361978192741088,-2.515817022689194,4.364553417307717,0
15761.0,1.0528591244028265,-1.058145946714099,-1.344907220887895,-1.8050714269853785,-1.614523128595098,-0.9056543539702968,0
15762.0,-0.1696156146721137,-0.5571872395918231,-0.3353389532544884,-0.4477372081299453,-0.1002197270566499,0.0587590981829027,0
15763.0,-0.6141483680629726,-0.5571872395918231,0.1120330144967834,-0.3975051008243698,0.2607132519567318,0.901481006941946,1
15764.0,0.0221288371626836,0.8001660338568091,1.135791269184485,1.1694502705771723,1.211470473151452,0.9491262005598298,1
15765.0,1.3148171310090695,-1.058145946714099,-0.6619735053604707,-0.2585226853594002,-0.4115503779538524,0.382437953475416,0
15766.0,-0.1794070292720186,-0.2017513803877423,-0.0811712279559295,-0.2604831068966469,-0.5486003891756687,-0.0119870865384076,0
15768.0,0.1975553704657846,2.478149591821275,2.031071504198166,1.4120314611869142,1.9053400087938743,0.6719497319479804,1
15769.0,-1.5229485149574664,2.842379197713229,3.2834011511174883,3.019956382732812,-0.3805884749031534,2.620969857368793,1
15770.0,1.260757748649645,-1.058145946714099,-0.7642621726076025,-1.3092999294811465,-0.6688728615528973,0.1895096466365162,0
15771.0,1.2512876392662955,-0.2017513803877423,0.0567232381262758,0.0198015886647239,-0.3805884749031534,0.2475301552365049,0
15772.0,1.0156919930971386,-1.058145946714099,-0.8611579111536247,-0.9870018732865308,-0.7601216003714991,0.0067530296945457,0
15773.0,-1.608585561882396,-0.5571872395918231,-0.1318799316060178,-0.1260037192994412,0.0741642041589574,0.4419355511598754,1
15774.0,-0.1318797192956659,0.4896629879592288,0.2573174527499035,-0.0322034348256864,0.5979759564957379,-0.3137966310770101,1
15775.0,0.6741610667752455,-0.5571872395918231,-1.3085711931573485,-0.4246569123197467,-1.1954453334565955,-1.7702506105725004,0
15776.0,0.2845613084095361,-1.058145946714099,-0.969236086788887,-0.8390516708165107,-0.6688728615528973,-0.1970949623921146,0
15777.0,0.6636473034612838,0.654643185938614,0.4601481305420087,0.1228360796752538,-0.2941514393624997,-0.1412243224364418,1
15778.0,1.035287471833904,-1.058145946714099,-0.7950809575914675,-1.0426170379233035,-0.7132292345010023,0.1313818386809788,0
15779.0,1.081115906117918,-0.5571872395918231,-1.4466599676885137,-2.0821123426729526,-1.2818823689972492,-2.02882088601233,0
15780.0,0.4913989623501418,-0.2017513803877423,-0.4831891684292145,-0.5340738587593296,-0.3805884749031534,-0.767807289005417,0
15781.0,-0.7670473650770303,-0.2017513803877423,-0.712509686248027,-0.6653981508446892,-0.586765087019821,-1.198204502570563,0
15782.0,-1.3187161125298097,0.0739460908215904,1.0529796954174675,0.8616572338959887,0.1571027565423948,1.7339102998035916,1
15783.0,-1.2629135238814884,-1.058145946714099,-0.9554686204203758,-0.5583243821854503,-0.862804573858747,-0.1711279217861298,0
15784.0,1.0879897682663244,-0.5571872395918231,-0.0663679027412339,-0.1741308743400447,-0.1914684658752519,0.5653467326310986,0
15785.0,-0.5950029105353472,1.5859404542672264,1.3389402014850902,1.445150266455122,0.7178293264081053,0.3915162610833653,1
15786.0,-0.3873500989396135,0.2992073267345332,1.5947672855153323,1.6353183802257494,1.7421666831507694,2.4521283444442314,1
15787.0,-0.7428435417295326,-0.2017513803877423,0.0136277961092787,0.0547551377532697,1.0636387966331442,0.166413078576754,1
15788.0,1.1417379231273606,-1.058145946714099,-1.0305494017579826,-0.958022695435433,-0.862804573858747,-0.3127389957148723,0
15789.0,0.9165761254464796,0.4896629879592288,0.5373353059792096,1.061480388891812,0.7791957222855813,0.2127106870229571,1
15790.0,-1.3187161125298097,-1.058145946714099,-1.0337255393748317,-0.9637172845910724,-0.1676872918813187,-0.3187295601556582,0
15791.0,-0.4152381970004986,0.2992073267345332,0.9762096290430008,0.9051074305711296,0.8567153541898691,1.2863239065951972,1
15792.0,0.9875317290149478,-0.5571872395918231,0.0027568609994537,0.1304650741914777,0.2466890975132978,0.695577856625844,0
15793.0,-1.0784157615666077,0.8001660338568091,0.6823382491560159,0.8023831480208053,-0.9802035124500996,0.0957079011912486,1
15794.0,1.377859217618911,-0.5571872395918231,-0.1295792563022992,-0.3576310176485259,-0.8098576192004525,0.4462693127072344,0
15795.0,0.3611612137995771,0.8001660338568091,0.5438618137695909,0.6857352079090798,0.7865535568710715,-0.1646377365572993,1
15796.0,-2.4120140217391843,1.6565606001831652,1.236104500163377,0.8216048824065979,0.9637379981128577,0.1159439906513035,1
15797.0,0.1808966364835151,0.4896629879592288,0.7989071577153107,0.6222087176356097,-0.9802035124500996,0.7050140333624647,1
15798.0,1.1212955486788323,-0.2017513803877423,0.3607492556012485,0.401109067416159,0.4465549626877331,0.8200314209875718,1
15799.0,-0.070754899282162,0.0739460908215904,0.3066707644610177,0.6527825854490907,0.9927301689877396,0.3281275678803847,1
15800.0,0.1462219650521856,0.654643185938614,0.2083955598028981,0.1106659589866475,1.258120370257919,-0.6141332525924355,1
15801.0,-0.3873500989396135,-0.2017513803877423,0.0966557246884306,0.0902522913125902,0.3014022381220454,0.3227023030240487,1
15802.0,0.3307197273670667,-1.058145946714099,-0.5202240282935011,-3.628661084298931,-2.515817022689194,0.6497939308463765,0
15803.0,-0.3225146116861712,0.0739460908215904,0.5253611401913122,0.478896485901106,0.1083521949576072,0.7398555590071407,1
15804.0,-2.4120140217391843,1.3460575542855853,1.0866892229460947,1.0786189748272563,1.133714926635295,0.1984097289914972,1
15805.0,-0.8183807704906293,2.3282062876889484,1.7241165013263804,1.6616134791791315,1.692716266781489,0.2640997122480144,1
15806.0,-0.3873500989396135,-0.2017513803877423,-0.1225925476917703,0.1261164901602268,-0.4437267787202448,-0.0899196935430642,0
15807.0,-0.3349679194593694,0.2992073267345332,0.4822416167393664,0.739812668866803,0.5698454386786636,0.3561236990402933,1
15808.0,0.816224995258786,1.9044924940644756,2.150358229141777,1.759946024556804,1.7189901967493495,1.5504192646606627,1
15809.0,-0.540774126845729,0.654643185938614,0.2266243331291405,0.2251631403646062,0.1571027565423948,-0.5799146951507056,1
15810.0,-0.0462426723707365,0.8001660338568091,0.8429724526853035,0.789779726425166,0.607142454731596,0.3978928166754297,1
15811.0,-0.8456753236698794,0.654643185938614,1.0304522045189637,0.8888916091934528,1.2864824609043526,0.9319132598476776,1
15812.0,0.1462219650521856,1.2544959545938104,1.2396646720716216,1.2735120664653228,0.5887058798168258,0.5947268286638827,1
15813.0,0.5696268012260529,-0.5571872395918231,0.2430847386914502,0.127206334550111,-0.0378814165327151,1.1484522145172362,0
15814.0,-1.0028785328055103,0.4896629879592288,0.7496012549351231,0.8189474204527596,0.5505411819726732,0.6121875957184204,1
15815.0,-0.1794070292720186,0.2992073267345332,0.5864941350633153,0.8659212419506803,-0.1914684658752519,0.5523542019100002,1
15816.0,1.1819481115290005,-0.5571872395918231,-1.3394255037653555,-1.448851553929116,-1.0458699940988507,-1.8280555869219668,0
15817.0,1.0202674598207486,-0.2017513803877423,0.7848080676886147,0.7667136324166158,0.9336836095984208,1.619069362450802,1
15818.0,1.2340986653209314,-1.058145946714099,-0.7229004182431988,-0.3667980083921493,-1.0458699940988507,0.2675227193665713,0
15819.0,-0.3476678433474425,1.0480979277381186,1.0386034082517914,1.1656438749459173,1.189356113787718,0.4635329418601194,1
15820.0,0.8448238506952722,-1.058145946714099,-1.0802467141133618,-0.8881581216111365,-0.7132292345010023,-0.4064738989569134,0
15821.0,-0.4152381970004986,-0.5571872395918231,-0.3512751206921581,-0.589951674024074,0.2466890975132978,0.028753520599646,0
15822.0,-1.9674812683483252,0.4896629879592288,0.4911182502119022,0.4257720884630957,0.0741642041589574,0.1257686584677345,1
15823.0,0.94111068223374,-0.2017513803877423,1.031682534779128,0.8365877840270219,1.0583966506364906,2.0844185320648485,1
15824.0,1.0671431268633091,-0.5571872395918231,-0.0310941021371044,-0.0253017876707187,-0.4437267787202448,0.6318008586670883,0
15825.0,0.4483889813387123,-1.058145946714099,-0.400841543138006,-0.5340738587593296,-0.586765087019821,0.8749631636375641,0
15826.0,-0.2636361169073439,0.0739460908215904,0.7396457795568722,0.8544885423436139,0.7017426726202728,1.1434787609734334,1
15827.0,-0.0962413734548695,2.245808014503504,1.0123674990766114,0.8544885423436139,0.8766449105123539,-0.9787989667168951,1
15828.0,0.9462481612329638,-1.058145946714099,0.126394597319994,-0.1986886419931085,0.457567115373851,1.869391760865088,0
15829.0,0.0968649100434169,-0.5571872395918231,-0.2735084529136402,0.4568406600111304,0.0384893202353487,0.1751877979527675,0
15830.0,-0.5070123740010525,-1.058145946714099,-0.3449532072940756,-0.1180505276067852,-0.0581390644641013,0.980375056241098,0
15831.0,-0.2415192631816249,-0.2017513803877423,-0.1070036016678055,0.5250821093562177,0.3274486497920416,-0.0605909965008844,1
15832.0,0.6972051697365015,-1.058145946714099,-0.0762258556180058,-0.0433989551539095,0.2031181655606824,1.4872260530861998,0
15833.0,1.3795972273515245,-1.058145946714099,-1.7562111221967038,-1.967436469196142,-1.614523128595098,-1.6814212831065,0
15834.0,-0.1227827554391228,0.654643185938614,1.0083537528424282,0.8526840941917745,1.6829495674195714,0.890298170035638,1
15835.0,-0.4152381970004986,0.0739460908215904,0.0181993058402994,-0.0811593109439519,0.0914362748936436,-0.2145584281552649,0
15836.0,-0.3349679194593694,-1.058145946714099,-1.3738961106379772,-1.9168175809686256,-1.117253523671916,-0.9603307669800648,0
15837.0,-0.1696156146721137,-0.5571872395918231,-0.1295699942389753,-0.1340542596956857,0.1727297634470911,0.4462867596092346,0
15838.0,-1.2629135238814884,2.478149591821275,3.1543854260148403,3.2010001447035643,0.3014022381220454,2.7883832315454047,1
15839.0,-0.5950029105353472,-0.2017513803877423,0.0861181178100614,0.2012781287866438,0.2324210325411989,0.3028646817840036,1
15840.0,-0.2307404346856175,-0.5571872395918231,-0.691803328884367,-0.1487983103404511,-0.3805884749031534,-0.6120899821346102,0
15841.0,-0.0962413734548695,0.9303406571479472,0.7785341663733382,1.0324348430570962,0.2880622196936218,0.117063154982527,1
15842.0,0.9762376600515654,-0.5571872395918231,-0.3797489868642877,-0.3396716509860114,-0.4437267787202448,-0.0248558923751281,0
15843.0,0.8120333123706301,-1.058145946714099,-1.4768373594436148,-1.892897819902408,-1.2818823689972492,-1.154489918432988,0
15844.0,-0.3873500989396135,-1.058145946714099,-1.4092779361510896,-0.8582565662530369,-1.0458699940988507,-1.0270649993522785,0
15845.0,-0.9682038613741812,1.15560189306089,1.1233983259880156,0.9558251851769614,0.9088213112787455,0.4938898583216832,1
15846.0,0.9630818100393996,-1.058145946714099,-1.55239239789016,-1.202407826598178,-0.3507527121214226,-1.296995496352214,0
15847.0,-0.5070123740010525,0.2992073267345332,-0.0885616346695519,0.1693823794182505,-0.0581390644641013,-0.7168786122854552,0
15848.0,1.270090050410331,-1.058145946714099,-1.3606350266753378,-1.5522358034901935,-0.1676872918813187,-0.9353188224058012,0
15850.0,-0.9353081791524545,0.4896629879592288,0.0931081527585374,0.6706578499519347,1.5084363488256922,-0.6222131825031623,1
15851.0,1.1639826455004636,-1.058145946714099,-1.5344705324719026,-1.3092999294811465,-1.2818823689972492,-1.2631927766219309,0
15852.0,0.5017154078421048,-0.2017513803877423,-0.9242203468241086,-1.3807506813715704,-0.2412044847042052,-1.5948539265180817,0
15853.0,-0.3102985242592435,-1.058145946714099,-1.5275407646126669,-0.853402515152758,-0.2941514393624997,-1.250122429575186,0
15854.0,-1.8243736859341724,1.9044924940644756,1.2907669045636585,0.8097537340515011,1.124063132285242,-0.067486923571096,1
15855.0,0.3034251741878168,0.4896629879592288,0.0890166521138155,0.2363269886739557,0.435392980203531,-0.6298938855489632,1
15856.0,-1.8243736859341724,2.990819440597063,2.5970574700401974,2.443260335205991,1.799529341632207,1.161149082953448,1
15857.0,-0.9353081791524545,-0.5571872395918231,-0.3518801104353291,0.1061840272393253,-0.5486003891756687,0.0276144320659886,0
15858.0,-1.0395356639262063,1.3460575542855853,1.0432716275705132,1.1636197706131897,1.520501170041236,0.116759137567443,1
15859.0,1.0367703053241684,-1.058145946714099,-0.5411675290267731,-0.6875706191280061,-0.5121324717856456,0.6102920559613783,0
15860.0,-0.4594850640247002,1.6565606001831652,0.7133709124877544,0.6527825854490907,1.4452980450086004,-0.8655371727675681,1
15861.0,-1.2115801184678894,1.2544959545938104,1.1194012179971078,1.3473492483925815,1.932965280678352,0.3684167363557933,1
15862.0,-1.4474112861963695,1.3460575542855853,0.825775101325149,0.8004297134431949,1.8669969064568752,-0.2920191297026862,1
15863.0,-0.7428435417295326,0.2992073267345332,-0.6854852962985087,-0.7262712480428852,0.457567115373851,-1.8343005795694187,0
15864.0,-0.8456753236698794,0.654643185938614,0.6134680491104072,0.7197745871994163,-0.6688728615528973,0.1470713677969584,1
15865.0,-0.4594850640247002,0.2992073267345332,0.6356354903219006,0.549596286132849,0.8431548296299944,0.6448702886560312,1
15866.0,0.1095648339314894,-1.058145946714099,-1.002950463418205,-0.8984352203714877,0.0200527453205781,-0.2606841925021165,0
15867.0,-1.7074462772723475,2.3674323185913275,1.639796948977181,1.5355408768064032,2.0891543045374834,0.0611259990837389,1
15868.0,1.2286312392078274,-1.058145946714099,-1.640869334272139,-1.4139201097638212,-1.7640984679528429,-1.4638732746033225,0
15869.0,0.752588454545872,-0.2017513803877423,-0.7593402363996944,-0.3902905392135271,-0.2941514393624997,-1.2860086628406036,0
15870.0,-0.5950029105353472,0.0739460908215904,-0.0543531110028886,0.0146530618758052,0.8961017842882889,-0.350949989704782,1
15871.0,1.0441334768929462,-1.058145946714099,-2.383183295387295,-2.9060807784127,-1.614523128595098,-2.863963622000429,0
15872.0,-1.0784157615666077,0.0739460908215904,-0.1124820535026623,0.0120636060160987,1.1044120596547775,-0.4601927149094165,1
15873.0,1.1303193686941886,0.0739460908215904,-0.7812893905346606,0.5524547040990186,-1.9471638881929467,-1.7138633379051793,0
15874.0,-0.1794070292720186,1.9044924940644756,1.797697951888541,1.530789186758203,1.48688632403703,0.8861918230728145,1
15875.0,1.2943319990854762,-1.058145946714099,-1.52163528255812,-1.2275467185765694,-0.6688728615528973,-1.2389840045226967,0
15876.0,1.00176641150428,-0.5571872395918231,0.3191260743025469,0.3799492756046707,-1.0458699940988507,1.2917707716165632,0
15877.0,-2.1519790306632065,-0.5571872395918231,-0.4564578705213493,-0.191578076103695,0.8634124775613803,-0.1692606179310676,1
15878.0,1.2051450416307885,-0.5571872395918231,-0.7437296831954013,-0.468955852714794,0.0914362748936436,-0.7097451269868733,0
15879.0,0.9938972919331752,0.0739460908215904,0.1572039706325846,0.1693823794182505,1.1384985731749109,0.0468736929052245,1
15880.0,0.935931715741001,-1.058145946714099,-0.218628303708912,-0.1070751917177317,0.6600894093898906,1.2186384965241783,0
15881.0,0.8286381285590276,0.2992073267345332,-0.444730539518839,-0.4246569123197467,-0.3805884749031534,-1.3844612801276626,0
15882.0,0.5413976634342754,0.8001660338568091,0.3420334726654845,0.3242686802044462,0.1249263557760024,-0.5437632772843352,1
15883.0,-2.1519790306632065,-0.5571872395918231,-0.6135165824011903,-0.5252055769172435,0.0011923041824166,-0.464823460067824,0
15884.0,1.0367703053241684,-0.5571872395918231,-0.9456290428952464,-0.7506340680270399,-0.862804573858747,-1.0892306616368364,0
15885.0,0.0571826544512456,1.5110377522649707,0.5335849588749454,0.1475774784982984,0.5505411819726732,-1.0334626331163048,1
15886.0,-0.2201397768252409,0.0739460908215904,0.0891192232721743,0.1934480251337977,0.2607132519567318,-0.0811941775216019,1
15887.0,0.9986303407132076,-0.2017513803877423,0.0713147844259246,0.1293806206254263,-0.3507527121214226,0.2749975309934708,0
15888.0,-0.0304066776915911,-0.2017513803877423,-0.556580633289016,-0.8343368051868192,-0.1914684658752519,-0.9056229040879802,0
15889.0,0.3902229910202726,0.8001660338568091,0.4777739169010044,0.4522064721717343,1.4679533363137638,-0.288827570616559,1
15890.0,0.9794848831855826,0.2992073267345332,-0.3971934395166009,-0.935724935040335,-1.117253523671916,-1.2954863383670214,0
15891.0,0.6254293898743742,-1.058145946714099,-0.4122955331603182,-0.0766900687954025,0.2880622196936218,0.8533596081213364,0
15892.0,1.3167343976054071,-1.058145946714099,-1.4233069422957567,-1.5522358034901935,-0.0789096183560038,-1.05352533435287,0
15893.0,1.1068536340446045,-1.058145946714099,-0.8013355154310978,-0.3576310176485259,-2.515817022689194,0.1195850161540952,0
15894.0,0.6946852246521797,-0.5571872395918231,-0.5715947680963865,-0.3691098594149052,-0.144576100004755,-0.3859468288451179,0
15895.0,0.3611612137995771,-1.058145946714099,-1.1836814281462205,-1.0893783142783806,-1.0458699940988507,-0.6015637831423462,0
15897.0,0.5251607151948186,-0.5571872395918231,-1.0298383112962584,-0.4221417240201969,-0.7132292345010023,-1.2473899140780416,0
15898.0,-2.4120140217391843,2.110890520920167,1.2923779440126908,1.039817363028866,1.544111232749301,-0.3004592732229422,1
15899.0,0.935931715741001,-1.058145946714099,-1.5166660942431538,-1.210681155040306,-1.7640984679528429,-1.2296115382097488,0
15900.0,-0.7922005967383016,0.0739460908215904,-0.0234916681300995,0.1875136606156799,0.7017426726202728,-0.2929389876277318,1
15901.0,-1.0028785328055103,0.654643185938614,-0.2013760721086215,0.2270369904605881,1.0040461146997783,-1.38202108301336,1
15902.0,0.954720215728158,-1.058145946714099,-1.3351686558622304,-0.9088754544805528,-0.6688728615528973,-0.8872862892373519,0
15903.0,-1.3187161125298097,1.2544959545938104,1.629863007377121,1.3584973277990586,0.2607132519567318,1.3294866545268764,1
15904.0,-1.4474112861963695,-1.058145946714099,-1.2440978554699755,-1.1625337434223335,-0.2672508963742018,-0.7155161821961556,0
15905.0,1.183128103028089,-1.058145946714099,-1.5028945767469353,-1.178194505634738,-0.5121324717856456,-1.203636856706386,0
15906.0,-0.9040178174155592,1.0480979277381186,0.7277267456041261,0.2713538538233589,0.9927301689877396,-0.1211448753584823,1
15907.0,-1.8243736859341724,-0.2017513803877423,0.0282092660130234,0.0159439767922851,1.1573590143130723,0.1938581686725376,1
15908.0,1.1186938201661043,-0.5571872395918231,-0.1411850358488337,-0.6875706191280061,-0.1002197270566499,0.424407791663569,0
15909.0,0.4557606165093461,-1.058145946714099,-1.134336354374122,-1.0622519568722428,-1.3785107536966998,-0.5084932427794447,0
15910.0,-2.4120140217391843,1.5110377522649707,0.7624356490635412,0.968976983698318,1.820566213675165,-0.6044585599922058,1
15911.0,1.2721455816534404,0.8001660338568091,0.435091798380078,0.3218431546327024,1.094407142278882,-0.3690110531861603,1
15912.0,0.4702544582071883,0.9303406571479472,0.1038931914050592,0.2783139287067839,0.5505411819726732,-1.1492752046139338,1
15913.0,1.1724291954243062,-1.058145946714099,-3.4939221881943614,-3.172763669970543,-2.515817022689194,-4.958946181619127,0
15914.0,0.9513448121530388,-0.5571872395918231,-1.0836849799131818,-0.7889587489815226,-0.91940584661767,-1.348480403922156,0
15915.0,0.9907224082272228,-1.058145946714099,-0.5564968794205157,-0.0634617157485895,0.7413828979433381,0.5813791206773582,0
15916.0,-1.0395356639262063,1.3460575542855853,0.939100278302328,0.8093678607997137,1.3697273015336937,-0.0790818530223372,1
15917.0,0.6819348007287381,0.2992073267345332,-0.3644084993762787,-0.4171400197733095,0.8961017842882889,-1.2340974509912914,0
15918.0,0.5152174896819478,-0.2017513803877423,-0.3364118611259781,-0.4770927103734043,0.1249263557760024,-0.4920160012694378,0
15919.0,-0.9040178174155592,-0.5571872395918231,-0.0153755144226168,0.3021100463966054,0.7257558910386418,0.6614150982004693,1
15920.0,0.3779288407609402,0.9303406571479472,-0.3504189204391143,-0.4770927103734043,0.6428173386552047,-1.9973749792366997,0
15921.0,0.4520853904121776,0.0739460908215904,-0.1066894945368997,-0.2449609484229135,0.4009658426149288,-0.4493080990243076,0
15922.0,0.942827752064887,-1.058145946714099,-0.1656639228085141,-0.3855244245982789,-1.0458699940988507,1.3185354704987886,0
15923.0,0.942827752064887,-1.058145946714099,-0.9329222514453368,-0.4662657837754595,-0.5486003891756687,-0.1286028512305608,0
15924.0,1.3734934744233138,-1.058145946714099,-1.5809027995029203,-1.0298453562635617,-0.862804573858747,-1.3507694251605509,0
15925.0,0.5251607151948186,-1.058145946714099,-1.0796579517381086,-1.0963383891618057,-0.9802035124500996,-0.4053634247348413,0
15926.0,1.1819481115290005,-1.058145946714099,-1.3893186192813285,-0.7631624647057185,-1.3785107536966998,-0.9894194095427968,0
15927.0,1.2953224629098814,-1.058145946714099,-1.4506461026677429,-1.2902342195152068,-0.91940584661767,-1.1050901661462214,0
15928.0,1.3041684679689238,-1.058145946714099,-0.8295242916286395,-0.7262712480428852,-1.0458699940988507,0.0664177102343392,0
15929.0,1.2923464705681624,-1.058145946714099,-0.3228172058962467,-0.9302666386620904,-2.515817022689194,1.0221261258835308,0
15930.0,-0.150470157144488,-1.058145946714099,-0.5608313379492715,-0.8343368051868192,-0.5486003891756687,0.5732038284624746,0
15931.0,1.0308182885991817,-1.058145946714099,-0.97436276390251,-0.9412289080697872,-0.862804573858747,-0.2067644708710098,0
15932.0,-1.8243736859341724,0.8001660338568091,0.7106804306602771,1.0140319545777978,0.6428173386552047,0.1490121306942486,1
15933.0,-0.8741833591389503,-0.2017513803877423,0.1255110237250243,0.3792073455329857,0.3274486497920416,0.3770267416323388,1
15934.0,1.0156919930971386,-0.5571872395918231,0.6167304316144742,0.9674611477224434,-0.2941514393624997,1.8527702350902024,1
15935.0,0.6583250720961007,-0.5571872395918231,-0.5774856059574985,-0.958022695435433,-0.9802035124500996,-0.3970312148261982,0
15936.0,0.9530347346034082,-0.5571872395918231,-0.8562916882266645,-0.5614195452564948,-0.7601216003714991,-0.9213597953912396,0
15937.0,-0.1794070292720186,-1.058145946714099,-1.333492627787012,-1.2536847648443734,-1.3785107536966998,-0.8841251056236763,0
15938.0,0.1752461576507922,0.9303406571479472,-0.1697556330460096,-0.0663784430952912,-0.3507527121214226,-1.6607819555862484,0
15939.0,0.0363810947797576,1.5859404542672264,1.6395139010288315,1.6653005606467943,0.1727297634470911,0.9572710992117098,1
15940.0,0.8265858861715248,-1.058145946714099,-2.328273764667246,-3.0259974839117305,-2.515817022689194,-2.760397869544751,0
15941.0,1.2853483085455746,-1.058145946714099,-0.5982338527019845,-1.3807506813715704,-1.4880589811139169,0.5026583414895744,0
15942.0,0.2893295474663386,-1.058145946714099,-0.7293863727360002,-0.4992963694822978,-0.862804573858747,0.2552894558760314,0
15943.0,1.298284709279553,-0.5571872395918231,-0.8861003596079458,-0.6545860563214968,-0.9802035124500996,-0.9773808687439702,0
15944.0,0.752588454545872,0.0739460908215904,0.60799105059527,0.3596174158749974,-0.4115503779538524,0.8954767013807273,1
15945.0,0.9289607210324548,0.0739460908215904,-0.0844609990385552,-0.1471436655965733,-0.4437267787202448,-0.4075362304980453,0
15946.0,1.134148187223855,-0.2017513803877423,0.6531200379835451,0.774085426211016,-0.4115503779538524,1.3708872389724196,1
15947.0,-0.0149523106338413,-1.058145946714099,0.4375834638448492,0.3887877638884077,-0.2941514393624997,2.456330106446476,1
15948.0,-1.4474112861963695,-0.2017513803877423,0.3483166893184875,0.3542419667226139,0.3274486497920416,0.796612907004671,1
15949.0,-1.0028785328055103,-0.5571872395918231,-0.6735251342006406,-0.3667980083921493,-0.9802035124500996,-0.5777103916222407,0
15950.0,-0.6141483680629726,1.0480979277381186,1.4719867909432611,1.2608113845348552,1.3624991221135656,1.2795421335039747,1
15951.0,-1.3798409325433134,-0.2017513803877423,0.0614494844836922,-0.1101923583997979,0.0384893202353487,0.2564268024524109,1
15952.0,-0.5764124726865254,0.0739460908215904,-0.1026988152002953,-0.1438468118825893,0.3526935049184267,-0.4418091490359058,1
15953.0,-1.0784157615666077,1.7233615276208618,0.9883275447339293,0.8645029752258055,0.7178293264081053,-0.4269913726195067,1
15954.0,1.235186579405105,-1.058145946714099,-1.13879453416956,-0.935724935040335,-0.586765087019821,-0.5169018876730104,0
15955.0,-0.7922005967383016,1.9594133665673956,1.6068121491035647,1.4048906869672912,1.3515360227957012,0.4638182504093355,1
15956.0,1.1924906809695346,-0.5571872395918231,-0.2947879661874959,-0.3807925988742401,-0.6688728615528973,0.1351159954729727,0
15957.0,-0.6141483680629726,-0.2017513803877423,-0.0001317871011792,-0.0533538404792291,0.8567153541898691,0.1405160056263267,1
15958.0,-0.0876328522714647,0.0739460908215904,-0.4568807752370697,-0.7262712480428852,0.1411722937225966,-1.1066480563411007,0
15959.0,1.3290588383452664,-0.2017513803877423,-0.3406078086451971,-0.3714298651318708,0.2607132519567318,-0.4999029511718219,0
15960.0,0.9445402369244064,0.0739460908215904,-0.5877500702818425,-0.4297163291046267,-0.4437267787202448,-1.3518498737399849,0
15961.0,0.9530347346034082,-1.058145946714099,-0.5204311158931361,-0.7673921959311133,0.0011923041824166,0.6494033395810864,0
15962.0,1.0614676455862315,-1.058145946714099,-0.8239190000312345,-0.4908819143496147,0.0200527453205781,0.076989941218764,0
15963.0,-0.9040178174155592,-0.5571872395918231,-0.4900604096255337,-0.3352573999280677,-0.3805884749031534,-0.2325079206926578,0
15964.0,1.3109653164344783,-1.058145946714099,-0.8816943392056156,-1.0893783142783806,-0.586765087019821,-0.0319810588337274,0
15965.0,-1.0028785328055103,1.3460575542855853,0.8463393078356796,0.6959039702987088,1.274447139088575,-0.2533886628375708,1
15966.0,1.0643116644325106,-1.058145946714099,-0.5609998662155338,-0.3879031647636542,-0.3507527121214226,0.5728859645784344,0
15967.0,-0.8183807704906293,1.2544959545938104,0.853123297989256,0.5814683043421845,1.6400928747608428,-0.132300952211208,1
15968.0,0.9680469331528012,-1.058145946714099,-0.5754363857654946,-0.4425378060430995,0.4126028186801636,0.5456570119644417,0
15969.0,-1.9674812683483252,0.2992073267345332,0.1381349610142684,-0.5252055769172435,-0.2412044847042052,-0.2910768055475121,1
15970.0,0.8120333123706301,-0.5571872395918231,0.064392146695924,0.0016026151001768,-0.6267921989603487,0.811710101867732,0
15971.0,-0.9682038613741812,1.7233615276208618,1.3307964890218518,0.9927669527682976,-0.9802035124500996,0.2165725968470483,1
15972.0,1.071367018304198,0.2992073267345332,0.4793630439624378,-0.0225612797941685,0.7336066022127771,0.3507063163064944,1
15973.0,0.932455689893557,-0.2017513803877423,0.0436604199452833,-0.3286910797782772,-1.2818823689972492,0.2229414174948274,0
15974.0,-0.4907754257615954,0.654643185938614,0.9422421790148562,0.9959718008930531,0.9812559531764108,0.7658113387778048,1
15975.0,-0.0073625747303351,-1.058145946714099,-0.6612370591668227,-0.468955852714794,-0.4437267787202448,0.3838269765318528,0
15976.0,0.4218998096527606,0.4896629879592288,0.4535932272566949,0.5088263937438549,1.4961914490148744,0.0551888678810636,1
15977.0,-1.0028785328055103,-0.5571872395918231,0.0903898941296254,0.4699040673670961,0.1083521949576072,0.8606976242998238,1
15978.0,-0.0624796206101934,-0.2017513803877423,0.9073544544178592,1.0468489860906776,0.7567177940893411,1.85005257264876,1
15979.0,1.2502267205812954,-1.058145946714099,-0.7471041191698804,-0.0649184626094477,-0.5121324717856456,0.2218717282578694,0
15980.0,0.0292945563903604,0.654643185938614,1.4105387477989475,1.4991047494984342,0.7098254282188435,1.6479427262057391,1
15981.0,-0.7670473650770303,1.9044924940644756,1.6631677009208443,1.4943538810744914,1.0370865419358446,0.6329455573403333,1
15982.0,1.252346805813942,-1.058145946714099,-0.7574560998418167,-0.8730374341016977,0.0565206627106016,0.2023466903703345,0
15983.0,-0.8456753236698794,0.8001660338568091,1.042989619587234,1.0484610480222134,0.9578145568046976,0.7743813525022898,1
15984.0,-1.9674812683483252,2.3282062876889484,1.6151649890860522,1.6465468383387574,1.9437600819107883,0.0592339056317918,1
15985.0,0.2348212583467873,0.654643185938614,0.7713726413498241,1.1244070176057817,0.1411722937225966,0.4441640716701093,1
15986.0,-0.6542442484349309,-0.5571872395918231,-0.6941109130908991,-0.1969037808196001,-0.4115503779538524,-0.6164301620846168,0
15987.0,-1.2115801184678894,0.8001660338568091,0.4264908891086598,0.8139834652768959,0.9927301689877396,-0.3851665769260948,1
15988.0,-0.9353081791524545,-0.2017513803877423,-0.1360079747691916,-0.014407610016013,0.8082392174469527,-0.1151578916545324,1
15989.0,0.9479515492166356,-0.5571872395918231,-0.6583373617879096,-0.6989435988405914,0.5307717179635321,-0.5491417874392558,0
15990.0,-0.4152381970004986,0.654643185938614,0.554757781552706,0.5161008008596119,0.8293663864529791,0.0366533545105451,1
15991.0,1.1724291954243062,-1.058145946714099,-1.3083334128689013,-1.6262149283445646,-1.4880589811139169,-0.8366719041480923,0
15992.0,-1.8243736859341724,-0.2017513803877423,-0.0265358683206038,0.0223608173365031,0.1880646595930938,0.0908235605993933,1
15993.0,-1.3798409325433134,0.654643185938614,0.7928789424962565,0.9315964173215004,1.6878474509651678,0.4846393684957602,1
15994.0,-0.2749873017098188,-0.2017513803877423,0.1845970592251759,-0.0377773744462167,0.6428173386552047,0.4882771468625009,1
15995.0,1.0095401454577722,-1.058145946714099,-0.2086056657183518,-0.2241990227917721,0.7642790739473241,1.237542355862831,0
15996.0,0.0221288371626836,0.654643185938614,0.4285301659206649,0.2678460005014682,0.9754580982530536,-0.2006527925302958,1
15998.0,-0.5236711079833221,1.5859404542672264,1.577080018917619,1.5646998377337318,2.269820912959956,0.839716821304156,1
15999.0,1.377859217618911,-1.058145946714099,-2.7189123041749994,-1.967436469196142,-2.515817022689194,-3.497187526126817,0
16000.0,-1.9674812683483252,-0.2017513803877423,1.865237136546304,1.531819491944499,-1.1954453334565955,3.6561214800719033,1
16001.0,0.9564012788108172,-1.058145946714099,-0.3357827214001938,-0.2546192855417444,-0.2941514393624997,0.9976716577514304,0
16002.0,1.2731708819498868,-1.058145946714099,-1.2246600339435203,-1.2809046880716817,0.0011923041824166,-0.6788541931737027,0
16003.0,-0.6542442484349309,1.0480979277381186,1.2946299320179189,0.98068211425661,1.0096460890517032,0.945501125464423,1
16004.0,1.0974910561031592,0.2992073267345332,0.6020259382090142,0.5076061319118196,0.3274486497920416,0.5815939297686102,1
16005.0,-1.2115801184678894,1.0480979277381186,0.6932565587487746,0.6369211762129198,1.6375007934350612,-0.1859260634236576,1
16006.0,0.5787669825224744,-0.5571872395918231,-0.7089618498785899,-0.5614195452564948,0.4684334074395972,-0.6443613519187825,0
16007.0,-0.360624348634749,0.654643185938614,0.8610232697404461,1.0983142019496104,1.692716266781489,0.6129050915820274,1
16008.0,-0.7922005967383016,1.5110377522649707,1.2645308565378928,1.2388820295941458,0.3274486497920416,0.3390060717792595,1
16009.0,-0.8456753236698794,0.0739460908215904,0.0467635009405367,-0.1793166116278707,0.3891614223084505,-0.1608484450733031,1
16010.0,0.6767627952879732,1.15560189306089,0.4442222923613395,0.4124984591744786,0.8634124775613803,-0.7823254958888254,1
16011.0,-1.4474112861963695,2.2876939305965798,1.3280609282855915,1.2775022967349854,1.1848607981176718,-0.4342380722593792,1
16012.0,-0.5583457794146515,0.2992073267345332,0.8407472211214989,0.8332462648728789,1.294409025534889,1.031137206879661,1
16013.0,-1.8243736859341724,3.574427058129272,2.9703398701893726,2.6005450691987897,0.2031181655606824,1.2133427858272776,1
16014.0,-0.5070123740010525,0.2992073267345332,0.1401889520721916,-0.0253017876707187,1.3404244345531768,-0.287216409101108,1
16015.0,-1.8243736859341724,-0.2017513803877423,-0.1991590335430635,0.3967866798633863,1.0096460890517032,-0.2339461151393456,1
16016.0,-1.9674812683483252,1.15560189306089,0.7215844612061085,0.4971414694590939,1.1848607981176718,-0.2616931702970817,1
16017.0,-0.3738480170997701,0.2992073267345332,0.3693558212204577,0.1663113033072214,0.6935794902722501,0.1437137743988632,1
16018.0,-0.4907754257615954,0.0739460908215904,-0.206603328682067,0.0081602061984428,0.1083521949576072,-0.6370051266086347,0
16019.0,-0.3738480170997701,2.202452120611942,2.1124264134286665,1.736517997341144,1.4679533363137638,1.137854355480714,1
16020.0,-1.0028785328055103,-0.2017513803877423,-0.0640977024759268,-0.0130584383864058,0.0011923041824166,0.020139251984925,1
16021.0,0.9794848831855826,-0.5571872395918231,-0.4017733534961022,-0.3374608222193361,0.8293663864529791,-0.0663198251473122,0
16022.0,0.7121203814881557,-1.058145946714099,-0.2824532499714319,-0.4221417240201969,0.3891614223084505,1.0982572348663089,0
16023.0,-0.3873500989396135,-0.2017513803877423,-0.1845972244900923,-0.2149741739744117,0.6162076636214244,-0.2065576186692279,0
16024.0,-1.2115801184678894,-0.2017513803877423,-0.4698183746848406,0.0107650450043412,0.5001945244425666,-0.7426929072044463,0
16025.0,-0.6542442484349309,-1.058145946714099,-0.5392025416956057,-0.2526762385191352,-0.321964036982949,0.6139982502932109,0
16026.0,-0.4296506057480915,-1.058145946714099,-0.9858505275663796,-0.468955852714794,-0.2672508963742018,-0.2284317273978854,0
16027.0,0.0503234960319062,1.5110377522649707,0.5683557891753059,0.946804515415001,-0.586765087019821,-0.9683366186796404,1
16028.0,1.242750738519486,-1.058145946714099,-1.740450254739841,-2.147939328993969,-1.614523128595098,-1.6516944565224916,0
16029.0,-0.4907754257615954,3.870308439958154,3.514295165030879,3.1120699769640785,0.2466890975132978,1.9095977679952447,1
16030.0,0.8245270555146574,-1.058145946714099,-0.7427095815685195,-0.3691098594149052,-0.321964036982949,0.2301603365816249,0
16031.0,0.0503234960319062,-0.5571872395918231,-0.3795655197855065,-0.1055221309281067,0.6251737972068488,-0.0245104803259871,0
16032.0,1.071367018304198,0.4896629879592288,0.5404268690292743,0.7171153344981446,0.9151078788768328,0.2185269510849002,1
16033.0,-1.608585561882396,2.202452120611942,1.7684681329847087,1.4164937328882985,2.171689701210616,0.4903443392503713,1
16034.0,0.5317049066607064,0.4896629879592288,-0.0012005833735679,0.1206400144003198,0.0200527453205781,-0.7991982543906551,0
16035.0,1.2028627431408645,-1.058145946714099,-1.0439315779381957,-1.7651973438095343,-0.5486003891756687,-0.3379793342758456,0
16036.0,0.0148821476427679,0.0739460908215904,0.7280648882129498,0.6658744038583051,0.8499631098416093,1.12166123929638,1
16037.0,0.736233191538285,0.2992073267345332,0.3484359758371699,0.2843441563722019,0.3145288070742748,0.1043592447808081,1
16038.0,-1.4474112861963695,-0.2017513803877423,-0.4885040852634849,-0.4662657837754595,-0.4437267787202448,-0.7777897659678673,0
16039.0,1.024810514465536,-0.5571872395918231,-0.5123354574472327,-0.1276059635480851,-0.3507527121214226,-0.274430995028567,0
16040.0,-0.1696156146721137,0.654643185938614,0.6875216095449964,0.5710149702665375,0.6600894093898906,0.2863809015241698,1
16041.0,-0.6338830081757483,-0.2017513803877423,0.8820901694240558,0.7617527972924533,-1.4880589811139169,1.8024307457589088,1
16042.0,-0.8456753236698794,0.8001660338568091,0.6408053556135777,0.7000190260920628,0.5979759564957379,0.0176064727625746,1
16043.0,-0.5070123740010525,0.8001660338568091,0.4975592404116576,0.4666624593327295,0.2324210325411989,-0.2516521822788773,1
16044.0,1.0411983450016138,-1.058145946714099,-0.7221833471108137,-0.7027787172215069,-0.6267921989603487,0.268875198807132,0
16045.0,0.2191145500704246,0.8001660338568091,0.9407295684598812,0.9496172963468188,0.7865535568710715,0.5818726571319001,1
16046.0,1.2051450416307885,-1.058145946714099,-0.9867933342885729,-0.4556141997485073,-0.5121324717856456,-0.2302099703790906,0
16047.0,1.3290588383452664,-1.058145946714099,-1.5515256190626503,-3.628661084298931,-2.515817022689194,-1.2953606508107112,0
16048.0,0.942827752064887,0.0739460908215904,0.1042481419668809,0.0890994059362388,-0.2672508963742018,-0.0527394360199309,0
16049.0,-0.4749394310824503,0.4896629879592288,0.5140837156851673,0.5598289703977313,1.797395678382385,0.1689687197046216,1
16050.0,0.4557606165093461,-0.2017513803877423,-0.8121923827391908,-0.1621874941005139,-0.6267921989603487,-1.385060826500719,0
16051.0,1.3290588383452664,-1.058145946714099,-1.1475281870494471,-1.1942372750823944,-0.9802035124500996,-0.5333745713825792,0
16052.0,-0.2865430233339383,-1.058145946714099,-0.6787853946662842,-0.3714298651318708,-0.1676872918813187,0.3507287776123926,0
16053.0,-0.5950029105353472,0.4896629879592288,0.9814809415105183,1.196138985028979,1.1289032233573464,1.0488312885712494,1
16054.0,0.3395657324261091,0.0739460908215904,0.5903514603926768,0.3054402861129218,0.7717713000569296,0.8622529859121715,1
16055.0,0.6083263710119671,-1.058145946714099,-1.3874058211021467,-2.0222782993066613,-1.2818823689972492,-0.9858116500131662,0
16056.0,-0.4011425702790203,-1.058145946714099,-0.2417483035083351,-0.2354423895492016,0.3650304751021734,1.1750314916089444,0
16057.0,-1.0395356639262063,1.0480979277381186,1.02381672962712,0.8047196369390447,1.1573590143130723,0.435707833751403,1
16058.0,0.9970565357545048,-1.058145946714099,-1.932893870440088,-2.147939328993969,-2.183176263091345,-2.014665467272909,0
16059.0,-0.1599714449813229,1.2544959545938104,0.8936832428717622,0.7298699349373117,1.3910374102343397,-0.0560681785875357,1
16060.0,0.9891290528763732,-0.2017513803877423,-0.3887833090525641,-0.468955852714794,-0.5121324717856456,-0.5904449265027267,0
16061.0,1.035287471833904,-1.058145946714099,-1.678653202031667,-2.1142026552549544,-1.9471638881929467,-1.5351380376396688,0
16062.0,-1.3187161125298097,0.8001660338568091,0.8096455507626924,0.9264478905325816,0.939783214329445,0.3351841633688087,1
16063.0,0.7121203814881557,-1.058145946714099,-0.733914390166741,-0.4196361174135791,-0.4772168596026035,0.2467490890909283,0
16064.0,1.3682150479281203,-1.058145946714099,-1.5262528408424665,-1.4253590231077382,-0.7132292345010023,-1.2476932557575036,0
16065.0,0.9289607210324548,0.8001660338568091,0.6772322207054513,0.7022940921404748,1.3215639934150147,0.0861054384604143,1
16066.0,-1.0028785328055103,0.2992073267345332,0.3543894598520126,0.4160175737163759,0.4897435161402434,0.1155586686270331,1
16067.0,1.206283152308942,-0.2017513803877423,0.9323678256333564,0.6211818307153746,0.2880622196936218,1.8972024429232004,1
16068.0,1.2405986385173122,-1.058145946714099,-1.4533158290824824,-1.473214373913271,-0.1676872918813187,-1.1101255802422365,0
16069.0,1.0156919930971386,-1.058145946714099,-0.5102903275843739,-0.8390516708165107,-0.4115503779538524,0.6685300441425445,0
16070.0,-0.8456753236698794,-0.5571872395918231,-0.063134184305131,-0.0547883469122285,-0.2159596295778201,0.5714387445282104,0
16071.0,-0.4011425702790203,0.0739460908215904,0.1052985743729027,0.2223423171467483,0.3145288070742748,-0.0507637018618048,1
16072.0,0.777475447277631,0.0739460908215904,1.1073699832532848,0.7728625173886673,1.8610876872197588,1.8364229239010528,1
16073.0,0.7971428378544745,-1.058145946714099,-1.4564041318205936,-1.5248267984910486,-2.515817022689194,-1.11595047790006,0
16074.0,0.9713357875339578,-1.058145946714099,-0.9022646748961474,-1.6583052409265662,-0.4772168596026035,-0.0707791011065223,0
16075.0,1.134148187223855,-0.5571872395918231,-0.1676824606440146,-0.3975051008243698,-0.0181119525235737,0.3744969787195229,0
16076.0,-1.9674812683483252,1.0480979277381186,0.6310763958694716,0.6968206546823646,0.4240770344914922,-0.3027544969383421,1
16077.0,1.2741945456928905,-1.058145946714099,0.651937450143075,0.344923450442901,-1.2818823689972492,2.860626620944713,0
16078.0,0.7685369722885271,-0.5571872395918231,-0.6769419120940522,-0.5964638157260045,-0.0581390644641013,-0.5841372167703275,0
16079.0,-1.0028785328055103,-0.2017513803877423,0.2691632041717297,0.3634303015606991,-0.6688728615528973,0.6475289434849527,1
16080.0,-0.0226329437380984,0.0739460908215904,-0.3125242171314906,-0.3352573999280677,-0.2941514393624997,-0.8358650106580721,0
16081.0,-0.2636361169073439,0.8001660338568091,1.1288949421595926,0.9907193431217984,1.3980195209492263,0.936139207391238,1
16082.0,1.3176908857749932,-1.058145946714099,-1.5541290896927529,-1.6583052409265662,-0.7601216003714991,-1.3002710988015616,0
16083.0,0.1095648339314894,0.0739460908215904,0.6677378618047235,0.732044221012627,0.3014022381220454,1.0080164889930676,1
16084.0,0.8014326545102536,-1.058145946714099,-0.5449158318736779,-0.5460873605785668,-0.0789096183560038,0.6032223214420537,0
16085.0,-0.8183807704906293,1.2544959545938104,0.665316935305105,0.6730365901173099,1.4774744457749929,-0.4850685989491285,1
16086.0,-0.2307404346856175,1.0480979277381186,0.8100328555732894,0.7372333677620366,0.3650304751021734,0.0335792970465186,1
16087.0,0.9696934685856776,0.2992073267345332,0.4508170720473802,0.1904875357897548,-1.4880589811139169,0.2969863139121464,0
16088.0,1.2208976805661906,-0.5571872395918231,0.3132836040832861,-0.1880514138269199,-1.9471638881929467,1.2807588187887755,0
16089.0,0.9647411258391284,-0.5571872395918231,-0.8857035062076479,-0.9194840867058316,0.0011923041824166,-0.9766350952781172,0
16090.0,1.2721455816534404,-1.058145946714099,-1.0839635373102627,-1.3289348484300858,-0.6688728615528973,-0.413484259200098,0
16091.0,0.3820531327806657,-0.5571872395918231,-0.7786855771222196,-0.7673921959311133,-0.7601216003714991,-0.7754730063862131,0
16092.0,0.1920503993361995,0.4896629879592288,0.3849933501724569,0.5726765819430477,0.2880622196936218,-0.0738112607036635,1
16093.0,0.1462219650521856,-1.058145946714099,-2.843588729982052,-2.0821123426729526,-2.515817022689194,-3.7323417458564223,0
16094.0,-1.2115801184678894,1.15560189306089,0.993415755960404,0.9215842676397582,0.7098254282188435,0.2493329727383554,1
16095.0,1.071367018304198,-1.058145946714099,-0.5272181909431338,-0.4121760645974459,-0.2672508963742018,0.6366021277457514,0
16096.0,0.7218745649366273,0.0739460908215904,0.383645178222796,0.2251631403646062,0.2607132519567318,0.473021000416504,1
16097.0,0.6609917087814282,-1.058145946714099,-1.1605398634052568,-1.1397203256595403,-1.117253523671916,-0.557916104242687,0
16098.0,0.0221288371626836,1.4312993642702228,1.1269410707488146,0.9625868618565518,0.5505411819726732,0.1737021985585198,1
16099.0,-0.3349679194593694,0.654643185938614,0.3782774792176423,0.4326520773339149,0.0384893202353487,-0.2950875264247611,1
16100.0,1.081115906117918,-1.058145946714099,-0.3367081170535175,-0.0826558324969898,-0.1002197270566499,0.9959262540683376,0
16101.0,-0.1138130260237924,0.0739460908215904,0.8962286464036116,0.8616572338959887,1.0478107868958555,1.4385061807577877,1
16102.0,-0.4443943630945455,-0.2017513803877423,0.4919319052398905,0.4202158067285957,-0.0181119525235737,1.0671630113136694,1
16103.0,-1.5229485149574664,1.9594133665673956,1.3652203057354684,1.0973184092706676,0.7865535568710715,0.0094570284707125,1
16104.0,-0.1994500729487223,0.9303406571479472,0.7879803917567065,0.4902804017168488,1.211470473151452,0.1348283665140906,1
16105.0,0.6845052458484283,0.2992073267345332,0.6783106614955051,0.9548977289403598,0.6340429977198944,0.7252219134348227,1
16106.0,-0.1599714449813229,-1.058145946714099,-1.5433098669963918,-1.244856163309911,-1.4880589811139169,-1.27986478818771,0
16107.0,-0.9682038613741812,0.654643185938614,0.8906298822190923,0.5660047992357687,-0.7601216003714991,0.6686400935103114,1
16108.0,0.0001383902963132,0.0739460908215904,0.6314598400816406,0.7139992226987668,0.8766449105123539,0.9396813040847284,1
16109.0,0.6025224834477799,-0.2017513803877423,0.0070912227748315,0.5173054183003826,-0.2672508963742018,0.1541103863488921,0
16110.0,-0.4011425702790203,0.0739460908215904,0.4829347252303893,0.3917077284569989,1.707151707671158,0.6599622840711882,1
16111.0,1.0308182885991817,-1.058145946714099,-0.3620387781170574,-0.4881008491540746,0.435392980203531,0.9481496852497048,0
16112.0,0.3307197273670667,0.0739460908215904,-1.1202820493003194,0.0948437301245163,-0.8098576192004525,-2.345560669956304,0
16113.0,0.4879229365026979,-1.058145946714099,-1.2585954329280609,-0.6800964371201603,-0.2672508963742018,-0.7428602971164974,0
16114.0,0.4446711436871723,-1.058145946714099,-1.3823824032185568,-1.5956177399879288,-1.2818823689972492,-0.9763369004352508,0
16115.0,-1.3187161125298097,1.2544959545938104,0.7332019984600929,0.7687696545310132,1.380451546493704,-0.3576002296443591,1
16116.0,0.5817849890277144,-1.058145946714099,-0.3004246638455003,-0.4556141997485073,-0.1676872918813187,1.064361060993515,0
16117.0,0.5118685254199581,-0.2017513803877423,-0.2531471387328718,-0.2865150349101377,0.3401681767824983,-0.335475450177999,0
16118.0,1.3012333360775918,-1.058145946714099,1.1152089817080035,1.1481218173307322,-0.0181119525235737,3.734410536571903,1
16119.0,-1.4474112861963695,0.8001660338568091,0.4428634198444073,0.3218431546327024,-0.1002197270566499,-0.3544125437428199,1
16120.0,-0.2307404346856175,0.4896629879592288,0.8567401445821523,0.9791930465189128,0.5602500888610992,0.8139083701835517,1
16121.0,-0.2524823540546596,0.2992073267345332,0.3328826374411909,0.3880557427345978,1.4679533363137638,0.0751021691087253,1
16122.0,-0.0962413734548695,0.4896629879592288,0.0529945649913814,0.6796516553206882,-0.321964036982949,-0.6975067423222765,1
16123.0,-0.3102985242592435,-1.058145946714099,-0.795477573717881,-0.7027787172215069,-0.7601216003714991,0.1306337746012202,0
16124.0,0.8388019735984524,0.0739460908215904,0.4641737328224586,0.3104042412887854,0.3274486497920416,0.6246358596404357,1
16125.0,0.932455689893557,1.4312993642702228,1.1491958947836656,0.8963735206150749,1.124063132285242,0.2155569536907569,1
16126.0,-0.6752731880764764,1.5110377522649707,1.9855914644246235,1.6527863052243583,0.9984076522496488,1.696779725703394,1
16127.0,-0.4907754257615954,-0.5571872395918231,-0.1074076549856249,-0.1571345555058843,0.4684334074395972,0.4880346624356714,0
16128.0,-0.9682038613741812,1.15560189306089,1.0136916170727244,1.0471179376130533,1.0583966506364906,0.2874738604609135,1
16129.0,0.9986303407132076,-0.2017513803877423,0.2922499434912118,0.6118669803789536,0.6251737972068488,0.6910099604938548,1
16130.0,1.0217853899940603,0.0739460908215904,0.0429609280693561,-0.3396716509860114,0.1880646595930938,-0.1679988949710352,0
16131.0,-0.3102985242592435,1.2544959545938104,1.7075349367500543,1.486266765458317,0.921346639414674,1.4758142696540877,1
16132.0,1.1843059274157668,-0.5571872395918231,-0.242452087122283,-0.3760945721938142,-0.862804573858747,0.2336738662225529,0
16133.0,-1.8243736859341724,3.0807148010694942,2.310514828393776,2.1781207109672605,1.6057396764320917,0.5211977320074737,1
16134.0,-0.8456753236698794,0.2992073267345332,0.6016735067191148,0.7833862769202601,0.5698454386786636,0.580930439248756,1
16135.0,0.7194498921096045,-0.5571872395918231,-0.091296702796238,-0.1504571282154663,-0.144576100004755,0.5183843813100668,0
16136.0,-0.2201397768252409,0.0739460908215904,0.0126780725387408,0.2003044484625518,0.0384893202353487,-0.2249393829358243,1
16137.0,1.3271781179392863,-1.058145946714099,-0.5674843426032746,-0.5645293427226981,-0.321964036982949,0.5606554889657146,0
16138.0,0.9530347346034082,-0.2017513803877423,-0.0155810638831058,0.2911688187844755,-0.144576100004755,0.1114400047218545,0
16139.0,-0.9353081791524545,0.2992073267345332,0.1279058532528947,0.1261164901602268,0.0914362748936436,-0.3103014352907218,1
16140.0,-0.1599714449813229,-0.2017513803877423,0.3711009303328522,0.6692264654070016,0.1411722937225966,0.8395306797449705,1
16141.0,0.0221288371626836,-0.5571872395918231,0.0195937376824382,-0.1260037192994412,0.0914362748936436,0.727300621057033,0
16142.0,0.6870654296828469,-1.058145946714099,-0.3976098159694506,-0.1070751917177317,-0.1002197270566499,0.8810585764293672,0
16143.0,-1.9674812683483252,1.2544959545938104,1.1982399824478212,0.918648736632759,0.7567177940893411,0.5167647243900391,1
16144.0,0.6793540117376464,-1.058145946714099,-1.1997370623818466,-2.2210947581379226,-2.515817022689194,-0.6318465741070592,0
16145.0,-1.3798409325433134,1.7867352234743037,1.433313785913367,1.5520937517793334,1.3329322084435713,0.336129732361032,1
16146.0,0.3902229910202726,0.0739460908215904,0.012358684268342,0.0596002494519977,-0.1676872918813187,-0.2255398851636449,0
16147.0,0.2893295474663386,0.2992073267345332,0.6821401058507576,0.6782397314751365,0.8010741670374462,0.7324326399438776,1
16148.0,0.7949871208707016,-0.5571872395918231,-0.6316172628752617,-0.4503524041750327,-1.1954453334565955,-0.4988766878853566,0
16149.0,-1.7074462772723475,-0.2017513803877423,-0.568301148801458,0.1217389635930018,-0.2672508963742018,-0.9276260191359352,0
16150.0,-0.4296506057480915,1.0480979277381186,1.1183857650182714,0.9668538337930468,0.9927301689877396,0.6136867014911336,1
16152.0,0.7338623008571977,-1.058145946714099,0.4867920480116395,0.1683602798515559,-0.2941514393624997,2.549143211561056,0
16153.0,-0.3349679194593694,1.15560189306089,1.230186715482768,1.3182672386936538,1.0893585536871893,0.6948832146871435,1
16155.0,0.9580779469522994,0.2992073267345332,-0.1113794135299932,-0.0023635533331493,0.0565206627106016,-0.759704265205803,0
16156.0,-1.3798409325433134,1.847016261407861,1.3682938311693684,1.2322189515873527,1.2622326247684963,0.1443370301171768,1
16157.0,-1.0395356639262063,-0.2017513803877423,-0.2506337390361689,-0.2354423895492016,-0.9802035124500996,-0.3307492835416903,0
16158.0,1.1578805519021536,0.9303406571479472,-0.2824074471328593,-0.6581703754853391,-0.2941514393624997,-1.8707850413032447,0
16159.0,0.7640205789835691,0.0739460908215904,0.2027002912430903,0.1611607606297364,-0.2412044847042052,0.1324701964250405,0
16160.0,-0.1696156146721137,-0.5571872395918231,0.070115309509748,0.5581345402494097,-0.586765087019821,0.8224941036068768,0
16161.0,-2.1519790306632065,2.760887060390832,1.890267250763975,1.677787332240617,1.9437600819107883,0.088770122817994,1
16162.0,0.6921553389303546,-1.058145946714099,-2.2976055977269376,-3.0259974839117305,-2.183176263091345,-2.702554144713032,0
16163.0,0.639341544931368,0.4896629879592288,0.8061478799827307,0.2860569722849905,0.2745016951337471,0.7186468436524364,1
16164.0,-1.0028785328055103,-0.2017513803877423,-0.0886403856294483,-0.0901899462501785,-0.3507527121214226,-0.0260408291452036,0
16165.0,1.1366880923212137,-1.058145946714099,-1.7606510201466912,-3.361978192741088,-2.515817022689194,-1.6897954463161844,0
16166.0,1.0308182885991817,-0.5571872395918231,-0.5454929594091567,-0.6913398038775899,-0.6688728615528973,-0.3368302858143027,0
16167.0,1.0095401454577722,0.2992073267345332,0.2871097973105733,0.7233036147875206,0.1571027565423948,-0.010990182374678,1
16168.0,-1.2629135238814884,3.2804253085186272,1.7550683233766404,1.5304024058362629,0.921346639414674,-0.7447143772615451,1
16169.0,-1.4474112861963695,0.0739460908215904,0.4843979634360285,0.6444038614552899,0.4240770344914922,0.6627175848526459,1
16170.0,-0.3225146116861712,1.847016261407861,1.440011615296377,1.6435133646224882,1.4615439829551946,0.2792128885236959,1
16171.0,-0.2307404346856175,-1.058145946714099,-1.8229460636294383,-1.967436469196142,-1.9471638881929467,-1.8072911336394448,0
16172.0,0.0706847362910886,0.8001660338568091,0.5083246189015026,0.6894511553006836,0.5307717179635321,-0.2314230912493887,1
16173.0,-1.0395356639262063,0.4896629879592288,0.3036461336912777,0.095986599115472,0.4126028186801636,-0.2267321438791949,1
16174.0,0.2501524712613207,0.654643185938614,0.6349401581728881,0.6949860065226161,-0.321964036982949,0.1874608240076336,1
16175.0,0.0639692278216899,0.654643185938614,0.4896999829439425,0.413203790007549,0.2745016951337471,-0.0856712711328297,1
16176.0,1.0202674598207486,0.0739460908215904,0.5698766916896337,0.4271538556494647,0.1880646595930938,0.8236907324777649,1
16177.0,-0.3349679194593694,0.8001660338568091,0.6351196629705749,0.4731297773089598,0.5105140700321456,0.0069157501244541,1
16178.0,0.3080557011550128,-0.5571872395918231,-0.300636019365874,-0.3221896666559816,-0.4437267787202448,0.1241037622474668,0
16179.0,-0.2097114950440718,-1.058145946714099,-1.050218361315081,-1.0556416405393652,-1.0458699940988507,-0.3498369379088569,0
16180.0,0.1032463079562461,1.3460575542855853,2.060429598005485,1.96092640476113,1.1384985731749109,2.032129539085991,1
16181.0,-0.0962413734548695,-1.058145946714099,-0.8007240659607224,-0.7759341463654605,-1.0458699940988507,0.1207382808725811,0
16182.0,-0.10496702096475,0.9303406571479472,1.7085638872655011,1.6249010153204442,-0.586765087019821,1.868339529826006,1
16183.0,-0.150470157144488,0.0739460908215904,0.1059735217601319,-0.2279254970027644,-0.2159596295778201,-0.0494942046220048,0
16184.0,-0.1794070292720186,0.4896629879592288,0.1581303228904266,0.0798028421345739,-0.3805884749031534,-0.5001246325004668,0
16185.0,-1.0028785328055103,-0.2017513803877423,-0.2638693941196549,-0.2865150349101377,-0.0581390644641013,-0.3556368851151754,0
16186.0,-0.8183807704906293,2.1575193073054413,1.6367826670387284,1.7221269484458033,1.1432544882744613,0.2937659342852753,1
16187.0,-0.6141483680629726,1.5110377522649707,1.4444494463724755,1.5237920895033847,1.0842787042858788,0.6775745265518575,1
16188.0,-0.4011425702790203,0.2992073267345332,0.1125229932314681,0.3433574474678515,0.435392980203531,-0.3392102038755431,1
16189.0,-1.0395356639262063,-0.5571872395918231,-1.0513824593511762,-0.8582565662530369,-1.1954453334565955,-1.2878405888967843,0
16190.0,-0.4749394310824503,0.8001660338568091,0.773563229919125,0.5960429387369828,0.607142454731596,0.2672988337696552,1
16191.0,-1.9674812683483252,2.062432694683636,2.0350752819064724,1.92984395013051,0.8010741670374462,1.152012108021874,1
16192.0,1.377859217618911,-1.058145946714099,-0.7004644574781093,-0.5707933990113551,-1.0458699940988507,0.3098395472147128,0
16193.0,0.6529583027123002,-0.5571872395918231,-0.2799954654043412,-0.1775834856216042,-0.0789096183560038,0.1629717986952168,0
16194.0,0.9462481612329638,-1.058145946714099,-0.7935664940077659,-0.8296554976039625,-1.2818823689972492,0.1342382928985979,0
16195.0,1.3664458738438814,-1.058145946714099,-0.7602508194818809,-0.9141583819899256,-0.7601216003714991,0.1970755245339049,0
16196.0,1.1160814939519808,-1.058145946714099,-1.6502076052298862,-1.9168175809686256,-1.7640984679528429,-1.4814863382316543,0
16197.0,1.0893557436471168,0.9303406571479472,0.5571402291551009,0.6899141760440615,0.1727297634470911,-0.2990909480880012,1
16198.0,-0.0791383545924629,-0.5571872395918231,0.0733381384395751,-0.1689857038609805,-0.2412044847042052,0.8285668301978496,0
16199.0,0.9746078619728364,0.654643185938614,0.0095923420553598,-0.2865150349101377,-2.183176263091345,-0.9870274829995638,0
16200.0,-1.8243736859341724,1.2544959545938104,1.2984212967528943,1.2008385375511226,1.7489938492394586,0.7053240825842599,1
16201.0,-1.9674812683483252,0.2992073267345332,0.590433307225621,0.6903768710605444,0.5793298571111467,0.559769862321473,1
16202.0,0.9219131204530228,0.9303406571479472,0.7124444929848126,0.6354143692794166,0.7413828979433381,-0.0072101168464701,1
16203.0,-0.2307404346856175,0.4896629879592288,0.1300989884646229,0.1315477426479715,0.2324210325411989,-0.5527635802963995,1
16204.0,-0.8183807704906293,-0.2017513803877423,0.0107291231156073,0.211894544645614,0.5793298571111467,0.1609573650071156,1
16205.0,-0.6338830081757483,0.654643185938614,0.4874099832740278,0.7059179081329621,1.0152080971839796,-0.0899763961130263,1
16206.0,-0.2749873017098188,1.3460575542855853,0.7407649111225753,0.6730365901173099,1.211470473151452,-0.4516640914945563,1
16207.0,-0.7670473650770303,-1.058145946714099,-0.6173337737580376,-0.8296554976039625,-0.6267921989603487,0.4666336720000588,0
16208.0,-0.4011425702790203,1.0480979277381186,0.9418863098596926,0.7436627536486569,1.1803407147432114,0.2815585995797647,1
16209.0,0.0292945563903604,0.9303406571479472,1.0764068978805148,0.8795913938310894,0.1571027565423948,0.6775470551441082,1
16210.0,-2.1519790306632065,2.5129551665095216,2.6817720527561257,2.2068673001274086,1.0040461146997783,1.8581773166714333,1
16211.0,0.0292945563903604,-0.2017513803877423,0.1144597795842361,0.0287156584520272,-0.144576100004755,0.3562206415207097,0
16212.0,-0.9353081791524545,0.0739460908215904,0.2374299984402111,0.0914031593906646,0.4240770344914922,0.197819327826301,1
16213.0,-0.0462426723707365,-1.058145946714099,-1.2692353167526027,-1.5248267984910486,-1.4880589811139169,-0.7629283537886211,0
16214.0,0.4446711436871723,0.0739460908215904,0.5647921273579645,0.6359170219128273,0.5602500888610992,0.8141146916041785,1
16215.0,-0.0304066776915911,-1.058145946714099,-0.967071206649348,-1.0235513279573645,-0.862804573858747,-0.1930117470069604,0
16216.0,0.7290940618003953,-1.058145946714099,-0.0119687838022611,-0.439953437536103,-0.1002197270566499,1.608422353727069,0
16217.0,0.6475462436000934,-0.5571872395918231,-0.8037629078866803,-1.110483470649885,-0.91940584661767,-0.8226199679453639,0
16218.0,-0.6542442484349309,1.3460575542855853,1.1256231004731116,1.2316098566784368,0.5407159979871611,0.2716402238584672,1
16219.0,1.131598183073706,-1.058145946714099,-2.236471281345807,-1.5248267984910486,-2.515817022689194,-2.587247723517131,0
16221.0,-0.5236711079833221,0.9303406571479472,0.6313277520885604,0.7324782170289057,1.1666290909919852,-0.1596898716597085,1
16222.0,0.8408155551547154,-0.5571872395918231,0.265543171804186,0.0081602061984428,0.9336836095984208,1.190779491156958,1
16223.0,0.9462481612329638,-0.5571872395918231,0.1221814089870601,0.1775024941456337,0.7098254282188435,0.9206046027193364,0
16224.0,-0.2524823540546596,0.2992073267345332,0.3978482632598992,0.7496073345562625,0.7567177940893411,0.1973186148936971,1
16225.0,-0.4011425702790203,1.5110377522649707,0.8106410571444802,0.6242576941799441,1.2201519621759485,-0.5139941983457478,1
16226.0,0.5540975873223486,0.2992073267345332,-0.2338697140038199,0.0312405020086414,-0.4772168596026035,-0.9894796200785908,0
16227.0,0.6197789110416514,-0.2017513803877423,0.0713638432247319,-0.0856591296733116,-0.321964036982949,0.275089881947211,0
16228.0,0.9630818100393996,-0.2017513803877423,-0.0311991360383282,0.0798028421345739,0.0565206627106016,0.0820477134985917,0
16229.0,0.0148821476427679,0.4896629879592288,0.8107540958969132,0.6278281151785982,0.9984076522496488,0.7273195382185896,1
16230.0,0.5118685254199581,-0.5571872395918231,-0.3886771423594167,-0.2022729611569515,-0.2159596295778201,-0.0416646678995412,0
16231.0,0.9530347346034082,0.0739460908215904,0.1062473300002135,0.0833044703102229,0.4009658426149288,-0.0489792023473296,0
16232.0,-0.4152381970004986,0.654643185938614,0.7707595681784358,0.8634372645868037,0.2880622196936218,0.4430102941304641,1
16233.0,-0.1138130260237924,0.9303406571479472,0.5386922451356821,0.2147604356235464,0.1249263557760024,-0.3337468079456007,1
16234.0,1.0988369646744305,-0.2017513803877423,-0.73851416524043,-0.7027787172215069,-0.91940584661767,-1.246965349435086,0
16235.0,-0.4594850640247002,0.9303406571479472,0.5702344976656116,0.3029441884726516,0.5207054191909427,-0.2744902948557631,1
16236.0,-0.0543097623705864,-1.058145946714099,-0.551506012615253,-0.6510211644571734,-0.586765087019821,0.5907924751408733,0
16237.0,1.0441334768929462,-1.058145946714099,-1.377655463222791,-1.4139201097638212,-1.3785107536966998,-0.9674213425884676,0
16238.0,1.0232997359133336,-1.058145946714099,-1.922115086866498,-1.1548410131689797,-1.4880589811139169,-1.9943354295414413,0
16239.0,-0.2524823540546596,0.4896629879592288,0.3402116133883358,0.2176138931958927,-0.4437267787202448,-0.1580014868199766,1
16240.0,-0.7922005967383016,-0.5571872395918231,0.9979318905055142,0.784990475127241,0.8896672959534744,2.571505795230032,1
16241.0,-1.3187161125298097,1.5859404542672264,1.107439877511254,1.028573996271436,2.01559032701742,-0.0438305008410538,1
16242.0,-1.4474112861963695,1.4312993642702228,1.500868246333502,1.3633366004800664,1.7189901967493495,0.8773683112266224,1
16243.0,-0.5764124726865254,-0.5571872395918231,-0.5909934243165423,-0.9870018732865308,0.1249263557760024,-0.4224471314690914,0
16244.0,0.5817849890277144,-0.5571872395918231,0.7343870285489141,0.714445286424786,0.5979759564957379,2.074590861910176,1
16245.0,-0.7922005967383016,-0.2017513803877423,0.3012763448142417,0.4686093406915149,0.5207054191909427,0.7080106156337107,1
16246.0,1.0769559442965295,-0.5571872395918231,-0.0844783992065613,-0.2526762385191352,0.5105140700321456,0.5312289121613782,0
16247.0,0.4409316275594932,-1.058145946714099,-1.503704757247313,-0.6581703754853391,-0.7601216003714991,-1.2051649512292535,0
16248.0,-0.1994500729487223,-1.058145946714099,-1.2970580664728018,-1.210681155040306,-1.3785107536966998,-0.8154052912596294,0
16249.0,-0.2983107883386734,0.2992073267345332,0.4752936209614669,0.4257720884630957,0.3771846686209953,0.3430478725964007,1
16250.0,0.7145728708968584,-0.2017513803877423,-0.1163819164917357,-0.1827966247136157,-0.2941514393624997,-0.0782353410080228,0
16251.0,1.1454993720263298,-1.058145946714099,-1.4226936952096083,-1.5808368721392685,-0.586765087019821,-1.0523686791222504,0
16252.0,0.9597502430728068,-1.058145946714099,-0.8257176886013354,-0.7506340680270399,-0.5486003891756687,0.0735974056652247,0
16253.0,-0.150470157144488,0.654643185938614,1.484858792538729,1.6440560834739817,1.3366868742976272,1.7879978880226752,1
16254.0,0.9513448121530388,-0.2017513803877423,0.0412530665283003,0.0656068751148604,0.3526935049184267,0.218410044133854,0
16255.0,-1.0028785328055103,1.5110377522649707,1.1976485160507828,1.1924843732533277,1.3839953665057922,0.2132009298929458,1
16256.0,0.7290940618003953,-0.2017513803877423,0.4035413140531343,0.7642378919571898,-0.3507527121214226,0.9006403341060917,1
16257.0,0.4666615905535427,-1.058145946714099,-2.137560890578209,-3.361978192741088,-2.183176263091345,-2.400691238491645,0
16258.0,-0.4011425702790203,1.5110377522649707,1.8385174774098232,1.7573025580054795,1.4583204304497217,1.419674917607716,1
16259.0,1.0033287148318906,-0.2017513803877423,-0.6790236072825363,-0.7342923345111426,0.4684334074395972,-1.1354001222381511,0
16260.0,-0.3225146116861712,-1.058145946714099,0.077108599623858,-0.3072650503773302,-0.6688728615528973,1.7764326448428966,0
16261.0,-1.0028785328055103,0.4896629879592288,0.0936043705390323,-0.0519224559342961,0.8362895757000253,-0.6212816517962748,1
16262.0,0.9513448121530388,-1.058145946714099,-0.1501066170243178,-0.070777930661493,0.0741642041589574,1.3478783561252916,0
16263.0,1.0232997359133336,-1.058145946714099,-0.7010578667084595,-0.5964638157260045,-0.6267921989603487,0.3087203084842145,0
16264.0,1.045596020739638,-0.5571872395918231,-0.0755896537338045,0.1580509631635327,0.3145288070742748,0.5479740252358377,0
16265.0,-1.3798409325433134,1.2544959545938104,1.4469189638714612,1.2269212945671453,1.233004335585143,0.98491553769226,1
16266.0,-0.0876328522714647,1.4312993642702228,0.458241581853946,0.3054402861129218,0.4465549626877331,-1.0815001598689586,1
16267.0,1.2373568867177072,-1.058145946714099,-1.1543309732959155,-0.6030410799249616,-1.3785107536966998,-0.5462054163592488,0
16268.0,-0.1138130260237924,-0.5571872395918231,-0.238724453673839,0.0461893486447824,0.0565206627106016,0.2406940895527321,0
16269.0,1.045596020739638,-1.058145946714099,-0.1868400373346226,0.1005383192801558,0.1880646595930938,1.2785948589833591,0
16270.0,0.9075812346760708,-1.058145946714099,0.1471429292150027,0.2138065254653223,0.2031181655606824,1.908525524653058,0
16271.0,-1.9674812683483252,1.0480979277381186,0.9465967337643816,1.0346309083320302,1.1620071460508272,0.2904199078509912,1
16272.0,0.2030134902092342,-1.058145946714099,-0.5864393444776588,-0.5222758574236794,-0.4115503779538524,0.5249041538845974,0
16273.0,1.2963113994186093,-0.5571872395918231,-0.7323733800942624,-1.5522358034901935,-0.8098576192004525,-0.6883896840052791,0
16274.0,0.942827752064887,-1.058145946714099,-0.1885166883494213,-0.3093765158786823,0.3401681767824983,1.2754325004332832,0
16275.0,0.5349521297947235,-0.2017513803877423,0.6036080761646911,0.6155051141684996,0.7413828979433381,1.2775857236029478,1
16276.0,0.4666615905535427,-0.2017513803877423,0.7482191379425557,0.7113164687190752,-0.586765087019821,1.55010951553067,1
16277.0,1.376116485027959,-1.058145946714099,-1.146577862276886,-1.7651973438095343,-0.4772168596026035,-0.5315821484851886,0
16278.0,0.1032463079562461,-0.2017513803877423,0.1322275065762164,-0.2449609484229135,0.1411722937225966,0.3896720983029708,0
16279.0,-0.8741833591389503,0.9303406571479472,1.3062465864511108,1.3179110399636884,1.4253684886861164,1.1103367033542997,1
16280.0,1.3682150479281203,-1.058145946714099,-0.9799179423330624,-1.0426170379233035,-0.7601216003714991,-0.217242182602311,0
16281.0,-0.10496702096475,-0.2017513803877423,0.9384378514306684,0.7559174655160901,-0.3507527121214226,1.9086445069071307,1
16282.0,0.8835864141653033,-0.2017513803877423,0.2451085295815614,0.3046093056627695,-0.2412044847042052,0.6022271285813792,0
16283.0,-1.608585561882396,0.8001660338568091,1.119733386232494,1.156827411395451,1.8016574700813903,0.9188866924302344,1
16284.0,-0.6338830081757483,-0.2017513803877423,0.0731487120112226,0.209016111435269,0.7642790739473241,0.2784498244166399,1
16285.0,1.2943319990854762,-1.058145946714099,-1.192818012510858,-1.3807506813715704,-0.2412044847042052,-0.6187964424309998,0
16286.0,1.1001800545869456,-0.5571872395918231,-0.747693543601164,-1.0426170379233035,-0.7132292345010023,-0.7171988995060191,0
16287.0,0.4409316275594932,0.2992073267345332,0.0570378576729742,0.692685476234549,-0.6688728615528973,-0.4434634298526472,0
16288.0,1.090718815783679,-1.058145946714099,-1.4141625880115745,-2.1142026552549544,-1.3785107536966998,-1.0362780200935109,0
16289.0,1.079732248194294,-1.058145946714099,-1.3794375536974552,-1.06892938416266,-0.5486003891756687,-0.9707825722062126,0
16290.0,1.0838742983222271,0.0739460908215904,0.5756813212202497,0.4601309166916409,0.5698454386786636,0.8346230323630986,1
16291.0,1.3290588383452664,-1.058145946714099,-1.4842646643474653,-3.628661084298931,-2.515817022689194,-1.168498678132771,0
16292.0,0.2296283133843863,0.2992073267345332,0.21484487036828,0.2138065254653223,0.1571027565423948,-0.1468780504393396,1
16293.0,-0.8456753236698794,1.5110377522649707,1.1601519644339624,0.9222348324196096,1.124063132285242,0.1426845590688242,1
16294.0,1.1001800545869456,-1.058145946714099,-1.4353991307424898,-1.448851553929116,-1.2818823689972492,-1.0763326062216951,0
16295.0,-1.3187161125298097,0.0739460908215904,0.2565644902653974,0.3457050559285902,0.4126028186801636,0.233826865985095,1
16296.0,1.2741945456928905,0.0739460908215904,0.248454318365489,0.1714218258238153,0.2324210325411989,0.2185647717691281,0
16297.0,0.7338623008571977,-1.058145946714099,-0.8093319364123787,-0.5771176875341992,-0.586765087019821,0.1045028374317714,0
16298.0,-0.8183807704906293,0.654643185938614,0.1112244835860915,-0.3136198914928544,-0.2159596295778201,-0.7964674002862726,1
16299.0,1.1001800545869456,-1.058145946714099,-1.127977974155473,-1.0050227523118491,-0.9802035124500996,-0.496500599187187,0
16300.0,1.033801201878248,-0.2017513803877423,0.2903803377647221,0.1845262780137044,1.2244584972993122,0.6874887144653015,1
16301.0,1.3787288112420826,-1.058145946714099,-1.5502606610074647,-1.6262149283445646,-1.4880589811139169,-1.2929747929989213,0
16302.0,0.2551824986059697,-1.058145946714099,-0.9946266109308792,-0.7506340680270399,-1.0458699940988507,-0.2449844399295602,0
16303.0,-0.7428435417295326,0.654643185938614,1.5433424184160869,1.3471788764349375,1.0636387966331442,1.898217918758052,1
16304.0,1.341150897193896,-1.058145946714099,-0.6408975024290833,-0.5106857612406167,-0.4115503779538524,0.4221897428956489,0
16305.0,0.3126530340951926,-1.058145946714099,-0.6804545390602478,-0.4348149665659621,-0.5121324717856456,0.3475805774210749,0
16306.0,0.5877787261013253,0.654643185938614,0.1789693694154147,0.2634347100633524,0.217900422374825,-0.6693624811064892,1
16307.0,1.0323114794921844,-0.2017513803877423,0.1802358218499702,0.5357002564629622,0.4009658426149288,0.4800650386979147,1
16308.0,-0.5070123740010525,0.654643185938614,1.2282909879646216,2.2824475520922816,-2.515817022689194,1.3045577618484163,1
16309.0,0.140256106228435,-0.5571872395918231,-0.1979563119337306,-0.0405821588194871,-0.0581390644641013,0.3174758968111997,0
16310.0,1.0095401454577722,-0.5571872395918231,-0.5065611411642486,-0.3999276484574282,-0.3805884749031534,-0.2635636279164307,0
16311.0,-0.9682038613741812,-0.5571872395918231,-0.2963505949797216,-0.1521201403247171,-0.144576100004755,0.1321734580084758,0
16312.0,1.0367703053241684,-1.058145946714099,-1.2164933924628158,-1.4609201666402376,-1.117253523671916,-0.6634509588190498,0
16313.0,-1.9674812683483252,-0.5571872395918231,-0.8785710771999086,-0.7222970913063499,-0.7601216003714991,-0.9632314615630734,0
16314.0,0.9713357875339578,-0.2017513803877423,0.3398254434125337,0.1621941008875446,0.2607132519567318,0.7806187393666316,0
16315.0,0.8664325630436192,-0.5571872395918231,-0.6023097878653353,-0.8158082295413044,-0.5486003891756687,-0.4437387794782051,0
16316.0,-0.1794070292720186,1.3460575542855853,1.3112590499960364,1.193991673494492,1.2372441024225518,0.6209391254101976,1
16317.0,0.2191145500704246,0.2992073267345332,0.6173384342326849,0.5987068586961933,0.7257558910386418,0.6104219435797038,1
16318.0,-0.5583457794146515,-1.058145946714099,-0.7494428223424128,-0.5997442262109776,-0.6267921989603487,0.2174606624436543,0
16319.0,0.5996007235020872,-1.058145946714099,-0.5992995563582953,-1.2626334870875635,-1.9471638881929467,0.5006483006166463,0
16320.0,0.4483889813387123,0.4896629879592288,1.2965729064519718,1.248058752066015,1.2372441024225518,1.642470054998438,1
16321.0,-0.10496702096475,0.654643185938614,-0.3101522548147298,-0.427181755876361,-0.8098576192004525,-1.5853159777218024,0
16322.0,-2.4120140217391843,-0.5571872395918231,-0.752514315562236,-0.5021252811070448,-0.321964036982949,-0.7262638694641478,0
16323.0,0.5317049066607064,-0.5571872395918231,-0.6956534181858076,-0.8022464926048176,-1.7640984679528429,-0.6193313344472543,0
16324.0,0.2601733813722913,-0.2017513803877423,-0.5573851661127469,-0.3714298651318708,0.7017426726202728,-0.9071333199380244,0
16325.0,-0.3738480170997701,1.2544959545938104,0.9740422014315476,1.052207231112776,0.7336066022127771,0.095009598265237,1
16326.0,-1.608585561882396,2.062432694683636,1.1858339990562892,0.5339424266269587,1.4253684886861164,-0.4452872605253968,1
16327.0,-1.1198059414673356,1.5859404542672264,1.7614664263058175,1.869548024063492,1.567060786745896,1.1869379730591183,1
16328.0,1.206283152308942,-1.058145946714099,-0.7883947783225908,-0.8250072737432935,-0.7601216003714991,0.1439927493544865,0
16329.0,1.0308182885991817,0.0739460908215904,0.4354005566528405,0.3338823120967778,0.5505411819726732,0.5704598048461432,1
16330.0,-0.9682038613741812,0.654643185938614,-0.2755584415104753,-0.2743721496068976,0.7413828979433381,-1.5206932049945632,1
16331.0,1.0367703053241684,0.4896629879592288,0.5645977521257599,0.2757125241073478,-0.1914684658752519,0.2640026212947103,1
16332.0,-0.6970151074455184,1.15560189306089,0.5548867640845042,0.5409457326035286,1.074023657541187,-0.5747150756507746,1
16333.0,-1.4474112861963695,1.9594133665673956,2.416265227418052,2.7420953600494293,-1.1954453334565955,1.9883201727546111,1
16334.0,1.1199960037583183,-1.058145946714099,-0.8699024568107395,-0.5614195452564948,0.2031181655606824,-0.0097401990580258,0
16335.0,1.1936514508770608,0.654643185938614,0.78678429150151,0.4699040673670961,1.2372441024225518,0.4731688453948167,1
16336.0,1.0202674598207486,0.0739460908215904,0.9578804997819091,0.7139992226987668,0.3401681767824983,1.5546853228927853,1
16337.0,-0.5236711079833221,-1.058145946714099,-1.3059599154740125,-1.1397203256595403,-1.117253523671916,-0.8321952123893063,0
16338.0,0.3902229910202726,-1.058145946714099,-1.0536495258420628,-1.0893783142783806,-1.0458699940988507,-0.3563085127224864,0
16339.0,0.7685369722885271,-1.058145946714099,-1.533040267705412,-1.9942859497559235,-0.7132292345010023,-1.26049513115292,0
16340.0,0.1462219650521856,-0.2017513803877423,0.3563693657710424,0.6542501671784144,1.5323911326091049,0.8117812126387884,1
16341.0,-0.7670473650770303,0.654643185938614,1.0230575845475771,1.1864203901323278,0.7257558910386418,0.9179877288467836,1
16342.0,-0.0791383545924629,0.0739460908215904,-0.7621200057579686,-0.7547837407119178,-1.117253523671916,-1.67804437262479,0
16343.0,-1.0395356639262063,-0.2017513803877423,-0.2180939993869451,-0.1070751917177317,0.2031181655606824,-0.2695574971687396,0
16344.0,0.3942692202075933,0.0739460908215904,-0.0713996237461235,0.2307687504789428,0.0200527453205781,-0.3829890687232115,0
16345.0,-0.4152381970004986,-0.5571872395918231,0.1825338676452879,0.145462618352032,0.6600894093898906,1.034337468526532,1
16346.0,0.9630818100393996,-1.058145946714099,-1.021934454778121,-0.3553590950482323,-0.8098576192004525,-0.2964902051199572,0
16347.0,-1.2629135238814884,1.15560189306089,0.956182838885172,0.8272635431103109,1.3022597367090245,0.1793017959620602,1
16348.0,-0.6141483680629726,0.8001660338568091,0.4745530709175027,0.5671214734238775,1.1803407147432114,-0.2948789693481391,1
16349.0,0.7840984858169682,-1.058145946714099,-2.0452947733071944,-2.5701000695833423,-1.1954453334565955,-2.226666624985935,0
16350.0,-0.8741833591389503,0.9303406571479472,0.6372255016415087,0.5082165458199537,0.435392980203531,-0.148605517941927,1
16351.0,0.8702843776182111,1.3460575542855853,0.9183868095189344,0.9671575608539998,0.8766449105123539,-0.1180116134042204,1
16352.0,-0.9682038613741812,-0.5571872395918231,-0.4547687292580229,-0.3308725774292323,-0.321964036982949,-0.1660811263599305,0
16353.0,-1.8243736859341724,2.611849228042442,1.7105705560980675,1.2887713491948305,0.4791576523996084,-0.0815739355197286,1
16354.0,-0.1893502547848894,0.2992073267345332,0.1397046867410029,0.1228360796752538,0.8223842757380923,-0.2881265704862489,1
16355.0,0.9462481612329638,-1.058145946714099,-0.578365630277256,-0.669042043482492,0.0914362748936436,0.540132116595477,0
16356.0,0.5381829940526488,0.4896629879592288,-0.5791948713738957,-0.630028288668433,-0.3507527121214226,-1.8804478121877155,0
16357.0,-0.5950029105353472,0.0739460908215904,-0.0495629439238563,-0.1604988643185178,0.0200527453205781,-0.3419463512598074,0
16358.0,-2.4120140217391843,0.2992073267345332,0.8236465566191722,0.9360685536106192,0.8362895757000253,0.9989269619322096,1
16359.0,-1.5229485149574664,1.5859404542672264,0.766707092985039,0.8325013939678924,0.5001945244425666,-0.6836586498652599,1
16360.0,-1.7074462772723475,0.4896629879592288,0.956823006881932,0.9607496513357084,1.7580092482839644,1.0023885332390707,1
16361.0,-1.3187161125298097,0.0739460908215904,-0.0264877019386065,-0.1086319283943098,0.5887058798168258,-0.2985710718903058,1
16362.0,-0.6141483680629726,0.4896629879592288,0.0127845038449824,-0.0253017876707187,0.3771846686209953,-0.7729605007813272,1
16363.0,-0.2983107883386734,-1.058145946714099,-1.536882398383694,-1.473214373913271,-1.614523128595098,-1.2677418358599413,0
16364.0,-1.2115801184678894,-0.5571872395918231,-0.197477820263685,-0.3760945721938142,0.1083521949576072,0.3183771144187547,0
16365.0,-0.9682038613741812,1.5110377522649707,0.9134310521104072,0.5426849692418712,0.6770053294538549,-0.3209981880434949,1
16366.0,-0.9353081791524545,0.0739460908215904,0.3667092757653956,0.376976520538054,0.457567115373851,0.4411389433029364,1
16367.0,-0.5236711079833221,-0.2017513803877423,0.2746809522620401,0.5321798862096141,1.2498335012412511,0.6579207547692485,1
16368.0,-2.1519790306632065,-0.2017513803877423,-0.268920000516388,-0.2947366536986517,0.457567115373851,-0.3651333983473553,1
16369.0,-0.9682038613741812,0.654643185938614,0.7578576675221441,0.7658894206059939,0.8153422320095451,0.4187299729450389,1
16370.0,-0.0226329437380984,0.0739460908215904,0.252220983763151,0.1734549679027695,0.9927301689877396,0.2256530074540419,1
16371.0,1.0614676455862315,-1.058145946714099,-1.2773879347234764,-0.9989607652635912,-1.0458699940988507,-0.7783051381749596,0
16372.0,-0.5950029105353472,0.2992073267345332,0.2565970084963153,0.2687247193212898,1.51449093761349,-0.0683718229177838,1
16373.0,0.9580779469522994,-0.5571872395918231,-0.7914979931429009,-0.935724935040335,-0.4115503779538524,-0.7995618135786707,0
16374.0,-0.1599714449813229,0.2992073267345332,0.4637510427005765,0.3128722402026256,1.5294347580327998,0.3213258602808449,1
16375.0,1.090718815783679,-0.5571872395918231,-1.572758857575868,-1.244856163309911,-1.0458699940988507,-2.2645980837709088,0
16376.0,-1.3798409325433134,-0.5571872395918231,0.0426182207544127,0.2195093438990782,0.7336066022127771,0.7706828526179764,1
16377.0,0.7290940618003953,-0.5571872395918231,0.2456039604482247,1.1656438749459173,-1.4880589811139169,1.1532001272023928,0
16378.0,0.6793540117376464,-0.2017513803877423,-0.6770211046822687,-0.4072492929554593,-0.5121324717856456,-1.1316438402070663,0
16379.0,-1.8243736859341724,0.0739460908215904,0.6057110914359258,0.6852692348546585,0.5887058798168258,0.8911823929042695,1
16380.0,-0.2097114950440718,-1.058145946714099,0.4674573802659401,0.7363713480596072,-0.321964036982949,2.512675782549998,1
16381.0,0.9811023498659778,-0.5571872395918231,-0.9202136404361358,-0.975256544405366,0.2880622196936218,-1.0414814046619534,0
16382.0,1.0002002930243403,-0.5571872395918231,-0.6967921174697077,-0.7144200996877884,0.0011923041824166,-0.6214730101055225,0
16383.0,-0.0791383545924629,0.654643185938614,0.8371361742657748,0.7765244436122027,1.4118079641262418,0.5679404283718462,1
16384.0,0.0363810947797576,0.0739460908215904,0.2728552245930848,0.361145223620755,0.5207054191909427,0.264484682749529,1
16385.0,-0.2201397768252409,0.2992073267345332,0.0737357020769285,0.0656068751148604,0.6514988276797011,-0.412092415228189,1
16386.0,-0.6752731880764764,-0.2017513803877423,0.1223381349139145,0.2463966778120865,0.8961017842882889,0.3710531068401153,1
16387.0,0.8507897095190223,0.2992073267345332,-0.009126420373957,-0.0547883469122285,0.3891614223084505,-0.5677404214907164,0
16388.0,1.3022132067018704,-1.058145946714099,-1.1566771194592813,-1.1703175140161766,-0.91940584661767,-0.5506305205186487,0
16389.0,-0.2983107883386734,0.0739460908215904,0.2850027906665713,0.6018893855772485,-0.1914684658752519,0.2873463938644255,1
16390.0,1.1760153661788,-0.2017513803877423,-0.4950572043563454,-0.9194840867058316,-0.7601216003714991,-0.7900974072533516,0
16391.0,0.9891290528763732,0.0739460908215904,0.1230038400792327,0.2687247193212898,1.48376101337308,-0.0174610809179644,1
16392.0,0.736233191538285,-0.2017513803877423,-0.1426171588075765,0.1337077476724066,0.8831819415705221,-0.1275911834243722,0
16393.0,-2.1519790306632065,2.0119964593872464,1.2879032665459518,1.2099281890051887,1.6322919311293915,-0.1960237251916671,1
16394.0,-0.2524823540546596,0.2992073267345332,0.3700552981075551,1.0885403064838823,0.3014022381220454,0.1450296853418331,1
16395.0,-0.2097114950440718,1.4312993642702228,0.9619972876626308,1.1636197706131897,1.8650318922069535,-0.1363828150398346,1
16396.0,1.0988369646744305,-1.058145946714099,-1.371660260391864,-1.1942372750823944,-1.2818823689972492,-0.9561136937310234,0
16397.0,1.2762369843581085,-1.058145946714099,-1.4250939070245467,-1.4985144522516916,-1.1954453334565955,-1.0568957573800208,0
16398.0,0.3779288407609402,-0.5571872395918231,0.4365540569271543,0.2774479365621844,0.4684334074395972,1.513112738720742,1
16399.0,-0.9353081791524545,-0.2017513803877423,-0.267112946799999,-0.056225988880909,0.6770053294538549,-0.3617356697444203,1
16400.0,0.0706847362910886,0.9303406571479472,0.8805050059561461,0.9653330910605152,1.3215639934150147,0.3088704514920437,1
16401.0,-2.4120140217391843,2.0119964593872464,1.4379265383608573,1.6412290425189904,0.7791957222855813,0.0859309154215092,1
16402.0,0.7242901052643254,-0.5571872395918231,-0.430514058337653,-0.439953437536103,0.217900422374825,-0.120424619703478,0
16403.0,0.8286381285590276,-1.058145946714099,-1.1903917706308422,-0.9637172845910724,-1.117253523671916,-0.6142202684472076,0
16404.0,-0.1227827554391228,-1.058145946714099,-0.5336802287120823,-0.7547837407119178,-0.4772168596026035,0.6244139739742279,0
16405.0,0.8078140524230828,-0.5571872395918231,-1.233005944107459,-0.6404409748334174,-1.9471638881929467,-1.628613319014636,0
16406.0,-0.9353081791524545,-0.2017513803877423,-0.3746815402884209,-0.3975051008243698,0.9458378031172426,-0.5639440219755375,0
16407.0,-1.1640528084915374,1.4312993642702228,0.7990526874753621,0.7188893637295775,0.8499631098416093,-0.4424536524898363,1
16408.0,1.2373568867177072,-1.058145946714099,-0.9986063499273764,-0.5135641944509618,0.0565206627106016,-0.2524906899073792,0
16409.0,-0.540774126845729,1.2544959545938104,1.3067465021875515,1.3205778402334856,1.6878474509651678,0.720996020984578,1
16410.0,1.376116485027959,-1.058145946714099,-1.4115789274333437,-0.2335550971816399,-1.614523128595098,-1.0314049361613462,0
16411.0,-0.9353081791524545,0.0739460908215904,-0.0157075850080331,0.0583923135040178,0.9696189771111754,-0.2783057423930078,1
16412.0,-0.2865430233339383,0.2992073267345332,-0.2610737820880184,-0.3072650503773302,0.5602500888610992,-1.0404808083701775,0
16413.0,-0.2524823540546596,-0.5571872395918231,-0.4062057849641082,-0.3667980083921493,0.217900422374825,-0.0746642093140873,0
16414.0,-0.8456753236698794,0.2992073267345332,-0.3655898630512399,-0.589951674024074,0.2607132519567318,-1.236309870040713,0
16415.0,-0.4152381970004986,-0.2017513803877423,-0.1849672081489569,0.0387573945550787,0.8499631098416093,-0.2072535194406998,1
16416.0,-0.7195200551006783,0.9303406571479472,0.836661408179307,0.98068211425661,1.0096460890517032,0.226391594043644,1
16417.0,1.1212955486788323,-1.058145946714099,-2.330234563584869,-2.804692648559184,-2.515817022689194,-2.764096164042172,0
16418.0,-0.4011425702790203,0.2992073267345332,0.1219135899804774,0.1016713444333967,0.8567153541898691,-0.3215628676392386,1
16419.0,0.1808966364835151,0.8001660338568091,0.3379011658838303,0.2445772549677684,0.3145288070742748,-0.551520908302031,1
16420.0,0.9811023498659778,-1.058145946714099,-1.8056740292407825,-0.9302666386620904,-2.183176263091345,-1.774714070706209,0
16421.0,0.9479515492166356,-0.2017513803877423,-0.4098999192444367,-0.9141583819899256,-0.144576100004755,-0.6301249785943548,0
16422.0,-1.0028785328055103,3.892979097926521,3.0442494439251324,3.218117365213179,0.7865535568710715,0.9989930433433653,1
16423.0,-0.7670473650770303,-1.058145946714099,-0.7111382752281937,-0.5049664126903386,-0.6688728615528973,0.2897074872177287,0
16424.0,0.5152174896819478,-0.5571872395918231,-0.5336640011466309,-0.5583243821854503,-1.117253523671916,-0.3145700392680727,0
16425.0,0.8078140524230828,-1.058145946714099,-0.8074312609745213,-0.5997442262109776,-0.5486003891756687,0.1080877320632573,0
16426.0,-2.1519790306632065,1.0480979277381186,0.5173255042619145,0.6024183127780941,1.3100360324395852,-0.5163703922393242,1
16427.0,0.7194498921096045,-0.5571872395918231,-0.9709012363631292,-0.7589597607014165,-1.2818823689972492,-1.1367042300136012,0
16428.0,1.0095401454577722,-0.2017513803877423,-0.2467110784387753,0.118436592109052,0.8567153541898691,-0.3233730598125411,0
16429.0,0.140256106228435,-1.058145946714099,-0.8518365366573589,-2.5701000695833423,-2.183176263091345,0.0243342246340691,0
16430.0,-0.2524823540546596,0.654643185938614,0.1322919090785249,-0.3157518899197936,-0.6267921989603487,-0.756946834959964,0
16431.0,0.5847888596192942,-0.2017513803877423,-0.2660040229185209,-0.0605578658272451,0.1571027565423948,-0.3596505927987509,0
16432.0,-0.1794070292720186,-1.058145946714099,-0.8446801384388837,-0.3855244245982789,-1.2818823689972492,0.0378320228605296,0
16433.0,-0.6970151074455184,-0.5571872395918231,-0.6355318174253132,-0.5521774127817789,-0.1914684658752519,-0.506240942085132,0
16434.0,-0.6752731880764764,1.2544959545938104,0.7783581604609978,0.6508207019995073,0.8896672959534744,-0.2727815205104545,1
16435.0,1.1454993720263298,-0.2017513803877423,0.0603117467455748,0.1337077476724066,0.8431548296299944,0.2542851237809191,0
16436.0,1.3157764807748435,-0.2017513803877423,-0.7468423074347975,-0.4798275207119468,-0.1002197270566499,-1.2625792050394873,0
16437.0,0.9564012788108172,-0.5571872395918231,-0.8108799351980327,-0.6063545425438546,-0.7132292345010023,-0.8359994596439716,0
16438.0,-1.608585561882396,0.2992073267345332,-0.1100710893909407,-0.0462278667786565,0.457567115373851,-0.7572489118336678,1
16439.0,1.3655594532482656,-1.058145946714099,-0.788695251794101,-1.244856163309911,-1.1954453334565955,0.1434260214884519,0
16440.0,-1.4474112861963695,0.4896629879592288,1.02421281289911,0.9496172963468188,1.274447139088575,1.1293210898384618,1
16441.0,-0.150470157144488,0.2992073267345332,0.0763990941697459,-0.0171142843658956,0.3771846686209953,-0.4070883156524793,1
16442.0,-2.1519790306632065,0.2992073267345332,-0.0242355083583916,0.1050587558976008,1.3661211723993998,-0.596113193060857,1
16443.0,1.1566531348790148,-1.058145946714099,-1.2547890846910366,-1.0756752990814846,-2.515817022689194,-0.7356810822496723,0
16444.0,-0.3873500989396135,1.6565606001831652,0.9857767976775756,0.9014264592097044,1.3329322084435713,-0.354464801308139,1
16445.0,-0.5764124726865254,0.0739460908215904,-0.3123212819003501,-0.3330613346531344,0.9927301689877396,-0.8354841440760118,0
16446.0,-2.4120140217391843,-0.5571872395918231,3.745631830909391,3.3491217718258586,-1.9471638881929467,7.753629758185978,1
16447.0,0.298760970365054,-0.2017513803877423,-0.1313040737744193,-0.2824424464256186,0.2745016951337471,-0.106308665798144,0
16448.0,0.5381829940526488,-0.5571872395918231,-0.6673451362173664,-0.669042043482492,0.0565206627106016,-0.566085847099968,0
16449.0,0.5381829940526488,-0.5571872395918231,-0.1968165995860604,-0.1986886419931085,-0.0378814165327151,0.3196224953084005,0
16450.0,0.3611612137995771,-0.2017513803877423,0.3467115594064195,0.2070901336643004,-0.1220981718085144,0.7935894543587623,1
16451.0,0.0221288371626836,-0.2017513803877423,0.0614352738432091,0.0350096867582246,0.3014022381220454,0.2564000522872953,0
16452.0,1.279288497801991,-0.5571872395918231,-0.7406953284826827,-0.5997442262109776,-0.862804573858747,-0.7040391440209396,0
16453.0,1.1688228586551843,-0.5571872395918231,-0.9398746878220164,-0.8343368051868192,-0.8098576192004525,-1.0784202288994582,0
16454.0,-0.4011425702790203,0.0739460908215904,-2.4301120713921955,-2.5701000695833423,-1.7640984679528429,-4.714644259160156,0
16455.0,-0.1794070292720186,1.15560189306089,1.1165444768257975,1.2038117725604565,0.7865535568710715,0.4809919744908653,1
16456.0,0.0968649100434169,1.3460575542855853,1.439372552914663,1.323940338566651,1.3661211723993998,0.8621146278987675,1
16457.0,0.5996007235020872,-1.058145946714099,-1.0754811887296016,-0.8296554976039625,-1.1954453334565955,-0.3974855645868374,0
16458.0,-1.9674812683483252,2.3282062876889484,1.307541108590087,1.2650722535746088,0.6251737972068488,-0.51859460866486,1
16459.0,1.3726167481092917,-1.058145946714099,-1.8367710519654348,-1.3916223493687232,-1.614523128595098,-1.8333666673570483,0
16460.0,-0.6970151074455184,-0.2017513803877423,-0.0954630365274629,0.3747381033844362,0.9024861982765124,-0.0388778156906622,1
16461.0,0.4702544582071883,-0.2017513803877423,0.3972599802575353,0.4846130727804154,1.3552066913673189,0.8888075878772158,1
16462.0,-0.0876328522714647,-0.2017513803877423,-1.3810662509666332,-2.2210947581379226,-2.515817022689194,-2.4473052722748347,0
16463.0,-0.8741833591389503,0.0739460908215904,0.3057145907336576,0.5586998354615226,0.457567115373851,0.3263279036850542,1
16464.0,-0.9040178174155592,-0.2017513803877423,0.249007704131601,0.434702118283372,1.0424661878166923,0.6095702319552538,1
16465.0,1.0202674598207486,-0.5571872395918231,-0.1586480603068349,0.0094639151263962,0.0565206627106016,0.3915139905530979,0
16466.0,-0.5764124726865254,1.5110377522649707,1.0207715854432111,0.847969228562083,1.294409025534889,-0.1193343706519258,1
16467.0,1.1417379231273606,0.654643185938614,0.8110805527208667,1.7738975220610262,-0.862804573858747,0.5188971921445267,1
16468.0,-0.0876328522714647,-0.2017513803877423,-0.1199007919623821,-0.191578076103695,-0.0789096183560038,-0.0848555981789271,0
16469.0,-0.7922005967383016,0.2992073267345332,-0.0830356131771904,-0.239233298826501,1.1191943164689204,-0.706506079638931,1
16470.0,-0.3102985242592435,1.15560189306089,0.6998432771306139,0.6600879653150391,1.5585297595388092,-0.3025359939570854,1
16471.0,0.7479579275786754,0.0739460908215904,0.1772530950653494,0.196395248611044,0.1083521949576072,0.0845923253897353,0
16472.0,1.0397257262171895,-0.5571872395918231,-0.1180024756411021,-0.4451323693240469,-0.0581390644641013,0.4680766595808358,0
16473.0,0.4218998096527606,0.0739460908215904,-0.4899534955608987,-0.3396716509860114,-0.3805884749031534,-1.1686417873335213,0
16474.0,-1.5229485149574664,0.654643185938614,0.5033200135846347,0.4209129143071611,1.4049427101962726,-0.0600651407599311,1
16475.0,0.0221288371626836,0.0739460908215904,-0.3856711628498607,-0.2906129979414018,-0.4772168596026035,-0.9731106429065288,0
16476.0,1.0367703053241684,-1.058145946714099,-0.7024102086773052,-0.6404409748334174,-0.4437267787202448,0.3061696344619767,0
16477.0,-0.1794070292720186,1.15560189306089,1.105892297426532,1.0955721360765782,1.1666290909919852,0.4609467757078303,1
16478.0,-0.7670473650770303,-0.2017513803877423,-0.7432303040945643,-0.5222758574236794,-0.8098576192004525,-1.2558074433760409,0
16479.0,-1.3187161125298097,-0.5571872395918231,-0.8118819520665251,-1.0362001973790858,-0.144576100004755,-0.8378831432990426,0
16480.0,-0.070754899282162,-1.058145946714099,-0.1367559727681846,-0.0576667801225735,0.1571027565423948,1.3730592218151465,0
16481.0,1.3290588383452664,-1.058145946714099,-0.5171089758269082,-0.5931996852608044,-0.7601216003714991,0.6556692815989885,0
16482.0,-1.0395356639262063,-1.058145946714099,-1.034472992150029,-0.2373351129814216,-0.6688728615528973,-0.3201393429032664,0
16483.0,0.5185490566485405,-1.058145946714099,-1.3636578898162752,-1.5808368721392685,-0.6267921989603487,-0.9410202933828136,0
16484.0,0.4557606165093461,-0.5571872395918231,-0.599477326966721,-0.5964638157260045,-0.4115503779538524,-0.4384096038391506,0
16485.0,-0.0624796206101934,0.2992073267345332,0.6501442270585946,0.5535946020252502,0.8896672959534744,0.6721873714990309,1
16486.0,1.1772063139654854,-1.058145946714099,-1.3897443759599477,-1.967436469196142,-1.3785107536966998,-0.9902224360885712,0
16487.0,1.22200820066849,-0.5571872395918231,-1.0719104891996298,-0.7302695639352857,-0.321964036982949,-1.3263782580256993,0
16488.0,-0.5950029105353472,-0.2017513803877423,-0.4484550636772798,0.2509233366900676,-0.321964036982949,-0.7025622124967497,0
16489.0,0.954720215728158,-0.5571872395918231,-0.8050624450425004,-1.6749572933624948,-1.7640984679528429,-0.8250630352395195,0
16490.0,1.042667590085983,-1.058145946714099,-1.0857069649428712,-0.96946160877935,-0.91940584661767,-0.4167725662071945,0
16491.0,-0.3738480170997701,-0.5571872395918231,0.359711968127562,0.4977616684100984,0.5793298571111467,1.3682691869134098,1
16492.0,1.180765944929144,-1.058145946714099,-0.6335905229036002,-0.4908819143496147,-0.4772168596026035,0.4359715549565299,0
16493.0,-0.0382757972626953,0.654643185938614,0.5972112816804729,0.9110867530131332,0.4897435161402434,0.1164942612538315,1
16494.0,0.7971428378544745,-1.058145946714099,-0.0851050852471869,0.2012781287866438,0.0914362748936436,1.4704787947193183,0
16495.0,-1.9674812683483252,-0.2017513803877423,-0.2208851287745991,-0.2546192855417444,0.5001945244425666,-0.2748066043049931,1
16496.0,-1.3798409325433134,0.4896629879592288,0.6613844281900295,0.8325013939678924,0.8499631098416093,0.4461355456841391,1
16497.0,-0.3349679194593694,2.0119964593872464,1.4215558136723834,1.1924843732533277,1.4118079641262418,0.0551538026299657,1
16498.0,0.4062569561281632,-0.5571872395918231,-1.593859048640068,-1.5663808849782732,-0.8098576192004525,-2.304014550022524,0
16499.0,0.9201390523816813,0.8001660338568091,0.7340965411216688,0.6634695714212294,0.7336066022127771,0.1930561416019645,1
16500.0,-1.7074462772723475,0.9303406571479472,-0.0701277348576076,-0.1655778157249051,-0.4437267787202448,-1.4747610405033906,1
16501.0,0.9597502430728068,-1.058145946714099,0.205288811611204,0.1683602798515559,1.1848607981176718,2.018195412258984,1
16502.0,1.2680279097306315,-0.5571872395918231,-0.8988895251303806,-0.4477372081299453,-0.0181119525235737,-1.0014136706563042,0
16503.0,0.1462219650521856,1.15560189306089,0.9774065152551517,0.7410985362144052,1.0893585536871893,0.21922005899138,1
16504.0,-0.7670473650770303,-1.058145946714099,-0.4695510978609723,0.0350096867582246,0.4791576523996084,0.7453689630959756,0
16505.0,-0.6141483680629726,-1.058145946714099,-0.129023743112047,0.0971274856787354,-1.7640984679528429,1.387643105013507,0
16506.0,-0.9040178174155592,-0.5571872395918231,-1.673504671721301,-1.6107384274973675,-1.9471638881929467,-2.4526937624043703,0
16507.0,1.2164362698867952,-1.058145946714099,-1.2979011394865403,-0.9523769874762636,-0.1002197270566499,-0.8169954248830267,0
16508.0,1.2782729390801475,-1.058145946714099,-0.9482205895120684,-1.0111411307468456,0.0011923041824166,-0.1574572936638833,0
16509.0,0.7971428378544745,-1.058145946714099,-0.6755376899864324,-1.3389765845331374,-0.91940584661767,0.3568543258462233,0
16510.0,0.94111068223374,0.4896629879592288,0.5862883786756042,0.5076061319118196,0.6514988276797011,0.3048150594620722,1
16511.0,-0.8456753236698794,0.4896629879592288,0.482835750538986,0.3021100463966054,1.3980195209492263,0.1101894566103221,1
16513.0,-1.7074462772723475,0.0739460908215904,-0.0444257391471208,-0.1308222092665272,-0.1914684658752519,-0.332290189130989,1
16515.0,-0.3102985242592435,1.0480979277381186,0.8933540755506822,0.7687696545310132,1.1982735174240835,0.1902681325185866,1
16516.0,-0.6542442484349309,-1.058145946714099,-1.5887187228893136,-1.4026767430063911,-1.4880589811139169,-1.3655111644548583,0
16517.0,0.752588454545872,-1.058145946714099,-1.2527613543966367,-1.0756752990814846,-0.7132292345010023,-0.7318565474018448,0
16518.0,-0.2097114950440718,0.0739460908215904,0.0221719719453492,0.0350096867582246,0.3014022381220454,-0.2070889161410422,1
16519.0,-0.7670473650770303,0.0739460908215904,-0.3700373066953129,-0.6800964371201603,-0.2159596295778201,-0.9437829844962816,0
16520.0,0.4982949986740278,0.4896629879592288,0.7068463172040924,0.6144676992234456,1.451835076066769,0.531704132649661,1
16521.0,1.011083648486406,-0.2017513803877423,0.1514012422527012,0.4699040673670961,1.3138967127742598,0.4257723102175627,1
16522.0,1.042667590085983,-0.5571872395918231,-0.5495790252923041,-0.5583243821854503,-0.7601216003714991,-0.3445194285099373,0
16523.0,-2.1519790306632065,2.245808014503504,1.836935610680313,1.5147416436238572,1.1803407147432114,0.5698727851366763,1
16524.0,1.0571778289304523,-0.5571872395918231,-0.794637938923453,-0.4246569123197467,0.1411722937225966,-0.8054650618451216,0
16525.0,-2.1519790306632065,2.8938664889589134,2.358708135917104,2.2235758355663298,0.8153422320095451,0.8209543463714291,1
16526.0,0.4483889813387123,-0.5571872395918231,-0.1872011413897527,-0.3784393908584309,-0.2672508963742018,0.3377329811301564,0
16527.0,-0.0304066776915911,-0.5571872395918231,0.2254934940068785,0.249116409897541,0.3650304751021734,1.1152988032099649,1
16528.0,-1.8243736859341724,-1.058145946714099,-0.960996934227072,-0.6989435988405914,-0.7132292345010023,-0.1815549637166222,0
16529.0,0.5118685254199581,0.0739460908215904,0.5554561609303523,0.2713538538233589,0.5887058798168258,0.7965320092701044,1
16530.0,1.3157764807748435,-1.058145946714099,-2.1168229656406155,-2.183500472526469,-1.9471638881929467,-2.361577103434084,0
16531.0,-0.8456753236698794,1.15560189306089,0.6512890191606497,0.8683958735028668,0.7717713000569296,-0.3937314142087472,1
16532.0,-0.9682038613741812,0.2992073267345332,1.614944507970963,1.0732140765913942,-2.183176263091345,2.4901673098960044,1
16533.0,-0.9353081791524545,-0.2017513803877423,0.1177331878532496,0.1369345126340181,0.7938459876173184,0.3623834039665494,1
16534.0,1.2903547758033207,-1.058145946714099,-0.2737799394601686,-0.7105166998701326,-0.1220981718085144,1.114616105860133,0
16535.0,-1.7074462772723475,-0.2017513803877423,0.0531742703081095,0.2109364659054746,0.3771846686209953,0.2408496833985533,1
16536.0,0.1637936176211079,-1.058145946714099,-0.3795262114880398,-0.4477372081299453,0.1249263557760024,0.9151663548180896,0
16537.0,1.2893566040861313,-1.058145946714099,-2.62585423545172,-1.3916223493687232,-1.9471638881929467,-3.3216692002002115,0
16538.0,1.180765944929144,-0.2017513803877423,-0.607846430315971,-0.4322607072827482,-0.144576100004755,-1.00185244019609,0
16539.0,-1.9674812683483252,1.0480979277381186,1.000486375479798,0.639424875234718,0.5505411819726732,0.3918082196712276,1
16540.0,1.0095401454577722,-1.058145946714099,-1.0149703043919622,-0.9637172845910724,-0.4115503779538524,-0.2833550086340458,0
16541.0,1.3769884432844162,-1.058145946714099,-0.5652259337239014,-0.6913398038775899,-0.0789096183560038,0.5649151104171772,0
16542.0,-0.2865430233339383,-0.5571872395918231,-0.9240529551726684,-0.8203916692661117,-0.91940584661767,-1.048694947602424,0
16543.0,1.2384392923735166,-1.058145946714099,-0.8327610445033861,-0.2947366536986517,-0.6688728615528973,0.0603128183769442,0
16544.0,1.1554233642263942,0.0739460908215904,-0.6502988195925088,-0.7845884941066654,-1.2818823689972492,-1.468933330768332,0
16545.0,0.4218998096527606,-0.5571872395918231,-0.2152197544352861,-0.2844755885045728,-1.4880589811139169,0.2849615461705363,0
16546.0,0.7840984858169682,0.2992073267345332,1.2936847485171503,1.4284982140191929,0.4684334074395972,1.884582624034891,1
16547.0,1.1866551065949535,-1.058145946714099,-1.5216992131049043,-0.96946160877935,-0.4115503779538524,-1.2391045849592035,0
16548.0,1.2459654079011129,-1.058145946714099,-2.448384826269288,-2.804692648559184,-1.4880589811139169,-2.9869412821353034,0
16549.0,-1.3187161125298097,2.478149591821275,1.9096786900201248,1.7643885703600777,2.436630785908086,0.4435150270526604,1
16550.0,0.1579897300569208,1.7233615276208618,1.6687147919556038,1.6067808351793926,1.5234898547932807,0.8524641858061469,1
16551.0,0.0773306527470905,0.654643185938614,0.6318463000059525,0.9395611663683812,0.3771846686209953,0.1816410165847208,1
16552.0,0.6689257299564773,-0.5571872395918231,-0.4835826457486123,-0.4297163291046267,-0.7132292345010023,-0.2203158336742516,0
16553.0,0.4141260756992679,2.442335020593583,2.077697911172294,2.301688228596836,1.2456584639501014,0.8002051377102115,1
16554.0,-0.4443943630945455,0.8001660338568091,0.8041582199201525,0.6547386342924404,0.7642790739473241,0.32485974667175,1
16555.0,-0.5583457794146515,0.4896629879592288,0.5201243081562381,0.8515990442803519,0.2745016951337471,0.1803322104165271,1
16556.0,-0.150470157144488,1.6565606001831652,1.5509638631970246,1.4263867485178408,1.5411968671369618,0.7083220978993744,1
16557.0,-0.7922005967383016,-0.5571872395918231,-0.8586824766972915,-0.9811029912456316,-1.0458699940988507,-0.9258532401350152,0
16558.0,-2.4120140217391843,2.611849228042442,1.9465087903607383,1.8337857746862951,1.797395678382385,0.3620333656575376,1
16559.0,0.982715747443508,-1.058145946714099,-1.1599591301373438,-1.2536847648443734,-0.7132292345010023,-0.5568207738496062,0
16560.0,-0.7195200551006783,0.8001660338568091,0.8547272506042346,0.7695902671624874,0.9754580982530536,0.4200125375160895,1
16561.0,-1.608585561882396,-0.5571872395918231,-0.430907932716194,-0.4662657837754595,-0.2941514393624997,-0.1211660651276488,0
16562.0,1.1001800545869456,-1.058145946714099,-1.0240144595637657,-0.4146533591976824,-0.1676872918813187,-0.3004133357297409,0
16563.0,-0.2865430233339383,0.4896629879592288,1.122825175703196,1.0865173262229997,0.217900422374825,1.3150904468802322,1
16564.0,1.2130697256793863,-1.058145946714099,-1.693511319304562,-1.6420643925920622,-1.614523128595098,-1.5631621725259692,0
16565.0,0.9272060682311212,0.0739460908215904,-0.133247113804218,-0.5614195452564948,-1.3785107536966998,-0.499208972407849,0
16566.0,-1.0784157615666077,0.2992073267345332,-0.2982208699357482,-0.2076863327758596,-0.862804573858747,-1.1101036467084269,0
16567.0,0.5251607151948186,-0.5571872395918231,-0.0518625743789872,0.4568406600111304,-0.1676872918813187,0.5926736136961088,0
16568.0,1.0308182885991817,-0.5571872395918231,0.0669210172607511,-0.2004783599377006,-1.614523128595098,0.8164751743254836,0
16569.0,-1.9674812683483252,0.2992073267345332,0.3221459367099655,0.4515417718232907,-0.3507527121214226,0.0549065669349403,1
16570.0,-1.0784157615666077,1.847016261407861,1.4969933605232464,1.4171068496316537,0.8082392174469527,0.3864020491791804,1
16571.0,-0.7195200551006783,1.0480979277381186,1.093906180782183,1.3200453445043818,1.0370865419358446,0.5676113009925188,1
16572.0,0.2551824986059697,-0.2017513803877423,0.0589084351413904,0.0449565067865308,-0.0378814165327151,0.2516435377772211,0
16573.0,0.0001383902963132,-0.5571872395918231,-0.2430915017617892,-0.2113201593606197,-0.0378814165327151,0.2324696670318608,0
16574.0,-0.1138130260237924,-0.2017513803877423,0.2419075559994609,0.4607869974830055,0.5793298571111467,0.5961989544254925,1
16576.0,1.0187459283862368,-0.5571872395918231,-0.3902180924587005,-0.2824424464256186,-0.2159596295778201,-0.0445657306836978,0
16577.0,1.3148171310090695,-1.058145946714099,-0.6440302749343216,-0.8203916692661117,-0.4772168596026035,0.4162809700920417,0
16578.0,1.2741945456928905,-1.058145946714099,-1.2801261007449782,-0.9989607652635912,-1.1954453334565955,-0.783469637318309,0
16579.0,1.0278214364224063,-1.058145946714099,-0.8258150430322062,-0.935724935040335,-0.862804573858747,0.0734137839012831,0
16581.0,0.4879229365026979,-1.058145946714099,-1.560240685798788,-0.8582565662530369,-1.1954453334565955,-1.3117982788944638,0
16582.0,0.1808966364835151,-1.058145946714099,-0.7819761712432546,-0.7262712480428852,-1.4880589811139169,0.1560989878011041,0
16583.0,0.9445402369244064,-0.5571872395918231,-0.4029228947410826,-0.4146533591976824,-0.6688728615528973,-0.0684839318768406,0
16584.0,-0.0382757972626953,0.2992073267345332,0.8814688182886014,0.8878647222732178,0.3014022381220454,1.1078431242004296,1
16585.0,1.2405986385173122,-0.5571872395918231,-0.7206040911327898,-0.7802470860088049,-0.7601216003714991,-0.6662565737836268,0
16586.0,0.6845052458484283,-0.2017513803877423,0.3258722872798593,-0.2335550971816399,-0.3507527121214226,0.7543370302361212,0
16587.0,0.639341544931368,-1.058145946714099,-1.019892299486403,-1.2717056438696923,-0.91940584661767,-0.2926384630517832,0
16588.0,0.9647411258391284,0.0739460908215904,0.2740887592078771,0.376976520538054,0.3401681767824983,0.266806155599486,1
16589.0,-0.1138130260237924,0.0739460908215904,-0.300917923193268,0.0498740694236828,-0.0581390644641013,-0.8140815995770486,0
16590.0,0.9891290528763732,-0.5571872395918231,-0.3085475681641034,-0.4770927103734043,-0.3805884749031534,0.1092060752426133,0
16591.0,-0.1318797192956659,-1.058145946714099,-1.0580035762951012,-1.6262149283445646,-1.117253523671916,-0.3645207575820887,0
16592.0,-1.8243736859341724,2.245808014503504,1.5323205234621224,1.580662960664119,1.3478488567818283,-0.003051224033713,1
16593.0,-0.3225146116861712,0.8001660338568091,0.1015044529606356,-0.1810543165721022,0.2466890975132978,-0.9949246338534912,1
16594.0,-0.0791383545924629,-1.058145946714099,-1.1760429816291105,-1.3389765845331374,0.1880646595930938,-0.5871567858367198,0
16595.0,-0.2097114950440718,0.2992073267345332,0.4793272375970239,0.6701810678079644,1.692716266781489,0.3506389301614976,1
16596.0,-1.0395356639262063,0.0739460908215904,-0.3404340401414195,-0.5135641944509618,-0.4772168596026035,-0.8882407373305059,0
16597.0,-1.8243736859341724,-1.058145946714099,-1.675559671698852,-0.6510211644571734,-1.3785107536966998,-1.529303280131071,0
16598.0,0.7730217821651971,-1.058145946714099,-1.3349712736360837,-1.2536847648443734,-1.117253523671916,-0.8869140034336993,0
16599.0,0.9647411258391284,-1.058145946714099,-1.2096196377251265,-0.74651041226979,-0.9802035124500996,-0.6504862590252367,0
16600.0,-1.8243736859341724,1.3460575542855853,0.6043777762566732,1.0403609340836106,0.7490861757345402,-0.7076072803312121,1
16601.0,-0.4594850640247002,-0.2017513803877423,-0.2210533614592031,-0.1504571282154663,0.2880622196936218,-0.2751229873862665,0
16602.0,-0.540774126845729,-0.5571872395918231,-0.1423531327324047,-0.0962799984533907,-0.1002197270566499,0.4222075016568186,0
16603.0,-0.0791383545924629,-0.5571872395918231,-0.4723922697947906,-0.0225612797941685,-0.1676872918813187,-0.1992533900862176,0
16604.0,1.206283152308942,-0.5571872395918231,-0.5510902777871284,-0.6838229113311526,-1.117253523671916,-0.3473632721663791,0
16605.0,1.3673310709462236,-1.058145946714099,-1.958455214921999,-0.8112565093766205,-2.515817022689194,-2.062877131811525,0
16606.0,0.9938972919331752,-0.5571872395918231,-0.687571763828681,-0.7933582365477243,-0.7601216003714991,-0.604131015085222,0
16607.0,-0.9682038613741812,2.110890520920167,1.3064726014174777,1.43880682816965,1.3138967127742598,-0.2739875143591256,1
16608.0,1.0685541839756287,-0.5571872395918231,0.2346473621724666,0.1380065926412373,0.6514988276797011,1.1325506000428232,0
16609.0,-1.0784157615666077,0.654643185938614,1.279013957833072,1.0403609340836106,1.0583966506364906,1.4001190600584563,1
16610.0,0.6025224834477799,-1.058145946714099,-1.7994432622137158,-1.3190441216122355,-1.4880589811139169,-1.762962120415026,0
16611.0,0.4982949986740278,0.4896629879592288,0.4692913216634509,0.3709903955875822,0.5793298571111467,0.084713739969124,1
16612.0,-0.5950029105353472,0.9303406571479472,0.8998490933785936,0.6894511553006836,0.7413828979433381,0.3452647480259354,1
16613.0,-0.1227827554391228,-1.058145946714099,-0.2936356593879833,-0.3463490782764294,-0.2672508963742018,1.0771659119155237,0
16614.0,0.4879229365026979,-0.2017513803877423,0.171061188213962,-0.2316732047996185,-0.1002197270566499,0.4627896892408908,0
16615.0,1.2741945456928905,-1.058145946714099,-0.8345080571632187,-0.5614195452564948,-0.6267921989603487,0.0570177495921165,0
16616.0,-1.0784157615666077,-0.5571872395918231,-0.44612318470156,-0.1933485238451358,-0.2412044847042052,-0.1498072761863487,0
16617.0,0.6502579820962507,-1.058145946714099,-1.3021785061661946,-1.110483470649885,-1.614523128595098,-0.8250630352395195,0
16618.0,-0.6338830081757483,0.2992073267345332,0.7531878430448149,0.6629875479926887,0.5105140700321456,0.8662245702162644,1
16619.0,0.7218745649366273,0.0739460908215904,0.528589858161436,0.4946548088834669,0.7257558910386418,0.7459358692077985,1
16620.0,-1.8243736859341724,0.4896629879592288,0.4586429489438761,0.5490231088078554,0.5001945244425666,0.0646861527294463,1
16621.0,-0.3102985242592435,0.0739460908215904,-0.0965592648279803,-0.3265167937029618,-0.5121324717856456,-0.4302719209356799,0
16622.0,1.1843059274157668,-1.058145946714099,-1.0190961518442614,-1.5808368721392685,-0.9802035124500996,-0.2911368361294079,0
16623.0,0.6767627952879732,0.0739460908215904,0.0629187723152353,-0.0766900687954025,0.0384893202353487,-0.1304684233657981,0
16624.0,-0.0304066776915911,-0.5571872395918231,-0.0991384331527437,-0.0117120286249113,0.0384893202353487,0.5036120705300289,0
16625.0,0.7479579275786754,0.2992073267345332,0.414358968518061,0.4958993143423847,0.5407159979871611,0.2283837753166115,1
16626.0,-2.4120140217391843,1.6565606001831652,1.1212499227178565,1.1099032118443943,0.5793298571111467,-0.0999616672838307,1
16627.0,-0.0462426723707365,-1.058145946714099,-0.7612515662546252,-0.7342923345111426,-0.586765087019821,0.1951879998878599,0
16628.0,-0.6542442484349309,0.654643185938614,0.6574583077470011,0.611345600297109,0.5602500888610992,0.2298213435568788,1
16629.0,-0.0876328522714647,-0.5571872395918231,-0.5759868639856627,-0.0050210152869876,0.2607132519567318,-0.3942111551955876,0
16630.0,0.9986303407132076,-1.058145946714099,-1.5537947852759002,-1.2626334870875635,-1.7640984679528429,-1.299640561843286,0
16631.0,1.1068536340446045,0.654643185938614,0.5113640629874234,0.29201694390368,0.0741642041589574,-0.0449413206572152,1
16632.0,1.1121429440166524,-0.5571872395918231,-0.5957533230318627,-0.4348149665659621,-0.5121324717856456,-0.4314029428878325,0
16633.0,-1.0028785328055103,0.4896629879592288,0.8145719098259443,0.5444196188771608,0.8153422320095451,0.7345078836157997,1
16634.0,0.6140782050718988,0.4896629879592288,0.4810875982882967,0.6424167876212222,0.435392980203531,0.1069012827364813,1
16635.0,0.9986303407132076,-1.058145946714099,-0.4866470030715309,-0.3831542564881224,-0.4115503779538524,0.7131241002493156,0
16636.0,1.045596020739638,0.0739460908215904,1.01387922490644,0.973503642576299,0.3145288070742748,1.6602188530090431,1
16637.0,-0.6141483680629726,0.0739460908215904,0.1554412373851719,0.4096695475497316,0.3650304751021734,0.0435575725402539,1
16638.0,-0.8183807704906293,1.5110377522649707,0.691572275541203,0.7889839357185202,0.9151078788768328,-0.7373861886861873,1
16639.0,-0.6338830081757483,0.0739460908215904,0.4541455291244733,0.2713538538233589,0.4791576523996084,0.6057536667555875,1
16640.0,0.9843250963403034,-1.058145946714099,-1.1827621256600067,-0.8022464926048176,-0.91940584661767,-0.5998298718801189,0
16641.0,0.140256106228435,-0.5571872395918231,-0.3723167650060643,-0.0591107344650019,-0.1220981718085144,-0.0108631784817934,0
16642.0,-1.7074462772723475,-0.2017513803877423,0.1057330189564419,0.29201694390368,0.1411722937225966,0.3397912421875211,1
16643.0,0.6767627952879732,-0.5571872395918231,-0.0055618678001647,0.0703729897301092,0.1083521949576072,0.6799046307479217,0
16644.0,0.4702544582071883,-0.5571872395918231,-0.0788194543862641,0.3338823120967778,0.3145288070742748,0.541889518521673,0
16645.0,1.377859217618911,-1.058145946714099,-1.263002199764726,-0.9467793286780029,-0.862804573858747,-0.7511719711984127,0
16646.0,1.0614676455862315,-1.058145946714099,-0.2268073683837608,0.5051587953623482,-0.2941514393624997,1.2032118305824664,0
16647.0,0.4409316275594932,0.0739460908215904,-0.3888496711797562,-0.1487983103404511,-0.321964036982949,-0.979072805152876,0
16648.0,-0.4296506057480915,-0.2017513803877423,-0.2331956474360541,0.0081602061984428,-0.1002197270566499,-0.2979575384490634,0
16649.0,1.1554233642263942,-1.058145946714099,-0.7982834432800828,-1.178194505634738,-0.586765087019821,0.125341578716621,0
16650.0,-0.10496702096475,0.654643185938614,0.520285952408567,0.7307405120846736,0.4240770344914922,-0.0281664278884863,1
16651.0,1.233008902613806,-1.058145946714099,-1.3800150572607404,-1.3807506813715704,-1.4880589811139169,-0.9718718110012476,0
16652.0,-0.2307404346856175,1.5859404542672264,2.1159056895940944,1.7821285448168114,0.8766449105123539,1.854714401080814,1
16653.0,-1.0395356639262063,-0.5571872395918231,0.190846429166434,0.2554190543906869,0.3771846686209953,1.0500029426591575,1
16654.0,0.3217499979517362,0.8001660338568091,0.4389439044376451,0.2279719173256238,0.3401681767824983,-0.3617751907197448,1
16655.0,-0.9682038613741812,1.3460575542855853,1.4055706892021158,1.3729096212817804,1.849140004351645,0.7984742985449467,1
16656.0,-0.8456753236698794,2.3282062876889484,2.085840813846987,2.2587180643789777,-0.5121324717856456,0.9448307230647957,1
16657.0,-1.3187161125298097,0.0739460908215904,0.0025872606919809,0.5949743423381456,1.074023657541187,-0.2439113531114814,1
16658.0,0.9341960578512236,0.4896629879592288,-0.0960374643535399,-0.2947366536986517,0.1249263557760024,-0.9770493633484252,0
16659.0,0.5085019812125491,-1.058145946714099,-2.266031004521654,-1.2626334870875635,-2.183176263091345,-2.643000794667862,0
16660.0,-1.0395356639262063,0.654643185938614,0.5064112507461795,0.4535338609952382,-0.586765087019821,-0.0542532912998525,1
16661.0,1.1795815951948991,0.0739460908215904,0.0423410190341954,-0.1672795526090386,0.1411722937225966,-0.1691645760902724,0
16662.0,0.9778633268252848,-1.058145946714099,-1.247935446110473,-1.709582179172762,-0.321964036982949,-0.7227543238646087,0
16663.0,1.37173882162198,-1.058145946714099,-1.2427074196162766,-1.0490970995891926,-2.515817022689194,-0.7128936586826355,0
16664.0,1.2130697256793863,-1.058145946714099,-1.5379278728617538,-1.967436469196142,-1.2818823689972492,-1.2697137221531518,0
16665.0,0.9236822945372614,-1.058145946714099,-1.3842290643438688,-1.3916223493687232,-1.1954453334565955,-0.9798199177997348,0
16666.0,-0.9353081791524545,-0.5571872395918231,-1.017379469049272,-0.1986886419931085,0.0011923041824166,-1.2239950750984894,0
16667.0,-0.1411075792030422,-0.5571872395918231,-0.3523215692236269,-0.4853314937413989,0.1727297634470911,0.026783244410732,0
16668.0,-1.0784157615666077,1.3460575542855853,-0.0545116637790375,0.2903195986034831,-0.321964036982949,-1.9391392384046584,1
16669.0,-0.7922005967383016,-0.2017513803877423,0.2812417211884003,0.3814306296966477,0.9812559531764108,0.6702770834785555,1
16670.0,-1.0028785328055103,1.847016261407861,1.5525420545208863,1.4531758017783196,1.4743130042630097,0.490916299594392,1
16671.0,-0.6970151074455184,-0.2017513803877423,0.4308190709505052,0.3717416474554439,-1.9471638881929467,0.9520274926183496,0
16672.0,-2.1519790306632065,1.847016261407861,1.5618835024219535,1.1437254252933526,-0.5121324717856456,0.5084940384857433,1
16673.0,1.3262356854422417,-1.058145946714099,-1.146046227334643,-1.0426170379233035,-0.6267921989603487,-0.5305794232368921,0
16674.0,-0.2749873017098188,-0.5571872395918231,-0.7683858781045273,-0.6369517309004904,0.607142454731596,-0.7561074138426842,0
16675.0,1.0514130692268566,-0.5571872395918231,-0.3050416015739615,-0.3396716509860114,-0.5486003891756687,0.115807883936715,0
16676.0,-0.5764124726865254,0.4896629879592288,0.670940965189542,0.4096695475497316,0.7490861757345402,0.464121970858391,1
16677.0,1.0048872215498614,-0.5571872395918231,-0.0394801790873589,-0.0547883469122285,0.0565206627106016,0.6160015604124124,0
16678.0,-1.9674812683483252,1.2544959545938104,0.8691410681799504,1.0340825790474115,0.6340429977198944,-0.1021972114337363,1
16679.0,0.9307105862349312,-0.2017513803877423,-0.114855735914718,-0.3855244245982789,-0.8098576192004525,-0.0753640268269487,0
16680.0,-0.4296506057480915,-0.2017513803877423,-0.0895422600095426,-0.1810543165721022,-0.4437267787202448,-0.0277377450661375,0
16681.0,-0.0962413734548695,0.654643185938614,0.5224365022114086,0.7224231314715501,-0.5121324717856456,-0.0241228774611018,1
16682.0,-1.7074462772723475,0.2992073267345332,0.0719102725709968,0.4852451929048097,-0.8098576192004525,-0.4155220721651018,1
16683.0,1.1724291954243062,-1.058145946714099,-0.7669488676234211,-0.630028288668433,-0.6688728615528973,0.1844422277880328,0
16684.0,-1.8243736859341724,3.058846686938299,3.648086337574184,3.518638994696458,1.1982735174240835,3.065753850240071,1
16685.0,-0.2097114950440718,-0.5571872395918231,-0.7580540565493585,-0.1487983103404511,0.2880622196936218,-0.7366805594775938,0
16686.0,-0.3738480170997701,1.5859404542672264,1.2213514680807038,1.284849105648861,2.092142989289527,0.1703338033107558,1
16687.0,0.972973911537828,-1.058145946714099,-1.2754319630792688,-0.8250072737432935,-1.2818823689972492,-0.7746159484758683,0
16688.0,-2.4120140217391843,0.0739460908215904,0.2189108199300369,0.3161485654770629,0.1727297634470911,0.1629717986952168,1
16689.0,-0.070754899282162,-0.5571872395918231,-0.5676544342262996,-0.2683837537127082,-0.9802035124500996,-0.3785324527038444,0
16690.0,-0.10496702096475,0.0739460908215904,-0.6969345814839322,-0.567653913628976,-0.9802035124500996,-1.55617791338063,0
16691.0,1.0156919930971386,-0.5571872395918231,-1.185042548959717,-1.1033729047604708,-1.0458699940988507,-1.5386659855124971,0
16692.0,0.7022155483365661,0.0739460908215904,0.5197557740808898,0.37399026823985,-1.9471638881929467,0.7292996539776965,0
16693.0,-0.1318797192956659,0.2992073267345332,0.1829661875261606,0.2138065254653223,1.0262202498700983,-0.2068096064445125,1
16694.0,1.3664458738438814,-1.058145946714099,-1.6129786054929314,-1.9168175809686256,-1.9471638881929467,-1.4112681207315343,0
16695.0,1.2051450416307885,-0.5571872395918231,-1.1298313526401549,-0.6474754904320826,-0.2672508963742018,-1.4350857321120736,0
16696.0,0.294062596246371,0.0739460908215904,-0.2493092295591392,-0.8022464926048176,-1.3785107536966998,-0.7171988995060191,0
16697.0,0.6636473034612838,-1.058145946714099,-1.5150806301104849,-1.892897819902408,-0.586765087019821,-1.226621168710353,0
16698.0,0.6254293898743742,-0.5571872395918231,0.5504270756090351,0.344923450442901,-1.7640984679528429,1.72777414359942,0
16699.0,0.954720215728158,0.654643185938614,0.0481327410063327,0.1663113033072214,0.1571027565423948,-0.914783049326941,0
16700.0,-1.3798409325433134,2.110890520920167,1.647998215548793,1.7275963932709255,1.4899997739109212,0.3680196996761055,1
16701.0,-1.3798409325433134,2.1575193073054413,1.7045845689430517,2.0387669939852997,1.0531207928583963,0.4213110775434026,1
16702.0,1.011083648486406,0.0739460908215904,0.1276984864492153,0.2176138931958927,0.5602500888610992,-0.0086303379763543,0
16704.0,1.2659591169727051,-0.5571872395918231,-0.2091536649893418,-0.0576667801225735,0.1411722937225966,0.2963864266890963,0
16705.0,-2.4120140217391843,2.7324831383346417,2.770201905573748,2.500856929955178,1.8329341824441348,1.7772488865906877,1
16706.0,-0.5236711079833221,-0.2017513803877423,-0.4029905719571549,-0.4529780401521651,0.7642790739473241,-0.6171421572158174,0
16707.0,0.9875317290149478,0.0739460908215904,-0.3767277371569484,-0.1389323112681091,0.3401681767824983,-0.9563340304213068,0
16708.0,-0.3873500989396135,-1.058145946714099,-0.2506994805887735,-0.3644942549377236,-0.3507527121214226,1.1581485319925888,0
16709.0,0.0001383902963132,1.4312993642702228,1.641663392208124,1.2394844301297443,1.344145044363842,1.1425054769673146,1
16710.0,-0.9353081791524545,1.9594133665673956,1.3833044501424308,1.4332991181000256,2.0801223631425247,0.043451980020162,1
16711.0,-1.9674812683483252,0.9303406571479472,0.810909809137833,0.5858204852433715,-0.3805884749031534,0.1779537456284472,1
16712.0,-1.3798409325433134,1.3460575542855853,1.0969940563664191,0.9449226230329796,1.6003245210805033,0.2177909573847827,1
16713.0,-0.9353081791524545,2.4054512011867506,1.9813428139649796,1.880468924512391,2.0801223631425247,0.6605706061503349,1
16714.0,0.6025224834477799,0.0739460908215904,0.3581320493165751,0.3519246856216433,0.6600894093898906,0.424992753084862,1
16715.0,-0.0543097623705864,-0.5571872395918231,-0.2856206975223743,0.5648862259409839,-0.3507527121214226,0.1523787994295004,0
16716.0,0.7290940618003953,-0.2017513803877423,0.603129108679266,0.3989514243478757,-1.3785107536966998,1.2766831743316998,0
16717.0,-0.7922005967383016,1.4312993642702228,1.4522041171481637,1.2293716703494098,1.5234898547932807,0.7857469476439434,1
16718.0,0.935931715741001,0.2992073267345332,0.9839916147521496,1.0191022053387833,0.8700553726182927,1.3009854744355451,1
16719.0,-1.0784157615666077,1.4312993642702228,1.045619829492447,1.0711433281235605,1.2824902726998832,0.0207938662520691,1
16720.0,-0.7428435417295326,-0.2017513803877423,-0.1126629752334072,-0.0239301063835586,0.9151078788768328,-0.0712386004254375,1
16721.0,0.7170160174661255,-1.058145946714099,-0.8321223514058143,-0.6951307131548892,-0.1002197270566499,0.0615174677405587,0
16722.0,-1.0028785328055103,1.9594133665673956,1.633820651075382,1.8726211329776896,1.0040461146997783,0.5146384579956932,1
16723.0,0.0433901831118387,0.0739460908215904,0.241824583282108,0.4607869974830055,0.7642790739473241,0.2060889219101918,1
16724.0,0.9954788591929878,-1.058145946714099,-1.323711776469787,-1.2902342195152068,-0.7132292345010023,-0.8656772840334683,0
16725.0,0.8078140524230828,1.4312993642702228,0.5073915299254615,0.2996012540141724,1.421999313285038,-0.9894552488261088,1
16726.0,-0.7428435417295326,0.654643185938614,0.5823022789893743,0.6596034563142669,1.031671386584256,0.0884538448086294,1
16727.0,0.9272060682311212,0.0739460908215904,0.3132785944848884,0.5274565557574462,1.074023657541187,0.3405646444464976,1
16728.0,-0.3873500989396135,0.0739460908215904,0.0903489397017881,0.203221175809253,1.3366868742976272,-0.0788813676566127,1
16729.0,-0.5070123740010525,1.9044924940644756,1.4779034040106924,1.613179838497991,1.3945358933915557,0.2843645628264443,1
16730.0,-0.3102985242592435,-0.2017513803877423,-0.1616727827327393,0.4555199347906272,0.4684334074395972,-0.1634372200755412,1
16731.0,1.2963113994186093,-1.058145946714099,-1.204455554010036,-0.8932765983286024,-0.0378814165327151,-0.6407461973513501,0
16732.0,-0.6141483680629726,0.0739460908215904,1.1170815949130697,1.0387288713632936,1.2622326247684963,1.8547275540216372,1
16733.0,1.167616225752049,-1.058145946714099,-0.9174995387054944,-0.975256544405366,-0.9802035124500996,-0.0995138237181414,0
16734.0,-0.3102985242592435,-0.2017513803877423,-0.2574368230433869,-0.2373351129814216,0.0384893202353487,-0.3435416051576406,0
16735.0,-0.0462426723707365,1.4312993642702228,1.3743374908485193,1.41541940139949,1.1712251425483466,0.6391694388197742,1
16736.0,1.137954282661102,0.2992073267345332,0.8326960608071917,0.4915332038838265,0.8223842757380923,1.015972179450337,1
16737.0,-0.2983107883386734,-0.5571872395918231,-0.077594732929265,0.0971274856787354,-2.515817022689194,0.5441967239349051,0
16738.0,0.799291332992275,-1.058145946714099,-3.8035824913276346,-3.172763669970543,-2.515817022689194,-5.543001479107597,0
16739.0,0.4666615905535427,-0.5571872395918231,-0.1208975833162076,-0.1571345555058843,-0.1914684658752519,0.4626230621751051,0
16740.0,0.9794848831855826,-1.058145946714099,-0.9836655308470876,-0.9523769874762636,-0.2672508963742018,-0.224310569806858,0
16741.0,1.2731708819498868,-1.058145946714099,-1.208542455779145,-1.186166978263674,-1.0458699940988507,-0.6484545687648338,0
16742.0,-0.3738480170997701,1.4312993642702228,0.8069134216189268,1.087529594123936,0.1571027565423948,-0.4276949979744155,1
16743.0,-0.6752731880764764,1.4312993642702228,1.0946721923953235,1.3262311304884231,0.8362895757000253,0.1130206836338304,1
16744.0,-1.2629135238814884,0.654643185938614,0.243553970119094,0.3169651030602791,1.258120370257919,-0.5481312084859801,1
16745.0,0.0148821476427679,1.6565606001831652,1.4733490858750284,1.713397298913755,1.0207326504320022,0.5622395698528341,1
16746.0,-1.7074462772723475,2.7324831383346417,2.13678564038402,2.0880747309401064,1.8122160850282965,0.5843530410409014,1
16747.0,-0.5070123740010525,-0.5571872395918231,-0.0768540110210082,0.1050587558976008,-0.1676872918813187,0.5455921435800647,0
16748.0,-0.9682038613741812,1.4312993642702228,0.9819742698304526,0.9555161783877189,0.217900422374825,-0.0988399264117113,1
16749.0,1.2373568867177072,-0.5571872395918231,1.1169896397934336,0.940194199082124,0.1880646595930938,2.796006907690216,1
16750.0,-0.4011425702790203,0.2992073267345332,-0.2874517634652187,-0.5521774127817789,0.457567115373851,-1.0899220081435632,0
16751.0,-0.6338830081757483,-1.058145946714099,0.4610097398240447,0.4795341213740282,-0.4437267787202448,2.5005147838094874,1
16752.0,0.942827752064887,-1.058145946714099,-0.5807003074566751,-0.9989607652635912,-1.1954453334565955,0.5357286442718762,0
16753.0,-0.2415192631816249,-1.058145946714099,-1.023822207397317,-0.6334808999499925,-0.1676872918813187,-0.300050725814516,0
16754.0,0.94111068223374,2.2876939305965798,3.0865777156165057,3.2324483894244023,-0.0789096183560038,2.876637419832138,1
16755.0,0.1864977655259916,0.654643185938614,0.8189261107911766,0.9147142028329996,1.3404244345531768,0.5336641234249052,1
16756.0,0.5907547184430448,0.654643185938614,0.2477414135533185,0.231698391536616,0.3401681767824983,-0.5402692250624244,1
16757.0,0.8428228344109817,-0.5571872395918231,-0.8882471528821918,-0.6653981508446892,-0.91940584661767,-0.9814151320546796,0
16758.0,-0.1696156146721137,-1.058145946714099,-0.6644791756973597,-0.5867196235949155,-0.5121324717856456,0.3777119681966705,0
16759.0,-1.4474112861963695,-0.2017513803877423,-0.1178293207576094,0.1337077476724066,-0.0378814165327151,-0.0809584334577438,1
16760.0,1.033801201878248,-1.058145946714099,-1.010867945578786,-0.7105166998701326,-0.7132292345010023,-0.2756174834401789,0
16761.0,0.0839084047561103,-1.058145946714099,-0.7751376425281349,-0.2468813028931192,-0.91940584661767,0.1689972472249919,0
16762.0,-0.9040178174155592,-0.2017513803877423,0.3446281643699448,0.143340936064449,0.1571027565423948,0.7896651459196802,1
16763.0,0.5413976634342754,-0.5571872395918231,0.0261601669062038,-0.0063537836028127,0.0384893202353487,0.739672799069762,0
16764.0,-1.8243736859341724,1.3460575542855853,0.7933113895265601,0.6108238065856435,1.3022597367090245,-0.3529939619832391,1
16765.0,0.7906538260142463,-0.5571872395918231,-0.514939586022057,-0.3072650503773302,0.1727297634470911,-0.2793319497838588,0
16766.0,0.7432937237559131,-0.5571872395918231,0.149888241222193,0.0498740694236828,-0.7132292345010023,0.9728164833266352,0
16767.0,-0.6338830081757483,1.5110377522649707,1.5564479363024548,1.750047027588396,1.3022597367090245,0.8884211848072119,1
16768.0,-0.360624348634749,0.9303406571479472,0.4375328716433562,0.2937099202278743,0.7642790739473241,-0.5237155348827103,1
16769.0,0.7121203814881557,0.0739460908215904,0.1474645958450348,-0.3286910797782772,0.4791576523996084,0.0285518765526528,0
16770.0,-0.2415192631816249,0.9303406571479472,0.5262824456151213,0.5339424266269587,1.274447139088575,-0.3570574889842157,1
16771.0,-0.5950029105353472,1.0480979277381186,1.0445856022697957,1.010914116234806,1.6057396764320917,0.4747904185900213,1
16772.0,1.0232997359133336,-0.2017513803877423,0.9988514652066276,0.2147604356235464,0.2031181655606824,2.022527809866041,1
16773.0,-0.2524823540546596,-0.2017513803877423,-0.56997167516751,-0.4451323693240469,0.1880646595930938,-0.930761989122337,0
16774.0,-0.1411075792030422,0.8001660338568091,0.3879396400372059,0.3004385818660343,0.607142454731596,-0.4575693927969749,1
16775.0,-1.3187161125298097,1.5859404542672264,0.8567354315885445,0.4724858996865095,0.9275383145186272,-0.5147373447849668,1
16776.0,-0.2201397768252409,-0.5571872395918231,-0.2921717470813078,-0.0649184626094477,0.7413828979433381,0.1400425389890089,0
16777.0,-0.0382757972626953,0.2992073267345332,0.2452076430086079,-0.0294340794130107,0.8831819415705221,-0.0897885470968706,1
16778.0,-0.0876328522714647,-0.5571872395918231,-0.9565183678411184,-0.616396278646906,-0.7601216003714991,-1.1096869768050497,0
16779.0,-2.1519790306632065,3.0139138736317976,2.5767250840022937,2.4167903089155813,1.5782992235479505,1.0970096804401674,1
16780.0,0.1032463079562461,-0.2017513803877423,-0.308963255027434,-0.2204935429130606,0.4465549626877331,-0.4404181594596615,0
16781.0,0.94111068223374,-0.5571872395918231,0.0030728278238846,-0.3200367320370723,-0.1220981718085144,0.6961731700867083,0
16782.0,-1.3187161125298097,2.611849228042442,1.7415250587228823,1.4160335199677336,2.130036437980234,-0.023400821495859,1
16783.0,1.0441334768929462,-1.058145946714099,-0.621776194873295,-0.7302695639352857,-0.4115503779538524,0.4582547498076197,0
16784.0,-0.9040178174155592,0.2992073267345332,-0.0265920665024151,-0.0010388380035462,0.9637379981128577,-0.6005382466089878,1
16785.0,1.0033287148318906,-1.058145946714099,-0.3997087892323413,-0.3030623463730282,-0.144576100004755,0.877099669068386,0
16786.0,0.9778633268252848,-1.058145946714099,-2.067584320840642,-1.2626334870875635,-2.515817022689194,-2.2687073004739013,0
16787.0,0.9843250963403034,0.0739460908215904,0.0770946944647051,-0.0308172995627917,0.7178293264081053,-0.1038089190588057,0
16788.0,0.2348212583467873,0.2992073267345332,0.5330238584708107,0.4495436307255754,1.7189901967493495,0.4517019091765827,1
16789.0,-1.4474112861963695,-1.058145946714099,-1.7526787957234349,-1.7848322627584738,-1.614523128595098,-1.6747589051126262,0
16790.0,-1.8243736859341724,0.4896629879592288,0.3655407775197951,0.3887877638884077,0.5979759564957379,-0.1103844179651878,1
16791.0,-0.6752731880764764,1.5110377522649707,1.057379422981565,0.8722658661212669,1.8184866357374985,-0.0505323387652015,1
16792.0,0.7640205789835691,0.2992073267345332,-0.2879939141148125,-0.2804155698175485,0.6162076636214244,-1.0909380613214448,0
16793.0,-0.2524823540546596,-1.058145946714099,-0.9626725621104458,-0.8022464926048176,-0.7601216003714991,-0.1847153925219979,0
16794.0,-2.4120140217391843,1.5110377522649707,0.5831639605199276,0.7691800888275181,1.4320656120576276,-0.9405942726264396,1
16795.0,0.9289607210324548,-0.2017513803877423,0.7096754070362778,0.7077223562848015,1.6137959741395975,1.4774682984628102,1
16796.0,0.0292945563903604,-1.058145946714099,-0.8005360319959006,-0.6439488281553082,-0.6688728615528973,0.1210929347696119,0
16797.0,0.9762376600515654,0.2992073267345332,0.4862918015670812,0.3967866798633863,1.567060786745896,0.3637460989066903,1
16798.0,1.195966706816979,-0.2017513803877423,-0.0660455731851858,-0.567653913628976,0.9812559531764108,0.0164739571068955,0
16799.0,1.0367703053241684,-0.5571872395918231,-0.4525323487872063,-0.6800964371201603,0.5307717179635321,-0.1618715365435656,0
16800.0,-1.2629135238814884,-1.058145946714099,0.1841836947218323,0.0547551377532697,1.0207326504320022,1.9783887105325253,1
16801.0,0.4141260756992679,0.0739460908215904,0.3992679675565173,0.0029193741762231,0.435392980203531,0.5024323602374844,1
16802.0,1.3262356854422417,-0.5571872395918231,-0.3367451576099241,-0.1951237501287851,0.1083521949576072,0.0561113658378266,0
16803.0,-0.1696156146721137,-1.058145946714099,-0.7404142142189462,-0.4635866723774432,-0.4437267787202448,0.2344896660004604,0
16804.0,-0.8183807704906293,-0.2017513803877423,-0.3953963812801098,-0.4609184296153759,0.2745016951337471,-0.6028719621278892,0
16805.0,0.4557606165093461,0.2992073267345332,0.1188363377905577,0.5351148350279571,1.3177393102307873,-0.3273459046636512,1
16806.0,0.1220181417046876,0.0739460908215904,-0.107246006470032,-0.1793166116278707,0.3891614223084505,-0.4503538373252104,0
16807.0,0.3307197273670667,0.4896629879592288,0.5944324564865786,0.6959039702987088,0.7567177940893411,0.3201394720977563,1
16808.0,0.0968649100434169,-0.5571872395918231,-0.8421360735598189,-0.609684782260171,-0.5486003891756687,-0.8947535005992692,0
16809.0,-0.8183807704906293,0.9303406571479472,0.4456286376595251,0.517906900682315,0.8010741670374462,-0.5085167238984408,1
16810.0,0.5185490566485405,-0.5571872395918231,-0.0717243576912187,-0.1898123812478129,-0.1676872918813187,0.5552557618285268,0
16811.0,-1.7074462772723475,-0.5571872395918231,-0.382019979230367,-0.026676335587522,-0.3805884749031534,-0.0291314588918299,0
16812.0,0.9219131204530228,0.0739460908215904,0.6800623275620314,0.5315913215718552,0.6853342645162757,1.0312325076170314,1
16813.0,-1.4474112861963695,1.0480979277381186,0.4311211573919483,0.7368024991329325,1.4420098920812563,-0.6781516970625326,1
16814.0,-1.1198059414673356,2.546807042814728,1.871374054343915,1.526132735883984,1.43870850711454,0.2939848770337354,1
16815.0,1.0685541839756287,-0.5571872395918231,-0.5877150866349959,-0.4825737499159102,0.3650304751021734,-0.4162788126848211,0
16816.0,0.1220181417046876,0.0739460908215904,-0.5771407915392051,-0.3902905392135271,-0.321964036982949,-1.3319831600443552,0
16817.0,-1.9674812683483252,1.3460575542855853,0.7947638489573193,0.7538208078948723,0.7567177940893411,-0.3502661326796982,1
16818.0,-1.2629135238814884,1.15560189306089,0.9226014977493332,0.9668538337930468,1.1432544882744613,0.1161476493676811,1
16819.0,1.0838742983222271,-0.5571872395918231,-1.1701312785072466,-0.4425378060430995,-0.7132292345010023,-1.5106955375631328,0
16820.0,0.0773306527470905,-1.058145946714099,-0.450172807417039,-0.3157518899197936,-0.3805884749031534,0.7819186695825006,0
16821.0,0.9580779469522994,-1.058145946714099,-1.5112896884906586,-2.348795234230796,-1.3785107536966998,-1.2194710125129795,0
16822.0,1.3328038136515803,-1.058145946714099,-1.1748567546970492,-0.6989435988405914,-1.0458699940988507,-0.5849194240674402,0
16823.0,0.6254293898743742,0.654643185938614,0.6392041111057278,0.5615190465451568,1.0262202498700983,0.1954817870560577,1
16824.0,-1.0395356639262063,-0.2017513803877423,-0.2189637558686396,-0.1588145588172647,-0.1676872918813187,-0.2711932015704816,0
16825.0,-0.4907754257615954,0.2992073267345332,0.4859449703107271,0.630366601304611,0.1083521949576072,0.3630933629227393,1
16826.0,-0.3225146116861712,-1.058145946714099,-0.7203727576885051,-0.7506340680270399,-0.5121324717856456,0.2722901807501705,0
16827.0,0.9762376600515654,0.2992073267345332,-0.6214461857886345,-0.9036346224583336,-1.117253523671916,-1.7147870615133645,0
16828.0,0.0571826544512456,-0.5571872395918231,-1.4216356779418031,-1.3916223493687232,-1.2818823689972492,-1.981990148609344,0
16829.0,0.3902229910202726,-0.5571872395918231,-0.4278189896230036,-0.5491253379834612,-0.4115503779538524,-0.1153512897064482,0
16830.0,-0.4907754257615954,0.0739460908215904,0.1877762221461688,0.2242242095287697,0.3526935049184267,0.1043906569695574,1
16831.0,1.2085533323744282,-1.058145946714099,-1.6617619921350268,-1.5248267984910486,-1.4880589811139169,-1.5032792539295845,0
16832.0,0.4913989623501418,0.2992073267345332,-0.5761934017827441,-0.669042043482492,-0.6267921989603487,-1.6302685611813794,0
16833.0,-2.4120140217391843,0.4896629879592288,0.6851753222163646,0.37399026823985,0.5887058798168258,0.4909134857259211,1
16834.0,0.6282360691847436,-0.5571872395918231,-0.0246437469682856,0.2791787821368612,0.0200527453205781,0.6439534136405368,0
16835.0,0.2601733813722913,0.4896629879592288,0.3621736773169874,0.0236367070456399,0.2607132519567318,-0.1167146474143526,1
16836.0,-0.4749394310824503,0.0739460908215904,-0.1246225829784768,0.0535382624037394,0.0011923041824166,-0.4830045350594347,0
16837.0,-0.6338830081757483,1.15560189306089,0.8831313807841643,0.7529802698395117,0.8700553726182927,0.0419301102752567,1
16838.0,0.5349521297947235,0.0739460908215904,0.1586396199201027,0.0159439767922851,0.1880646595930938,0.0495745060568431,0
16839.0,-1.3798409325433134,2.7886526377188545,2.2888254520338043,2.066799034619194,0.9275383145186272,0.8074275127519909,1
16840.0,1.2502267205812954,-0.5571872395918231,-1.361095322543816,-0.9467793286780029,-1.1954453334565955,-1.868643507751616,0
16841.0,-0.5236711079833221,1.2544959545938104,1.0515353036509356,1.2788270120645886,1.211470473151452,0.24074821117163,1
16842.0,0.1095648339314894,-0.2017513803877423,0.220809932811635,0.2185623013469665,0.0565206627106016,0.5564682820311466,1
16843.0,-0.4296506057480915,2.5129551665095216,2.19444226901624,2.3780023424333505,1.642676792037434,0.940175647270877,1
16844.0,1.206283152308942,-0.5571872395918231,-0.298595508141477,-0.3737580832755742,-0.3805884749031534,0.1279461502311167,0
16845.0,1.2659591169727051,-1.058145946714099,-0.9337134290172808,-0.7144200996877884,-0.586765087019821,-0.1300951040232902,0
16846.0,-0.3349679194593694,-0.2017513803877423,-0.0714081675016602,0.0261810852237614,0.0914362748936436,0.0063833207546081,0
16847.0,-0.4296506057480915,-0.5571872395918231,-0.2979517189826,-0.4373791840002142,-0.1002197270566499,0.1291584421208919,0
16848.0,-0.2983107883386734,0.0739460908215904,0.3002364688227497,0.2962412419109327,0.4684334074395972,0.3160173431534028,1
16849.0,0.5017154078421048,-1.058145946714099,-1.443842564161462,-1.7651973438095343,-1.2818823689972492,-1.0922579023201733,0
16850.0,0.8722016442145482,-1.058145946714099,-0.7401764339304995,-0.4529780401521651,-0.6267921989603487,0.2349381472416798,0
16851.0,-1.8243736859341724,-0.2017513803877423,-0.718797460498571,-0.3975051008243698,-0.7132292345010023,-1.209995611072229,0
16852.0,-1.3187161125298097,-0.5571872395918231,-1.3356623480969427,-1.4253590231077382,-1.1954453334565955,-1.821006277351239,0
16854.0,1.014159554616912,-0.5571872395918231,0.2988782941267908,0.457500029428565,0.435392980203531,1.2536077964808336,1
16855.0,-0.7922005967383016,-0.5571872395918231,-0.748895716433813,-0.7262712480428852,-0.6267921989603487,-0.7194594800953684,0
16856.0,-1.0784157615666077,-0.2017513803877423,-0.6859061157409283,-0.6989435988405914,-0.7601216003714991,-1.1483098520044337,0
16857.0,1.0528591244028265,-1.058145946714099,-0.6974028759390449,-0.7105166998701326,-1.0458699940988507,0.3156140455875761,0
16858.0,0.935931715741001,1.0480979277381186,1.1617479221581617,0.732044221012627,0.4684334074395972,0.6953106067675316,1
16859.0,0.3395657324261091,0.654643185938614,0.5263868108018157,0.8809775290939846,0.5887058798168258,-0.0166952502867642,1
16860.0,1.0671431268633091,-0.2017513803877423,0.3952061419204784,0.1507370727512551,-0.144576100004755,0.8849386047516938,0
16861.0,-0.2201397768252409,0.2992073267345332,0.0125183960988365,0.1412123874791795,-0.0581390644641013,-0.5270899818074998,0
16862.0,1.187826477146772,0.0739460908215904,-0.2444806601987427,0.0210824477624261,-0.1676872918813187,-0.7081327972349044,0
16863.0,-0.6338830081757483,-0.2017513803877423,0.0509643790157496,0.2660850330805747,0.0200527453205781,0.2366898825980035,1
16864.0,1.0397257262171895,-0.5571872395918231,-0.5907299051482732,-0.3691098594149052,-0.7132292345010023,-0.421951312509673,0
16865.0,0.9907224082272228,-1.058145946714099,-1.408130189971196,-0.7547837407119178,-0.8098576192004525,-1.024900216750969,0
16866.0,0.3217499979517362,-0.2017513803877423,-1.0776183237939014,-1.3807506813715704,-1.117253523671916,-1.881704841344216,0
16867.0,1.3365270473241957,-1.058145946714099,-1.789362260879077,-1.4026767430063911,-1.4880589811139169,-1.743948181030777,0
16868.0,0.9778633268252848,-0.2017513803877423,-0.6191403442777633,-0.9523769874762636,0.0914362748936436,-1.0230474292021967,0
16869.0,-0.8183807704906293,0.0739460908215904,-0.0860722952898397,0.1073073766820068,0.8010741670374462,-0.4105643422589353,1
16870.0,1.0893557436471168,-1.058145946714099,-0.5222336964293136,-0.3807925988742401,-0.321964036982949,0.6460034633274905,0
16871.0,-0.8456753236698794,0.4896629879592288,0.7966720131308918,0.6076843212032644,0.921346639414674,0.7008057586293953,1
16872.0,-0.0624796206101934,0.4896629879592288,0.1911254308826475,0.5094356767321276,-0.9802035124500996,-0.4381531688072274,0
16873.0,-1.7074462772723475,1.2544959545938104,1.9841431958321727,1.8742287854937372,1.4550841617278796,1.9970514483439212,1
16874.0,0.9530347346034082,-1.058145946714099,-1.0438986342777057,-1.186166978263674,-0.2412044847042052,-0.3379171987058895,0
16875.0,-0.150470157144488,1.15560189306089,1.091492671644136,0.946804515415001,1.0893585536871893,0.4338507472384971,1
16876.0,0.9938972919331752,-1.058145946714099,-1.381013654845476,-0.6617743348522026,-0.2159596295778201,-0.9737552820290888,0
16877.0,-1.2115801184678894,0.4896629879592288,-0.061809339233649,-0.0462278667786565,0.7865535568710715,-0.912875610320198,1
16878.0,-0.0073625747303351,-1.058145946714099,-3.0094060216485508,-2.397537599248726,-1.9471638881929467,-4.045092416940434,0
16880.0,-0.6338830081757483,0.8001660338568091,0.4914313031889681,0.398230634205814,0.9151078788768328,-0.2631666085149514,1
16881.0,-0.150470157144488,-1.058145946714099,-0.5518387732573247,0.1239313687523604,-2.515817022689194,0.590164849921137,0
16882.0,-0.150470157144488,-0.2017513803877423,-0.199434514997951,-0.1039727287067449,-0.0581390644641013,-0.2344642379193113,0
16883.0,0.5017154078421048,1.7867352234743037,0.6814431694230555,0.5100443958304641,1.0791672045283929,-1.0754095531756738,1
16884.0,-0.5070123740010525,0.0739460908215904,0.1033704931249601,0.0312405020086414,0.3401681767824983,-0.0543901794069971,1
16885.0,-1.0784157615666077,0.0739460908215904,-0.1937220260999314,-0.1827966247136157,0.8567153541898691,-0.6128123836565077,1
16886.0,1.071367018304198,-1.058145946714099,-1.391663400150315,-1.5248267984910486,-1.2818823689972492,-0.993841938598424,0
16887.0,-0.5583457794146515,-0.2017513803877423,-0.246231772314763,-0.1039727287067449,0.6514988276797011,-0.3224717578183314,0
16888.0,0.9891290528763732,-0.2017513803877423,-0.5433187755657993,-0.7977873505159858,0.0384893202353487,-0.880724206151004,0
16889.0,0.5284411581469689,0.4896629879592288,0.7207197788944665,0.7748994373777968,1.0994248524597794,0.5578190213721625,1
16890.0,1.1001800545869456,-0.2017513803877423,-0.8496695649021506,-0.468955852714794,-0.7132292345010023,-1.4552694102240238,0
16891.0,-2.1519790306632065,1.15560189306089,0.5713243596957195,0.2911688187844755,1.6878474509651678,-0.5438635077308306,1
16892.0,-2.4120140217391843,0.654643185938614,-0.1435136831673628,-0.1933485238451358,0.8431548296299944,-1.2737721237342676,1
16893.0,0.932455689893557,-0.5571872395918231,-0.6039895762664892,-0.6581703754853391,0.5207054191909427,-0.4468992178848874,0
16894.0,1.1328744525473045,-0.2017513803877423,0.2541268693998116,0.0133596082852886,1.207095033142026,0.6192109690144172,1
16895.0,-0.1696156146721137,0.2992073267345332,0.1345295381996767,-0.0901899462501785,0.9458378031172426,-0.2978529636557408,1
16896.0,1.197121207936731,-1.058145946714099,-1.5731020789005756,-2.147939328993969,-0.6688728615528973,-1.3360563600826998,0
16897.0,0.8014326545102536,-0.5571872395918231,-0.8387578988297226,-1.2536847648443734,-0.1002197270566499,-0.8884037588905894,0
16898.0,-0.7428435417295326,0.2992073267345332,0.0637195850097971,0.3169651030602791,1.3552066913673189,-0.4309105000008919,1
16899.0,-1.4474112861963695,0.8001660338568091,0.4429513013967974,0.3274888625918719,0.7098254282188435,-0.3542474600330477,1
16900.0,-1.0028785328055103,-0.2017513803877423,-0.0341949993619638,0.3394260493981089,0.5001945244425666,0.0764098373035324,1
16901.0,1.37173882162198,-1.058145946714099,-1.0897329288791795,-1.6107384274973675,-0.4772168596026035,-0.4243660017903354,0
16902.0,0.1975553704657846,-1.058145946714099,0.4370098774644578,0.1549263922572553,0.0200527453205781,2.4552482559133426,1
16903.0,-0.6752731880764764,-0.2017513803877423,0.095524840507506,0.2678460005014682,1.0207326504320022,0.3205733255178232,1
16904.0,-1.8243736859341724,1.9044924940644756,1.2300295134290369,1.1383638568501628,1.988962657158903,-0.1816182585660273,1
16905.0,-1.7074462772723475,1.6565606001831652,1.2161083407843087,0.9341556459932796,1.1384985731749109,0.0783467404713108,1
16906.0,-0.0226329437380984,0.654643185938614,0.3189571041344008,0.1380065926412373,1.1803407147432114,-0.4065299132878189,1
16907.0,-0.6752731880764764,0.9303406571479472,0.437440110047525,0.0449565067865308,0.7717713000569296,-0.5238896788457803,1
16908.0,1.3655594532482656,-1.058145946714099,-0.937369759450502,-1.370055796318314,-0.586765087019821,-0.1369913678881874,0
16909.0,-0.10496702096475,-1.058145946714099,-0.6456586491604875,-0.0856591296733116,-0.6688728615528973,0.413209667172479,0
16910.0,-1.8243736859341724,0.8001660338568091,0.3487794107238404,0.3799492756046707,1.6452525965305758,-0.5310985993131015,1
16911.0,1.284342308027405,-0.5571872395918231,-0.9298505565972156,-0.7383398607540069,-0.2672508963742018,-1.0595875600442906,0
16912.0,-0.6752731880764764,1.5110377522649707,1.1321391313649585,0.8054966257344327,0.9151078788768328,0.0900105030408427,1
16913.0,0.7818983972139277,-0.2017513803877423,-0.5654294096857025,-0.5078198702626843,-0.6688728615528973,-0.922235011075541,0
16914.0,-0.540774126845729,-1.058145946714099,-1.0751370823491546,-0.9248532670431824,-0.4115503779538524,-0.3968365399867641,0
16915.0,-1.3798409325433134,1.15560189306089,0.3644030476959295,-0.630028288668433,0.2031181655606824,-0.9319566069031964,1
16916.0,-0.7922005967383016,0.0739460908215904,0.1357995774741986,0.2826268683501283,1.1803407147432114,0.006608372955632,1
16917.0,0.752588454545872,-0.5571872395918231,0.4980400986292875,0.307099103987937,0.0565206627106016,1.629017463628203,1
16918.0,-0.3349679194593694,1.5859404542672264,0.8926795967475456,0.9373407415097778,1.5411968671369618,-0.4472653284626425,1
16919.0,0.3861510713168414,2.062432694683636,1.2291221244663186,1.0417178995717598,1.380451546493704,-0.3640165924081631,1
16920.0,1.0048872215498614,-1.058145946714099,-0.6920256686775393,-1.186166978263674,-0.4772168596026035,0.3257560830234308,0
16921.0,-0.2097114950440718,-0.2017513803877423,-0.5278295994554273,-0.3330613346531344,0.5001945244425666,-0.8516411582154071,0
16922.0,1.2175545355560562,-1.058145946714099,-0.3024232756824456,-0.3737580832755742,0.8634124775613803,1.0605914469384363,0
16923.0,-1.2115801184678894,2.4054512011867506,1.9203223465798416,1.6662453359188534,1.894024063081836,0.54573403914987,1
16924.0,-0.8741833591389503,-0.2017513803877423,-0.0677096633158248,-0.0050210152869876,0.4009658426149288,0.0133426686121636,1
16925.0,1.1795815951948991,-1.058145946714099,-1.4376714011554277,-0.9141583819899256,-0.6688728615528973,-1.080618372135421,0
16926.0,0.939389002813624,0.2992073267345332,0.3051828343602472,-0.4853314937413989,0.3274486497920416,0.0230008645573569,0
16927.0,0.1975553704657846,-0.2017513803877423,-0.3873248863406304,0.4548585763248419,-1.614523128595098,-0.5877042571448785,0
16928.0,-0.0382757972626953,2.2876939305965798,1.070554560901129,1.1256013541220988,0.9458378031172426,-0.9171616659105508,1
16929.0,-1.8243736859341724,0.654643185938614,0.2383644252661996,0.4110855242835056,0.1571027565423948,-0.5578743611930378,1
16930.0,-0.7428435417295326,-0.2017513803877423,-0.6429907986890752,-0.2468813028931192,0.0914362748936436,-1.0678014058971363,0
16931.0,-1.7074462772723475,2.0119964593872464,1.2441040595429944,1.2759850620626223,1.9579356926023903,-0.2782986321275783,1
16932.0,-0.2983107883386734,-0.2017513803877423,-0.5374875623272718,-0.5078198702626843,0.8223842757380923,-0.8697756354028441,0
16933.0,-2.4120140217391843,0.9303406571479472,0.8854606946971177,0.7462170129318713,1.3177393102307873,0.3181939365345795,1
16934.0,-0.2749873017098188,0.4896629879592288,0.5900478638702982,0.4181200398821714,0.9024861982765124,0.3118890941045915,1
16935.0,0.9580779469522994,-0.2017513803877423,-0.397932337249357,-0.3807925988742401,0.217900422374825,-0.6076373229922385,0
16936.0,-0.7428435417295326,-0.5571872395918231,-0.3766494316737407,-0.2449609484229135,0.8634124775613803,-0.0190203624045329,0
16937.0,1.1290379992392874,-1.058145946714099,-1.0973560836277034,-0.8984352203714877,0.1249263557760024,-0.4387441570443319,0
16938.0,-1.3798409325433134,0.9303406571479472,1.4580535657313545,1.528465082082685,2.0891543045374834,1.3963007898645174,1
16939.0,1.1160814939519808,-0.2017513803877423,-0.5240888354157203,-0.4992963694822978,-0.0789096183560038,-0.8446169426697077,0
16940.0,-0.3102985242592435,0.8001660338568091,1.3921656795830215,1.448664367096686,1.7467244340796466,1.4320465875956,1
16941.0,1.2597123935708792,-1.058145946714099,-2.385299576372715,-2.397537599248726,-2.183176263091345,-2.867955173736322,0
16942.0,-1.1640528084915374,0.9303406571479472,0.5219679066179175,0.3218431546327024,1.0791672045283929,-0.365161572380226,1
16943.0,0.5817849890277144,0.2992073267345332,0.240639797559852,-0.7977873505159858,-0.4437267787202448,-0.0983776995024127,0
16944.0,1.2576165577225409,-1.058145946714099,-1.591108285925486,-1.892897819902408,-1.3785107536966998,-1.3700181578790642,0
16945.0,-0.8456753236698794,2.442335020593583,1.5975829473492835,1.6251243880306243,1.3839953665057922,-0.1028800728425378,1
16946.0,0.9597502430728068,0.2992073267345332,0.1963942579555948,0.0159439767922851,0.4009658426149288,-0.1815660401024852,0
16947.0,0.6502579820962507,0.2992073267345332,0.0190438246797174,0.18152526472149,0.1411722937225966,-0.5148337684093531,0
16948.0,0.3126530340951926,0.654643185938614,-0.0492314728886057,0.944294127104787,-0.586765087019821,-1.0972459109427943,0
16949.0,-1.8243736859341724,0.4896629879592288,0.2332771948314707,0.3054402861129218,0.2466890975132978,-0.3589667946714271,1
16950.0,-0.2524823540546596,1.0480979277381186,1.0105233429474854,1.059636187174183,0.7865535568710715,0.4106938898058455,1
16951.0,0.294062596246371,-0.2017513803877423,0.2284919817276082,0.640922532668474,0.4465549626877331,0.5709347715056322,1
16952.0,0.1579897300569208,0.2992073267345332,-0.1096835598402015,-0.2411369787048411,0.4791576523996084,-0.7565216245062013,0
16953.0,-0.6542442484349309,-1.058145946714099,-2.7055676050686475,-2.5074125686447046,-2.515817022689194,-3.472017873679955,0
16954.0,-2.4120140217391843,1.847016261407861,1.352325632913555,1.384763695643513,0.5505411819726732,0.114311906157392,1
16955.0,0.4948562494227654,0.4896629879592288,0.2461155480833672,0.3314920456060788,-0.1914684658752519,-0.3348450330841023,1
16956.0,-0.9682038613741812,-1.058145946714099,-0.7932407180405032,-0.9637172845910724,-0.7601216003714991,0.1348527442104031,0
16957.0,0.6583250720961007,-0.5571872395918231,-0.5778650924885244,-0.6951307131548892,-0.8098576192004525,-0.3977452612321641,0
16958.0,1.0411983450016138,-1.058145946714099,-0.1001424595148774,0.0798028421345739,0.4009658426149288,1.4421165603208668,0
16959.0,0.0148821476427679,-1.058145946714099,-1.486513955145914,-1.5115390548677536,-1.3785107536966998,-1.1727411018245824,0
16960.0,-0.4907754257615954,0.8001660338568091,0.5666202209198156,0.7324782170289057,1.685402164334772,-0.1218615377573048,1
16961.0,0.1975553704657846,-0.2017513803877423,-0.113495800763906,-0.0198321433522951,0.1727297634470911,-0.0728054693466931,0
16962.0,1.0033287148318906,-1.058145946714099,-0.9417877049558444,-0.7506340680270399,-0.8098576192004525,-0.1453241262375848,0
16963.0,0.5017154078421048,-1.058145946714099,-1.529153913165474,-1.7276030581980808,-1.3785107536966998,-1.2531650151063944,0
16964.0,1.3752433396257897,-0.5571872395918231,-1.077238691862249,-1.5115390548677536,-1.4880589811139169,-1.3363801533871933,0
16965.0,0.6254293898743742,-1.058145946714099,-1.1005919931017514,-0.3508386584307874,-0.3805884749031534,-0.4448474581500517,0
16966.0,-1.4474112861963695,0.654643185938614,0.6048993661744706,0.908767915772886,-1.2818823689972492,0.1309544239105409,1
16967.0,0.5085019812125491,-1.058145946714099,-0.7697131655658894,-0.2624493891945898,-0.5486003891756687,0.1792284408066246,0
16968.0,-1.8243736859341724,-0.5571872395918231,-0.5395787494156178,-0.2763804593773598,-0.2412044847042052,-0.3257007724915526,0
16969.0,-0.4907754257615954,-0.2017513803877423,-0.2575474350777432,0.3258807421359825,0.0011923041824166,-0.3437495937708442,0
16970.0,1.2741945456928905,-1.058145946714099,-1.840642282868084,-2.397537599248726,-2.183176263091345,-1.8406682584670984,0
16971.0,-0.5070123740010525,-1.058145946714099,-0.6884764382145869,-1.2626334870875635,-0.0378814165327151,0.3324503439051773,0
16972.0,0.9597502430728068,-0.5571872395918231,-0.1210623237954577,-0.630028288668433,0.2031181655606824,0.462312736641559,0
16973.0,0.9647411258391284,-1.058145946714099,-1.430031032992343,-1.3807506813715704,-1.4880589811139169,-1.0662077503822949,0
16974.0,1.1591056242877176,-0.5571872395918231,-0.6719899046916633,-1.2809046880716817,-1.614523128595098,-0.5748226580754082,0
16975.0,1.0232997359133336,-0.2017513803877423,-0.0032185746212907,0.1084288107794422,0.0384893202353487,0.1347064714733911,0
16976.0,0.7290940618003953,-1.058145946714099,-0.9404166695190594,-1.132288371569837,-2.183176263091345,-0.1427381941636433,0
16977.0,0.9794848831855826,0.0739460908215904,-0.4525033504911561,-0.8203916692661117,-0.4115503779538524,-1.0984414127016198,0
16978.0,-0.0543097623705864,-0.2017513803877423,-0.1371396228868009,-0.3644942549377236,0.3526935049184267,-0.1172867853251653,0
16979.0,-1.8243736859341724,0.9303406571479472,0.8087116425469281,0.7041084958809167,0.5407159979871611,0.1738192924255601,1
16980.0,0.6997152519968288,-0.2017513803877423,0.3310472402162891,0.4846130727804154,0.6251737972068488,0.76408432225727,1
16982.0,-0.2097114950440718,-1.058145946714099,-0.6363921379419888,-0.6581703754853391,-0.5121324717856456,0.430687383597988,0
16983.0,-1.1640528084915374,1.15560189306089,0.9962678680591504,1.0638439324411662,1.0370865419358446,0.2546979027974052,1
16984.0,0.0221288371626836,0.9303406571479472,1.763039863764248,1.559538324056891,2.254055298831019,1.9710082246593563,1
16985.0,-1.0028785328055103,2.0119964593872464,1.774231904972787,1.2038117725604565,0.9151078788768328,0.7186182861614618,1
16986.0,-0.6542442484349309,1.15560189306089,1.1949934193766354,1.0719206230008775,0.3526935049184267,0.6286367956241763,1
16987.0,-1.9674812683483252,1.15560189306089,0.7221414041140891,0.2051584995628302,1.0583966506364906,-0.2606468373351762,1
16988.0,-1.7074462772723475,-0.5571872395918231,-0.6389980609075875,-0.7506340680270399,-0.586765087019821,-0.5127617248835338,0
16989.0,-1.5229485149574664,0.4896629879592288,0.1420846482903764,0.5971098018075677,-1.3785107536966998,-0.5302572757392304,1
16990.0,0.6025224834477799,-0.5571872395918231,-0.7155527185957684,-0.5964638157260045,-2.515817022689194,-0.6567567309974736,0
16991.0,1.0202674598207486,-1.058145946714099,0.0811021601016392,0.307099103987937,0.457567115373851,1.783964963739726,0
16992.0,-1.2629135238814884,1.3460575542855853,1.276786230118676,0.9347939002294944,1.3138967127742598,0.5560581767262412,1
16993.0,1.0824965852277768,-0.5571872395918231,0.5332638561941286,-0.3644942549377236,-0.6267921989603487,1.6954186984580717,0
16996.0,-0.6542442484349309,0.9303406571479472,0.5943408877793626,0.4039749583940921,-0.2159596295778201,-0.2291962779625415,1
16997.0,0.777475447277631,-0.2017513803877423,-0.2026255197749811,-0.2113201593606197,-1.3785107536966998,-0.2404658071344643,0
16998.0,0.3611612137995771,0.2992073267345332,-0.6035782022248909,-1.0235513279573645,-2.183176263091345,-1.6814212831065,0
16999.0,-0.8183807704906293,-0.5571872395918231,-0.4688981715614727,-0.3441157282908022,-0.5486003891756687,-0.1926766851951272,0
17000.0,0.9811023498659778,-0.5571872395918231,-0.5959302208252152,-0.3200367320370723,-0.3805884749031534,-0.4317357756038793,0
17001.0,-2.4120140217391843,1.7867352234743037,1.415669189278425,1.3339259061833404,0.7642790739473241,0.3029388323499189,1
17002.0,0.0075526370213185,0.654643185938614,0.7321971098942545,0.6139483774919209,0.3401681767824983,0.3704418224155107,1
17003.0,0.9907224082272228,0.0739460908215904,-0.0819510813789754,-0.0023635533331493,0.6162076636214244,-0.4028192893509386,0
17004.0,-0.3873500989396135,0.0739460908215904,0.6899790957242147,0.6222087176356097,0.1083521949576072,1.049913425121842,1
17005.0,1.092078996990952,-0.5571872395918231,-0.1623994460119977,0.3021100463966054,-0.862804573858747,0.3844479222854395,0
17006.0,-1.7074462772723475,0.8001660338568091,0.4066065558581959,0.0936988718044614,0.7257558910386418,-0.4225132543321855,1
17007.0,-0.3225146116861712,0.654643185938614,0.1336816000687128,0.2409232403539764,0.3274486497920416,-0.7543396829903213,1
17008.0,1.0323114794921844,-1.058145946714099,-1.7477624490668828,-1.967436469196142,-2.515817022689194,-1.6654861043047895,0
17009.0,1.1924906809695346,-1.058145946714099,-0.9679304490188086,-0.2565680897491287,-1.117253523671916,-0.194632377913254,0
17010.0,-0.9682038613741812,-1.058145946714099,-1.1216752087263244,-0.9412289080697872,-1.0458699940988507,-0.4846128515473575,0
17011.0,-0.6542442484349309,-0.2017513803877423,-0.234373000053498,0.3062702180070226,-0.3507527121214226,-0.3001715850373245,0
17012.0,1.3682150479281203,-1.058145946714099,-0.636205024348042,-0.4047996776888514,-0.1676872918813187,0.4310403015686512,0
17014.0,-1.4474112861963695,-0.2017513803877423,-0.3321665872908521,-0.4635866723774432,0.3274486497920416,-0.4840361751742891,0
17015.0,-0.6752731880764764,-0.2017513803877423,0.4920960895388578,0.908767915772886,1.189356113787718,1.0674723463481737,1
17016.0,1.22200820066849,-1.058145946714099,-0.3750460416585666,-0.3114947816027251,-0.0181119525235737,0.9236164754698984,0
17017.0,-1.9674812683483252,2.2876939305965798,1.9587188949079288,2.0111033179292326,0.8499631098416093,0.7514951236003299,1
17018.0,-0.4594850640247002,0.4896629879592288,0.6479499307189825,-0.056225988880909,-0.3805884749031534,0.4208512486072627,1
17019.0,-1.2629135238814884,1.15560189306089,1.052638620214746,1.0983142019496104,1.7095331115410488,0.360744833045628,1
17020.0,1.1819481115290005,-0.5571872395918231,0.0041276156052831,0.360381763362304,0.3401681767824983,0.6981604989888656,0
17021.0,1.0514130692268566,0.4896629879592288,0.1725426049505165,0.4541965521735231,-0.144576100004755,-0.4730569276426422,0
17022.0,-0.6338830081757483,-0.5571872395918231,-0.9166155107981444,-0.6653981508446892,-0.7601216003714991,-1.0347208814211564,0
17023.0,1.014159554616912,-0.2017513803877423,-0.1084232776622657,0.042483868766071,0.1083521949576072,-0.063262009183023,0
17024.0,-0.4011425702790203,-0.2017513803877423,-1.630980594326239,-1.2902342195152068,-2.183176263091345,-2.9105898423193057,0
17025.0,-0.2097114950440718,0.2992073267345332,0.3490559476190253,0.4750576368391155,-0.2412044847042052,0.1055254961846831,1
17026.0,0.4948562494227654,-0.2017513803877423,-1.0733503732421303,-0.8680734789258341,-1.7640984679528429,-1.8737311632759623,0
17027.0,-0.0462426723707365,0.9303406571479472,0.2557836121632402,0.1795169549510284,0.8896672959534744,-0.8647003985563603,1
17028.0,1.226431150604787,-0.2017513803877423,0.387659559440307,0.3573190293585997,0.5698454386786636,0.870722608263356,1
17029.0,0.1695454516810397,0.654643185938614,0.5989691601289159,0.6139483774919209,-0.6267921989603487,0.1198005355551072,1
17030.0,-0.1794070292720186,-1.058145946714099,-1.326047101690128,-0.8022464926048176,-1.0458699940988507,-0.8700819786375149,0
17031.0,-1.2115801184678894,0.4896629879592288,0.7867453394672511,0.7663016556171737,-0.1676872918813187,0.682116344699512,1
17032.0,1.188995712108433,0.8001660338568091,0.8443066981948301,0.8062726977286697,1.193826931703096,0.4004035058969777,1
17033.0,0.0075526370213185,0.0739460908215904,0.2588588406445313,0.3687314777215735,-0.1914684658752519,0.2381445503390134,1
17034.0,-1.0395356639262063,0.2992073267345332,0.2319605001926461,0.2251631403646062,0.1249263557760024,-0.1146973634622387,1
17035.0,0.6767627952879732,0.0739460908215904,-0.2994743304080906,-0.2743721496068976,-0.2941514393624997,-0.8113720552804761,0
17036.0,0.9597502430728068,-1.058145946714099,-1.192818012510858,-1.2275467185765694,-0.9802035124500996,-0.6187964424309998,0
17037.0,0.0221288371626836,-1.058145946714099,0.2225904331694802,0.1825271246848983,0.4684334074395972,2.0508282800305526,1
17038.0,-0.6542442484349309,-0.5571872395918231,-0.161614681314351,0.0486481213729288,0.3014022381220454,0.3859260922367077,0
17039.0,1.2512876392662955,-1.058145946714099,0.5347537446744014,0.2147604356235464,0.0384893202353487,2.6396045420221483,1
17040.0,0.3080557011550128,-0.5571872395918231,-0.5016238987839784,-0.6334808999499925,-0.8098576192004525,-0.2542714994272308,0
17041.0,-0.7195200551006783,0.4896629879592288,0.4282654287731715,0.6503293153955485,0.6428173386552047,0.0075563979982016,1
17042.0,-1.9674812683483252,0.2992073267345332,0.0832905994650403,0.4555199347906272,0.457567115373851,-0.3941399191415231,1
17043.0,-0.6141483680629726,0.8001660338568091,0.7446930173672529,0.7781454448980404,1.1573590143130723,0.2129886281045122,1
17044.0,-0.7670473650770303,1.2544959545938104,1.839709884924477,1.6062064565394432,0.6340429977198944,1.7248602350572106,1
17045.0,0.1808966364835151,0.2992073267345332,-0.0841043881563362,-0.3441157282908022,0.0384893202353487,-0.7085122369328352,0
17046.0,0.3902229910202726,0.2992073267345332,0.5165022539818367,0.7829846152657581,0.4791576523996084,0.4206047271825302,1
17047.0,0.0001383902963132,0.4896629879592288,0.6484314875770958,0.5704601655615137,0.8082392174469527,0.4217575415045211,1
17048.0,0.208425549321441,0.654643185938614,0.5765092334494893,0.5027023184123969,0.5979759564957379,0.0775589003625905,1
17049.0,-1.9674812683483252,1.7867352234743037,1.7068153172631602,1.4146509459565353,1.6400928747608428,0.8508527254776441,1
17050.0,0.0773306527470905,1.15560189306089,1.1653670321939191,1.0487293412907943,1.2372441024225518,0.5728744044908333,1
17051.0,0.5251607151948186,0.0739460908215904,-0.1900360679039817,0.0210824477624261,0.7567177940893411,-0.6058893446485417,0
17052.0,-0.6970151074455184,-1.058145946714099,-0.5828688109216545,-0.4221417240201969,0.435392980203531,0.5316385948741069,0
17053.0,0.2749171387187454,-1.058145946714099,-0.4489165756024947,-0.9194840867058316,-0.91940584661767,0.7842880686909242,0
17054.0,-0.6970151074455184,0.2992073267345332,0.2714656330471424,0.3161485654770629,0.3401681767824983,-0.0404111251748496,1
17055.0,1.0571778289304523,-1.058145946714099,-0.9754104641812086,-1.1397203256595403,-0.4437267787202448,-0.2087405552827423,0
17056.0,1.3795972273515245,-1.058145946714099,-1.4210794500812238,-1.9168175809686256,-1.2818823689972492,-1.0493240253221408,0
17057.0,1.242750738519486,-1.058145946714099,-0.826569986168415,-0.8830791702047491,0.1083521949576072,0.071989873462832,0
17058.0,-0.0226329437380984,-0.2017513803877423,0.1711222119900899,0.1151175559381492,0.1571027565423948,0.4629045925574854,1
17059.0,-0.6542442484349309,0.9303406571479472,1.2931782571858097,1.29856757068591,1.7213375318475266,1.0857231398840277,1
17060.0,0.7266965816295208,-1.058145946714099,-0.9914953274250352,-0.5460873605785668,-1.614523128595098,-0.2390784755517521,0
17061.0,-0.0876328522714647,1.15560189306089,1.2439126879633575,0.7372333677620366,0.2466890975132978,0.7207221450280342,1
17062.0,0.8327230162471487,0.4896629879592288,0.1882054092222652,0.4061162113069113,0.5407159979871611,-0.4436380353391125,1
17063.0,-0.8741833591389503,1.3460575542855853,0.9822118978686278,0.8809775290939846,1.031671386584256,0.001956321053849,1
17064.0,-0.2307404346856175,-0.2017513803877423,-0.0570783905846007,-0.292671594109595,0.1880646595930938,0.0333476347695817,0
17065.0,1.286352733494551,-0.5571872395918231,-1.1241013268372009,-1.178194505634738,-1.4880589811139169,-1.424333399889614,0
17066.0,1.369097808148474,-1.058145946714099,-1.0097988627209775,-1.0963383891618057,-0.7132292345010023,-0.2736010690007462,0
17067.0,1.3682150479281203,-0.2017513803877423,-0.5152716966910531,-0.2844755885045728,-1.2818823689972492,-0.8280599332937962,0
17068.0,-1.2115801184678894,2.868391025713604,1.647476957835053,1.4386585759569614,1.448573071542019,-0.4876853820733107,1
17069.0,-0.6970151074455184,1.4312993642702228,1.3174240817114489,1.250826442697453,1.274447139088575,0.5320551740726264,1
17070.0,0.1864977655259916,-0.5571872395918231,-0.5300059135130908,-0.4936747887746049,0.7178293264081053,-0.3076859245041263,0
17071.0,-0.6970151074455184,1.3460575542855853,1.013720045641921,0.8933230186514618,0.9812559531764108,0.0611932440872995,1
17072.0,1.2731708819498868,-1.058145946714099,-0.858173133571225,-0.5400531812013325,-0.586765087019821,0.0123826668846737,0
17073.0,-0.9682038613741812,0.0739460908215904,0.3176088941390233,0.2783139287067839,0.9870131210634252,0.348715144654552,1
17074.0,1.206283152308942,-1.058145946714099,-1.0939933684512966,-2.1142026552549544,-1.7640984679528429,-0.4324016856559987,0
17075.0,-0.9682038613741812,1.0480979277381186,0.6333290256622914,0.3021100463966054,1.0478107868958555,-0.2985227838083991,1
17076.0,-0.540774126845729,0.4896629879592288,0.2084940596698102,0.0223608173365031,-0.2412044847042052,-0.4055266728749916,1
17077.0,1.2231168011153777,-1.058145946714099,-0.7996435401120231,-1.709582179172762,-2.515817022689194,0.122776278121891,0
17078.0,-0.540774126845729,-0.5571872395918231,-0.6474427193112716,0.3029441884726516,-0.321964036982949,-0.5286476826170059,0
17079.0,-0.0543097623705864,-1.058145946714099,-1.477739040258994,-1.967436469196142,-2.183176263091345,-1.1561905931773362,0
17080.0,-0.8456753236698794,0.654643185938614,0.0207900429064714,0.0890994059362388,-0.3805884749031534,-0.9660397193611096,1
17081.0,-0.7670473650770303,0.4896629879592288,0.0259288116811491,-0.1604988643185178,1.114296432923324,-0.748297716468531,1
17082.0,-0.5950029105353472,0.4896629879592288,1.171519673517995,1.0685456907075157,0.8293663864529791,1.4068336577423175,1
17083.0,0.1579897300569208,0.9303406571479472,1.0593567071644692,0.9000828000318645,-0.2672508963742018,0.6454510582415333,1
17084.0,-0.5583457794146515,-0.2017513803877423,1.2398724068481424,1.24268794788472,1.4899997739109212,2.476913917215485,1
17085.0,0.2348212583467873,2.245808014503504,1.5399848594408916,1.3020441952329018,1.8551355954006,0.0113550567714499,1
17086.0,-1.5229485149574664,0.4896629879592288,0.5689603195690036,0.8669829386118938,0.4791576523996084,0.2722108599418852,1
17087.0,1.3795972273515245,-1.058145946714099,-1.0315202028176982,-0.96946160877935,-0.9802035124500996,-0.3145700392680727,0
17088.0,-0.6970151074455184,0.0739460908215904,0.547902926923883,0.3664647749423084,0.6685909679263046,0.7823070438030606,1
17089.0,0.9647411258391284,-1.058145946714099,-1.4219139529626783,-1.7276030581980808,-1.7640984679528429,-1.0508979946806645,0
17090.0,-1.8243736859341724,1.3460575542855853,0.8782304996057086,0.6625051710449167,0.2031181655606824,-0.1934715175013457,1
17091.0,-1.9674812683483252,1.7867352234743037,1.5326148312187529,1.344789023521841,1.421999313285038,0.5229614846462994,1
17092.0,-0.3349679194593694,1.15560189306089,1.2922041251434102,1.3372210212724025,1.520501170041236,0.8116373710941912,1
17093.0,1.2395198742615607,-1.058145946714099,-0.9864890682883588,-0.9637172845910724,-0.91940584661767,-0.2296360893634342,0
17094.0,0.848807249829656,-0.5571872395918231,-0.6032206764633509,-0.5583243821854503,-0.6688728615528973,-0.4454525733745061,0
17095.0,-0.8183807704906293,0.654643185938614,0.7323931591823851,0.8062726977286697,0.7791957222855813,0.3708107338421929,1
17096.0,-1.0784157615666077,1.15560189306089,1.0057120809259568,0.7563359961944226,1.094407142278882,0.2724632282649033,1
17097.0,-2.1519790306632065,0.9303406571479472,0.2629853927832197,0.186519373292834,1.189356113787718,-0.851197932185344,1
17098.0,0.9580779469522994,-0.2017513803877423,-0.3263744388133173,-0.9036346224583336,-1.117253523671916,-0.4731484371708084,0
17099.0,1.17122933502038,-1.058145946714099,-0.3372886379650448,-0.2947366536986517,-0.0378814165327151,0.9948313242040646,0
17100.0,-0.9682038613741812,-0.5571872395918231,0.031394270756365,0.3128722402026256,0.3526935049184267,0.7495347516180527,1
17101.0,-1.3187161125298097,0.654643185938614,0.7138997608001667,0.565445750380347,0.2031181655606824,0.3360122257415034,1
17102.0,0.7170160174661255,-1.058145946714099,-2.5648827705830004,-3.361978192741088,-2.515817022689194,-3.206669935871256,0
17103.0,1.3655594532482656,-1.058145946714099,-0.564768322774997,-0.034984500021227,-0.2159596295778201,0.5657782178164532,0
17104.0,1.024810514465536,-1.058145946714099,-0.4850828560082143,-0.7889587489815226,-0.6267921989603487,0.716074263280022,0
17105.0,0.3982900810201226,-0.5571872395918231,-0.2407425453528663,0.2185623013469665,0.5207054191909427,0.2368934263045503,0
17106.0,0.9696934685856776,-1.058145946714099,-0.4594527070651277,-0.7589597607014165,0.1571027565423948,0.7644157010237734,0
17107.0,-0.5950029105353472,1.0480979277381186,2.052652348715551,1.7879952285778022,1.7844758356646182,2.373803313399969,1
17108.0,1.311930441069337,-1.058145946714099,-1.200760196385338,-1.8050714269853785,-1.1954453334565955,-0.633776323670479,0
17109.0,-0.6752731880764764,0.8001660338568091,0.2384033334336945,0.3037772740036711,0.8766449105123539,-0.7382437155709436,1
17110.0,0.4218998096527606,-0.2017513803877423,-0.431499148248553,-0.8203916692661117,-0.0789096183560038,-0.6707073689509637,0
17111.0,-0.3738480170997701,-0.5571872395918231,-0.4812249982472512,0.1250248368991558,0.0384893202353487,-0.2158783434888092,0
17112.0,1.134148187223855,-1.058145946714099,-1.0865453108507244,-0.8582565662530369,0.0384893202353487,-0.4183537839598578,0
17113.0,1.2186708547218628,0.4896629879592288,0.6588520963852015,0.401109067416159,0.8634124775613803,0.4413695115361761,1
17114.0,-1.608585561882396,0.8001660338568091,-0.1008719219294704,-0.5370567252723396,0.5698454386786636,-1.3737743407645793,1
17115.0,-1.4474112861963695,0.654643185938614,0.783528435242544,0.3792073455329857,0.7178293264081053,0.4670412012727404,1
17116.0,1.2963113994186093,-1.058145946714099,-0.6257665771424867,-0.1554588324623538,0.0914362748936436,0.450728425381326,0
17117.0,0.777475447277631,-1.058145946714099,-1.4935501573571757,-1.29969799342043,-1.1954453334565955,-1.186012196421163,0
17118.0,0.8408155551547154,-1.058145946714099,-1.27820829259064,-0.7673921959311133,-1.117253523671916,-0.7798524283936447,0
17119.0,-1.9674812683483252,-0.5571872395918231,-0.307349357321469,-0.2604831068966469,-0.144576100004755,0.1114623254843581,0
17120.0,0.6420881238566438,-1.058145946714099,-0.7962247379687118,-0.9302666386620904,-0.6688728615528973,0.1292245360440779,0
17121.0,0.9923118147379644,-1.058145946714099,-0.7794155227700513,-1.0111411307468456,-0.9802035124500996,0.1609286682304243,0
17122.0,0.2137923187052415,0.0739460908215904,-0.3518548923857511,-0.1969037808196001,-0.4772168596026035,-0.9096701873631678,0
17123.0,0.4102035851912229,-0.2017513803877423,0.0354055587705035,0.2022503698192664,-0.1002197270566499,0.2074033788800236,0
17124.0,0.4948562494227654,-1.058145946714099,-0.8165284839071292,-0.8780391383485852,-0.2412044847042052,0.0909293130070813,0
17125.0,-0.3349679194593694,-1.058145946714099,-0.9184123298069864,-0.3508386584307874,-0.1676872918813187,-0.1012354537525128,0
17126.0,0.3695998250074675,0.9303406571479472,0.5760780029146151,0.7117643549732271,1.583861231680227,-0.2635113388950066,1
17127.0,1.0323114794921844,0.2992073267345332,0.1557903891707236,-0.2488072806640877,-0.3507527121214226,-0.2578928559731158,0
17128.0,0.8741131961478769,-1.058145946714099,-1.2778891535450132,-1.2275467185765694,-0.862804573858747,-0.7792504950868963,0
17129.0,1.1554233642263942,-1.058145946714099,-2.4100943075755064,-2.9060807784127,-2.183176263091345,-2.914720916591519,0
17131.0,-1.7074462772723475,0.2992073267345332,0.7011809154345425,0.4482081562793331,0.5001945244425666,0.7682868417175476,1
17132.0,1.0657289582664145,-0.5571872395918231,0.2256971760615443,0.4461998465088715,0.3145288070742748,1.1156826698238265,0
17133.0,-1.0395356639262063,1.2544959545938104,1.9843866651104785,1.980340519364292,-0.5121324717856456,1.997510314452971,1
17134.0,0.1462219650521856,-0.2017513803877423,-0.2724235284100583,-0.7933582365477243,-0.2412044847042052,-0.3717208618677148,0
17135.0,-1.0395356639262063,1.0480979277381186,0.5344479050467799,0.8888916091934528,0.6853342645162757,-0.4842252980598225,1
17136.0,1.3099987372027848,-1.058145946714099,-0.9993801662402216,-0.4348149665659621,-0.862804573858747,-0.2539501973490089,0
17137.0,1.01262344562185,0.4896629879592288,0.1423260232440529,0.2223423171467483,0.8831819415705221,-0.5298040122829025,1
17138.0,0.7502773702473149,0.654643185938614,1.1219303456825775,0.9228847543487826,1.3945358933915557,1.104202191602018,1
17139.0,-1.0395356639262063,2.110890520920167,2.1949218315866488,1.964002059769552,1.923859825863566,1.3976926214944847,1
17140.0,0.6793540117376464,-1.058145946714099,-0.4984180565657565,-0.3265167937029618,-0.7601216003714991,0.6909225261994326,0
17141.0,1.0156919930971386,0.0739460908215904,-0.1508884817492268,-0.0856591296733116,0.9637379981128577,-0.5323526006574404,0
17142.0,0.6583250720961007,0.0739460908215904,0.2318651565594394,-0.2824424464256186,0.5001945244425666,0.1873477475577008,0
17143.0,1.014159554616912,-0.5571872395918231,-0.0047825195042975,-0.2683837537127082,0.5407159979871611,0.6813729840731698,0
17144.0,-2.4120140217391843,-0.5571872395918231,0.0408364351664117,-0.0184718100053139,0.0011923041824166,0.7673256002507243,1
17145.0,1.1467483017274251,0.0739460908215904,0.8716660197537408,1.085249796559546,1.124063132285242,1.392221941397946,1
17146.0,0.140256106228435,1.3460575542855853,1.3255793170637815,0.9753056188782602,1.1044120596547775,0.6478930762332953,1
17147.0,-0.8183807704906293,0.9303406571479472,0.8896827559192807,0.6359170219128273,0.6935794902722501,0.3261373235278061,1
17148.0,-0.3102985242592435,-1.058145946714099,-1.44206579747201,-1.178194505634738,-1.1954453334565955,-1.0889067139796744,0
17149.0,1.0643116644325106,-1.058145946714099,-1.3446571451756495,-2.147939328993969,-1.4880589811139169,-0.90518268213173,0
17150.0,0.949650424908974,0.4896629879592288,0.2816501198034683,-0.1373022709324161,0.3401681767824983,-0.2680713052336769,0
17151.0,1.3769884432844162,-1.058145946714099,-0.9986991640216072,-1.6107384274973675,-1.7640984679528429,-0.252665748069077,0
17152.0,0.5284411581469689,0.0739460908215904,0.5570652270792571,0.0982663966798622,-1.1954453334565955,0.7995623837455637,0
17153.0,-0.7922005967383016,-1.058145946714099,-1.0570635552704035,-1.0235513279573645,-0.862804573858747,-0.3627477687499071,0
17154.0,-0.0791383545924629,-1.058145946714099,-0.7468423074347975,-0.0090274496374472,-0.4772168596026035,0.2223655355985991,0
17155.0,-0.9682038613741812,0.654643185938614,-0.0298671481053169,0.4508763990414005,0.0200527453205781,-1.0609694612666145,1
17156.0,1.1199960037583183,-1.058145946714099,-0.3254014366129207,-0.1571345555058843,-0.0581390644641013,1.0172519666040436,0
17157.0,-1.4474112861963695,1.7867352234743037,1.2327658213965715,0.9446084501400672,0.5001945244425666,-0.0409771659110364,1
17158.0,-0.6141483680629726,0.2992073267345332,0.543909103110494,0.549596286132849,0.457567115373851,0.4721910594611435,1
17159.0,-0.8456753236698794,0.2992073267345332,0.5861477446796389,0.6557144815616681,0.8153422320095451,0.5517021108455055,1
17160.0,-0.6338830081757483,1.6565606001831652,1.725524457370349,1.8578942652776456,1.3253709285855884,1.0369808882227771,1
17161.0,1.054301926358555,-1.058145946714099,-0.0598812789491628,0.0510977366395368,0.1727297634470911,1.5180538230394434,0
17162.0,-0.6752731880764764,1.0480979277381186,0.4406209103820742,0.4601309166916409,0.5307717179635321,-0.6603281334720734,1
17163.0,-0.8456753236698794,0.0739460908215904,-0.2049046776821863,0.0437213497309423,-0.3507527121214226,-0.6338149466230428,0
17164.0,-0.5950029105353472,0.654643185938614,0.7024022303485468,0.7263760571925223,0.6340429977198944,0.3143787167774707,1
17165.0,0.7685369722885271,0.4896629879592288,0.4729894135831064,0.3029441884726516,0.4897435161402434,0.0916693495518165,1
17166.0,-0.4907754257615954,-0.5571872395918231,-1.0824675558060668,-1.210681155040306,-1.0458699940988507,-1.346195231350979,0
17167.0,0.954720215728158,-0.2017513803877423,-0.0506080754220484,-0.0962799984533907,0.3401681767824983,0.0455232235560857,0
17168.0,1.1290379992392874,-1.058145946714099,-0.606803941716775,-0.5340738587593296,-0.5486003891756687,0.4864941582268529,0
17169.0,-0.2415192631816249,-0.2017513803877423,0.1568492791060286,0.1973747289689879,0.3401681767824983,0.4360301527201591,1
17170.0,0.9445402369244064,-0.5571872395918231,-1.1856438617460785,-0.7759341463654605,-1.2818823689972492,-1.5397938567751317,0
17171.0,0.7796907351412116,-0.5571872395918231,-0.6354009890839075,-0.5193591300769778,-0.4115503779538524,-0.50599482298823,0
17172.0,-0.0462426723707365,-0.2017513803877423,0.0200679830044,0.5874451569763597,-0.0581390644641013,0.1785345883609288,1
17173.0,-1.7074462772723475,0.8001660338568091,1.007132633322811,0.5351148350279571,-0.1220981718085144,0.7068732686321211,1
17174.0,0.5996007235020872,-1.058145946714099,-1.9652855329582923,-1.6262149283445646,-1.7640984679528429,-2.07575990494151,0
17175.0,-0.4152381970004986,0.0739460908215904,0.3164127976342299,0.3649492882377048,0.0011923041824166,0.3464638388412204,1
17176.0,0.5509461058021287,-0.2017513803877423,-0.0219584226575913,0.0971274856787354,-0.1002197270566499,0.09943802117651,0
17177.0,1.1366880923212137,-1.058145946714099,-1.4735408160633832,-1.6420643925920622,-0.2941514393624997,-1.1482722547378257,0
17178.0,1.3734934744233138,-1.058145946714099,-0.5440427748716619,-1.0426170379233035,-0.2412044847042052,0.6048690083498599,0
17179.0,0.4702544582071883,0.4896629879592288,0.3474429101742617,0.1507370727512551,0.4684334074395972,-0.1444077124947377,1
17180.0,-0.2636361169073439,1.15560189306089,0.6382122941726269,0.855928544974226,1.2201519621759485,-0.4182878631455275,1
17181.0,-0.2524823540546596,-0.2017513803877423,-0.4983407969019571,-0.0171142843658956,-0.321964036982949,-0.7962642581606147,0
17182.0,1.0232997359133336,-0.5571872395918231,-0.7645974621790339,-1.448851553929116,-1.7640984679528429,-0.7489841808474209,0
17183.0,-1.4474112861963695,0.4896629879592288,0.9221152849501886,0.6298596872611718,0.0011923041824166,0.9370210376695624,1
17184.0,1.2130697256793863,-0.5571872395918231,-1.1105684919888827,-1.2536847648443734,-0.862804573858747,-1.3989374603563702,0
17185.0,1.2384392923735166,-0.2017513803877423,-1.006288354096749,-0.935724935040335,-0.0789096183560038,-1.7483844202201526,0
17186.0,-0.3738480170997701,-0.5571872395918231,-1.3401705596555469,-0.5964638157260045,-2.515817022689194,-1.8294512287244125,0
17187.0,0.6254293898743742,-0.5571872395918231,-0.4947342787246754,-0.100884831303435,-0.5486003891756687,-0.2413046733918768,0
17188.0,-1.2629135238814884,1.3460575542855853,1.1500245795958748,1.0796434624780145,0.951848035544989,0.317542291655899,1
17189.0,0.140256106228435,0.2992073267345332,0.0208652158871564,0.1282943760534984,0.7098254282188435,-0.511412705899294,1
17190.0,-0.2307404346856175,0.654643185938614,0.4521073314778389,0.9851291963694836,1.0842787042858788,-0.1563384953016938,1
17191.0,-0.6970151074455184,1.5110377522649707,1.1871849662369978,1.0711433281235605,1.5084363488256922,0.1935220053311309,1
17192.0,1.1748222026740256,-1.058145946714099,-1.7793289309784972,-1.5522358034901935,-0.586765087019821,-1.7250241555080064,0
17193.0,-0.540774126845729,0.9303406571479472,0.6549495340525283,0.7957176626827412,-0.321964036982949,-0.1152926813299832,1
17194.0,0.7456300658619328,-0.2017513803877423,-0.0974268201784743,-0.1101923583997979,0.2466890975132978,-0.0425726682668697,0
17195.0,1.3031915824809857,-1.058145946714099,-0.3613996483875413,-0.014407610016013,-0.2412044847042052,0.9493551581518792,0
17196.0,1.0308182885991817,-1.058145946714099,-0.6971992322588422,-0.7105166998701326,0.5602500888610992,0.3159981412208199,0
17197.0,-0.6542442484349309,-1.058145946714099,0.0613357915122053,-0.6265937067707593,-0.2941514393624997,1.746683296797096,0
17198.0,-0.7922005967383016,-0.2017513803877423,0.1915704227808908,0.1228360796752538,0.607142454731596,0.5014079988170433,1
17199.0,1.2275321383409905,-1.058145946714099,-1.334625984783722,-0.3221896666559816,-1.2818823689972492,-0.8862627485542561,0
17200.0,0.9663961595288088,0.0739460908215904,-0.6894829658639902,-0.1986886419931085,-0.4115503779538524,-1.542240793475446,0
17201.0,-0.2865430233339383,0.0739460908215904,0.2080825885316781,0.506995150967925,1.0531207928583963,0.1425973015964532,1
17202.0,1.0202674598207486,-1.058145946714099,-1.261842255105045,-1.437000405574019,-1.2818823689972492,-0.7489841808474209,0
17203.0,-0.540774126845729,1.0480979277381186,1.289742990675846,1.463536092031968,1.2456584639501014,0.93629858735695,1
17204.0,0.4594149010336265,0.9303406571479472,1.2804852584919146,1.100301275783678,0.7791957222855813,1.0618171024406409,1
17205.0,-0.2865430233339383,-0.2017513803877423,0.0515625102494288,0.9818709459201864,-0.3507527121214226,0.2378157756424978,1
17206.0,-0.2983107883386734,-1.058145946714099,-1.0898031450212669,-1.2275467185765694,-1.3785107536966998,-0.4244984375896303,0
17207.0,1.3002519660332574,-1.058145946714099,-0.8061985049101053,-0.4743692243337022,0.217900422374825,0.1104128531803266,0
17208.0,0.9811023498659778,-1.058145946714099,-1.4987953458679946,-1.0298453562635617,-0.5486003891756687,-1.1959052311597842,0
17209.0,1.2972988133147116,-0.2017513803877423,-0.30181134691008,0.2536244531714366,-0.1220981718085144,-0.4269729442161636,0
17210.0,0.9762376600515654,-1.058145946714099,-0.9351567383279866,-0.468955852714794,0.0914362748936436,-0.1328173530177612,0
17211.0,-0.7195200551006783,1.3460575542855853,1.0587979174152693,1.019663161397354,1.3329322084435713,0.1459560247556819,1
17212.0,0.6946852246521797,-0.2017513803877423,-0.1136316788432667,0.2500204938045738,-0.2941514393624997,-0.0730611084608818,0
17213.0,-0.4749394310824503,1.3460575542855853,1.2370045348802752,0.971395078108774,0.9151078788768328,0.4811939018673072,1
17214.0,-0.2201397768252409,0.4896629879592288,0.1001455155676465,-0.3855244245982789,0.5105140700321456,-0.6090019291908805,1
17215.0,1.0824965852277768,-1.058145946714099,-1.1562919814717052,-1.0235513279573645,-1.0458699940988507,-0.5499041055418763,0
17216.0,1.195966706816979,-1.058145946714099,-1.9067886046009024,-2.0222782993066613,-0.91940584661767,-1.9654279038802285,0
17217.0,0.6448229902562577,-0.5571872395918231,-1.0430426273191988,-1.0824911210991477,-0.3507527121214226,-1.2721826100058682,0
17218.0,-1.8243736859341724,1.7233615276208618,1.084337298498144,0.9777005999089354,1.4420098920812563,-0.2466876495490636,1
17219.0,-0.6141483680629726,-0.5571872395918231,-0.919021500203979,-0.6369517309004904,0.0200527453205781,-1.0392415075321322,0
17220.0,-0.7922005967383016,1.9044924940644756,1.1323706456912506,1.1120992771193277,1.849140004351645,-0.3650488797527853,1
17221.0,-1.5229485149574664,0.2992073267345332,0.036399384061495,0.2390885921942279,0.8153422320095451,-0.4822339095875357,1
17222.0,-0.1696156146721137,0.4896629879592288,0.3926934032212584,0.3626694906733145,0.6514988276797011,-0.0593333820682423,1
17223.0,0.8245270555146574,-0.2017513803877423,-0.0452986265382229,-0.5281484048190704,0.3145288070742748,0.0555145268970601,0
17224.0,1.131598183073706,-1.058145946714099,-1.5946368071155737,-1.3289348484300858,-1.2818823689972492,-1.37667335866689,0
17225.0,1.2275321383409905,-1.058145946714099,-1.4070387953549883,-1.709582179172762,-1.614523128595098,-1.0228417197437758,0
17226.0,0.8224615941517993,-0.2017513803877423,-0.0237155392502549,0.356551112238319,0.1571027565423948,0.096131225561253,0
17227.0,-0.9353081791524545,1.2544959545938104,0.5590376824995275,0.836217341359496,0.2607132519567318,-0.6845153359376879,1
17228.0,-1.0395356639262063,1.3460575542855853,0.8845520920753623,1.079387490130434,1.2622326247684963,-0.1815933054368866,1
17229.0,0.0773306527470905,-0.5571872395918231,-0.7702988488673058,-0.6474754904320826,-0.0581390644641013,-0.759704265205803,0
17230.0,0.7218745649366273,1.7233615276208618,1.7051815626553342,1.3546338045987585,0.9812559531764108,0.9211241318577869,1
17231.0,-1.2115801184678894,2.110890520920167,1.4736234384958489,1.3262311304884231,2.0301971174514417,0.0400997323959952,1
17232.0,-1.9674812683483252,-0.5571872395918231,-0.5694939866133241,-0.5867196235949155,-0.2672508963742018,-0.3819938802700497,0
17233.0,-0.5583457794146515,-0.2017513803877423,-0.3641134608293163,-0.3352573999280677,0.2324210325411989,-0.5440826164131579,0
17234.0,0.4879229365026979,-1.058145946714099,-1.3114784481749169,-1.437000405574019,-0.862804573858747,-0.8426038060182394,0
17235.0,-0.7670473650770303,0.8001660338568091,0.5160524679183502,0.4401378594606127,0.1727297634470911,-0.2169010944988344,1
17236.0,-1.1640528084915374,1.2544959545938104,0.5252118300455064,0.3161485654770629,0.8700553726182927,-0.7479616154751688,1
17237.0,-1.2629135238814884,0.0739460908215904,0.0535263627802005,-0.1180505276067852,0.4791576523996084,-0.1481311160445261,1
17238.0,-1.9674812683483252,2.4054512011867506,1.5300274535126226,1.3230571358841785,1.9923387650392004,-0.1881509822381542,1
17239.0,0.8306838247077005,0.0739460908215904,0.1769323513274826,0.0236367070456399,-0.6688728615528973,0.0839888858098505,0
17240.0,1.242750738519486,-1.058145946714099,-1.4100441171457605,-0.9989607652635912,-1.3785107536966998,-1.0285101056970205,0
17241.0,0.9630818100393996,1.2544959545938104,0.7789884306886619,0.3641902334058461,0.8223842757380923,-0.2715975041832952,1
17242.0,0.1521328382198956,0.2992073267345332,0.8161143325325438,0.7077223562848015,0.0384893202353487,0.984739844454085,1
17243.0,-2.4120140217391843,3.334544158147632,2.2414175924071382,1.8426696650624503,1.7444487237240909,0.1083186075343229,1
17244.0,-0.2983107883386734,0.2992073267345332,0.4856098042774494,0.6894511553006836,0.7717713000569296,0.3624625815255816,1
17245.0,0.5603544681590024,-0.5571872395918231,-0.6600371025140691,-0.3157518899197936,-0.4437267787202448,-0.5523391255152269,0
17246.0,1.187826477146772,-0.5571872395918231,-2.2696321772220136,-1.709582179172762,-1.4880589811139169,-3.5582381642308194,0
17247.0,-1.0784157615666077,-1.058145946714099,-0.8578168074758598,-1.0111411307468456,0.1880646595930938,0.0130547392863527,0
17248.0,0.2191145500704246,-0.5571872395918231,-0.383217426203723,-0.3485900376463807,0.5698454386786636,-0.0313858661860783,0
17249.0,1.0323114794921844,-1.058145946714099,-1.874989432595324,-1.202407826598178,-0.3507527121214226,-1.9054509721337909,0
17250.0,-1.8243736859341724,-0.5571872395918231,-0.6355318174253132,-0.7105166998701326,0.217900422374825,-0.506240942085132,0
17251.0,0.9254466015614758,-0.2017513803877423,-0.0974888284038595,-0.1775834856216042,0.3526935049184267,-0.0426893361401716,0
17252.0,0.2030134902092342,-0.5571872395918231,-0.6952471755560378,-0.6197778847530964,0.5793298571111467,-0.6185672674217415,0
17253.0,-0.9682038613741812,-1.058145946714099,-1.1873302119122209,-1.5956177399879288,-0.6688728615528973,-0.6084458131163499,0
17254.0,-1.7074462772723475,-0.2017513803877423,-0.4901062347953509,-0.1454931730396027,0.9088213112787455,-0.7807988625331802,1
17255.0,-0.4594850640247002,0.0739460908215904,-0.1093682825943774,0.1173321066458016,1.0994248524597794,-0.4543417662826347,1
17256.0,0.1462219650521856,0.2992073267345332,-0.4482676588559458,-0.3330613346531344,-0.586765087019821,-1.3910798716327943,0
17257.0,1.042667590085983,-0.5571872395918231,-1.1313918829303236,-0.6369517309004904,-0.862804573858747,-1.4380139747727425,0
17258.0,0.982715747443508,-0.5571872395918231,-0.5767272319175796,-0.6369517309004904,0.0741642041589574,-0.3956042464521979,0
17259.0,0.3526100844636154,0.4896629879592288,0.5101528729430472,0.5558684882617793,1.175795589227843,0.1615741991970041,1
17260.0,1.0048872215498614,-1.058145946714099,-1.4649215334383474,-1.9942859497559235,-1.4880589811139169,-1.1320152866125444,0
17261.0,1.1429941922828974,-1.058145946714099,-1.003230625782941,-1.0622519568722428,0.0200527453205781,-0.2612126112617229,0
17262.0,-0.3102985242592435,1.15560189306089,0.7825182412863887,0.2335537409722953,-0.9802035124500996,-0.1471980811664982,1
17263.0,0.5696268012260529,-1.058145946714099,-1.92457102254626,-1.709582179172762,-0.4772168596026035,-1.998967609480368,0
17264.0,1.024810514465536,-1.058145946714099,-0.8644632138475596,-0.5135641944509618,0.4126028186801636,0.00051884491638,0
17265.0,0.3126530340951926,-0.5571872395918231,-0.3615018710578694,-0.1521201403247171,0.7490861757345402,0.0094985864619859,0
17266.0,-2.1519790306632065,0.2992073267345332,-0.4216666540555239,-0.4451323693240469,0.6600894093898906,-1.341298332491646,1
17267.0,0.2551824986059697,-0.5571872395918231,-0.7728724792219187,-0.74651041226979,-0.1002197270566499,-0.7645432706725654,0
17268.0,0.1521328382198956,1.15560189306089,0.448316831182914,0.6782397314751365,-0.3805884749031534,-0.7746471047507303,1
17269.0,0.9647411258391284,-1.058145946714099,-0.3947671299343088,-0.2565680897491287,0.7791957222855813,0.8864202124580141,0
17270.0,1.0893557436471168,-0.5571872395918231,-0.310330774116424,-0.1086319283943098,0.0565206627106016,0.1058482812530996,0
17271.0,1.377859217618911,-1.058145946714099,-1.0685278175570538,-0.9467793286780029,0.0741642041589574,-0.3843706989497583,0
17272.0,-0.4443943630945455,0.0739460908215904,0.6027772164526506,0.83769786182438,0.4126028186801636,0.885656460181003,1
17273.0,1.024810514465536,-1.058145946714099,-1.354627078879068,-0.8631467072838476,-0.9802035124500996,-0.9239871350634452,0
17274.0,-0.5583457794146515,-0.5571872395918231,-0.3432318359177745,-0.3926866108572838,0.4791576523996084,0.0438977593105971,0
17275.0,0.9597502430728068,-1.058145946714099,-1.5039542269252772,-1.2626334870875635,-0.4772168596026035,-1.2056354800167777,0
17276.0,0.9907224082272228,-1.058145946714099,-0.4347595328058287,-0.6334808999499925,0.1411722937225966,0.8109898956881196,0
17277.0,0.6282360691847436,-0.5571872395918231,0.0976024056491017,-0.0947521907076331,0.3771846686209953,0.874288449549563,0
17278.0,0.6636473034612838,-0.5571872395918231,-0.8862326926583973,-0.6130319698342725,-0.7132292345010023,-0.977629550864436,0
17279.0,-0.2415192631816249,-1.058145946714099,-1.149852252966189,-1.5248267984910486,-1.2818823689972492,-0.5377580296323158,0
17280.0,1.045596020739638,-1.058145946714099,-1.4773782325283809,-1.244856163309911,-1.4880589811139169,-1.155510067891056,0
17281.0,0.9445402369244064,0.4896629879592288,-0.1105219673668575,-0.3418899361875976,-2.183176263091345,-1.004200575590488,0
17282.0,0.2700401175059993,0.2992073267345332,0.6641265049685998,1.0213431647087352,1.124063132285242,0.6985141419576487,1
17283.0,0.9530347346034082,-1.058145946714099,-1.1474521149292816,-0.669042043482492,-0.8098576192004525,-0.5332310905284807,0
17284.0,-0.2201397768252409,0.8001660338568091,0.791742532734426,0.9379759138805378,1.5556662555596723,0.3015003379173093,1
17285.0,1.2762369843581085,-0.5571872395918231,-0.5579555874914762,-0.8296554976039625,-0.0181119525235737,-0.3602820965686792,0
17286.0,-0.8456753236698794,-0.2017513803877423,-0.6153317709211208,-0.191578076103695,0.607142454731596,-1.0159001665314544,0
17287.0,-0.7428435417295326,1.9044924940644756,1.0703320904543732,0.9474306182122147,1.5382721116074227,-0.48151814433943,1
17288.0,-1.3798409325433134,1.15560189306089,0.7118655956993869,0.8105248020633823,1.3910374102343397,-0.2799515646087819,1
17289.0,-0.6141483680629726,0.9303406571479472,0.5791847383784473,0.611345600297109,1.274447139088575,-0.2576741698737692,1
17290.0,-1.8243736859341724,0.8001660338568091,0.3446569418604179,0.549596286132849,1.1982735174240835,-0.5388380983409953,1
17291.0,0.8203894592349804,-1.058145946714099,-0.3771324511005279,-1.2626334870875635,-2.515817022689194,0.9196812649344264,0
17292.0,1.0934362995056883,-0.5571872395918231,-0.8848840344531009,-0.8730374341016977,-0.862804573858747,-0.9750951256671084,0
17293.0,-1.4474112861963695,1.6565606001831652,1.0085904754504489,0.9877830840540952,1.0207326504320022,-0.3116200428525451,1
17294.0,1.3167343976054071,-0.5571872395918231,-0.494611297492146,-0.3374608222193361,-0.7132292345010023,-0.2410732102915094,0
17295.0,-0.6752731880764764,-0.2017513803877423,-0.3691456193141192,-0.3441157282908022,0.1880646595930938,-0.5535400691581758,0
17296.0,1.3726167481092917,-1.058145946714099,-0.7279187473965735,-0.5460873605785668,-0.2159596295778201,0.2580575677248774,0
17297.0,-1.0028785328055103,-1.058145946714099,-1.4036116670946588,-1.3092999294811465,0.1249263557760024,-1.016377757797848,0
17298.0,0.1095648339314894,0.2992073267345332,0.0208125956241109,0.3557822974940814,0.3014022381220454,-0.5115115414088117,1
17299.0,-1.2115801184678894,0.4896629879592288,0.0635141515834462,0.4146121865602806,0.6685909679263046,-0.6777633512981857,1
17300.0,0.972973911537828,-0.5571872395918231,-0.6186837119686538,-0.0405821588194871,-0.1002197270566499,-0.4745447214420637,0
17301.0,-0.8741833591389503,-0.5571872395918231,-0.7444685302854145,-0.5078198702626843,0.7567177940893411,-0.711134488539983,0
17302.0,-1.0784157615666077,0.2992073267345332,0.1435950868366848,0.095986599115472,0.3891614223084505,-0.2808146256530018,1
17303.0,0.9219131204530228,-1.058145946714099,-0.9446524346476052,-0.8112565093766205,0.1880646595930938,-0.1507273391628954,0
17304.0,1.1724291954243062,-1.058145946714099,-1.5230430664591463,-1.2536847648443734,-1.614523128595098,-1.2416392484683807,0
17305.0,1.2972988133147116,-1.058145946714099,0.5983488251899394,0.463404795720079,-1.1954453334565955,2.759552250183243,0
17306.0,-1.2629135238814884,1.9044924940644756,1.6947541626614375,2.182633229087464,-0.7132292345010023,0.6923970537362435,1
17307.0,0.9794848831855826,1.15560189306089,1.050424891957008,1.3136215403763267,-0.5121324717856456,0.356579878532081,1
17308.0,0.9762376600515654,-0.5571872395918231,1.137178617865404,1.5366915211759216,-1.614523128595098,2.834077109788001,1
17309.0,0.0706847362910886,-0.2017513803877423,-0.7441207431675173,-0.6197778847530964,-0.1914684658752519,-1.257476851993983,0
17310.0,0.9663961595288088,-0.5571872395918231,0.0698765792771336,-0.1389323112681091,-2.515817022689194,0.8220442689805926,0
17311.0,-0.0543097623705864,0.4896629879592288,0.9678197330637928,1.1256013541220988,0.8766449105123539,1.0231003853830112,1
17312.0,0.3126530340951926,-0.2017513803877423,-0.2643382468668921,-0.1898123812478129,-1.0458699940988507,-0.3565184644320539,0
17313.0,-0.6338830081757483,-1.058145946714099,0.6607877481272902,0.6815295179490874,-0.4437267787202448,2.8773193108688964,1
17314.0,-0.7670473650770303,1.6565606001831652,1.1973004541350392,1.3129038960729356,1.2663243691962696,0.0429867231193821,1
17315.0,-2.1519790306632065,2.760887060390832,1.6849841758229196,1.5336186515547043,1.8016574700813903,-0.2969570183118063,1
17316.0,1.0187459283862368,-1.058145946714099,-1.44453152269464,-1.5808368721392685,-0.144576100004755,-1.0935573581334663,0
17317.0,-0.3873500989396135,-0.2017513803877423,0.7402166430240331,0.5490231088078554,-1.2818823689972492,1.5350274121493364,1
17318.0,1.3682150479281203,-1.058145946714099,-1.245839681692998,-1.3807506813715704,-0.7132292345010023,-0.7188014687587755,0
17319.0,1.3167343976054071,-1.058145946714099,-2.473093297998457,-2.3034171780254997,-1.9471638881929467,-3.033544329604565,0
17320.0,0.1032463079562461,0.4896629879592288,0.8177305796890144,0.6768247701431739,0.5793298571111467,0.7404552138610699,1
17321.0,-1.4474112861963695,0.4896629879592288,0.4513384164923755,0.3266852938434061,1.4186162443378565,0.0509481844942927,1
17322.0,0.9479515492166356,0.2992073267345332,-0.0059674622709606,0.1570110879448586,0.8153422320095451,-0.561808008847635,0
17323.0,-1.0784157615666077,1.2544959545938104,0.3747855395078887,0.7000190260920628,1.124063132285242,-1.0298964426002126,1
17324.0,-0.9682038613741812,1.2544959545938104,0.6523975760599585,0.7419543866133782,0.7865535568710715,-0.5093211972108271,1
17325.0,0.7594721542528383,-0.2017513803877423,-0.3042031738073294,-0.0433989551539095,-0.0581390644641013,-0.4314695029108227,0
17326.0,1.0002002930243403,-0.5571872395918231,-0.7631456660972794,-0.8296554976039625,0.5407159979871611,-0.7462543860233034,0
17327.0,1.0033287148318906,-0.5571872395918231,-1.2998251626061967,-1.3916223493687232,-1.9471638881929467,-1.7538621022746808,0
17328.0,1.320551820774439,-1.058145946714099,-1.5679708455574095,-1.147237218205978,-1.4880589811139169,-1.3263782580256993,0
17329.0,-1.1198059414673356,0.2992073267345332,0.0552125826079199,-0.0917071809225421,0.5207054191909427,-0.446892485740235,1
17330.0,-0.8183807704906293,0.0739460908215904,-0.565615979804399,-0.9194840867058316,-1.3785107536966998,-1.31039967768764,0
17331.0,0.2399724924575698,-1.058145946714099,-1.1997370623818466,-2.2210947581379226,-2.515817022689194,-0.6318465741070592,0
17332.0,1.1651961277902847,0.2992073267345332,-0.0749540130481428,0.3079269466885488,0.5407159979871611,-0.6913359516435386,0
17333.0,0.0075526370213185,-1.058145946714099,-0.4550451279329319,-0.1845435605050292,-0.321964036982949,0.772728907189404,0
17334.0,0.8078140524230828,-0.2017513803877423,-0.2746289947694286,0.0856285749857403,-0.586765087019821,-0.3758676104925565,0
17335.0,0.9614181899137092,-0.5571872395918231,-0.4353114458159776,-0.5460873605785668,-0.1676872918813187,-0.1294553664783252,0
17336.0,1.0934362995056883,-1.058145946714099,-1.7498653488791591,-1.5248267984910486,-2.515817022689194,-1.669452417593965,0
17337.0,0.3653943987983962,0.0739460908215904,0.5611148645397528,0.6160232086724894,1.8748102327255785,0.8071891612195563,1
17338.0,-1.0028785328055103,1.6565606001831652,1.8504872069038223,1.6240067650959351,2.151127395335348,1.2723365394207269,1
17339.0,0.0639692278216899,-0.2017513803877423,-0.6781902074204199,-0.6369517309004904,-1.117253523671916,-1.1338368428560013,0
17340.0,-0.6542442484349309,1.7233615276208618,2.29186560151424,2.048459525751596,1.6554756952610448,2.0263834340329474,1
17341.0,0.3902229910202726,0.2992073267345332,0.5103396355848756,0.5620814415677136,1.2663243691962696,0.4090057458306579,1
17342.0,0.954720215728158,0.0739460908215904,0.1996274944936263,0.0312405020086414,-0.2412044847042052,0.1266886329362285,0
17343.0,0.911194343944402,0.4896629879592288,0.2183852564811862,-0.0591107344650019,0.3014022381220454,-0.3869449170386645,0
17344.0,-0.3873500989396135,-0.5571872395918231,-0.4941195823426001,-0.5552437164184574,0.3401681767824983,-0.2401477518781802,0
17345.0,-1.0784157615666077,1.0480979277381186,0.3925453218417698,0.9193022100484668,1.15268439735128,-0.7505152642348605,1
17346.0,-1.8243736859341724,2.1575193073054413,1.2563041680637963,1.3111063520767765,2.042966138759257,-0.4212523879118127,1
17347.0,0.0075526370213185,-1.058145946714099,-1.0078534325921902,-0.5460873605785668,-2.515817022689194,-0.2699317618240918,0
17348.0,-1.0784157615666077,0.9303406571479472,0.7050423023741379,1.134608123939515,1.6655729680414202,-0.021126798647739,1
17349.0,0.4738273097812196,0.2992073267345332,-0.0630497265978612,0.344923450442901,0.457567115373851,-0.6689887177750663,0
17350.0,-1.4474112861963695,0.654643185938614,0.5164912961457536,0.5879858236231679,0.8766449105123539,-0.0353012016572941,1
17351.0,-0.540774126845729,1.2544959545938104,0.546896582516755,-0.1706962924423711,0.0565206627106016,-0.7072899769766552,1
17352.0,1.342071680121387,-1.058145946714099,-2.3195156036221665,-2.2609688413137667,-1.614523128595098,-2.743878960589107,0
17353.0,0.2651257241188405,0.0739460908215904,0.8990873516660755,0.9680679013990584,-1.3785107536966998,1.4438930377955528,1
17354.0,-0.3225146116861712,0.0739460908215904,0.8768522586276554,1.0708840255620289,0.5698454386786636,1.4019944331098946,1
17355.0,0.9647411258391284,-1.058145946714099,-0.8504247453921452,-0.4322607072827482,-0.321964036982949,0.0269970269340498,0
17356.0,0.8286381285590276,0.2992073267345332,0.0124271365302445,0.4082505158476054,0.4465549626877331,-0.5272613843769605,0
17357.0,-0.7922005967383016,-0.5571872395918231,-0.6287970790408303,-0.7716493042481812,-0.0181119525235737,-0.4935711543321525,0
17358.0,0.8099271521892553,0.2992073267345332,-0.0514884885736601,-0.0766900687954025,0.8896672959534744,-0.647283819800042,0
17359.0,-1.2629135238814884,-0.5571872395918231,-0.8520636898936284,-0.4853314937413989,-0.1220981718085144,-0.913413219090308,0
17360.0,-1.0028785328055103,0.4896629879592288,0.2018763119854357,0.1621941008875446,1.2201519621759485,-0.4179583070251994,1
17361.0,-0.3476678433474425,0.2992073267345332,-0.0394638322489425,-0.1706962924423711,0.1571027565423948,-0.6247072108108699,0
17362.0,0.6583250720961007,0.654643185938614,0.069131794606117,0.0656068751148604,0.6935794902722501,-0.8754102520048134,1
17363.0,0.9794848831855826,-0.2017513803877423,0.0081477999454264,0.0337556903081912,-0.1676872918813187,0.1560989878011041,0
17364.0,-2.4120140217391843,2.245808014503504,1.8461930940277989,1.7852872960584554,2.036606470810011,0.5872942561786788,1
17365.0,-1.1640528084915374,1.5110377522649707,1.569814461975631,1.8311786772504732,1.82264053350877,0.9135887716213744,1
17366.0,1.0367703053241684,-0.5571872395918231,0.1181799043842562,0.0172323629805716,0.8499631098416093,0.913064153431258,0
17367.0,0.6556473011960866,-1.058145946714099,-1.228097397769348,-0.7845884941066654,-0.1914684658752519,-0.6853374605849785,0
17368.0,-0.8183807704906293,1.4312993642702228,0.8001980270220634,1.0191022053387833,1.2456584639501014,-0.4403033048552572,1
17369.0,1.071367018304198,-1.058145946714099,0.0368994589363079,0.5524547040990186,-2.515817022689194,1.7005935353787571,0
17370.0,-0.0962413734548695,0.0739460908215904,-0.5286187611753018,0.0547551377532697,-0.2412044847042052,-1.2410957082135108,0
17371.0,-1.0028785328055103,0.4896629879592288,-0.2442417079255532,-0.3691098594149052,0.9458378031172426,-1.254688865909808,1
17372.0,-0.4594850640247002,2.245808014503504,1.1154246047156984,0.8729670612183893,1.857124428028256,-0.7857013557577128,1
17373.0,-0.4749394310824503,0.654643185938614,0.1635217437885739,0.2598842510298497,0.3526935049184267,-0.6983512303068757,1
17374.0,0.6025224834477799,-0.2017513803877423,-0.1773361271758916,-0.7631624647057185,-0.1676872918813187,-0.192900050558082,0
17375.0,0.5413976634342754,0.0739460908215904,-0.2464169209805173,-0.0225612797941685,0.4897435161402434,-0.71176834558677,0
17376.0,-0.1138130260237924,0.0739460908215904,-0.5166967643770276,-0.4662657837754595,-0.0181119525235737,-1.218758061426941,0
17377.0,-0.7922005967383016,3.48398306701111,2.1468065904227096,1.7919063656061616,2.0237372962241267,-0.2354766971953233,1
17378.0,0.9445402369244064,-1.058145946714099,-3.138772856599457,-3.628661084298931,-2.515817022689194,-4.2890932930872046,0
17379.0,-1.2629135238814884,-1.058145946714099,-0.5988375579182439,0.1894977373504258,0.4240770344914922,0.5015196833338147,0
17380.0,1.0397257262171895,-0.2017513803877423,-0.2635569950125908,-0.4451323693240469,-1.614523128595098,-0.3550494830917505,0
17381.0,-1.3798409325433134,2.611849228042442,2.7095523480348715,2.973668807547851,0.1411722937225966,1.7988590109621034,1
17382.0,-0.1696156146721137,0.8001660338568091,-0.021990332019164,-0.0547883469122285,-0.7601216003714991,-1.2262030415299472,0
17383.0,-1.8243736859341724,-0.5571872395918231,-0.790338513653499,-0.7342923345111426,0.1571027565423948,-0.7973819157783433,0
17384.0,-0.9353081791524545,-0.2017513803877423,-0.435948794235337,-0.9248532670431824,-0.8098576192004525,-0.6790671424899006,0
17385.0,-1.0784157615666077,-1.058145946714099,-0.9135574174510044,-0.5931996852608044,0.0011923041824166,-0.0920785251708951,0
17386.0,-1.4474112861963695,0.654643185938614,0.7967821425075597,0.9000828000318645,-0.2159596295778201,0.491985549776005,1
17387.0,-0.9040178174155592,-0.5571872395918231,-0.1230237961165779,0.0571821550415415,0.4240770344914922,0.4586178718022978,1
17388.0,-0.0543097623705864,1.15560189306089,0.7650550791314873,1.0791314181245504,-0.0181119525235737,-0.1800152179313958,1
17389.0,-2.4120140217391843,3.184600854015305,2.967552836264898,2.355585673644468,0.3274486497920416,1.6423897470861009,1
17390.0,1.0202674598207486,-1.058145946714099,-1.3143015864384142,-1.5115390548677536,-0.9802035124500996,-0.8479285726791713,0
17391.0,0.4180247211328983,-0.5571872395918231,-0.4341797719946878,-0.0225612797941685,-2.183176263091345,-0.1273250801657278,0
17392.0,0.8183106074995556,-0.2017513803877423,-0.2844255312559436,-0.0050210152869876,0.3650304751021734,-0.3942867126664856,0
17393.0,1.0048872215498614,-0.5571872395918231,-0.6418585321354107,-0.4825737499159102,0.0565206627106016,-0.5181428525703257,0
17394.0,0.6025224834477799,-1.058145946714099,-1.0911033793030518,-0.4743692243337022,-1.7640984679528429,-0.4269508304619764,0
17395.0,1.1404791882800451,-1.058145946714099,-1.6188075000269513,-1.3190441216122355,-1.9471638881929467,-1.4222620928249825,0
17396.0,-0.4907754257615954,1.4312993642702228,1.6190845249302173,1.0400892047102743,-0.2941514393624997,1.0999809003544891,1
17397.0,-0.8456753236698794,-0.2017513803877423,0.2029280341522861,0.2223423171467483,0.9275383145186272,0.5227948408634264,1
17398.0,0.1920503993361995,-0.2017513803877423,-0.254269472513105,-0.3093765158786823,-0.2672508963742018,-0.3375858569668275,0
17400.0,0.2501524712613207,0.8001660338568091,1.1631000952057622,0.9774017037716368,1.7119076227707086,1.0005553853734157,1
17401.0,1.180765944929144,-1.058145946714099,-1.5018986803699133,-1.7461316338435953,-1.0458699940988507,-1.2017584804700263,0
17402.0,-1.7074462772723475,2.0119964593872464,1.2249313759581717,0.7563359961944226,0.7413828979433381,-0.3143071726979495,1
17403.0,-0.540774126845729,-0.5571872395918231,-0.6061396929601154,-0.616396278646906,0.0565206627106016,-0.4509445289722089,0
17404.0,-1.8243736859341724,2.0119964593872464,2.837592968381977,3.0407209569242,0.8896672959534744,2.722132020829948,1
17405.0,-2.4120140217391843,-0.2017513803877423,0.0742942960391464,0.249116409897541,0.4897435161402434,0.2806063479761815,1
17406.0,0.8702843776182111,1.3460575542855853,1.1973915245460895,0.9545882860088434,1.0583966506364906,0.406656558099451,1
17407.0,1.0064419500660224,-1.058145946714099,-0.3743952756452218,-0.100884831303435,-0.4772168596026035,0.9248438957548804,0
17408.0,0.4141260756992679,-0.2017513803877423,-0.7763410723221958,-0.7302695639352857,-1.3785107536966998,-1.3178755705404044,0
17409.0,0.4948562494227654,1.0480979277381186,1.5309904888395405,1.3852463085589957,0.1411722937225966,1.3906962148344413,1
17410.0,-1.0395356639262063,0.2992073267345332,0.1920684876837809,0.1412123874791795,0.2466890975132978,-0.1896982684948384,1
17411.0,-1.2115801184678894,0.2992073267345332,0.3072216322543012,0.1326286318621574,0.4009658426149288,0.0268355054662508,1
17412.0,-1.9674812683483252,1.5859404542672264,1.121971118019467,1.0885403064838823,1.0893585536871893,-0.0165165601558742,1
17413.0,0.9954788591929878,-0.5571872395918231,-0.3650374628677172,-0.3265167937029618,-1.117253523671916,0.0028418834294765,0
17414.0,-0.4152381970004986,0.4896629879592288,0.6358276297114371,1.664880224515661,-1.4880589811139169,0.3980374426281268,1
17415.0,-0.0382757972626953,-1.058145946714099,-0.4355379940085535,-0.9637172845910724,-0.862804573858747,0.8095216274446922,0
17416.0,-0.6542442484349309,1.9594133665673956,2.105487036686531,1.8869504712628544,1.6605398660150967,1.4027338143446486,1
17417.0,1.190162819252791,-1.058145946714099,-1.2462757969139604,-1.2275467185765694,-0.7601216003714991,-0.719624032718512,0
17418.0,-0.4443943630945455,-0.2017513803877423,-0.236131905461042,0.0312405020086414,-0.0378814165327151,-0.3034792389495868,0
17419.0,-1.2629135238814884,1.7233615276208618,1.4002866760666812,1.200412690376126,1.2784785627150907,0.3472803681561326,1
17420.0,-0.3349679194593694,0.4896629879592288,0.110381851317825,0.0029193741762231,0.0200527453205781,-0.5897841688371834,1
17421.0,0.9647411258391284,-0.2017513803877423,0.0935771893707259,0.3185951433959714,0.0741642041589574,0.3169067353447219,0
17422.0,-1.0395356639262063,1.15560189306089,0.973493312359624,1.2900735831293966,1.0262202498700983,0.2118597178486858,1
17423.0,-0.3873500989396135,-0.2017513803877423,0.1329420519069332,0.3046093056627695,-0.0581390644641013,0.3910174101468564,1
17425.0,-0.9353081791524545,-0.5571872395918231,-0.1462857991489517,-0.1308222092665272,0.0011923041824166,0.4147997543450419,0
17426.0,-1.4474112861963695,1.3460575542855853,1.5568021310585705,1.5416545159179476,1.4420098920812563,1.0832437146899676,1
17427.0,-0.10496702096475,-1.058145946714099,-1.5950613930991435,-1.7461316338435953,-2.183176263091345,-1.37747417714583,0
17428.0,-2.4120140217391843,2.8158079328937515,2.544648355620492,2.3415341323875376,1.876751992347149,1.2586570231036245,1
17429.0,0.2601733813722913,0.2992073267345332,0.2720652893645157,0.6247689425063508,0.5207054191909427,-0.0392834256180626,1
17430.0,-0.5950029105353472,0.0739460908215904,-0.169403164205525,0.0236367070456399,-0.2672508963742018,-0.567133510311653,0
17431.0,0.8306838247077005,-1.058145946714099,-0.6012574493087719,-0.3485900376463807,-0.0181119525235737,0.4969554871107801,0
17432.0,-0.9682038613741812,0.9303406571479472,0.4555491074062897,0.4699040673670961,1.3177393102307873,-0.4898911829298954,1
17433.0,0.0221288371626836,-0.5571872395918231,-0.3525360896864568,-0.3200367320370723,0.5307717179635321,0.0263793412075537,0
17434.0,-2.1519790306632065,0.654643185938614,0.67456696611947,0.8054966257344327,0.7017426726202728,0.2620079675671765,1
17435.0,1.0048872215498614,-1.058145946714099,-0.742471042776001,-0.6130319698342725,-0.8098576192004525,0.2306102484496209,0
17436.0,-2.1519790306632065,0.2992073267345332,-0.3993315999540665,-0.6727062364625485,-1.2818823689972492,-1.2994892764910144,0
17437.0,1.167616225752049,-1.058145946714099,-0.6570651822256754,-0.3667980083921493,0.1727297634470911,0.3916956209893195,0
17438.0,0.6972051697365015,0.2992073267345332,0.3059018780890405,0.0703729897301092,0.1249263557760024,0.024353263161401,0
17439.0,1.3041684679689238,-1.058145946714099,-0.7547383363017747,-0.1933485238451358,-1.2818823689972492,0.2074727080639859,0
17440.0,0.3902229910202726,0.0739460908215904,-0.7595178208150108,-0.3714298651318708,-1.7640984679528429,-1.6731813781085234,0
17441.0,1.3743690038409726,-1.058145946714099,-0.8299648118446687,-0.4635866723774432,-0.5486003891756687,0.0655868379422846,0
17442.0,-0.5236711079833221,1.5110377522649707,1.1543050354754458,1.2103479215904651,1.215822701168371,0.1316897454326007,1
17443.0,0.6054309927359476,-1.058145946714099,-0.3990892253495797,0.0094639151263962,-2.515817022689194,0.8782682385110882,0
17444.0,0.3526100844636154,-0.2017513803877423,0.8286597708102026,0.953038883787482,0.9275383145186272,1.7017208167283056,1
17446.0,0.4666615905535427,-0.5571872395918231,-1.4652170401710518,-0.6030410799249616,-1.4880589811139169,-2.063540495880264,0
17447.0,-0.4749394310824503,-0.5571872395918231,-0.3893409409597309,-0.0752070446297544,-0.1914684658752519,-0.042914366752886,0
17448.0,1.1264675541195972,2.842379197713229,1.9811587042218817,2.067996083068083,2.1214458562700447,0.1682947379207754,1
17449.0,-2.1519790306632065,1.3460575542855853,1.2041310077608898,1.0708840255620289,1.5755040145163772,0.4193371346201233,1
17450.0,-1.4474112861963695,2.967285087246524,4.02126229139761,3.37867912058903,0.9984076522496488,3.872007484058236,1
17451.0,-2.4120140217391843,0.654643185938614,0.4431102979192883,0.580922251227544,0.5505411819726732,-0.1732494024601469,1
17453.0,-0.9682038613741812,-0.5571872395918231,-0.4660854905463434,-0.5370567252723396,-0.6267921989603487,-0.1873825182626636,0
17454.0,0.5185490566485405,1.0480979277381186,0.366620889963838,0.2500204938045738,0.6853342645162757,-0.7991342780366073,1
17455.0,0.5572336581134208,-1.058145946714099,-1.404045955586093,-1.3190441216122355,-1.2818823689972492,-1.0171968763335268,0
17456.0,0.9289607210324548,-0.5571872395918231,0.1983829464163831,0.2527253129920289,0.2745016951337471,1.0642060478083224,0
17457.0,0.2551824986059697,1.4312993642702228,1.340733739141767,1.111124153236036,-0.2672508963742018,0.5759230652288805,1
17458.0,-1.0784157615666077,-0.5571872395918231,-0.4053904497813991,-0.3714298651318708,0.5307717179635321,-0.073129287012881,0
17459.0,-0.4296506057480915,-0.5571872395918231,-0.2499657068206998,0.0510977366395368,0.5979759564957379,0.2195236901457551,0
17460.0,0.0639692278216899,1.5859404542672264,0.628991273788325,0.4461998465088715,0.6428173386552047,-0.941825498357786,1
17461.0,-0.8183807704906293,-0.2017513803877423,-0.1479085970921984,0.3120506024457988,0.7336066022127771,-0.1375452985186386,1
17462.0,-0.2201397768252409,-0.5571872395918231,-0.2301115558775896,-0.5135641944509618,-0.4115503779538524,0.2569149005063693,0
17463.0,-1.0395356639262063,0.654643185938614,0.7283662649422689,0.7215414678826845,1.3945358933915557,0.3632332613120198,1
17464.0,0.3942692202075933,-0.2017513803877423,0.0527069432350731,0.1785104957817125,-0.144576100004755,0.2399700056403797,0
17465.0,1.0278214364224063,0.654643185938614,0.7240958197148941,0.715781665358238,0.7257558910386418,0.355197603155347,1
17466.0,-1.3187161125298097,-0.5571872395918231,-0.1424002731513381,-0.3178908216871508,-0.0181119525235737,0.4221187055304595,0
17467.0,0.9794848831855826,-1.058145946714099,-1.5824313941815438,-2.0821123426729526,-1.7640984679528429,-1.3536525322644617,0
17468.0,-1.3187161125298097,-0.2017513803877423,-1.1237332077193094,-0.6510211644571734,-1.2818823689972492,-1.967830696960729,0
17469.0,-1.0395356639262063,1.6565606001831652,1.2185514192382545,1.0080668349968638,1.1093691324834083,0.0829400987685809,1
17470.0,-0.4011425702790203,1.15560189306089,0.7947561445094433,1.1462742853889325,0.7865535568710715,-0.1241986433064688,1
17471.0,1.0974910561031592,-1.058145946714099,-0.7638153623886051,-0.7716493042481812,-0.6267921989603487,0.1903523826047269,0
17472.0,0.5152174896819478,0.0739460908215904,0.0037274399766975,0.0762824718812258,1.193826931703096,-0.2417677178830148,1
17473.0,1.00176641150428,-0.5571872395918231,-0.3072426826756436,-0.3999276484574282,-0.1914684658752519,0.1116631958528578,0
17474.0,1.2470333934915163,-1.058145946714099,0.0850943379727997,-0.5964638157260045,-1.4880589811139169,1.7914946748798848,0
17475.0,-0.0462426723707365,-1.058145946714099,-1.1253174559110244,-0.6727062364625485,-0.862804573858747,-0.4914825527698323,0
17476.0,0.9811023498659778,-0.5571872395918231,-0.4614610954425445,-0.5222758574236794,-0.2941514393624997,-0.1786781618839082,0
17477.0,1.260757748649645,-0.5571872395918231,0.1490707786755332,-0.5193591300769778,0.0384893202353487,0.971275998305408,0
17478.0,1.0002002930243403,-0.5571872395918231,0.2256971760615443,0.0249101264924206,-0.0378814165327151,1.1156826698238265,0
17479.0,1.2813148034334256,-1.058145946714099,-0.6267260888123554,-0.4097080656836057,-0.6688728615528973,0.4489186749285934,0
17480.0,-0.0543097623705864,-0.5571872395918231,-0.0221897975489463,0.1162257633423767,0.1411722937225966,0.6485767187649951,0
17481.0,-1.8243736859341724,0.0739460908215904,0.2158950511171305,0.4983812830944592,0.4009658426149288,0.157297227683009,1
17482.0,1.1134584833473364,-0.5571872395918231,-0.1284779057612963,-0.4743692243337022,0.1411722937225966,0.4483439231872507,0
17483.0,-0.1696156146721137,0.0739460908215904,-0.3255716171839954,-0.4121760645974459,-0.4772168596026035,-0.860351105702199,0
17484.0,1.2208976805661906,-0.5571872395918231,-1.071328495977067,-0.2507389147655574,-0.862804573858747,-1.3252857416836274,0
17486.0,0.7145728708968584,-1.058145946714099,-0.6128098964038602,-0.6265937067707593,-0.4437267787202448,0.47516623011991,0
17487.0,1.3708596916709783,-1.058145946714099,-1.2622881667267007,-1.6920419146655814,-1.2818823689972492,-0.7498252219566768,0
17488.0,1.2893566040861313,-1.058145946714099,-0.7313905683888621,-0.848584025185672,-0.6688728615528973,0.2515093100955967,0
17489.0,-0.2307404346856175,-0.5571872395918231,-0.6504132994017257,-0.0978113633798804,-0.321964036982949,-0.534235774741748,0
17490.0,-2.4120140217391843,0.9303406571479472,0.7806559856049698,0.7393834871623045,0.6428173386552047,0.1210535333508461,1
17491.0,-2.4120140217391843,1.6565606001831652,1.34028336388781,1.3069532616566213,0.7413828979433381,0.3118736103182685,1
17492.0,0.6819348007287381,-0.2017513803877423,0.1351712519506324,-0.0649184626094477,-0.2159596295778201,0.3952144568621575,0
17493.0,0.9630818100393996,-1.058145946714099,-1.5942831764672627,-1.3595320367867216,-1.2818823689972492,-1.3760063701914202,0
17494.0,1.1328744525473045,-1.058145946714099,-2.029600654073588,-1.9168175809686256,-1.9471638881929467,-2.197065693303521,0
17495.0,-1.4474112861963695,-0.2017513803877423,-0.1025649829176083,-0.1986886419931085,-0.0789096183560038,-0.0522399878054175,1
17496.0,0.9183600631720789,0.0739460908215904,0.3008840188910238,0.2012781287866438,0.2031181655606824,0.3172361106422608,0
17497.0,0.9713357875339578,-0.5571872395918231,-0.8450550243352788,-1.3916223493687232,-1.3785107536966998,-0.9002399855122508,0
17498.0,-0.070754899282162,-1.058145946714099,-0.8836433843524224,-0.1521201403247171,-0.7132292345010023,-0.0356571843542361,0
17499.0,0.7818983972139277,-0.5571872395918231,0.2634901602774391,0.5136849269265208,0.3650304751021734,1.1869101512924274,1
17500.0,-1.0028785328055103,-0.2017513803877423,0.1450960394528624,-2.183500472526469,-1.9471638881929467,0.4139007201155671,0
17501.0,0.6083263710119671,-0.5571872395918231,-0.841688051824658,-0.7424124492385259,-0.6688728615528973,-0.8939113883212748,0
17502.0,-1.3798409325433134,0.0739460908215904,-0.2159711768500338,-0.1827966247136157,-0.4115503779538524,-0.6545979916394336,0
17503.0,-1.9674812683483252,-0.5571872395918231,-0.3665543663374637,-0.014407610016013,-0.1220981718085144,-1.4077766086929051e-05,1
17504.0,0.5634601652637944,1.7233615276208618,1.6785737682059811,1.5822143307391687,1.428723884190206,0.8710261468511266,1
17505.0,0.4102035851912229,0.2992073267345332,0.693037735702333,0.6018893855772485,0.5505411819726732,0.7529528911786466,1
17506.0,-0.070754899282162,-1.058145946714099,-0.808618595495255,-0.8343368051868192,-0.862804573858747,0.1058482812530996,0
17507.0,0.7170160174661255,-0.5571872395918231,-0.3089276153272656,-0.2131446291541037,0.5105140700321456,0.1084904416252974,0
17508.0,0.7617503989180828,0.8001660338568091,1.1478724188318414,1.1572824241696034,1.2622326247684963,0.9718775877413786,1
17509.0,-0.2415192631816249,0.8001660338568091,1.3562549629430642,1.2893297651945317,0.4684334074395972,1.3643903407575808,1
17510.0,-0.7670473650770303,-0.5571872395918231,-0.4260837662043464,-0.1070751917177317,-0.321964036982949,-0.112084800242903,0
17511.0,-1.9674812683483252,3.164510717157243,3.7755048306602426,3.605767674464432,2.239228514726729,3.187778690843671,1
17512.0,-0.6752731880764764,1.7233615276208618,1.2756434259764735,1.572245941642109,0.7178293264081053,0.1128578849856579,1
17513.0,-0.10496702096475,-0.2017513803877423,0.1581365359984125,-0.0796661867185862,-0.6688728615528973,0.4384538854233372,0
17514.0,0.2601733813722913,-0.5571872395918231,-0.3876163348401584,-0.3418899361875976,0.435392980203531,-0.0396675367587299,0
17515.0,-0.6338830081757483,0.9303406571479472,0.3982579948562244,0.0400019000139965,0.6251737972068488,-0.5974378600179233,1
17516.0,-1.0784157615666077,0.4896629879592288,0.0208050781299908,0.0387573945550787,1.031671386584256,-0.7579117023269598,1
17517.0,0.8224615941517993,-1.058145946714099,-1.2923922048098166,-1.0362001973790858,-1.0458699940988507,-0.8066049342424694,0
17518.0,1.0278214364224063,-0.5571872395918231,-0.7466678191095664,-0.4072492929554593,0.4240770344914922,-0.7152701055385207,0
17519.0,-1.0028785328055103,1.5110377522649707,1.2268077507311508,1.266614842235527,0.9870131210634252,0.2680453072417544,1
17520.0,-0.2865430233339383,-1.058145946714099,-0.3823619039383492,-0.2022729611569515,-0.2672508963742018,0.9098179095027128,0
17521.0,-0.6542442484349309,0.2992073267345332,0.2286666498069025,0.3177806281973799,0.3526935049184267,-0.1208906238936008,1
17522.0,-2.1519790306632065,0.2992073267345332,0.1012153888358851,0.4814433271813896,0.2745016951337471,-0.3604589702182681,1
17523.0,-1.2629135238814884,0.0739460908215904,-0.2549745754970229,0.3694853126909775,-0.4115503779538524,-0.7278357789037062,0
17524.0,0.9219131204530228,-0.2017513803877423,-0.3925223728719029,-0.2076863327758596,-0.1002197270566499,-0.5974712857179615,0
17525.0,0.9201390523816813,-0.2017513803877423,0.1600600216960429,-0.2526762385191352,-0.6267921989603487,0.4420755658287106,0
17526.0,-1.7074462772723475,1.2544959545938104,1.0797451899992137,0.7180029472358327,0.3771846686209953,0.2938124782099943,1
17527.0,-0.2865430233339383,0.0739460908215904,0.0070069361518402,-0.0117120286249113,0.0565206627106016,-0.2356019223536269,0
17528.0,-2.4120140217391843,0.8001660338568091,0.9802233095817082,0.9589072945601872,1.193826931703096,0.6562150583436335,1
17529.0,1.2576165577225409,-0.5571872395918231,0.2070441735516875,0.3046093056627695,0.5001945244425666,1.0805288984705907,0
17530.0,-2.4120140217391843,1.2544959545938104,0.8764052526128726,0.9034368151471516,1.7444487237240909,-0.0885441485833845,1
17531.0,0.5118685254199581,-0.2017513803877423,0.2223063032843252,-0.0335924975147533,0.2031181655606824,0.5592861606867321,0
17532.0,0.9647411258391284,-1.058145946714099,-1.9036316841395289,-1.8259532106467025,-1.7640984679528429,-1.9594735852266632,0
17533.0,1.0411983450016138,-1.058145946714099,-2.3481260714036623,-1.967436469196142,-2.515817022689194,-2.797841625813956,0
17534.0,-0.2865430233339383,0.2992073267345332,0.4207741855024599,0.360381763362304,0.4791576523996084,0.2404545755175383,1
17535.0,0.7594721542528383,-1.058145946714099,-1.2453166915955756,-0.848584025185672,-0.91940584661767,-0.7178150486918738,0
17536.0,0.4666615905535427,-0.2017513803877423,-0.6733084292647279,-0.5931996852608044,-0.7601216003714991,-1.1246794757311789,0
17537.0,-0.6542442484349309,-0.5571872395918231,-0.0257174773665365,0.2251631403646062,0.457567115373851,0.6419304828763024,1
17538.0,-0.7428435417295326,-1.058145946714099,-1.6121083237958431,-0.8582565662530369,-1.1954453334565955,-1.4096266683711622,0
17539.0,1.2659591169727051,0.0739460908215904,0.1990583217780613,0.2678460005014682,0.9275383145186272,0.1256177231996856,1
17540.0,-0.7670473650770303,0.4896629879592288,0.3861986664056248,0.1106659589866475,-0.0181119525235737,-0.0715450196329558,1
17541.0,1.1429941922828974,-1.058145946714099,-1.444474084317694,-1.5522358034901935,-0.2412044847042052,-1.0934490226833131,0
17542.0,0.736233191538285,-0.2017513803877423,-0.7203727576885051,-0.2804155698175485,0.2466890975132978,-1.2129495839568414,0
17543.0,1.1913278063103443,-1.058145946714099,-1.4702592849385037,-1.3595320367867216,-0.91940584661767,-1.142082905899869,0
17544.0,0.9713357875339578,-0.2017513803877423,0.0231617257694473,-0.0811593109439519,0.5207054191909427,0.1843576105305535,0
17545.0,-0.4296506057480915,0.4896629879592288,0.3188278649134207,0.2554190543906869,1.2824902726998832,-0.1981971075661716,1
17547.0,0.9479515492166356,-0.5571872395918231,-0.1766041386758949,-0.5252055769172435,-0.5121324717856456,0.3576925716499189,0
17548.0,0.6448229902562577,0.0739460908215904,-0.1732406313030316,-0.0036909421566538,-0.5121324717856456,-0.57434196510291,0
17549.0,-0.7922005967383016,-0.5571872395918231,-1.3164142011535445,-0.5645293427226981,-1.614523128595098,-1.7849459061504664,0
17550.0,0.5349521297947235,0.9303406571479472,0.7254683973923663,0.4522064721717343,1.448573071542019,0.0172769176733386,1
17551.0,0.9183600631720789,-1.058145946714099,-0.7976745770354927,-0.7845884941066654,-0.0581390644641013,0.1264899711712447,0
17552.0,-0.2201397768252409,1.2544959545938104,0.8633970174872404,0.9455505189649676,0.5001945244425666,-0.1129928339224762,1
17553.0,0.2700401175059993,0.0739460908215904,1.0054092293447778,1.0034853906907757,-2.183176263091345,1.6442561240007902,1
17554.0,-2.4120140217391843,0.2992073267345332,0.5338173922158173,0.8321286419381901,0.2607132519567318,0.4531955458417642,1
17555.0,-0.9040178174155592,0.2992073267345332,0.0924414596467276,0.2678460005014682,1.344145044363842,-0.376945709252997,1
17556.0,0.5634601652637944,-0.5571872395918231,-0.812264039582407,-0.6510211644571734,-0.91940584661767,-0.8386014243472046,0
17557.0,-1.1198059414673356,0.0739460908215904,-0.3456279083388147,-0.3093765158786823,-0.321964036982949,-0.8979864399795123,0
17558.0,0.9762376600515654,-1.058145946714099,-0.9189107036390708,-1.448851553929116,-0.321964036982949,-0.1021754446839088,0
17559.0,1.1467483017274251,-1.058145946714099,-1.2314230214635555,-0.3999276484574282,-0.9802035124500996,-0.6916099731298596,0
17560.0,0.0706847362910886,0.8001660338568091,0.5126112115906611,0.7634105699125021,-0.1002197270566499,-0.223367895266022,1
17561.0,-0.9353081791524545,0.0739460908215904,-0.182072413973388,-0.1487983103404511,1.0994248524597794,-0.5909313496515969,1
17562.0,-1.1198059414673356,0.654643185938614,0.1351455943698,0.3266852938434061,0.1083521949576072,-0.751593104157871,1
17563.0,1.2231168011153777,-0.5571872395918231,-0.620988090416758,-0.4348149665659621,-0.3507527121214226,-0.4788800437437712,0
17564.0,-0.7922005967383016,-0.2017513803877423,-0.5161105620288364,-0.8022464926048176,-0.0789096183560038,-0.8296352106365514,0
17565.0,1.233008902613806,-1.058145946714099,-1.403340369641207,-1.3092999294811465,-0.2672508963742018,-1.0158660592905473,0
17566.0,-1.4474112861963695,-0.5571872395918231,-0.0228444323120486,0.0274495927313415,0.8010741670374462,0.6473433679808023,1
17567.0,-1.5229485149574664,0.9303406571479472,1.260760904514434,1.214113509770058,0.9024861982765124,1.024669402635813,1
17568.0,1.2813148034334256,-1.058145946714099,-0.6387727170991372,-0.3691098594149052,0.3014022381220454,0.4261973348130628,0
17569.0,0.8683613620879451,-1.058145946714099,-0.7152603632955457,-0.74651041226979,-0.2941514393624997,0.2819327503590144,0
17570.0,0.9580779469522994,-1.058145946714099,-1.600746575705919,-3.628661084298931,-2.515817022689194,-1.3881970918529425,0
17571.0,-0.3349679194593694,0.2992073267345332,0.435688048132982,0.4724858996865095,1.569884862020401,0.2685173205007394,1
17572.0,-0.1138130260237924,1.0480979277381186,-0.1814052671877747,-0.2279254970027644,-0.862804573858747,-1.823858698032652,0
17573.0,-0.6752731880764764,-0.2017513803877423,-0.6428963751604594,-0.3136198914928544,-0.4437267787202448,-1.0676242407545815,0
17574.0,0.6689257299564773,-1.058145946714099,-1.1582197331768032,-1.2190598790341067,-1.2818823689972492,-0.5535400691581758,0
17575.0,1.3148171310090695,-1.058145946714099,-1.214194847746417,-1.2626334870875635,-1.614523128595098,-0.6591156365173435,0
17576.0,-1.4474112861963695,2.703410827734218,1.639229150759749,1.4823937392749815,1.8669969064568752,-0.3184367240915452,1
17577.0,1.2933400032205151,-0.5571872395918231,-0.7056991861519265,-0.669042043482492,-0.586765087019821,-0.6382251734339169,0
17578.0,0.5996007235020872,0.654643185938614,0.0853212065898329,0.0412440551307057,0.2466890975132978,-0.8450508657910459,0
17579.0,-1.7074462772723475,0.0739460908215904,-0.1518908902355172,-0.1845435605050292,0.607142454731596,-0.534235774741748,1
17580.0,0.6946852246521797,0.2992073267345332,-0.3843904835588263,-0.5222758574236794,0.5001945244425666,-1.271515568184413,0
17581.0,-2.4120140217391843,2.760887060390832,2.163844706730188,1.971496969296927,1.805897236918799,0.6033676338388363,1
17582.0,0.6502579820962507,0.2992073267345332,0.3199008416461282,0.1304650741914777,0.6340429977198944,0.0506836744950475,1
17583.0,1.2028627431408645,-1.058145946714099,-1.3813292891727302,-1.437000405574019,-1.3785107536966998,-0.9743506050299282,0
17584.0,-1.5229485149574664,0.4896629879592288,1.2544637930552198,1.052207231112776,0.5698454386786636,1.5631199469716093,1
17585.0,0.1579897300569208,0.654643185938614,0.583986765794286,1.0719206230008775,1.583861231680227,0.0916218957427199,1
17586.0,1.2669943475426584,-1.058145946714099,-1.2323637995609389,-1.29969799342043,-1.2818823689972492,-0.6933843898890566,0
17587.0,1.2762369843581085,-1.058145946714099,-1.1737908174937624,-1.29969799342043,0.0011923041824166,-0.5829089426977899,0
17588.0,0.1032463079562461,0.654643185938614,0.8285397044172578,0.6706578499519347,-0.144576100004755,0.5517593081516834,1
17589.0,-0.2201397768252409,1.7233615276208618,1.955610582269359,1.8883738669818173,2.166256614750188,1.3927799891529165,1
17590.0,-2.1519790306632065,-0.2017513803877423,0.3339202999518261,0.3354710107890296,1.094407142278882,0.7694959201335445,1
17591.0,-0.0962413734548695,0.8001660338568091,0.7874772856391338,0.5643262251078305,0.6428173386552047,0.2934757495197229,1
17592.0,1.3804644691318602,-1.058145946714099,-1.3191119725105995,-1.6749572933624948,-0.91940584661767,-0.8570015195180029,0
17593.0,-1.8243736859341724,1.15560189306089,1.558408541220589,1.592855383349771,1.627049785132738,1.312980785744958,1
17594.0,0.0001383902963132,0.0739460908215904,0.7112602804625823,0.6653941402817954,0.4126028186801636,1.090003364027392,1
17595.0,-1.2115801184678894,-0.5571872395918231,-0.6275944403925272,-0.5078198702626843,0.3891614223084505,-0.4913086474314524,0
17596.0,-0.8183807704906293,1.3460575542855853,1.1996821218768063,1.7945009288871088,1.5234898547932807,0.4109663658301432,1
17597.0,0.5877787261013253,0.2992073267345332,0.9509664859651098,0.9821678183868856,0.7717713000569296,1.238766046218824,1
17598.0,0.9564012788108172,-1.058145946714099,-0.5894488191100157,-0.8984352203714877,-1.117253523671916,0.5192279351897888,0
17599.0,1.101520337621945,-1.058145946714099,-2.064726170656767,-2.450183364084312,-1.9471638881929467,-2.2633164972646456,0
17600.0,-0.9682038613741812,-1.058145946714099,-1.2573096487647062,-0.8112565093766205,-0.91940584661767,-0.7404351588458331,0
17601.0,0.6583250720961007,-0.5571872395918231,-0.5695622084507809,-0.3330613346531344,0.4009658426149288,-0.38212225074374,0
17602.0,-2.1519790306632065,1.4312993642702228,1.4986216299997928,1.6303519261813562,1.92933521698081,0.8731382995135747,1
17603.0,-0.0543097623705864,0.0739460908215904,0.4726521812785588,0.1663113033072214,0.7336066022127771,0.6406003512030605,1
17604.0,0.5966655916107547,0.4896629879592288,0.0120163253861953,0.1412123874791795,0.9870131210634252,-0.7744017684181914,1
17605.0,1.2362726511275437,-1.058145946714099,-1.2613966192481705,-1.2717056438696923,-0.91940584661767,-0.7481436598625708,0
17606.0,1.3787288112420826,-1.058145946714099,-1.697580179113608,-1.6107384274973675,-1.4880589811139169,-1.570836514707274,0
17607.0,0.9479515492166356,-1.058145946714099,-0.7371569735828922,-0.4023591519246488,-0.5121324717856456,0.2406332001552508,0
17608.0,-0.5950029105353472,0.0739460908215904,-0.4488444448772564,0.0535382624037394,0.939783214329445,-1.0915815941538385,1
17609.0,-0.4594850640247002,1.15560189306089,0.5120563449127016,0.6444038614552899,1.642676792037434,-0.6550865299172502,1
17610.0,1.1795815951948991,0.2992073267345332,0.3579861083050278,0.3917077284569989,0.8082392174469527,0.1223246379960963,1
17611.0,-1.5229485149574664,2.245808014503504,1.5825779078214255,1.5627383199666014,2.3165130608777518,0.0914245132591422,1
17612.0,-0.2983107883386734,1.7233615276208618,1.2659652270612034,1.2869065309940613,1.3177393102307873,0.0946606260775805,1
17613.0,-0.8183807704906293,1.4312993642702228,1.1447063504885278,1.060690649826981,1.3100360324395852,0.2071131483366927,1
17614.0,-0.2524823540546596,-1.058145946714099,-0.6252320192981751,-0.4825737499159102,0.6770053294538549,0.4517366635624076,0
17615.0,0.2700401175059993,0.4896629879592288,-0.1713340650942507,-0.1655778157249051,0.0914362748936436,-1.1181550564680771,0
17616.0,0.4557606165093461,0.0739460908215904,0.0945211342511058,-0.1164713649302792,-2.515817022689194,-0.071034359326671,0
17617.0,1.2017185408769109,-1.058145946714099,-0.615604444007812,-0.4373791840002142,-0.6688728615528973,0.4698953887635697,0
17618.0,-1.608585561882396,1.15560189306089,1.0635161887823412,0.8530453800777091,1.274447139088575,0.3812105776482049,1
17619.0,0.8286381285590276,-1.058145946714099,-1.041333657978767,-0.8932765983286024,0.4240770344914922,-0.3330793554945741,0
17620.0,-0.2201397768252409,-1.058145946714099,-1.74706284400455,-1.3807506813715704,-1.7640984679528429,-1.6641665679009603,0
17621.0,-0.8741833591389503,0.4896629879592288,0.8840712702299538,0.5280488303934219,0.3014022381220454,0.8653754694619911,1
17622.0,1.2448956408493488,-0.5571872395918231,0.1401507324287329,-0.1775834856216042,-0.6267921989603487,0.9544665231926436,0
17623.0,-0.5950029105353472,0.654643185938614,0.6775495767503691,0.3136928528340992,0.9151078788768328,0.2676193696869994,1
17624.0,-1.0784157615666077,0.0739460908215904,0.3761825103104403,0.4312818248824634,0.6251737972068488,0.4589722544804688,1
17625.0,-0.9682038613741812,0.8001660338568091,1.3506557475644467,1.2924851983554095,1.8902171279112616,1.353841690319318,1
17626.0,1.2502267205812954,-1.058145946714099,-0.9333742465409786,-0.589951674024074,-0.6688728615528973,-0.1294553664783252,0
17627.0,1.1028578254869597,-1.058145946714099,-0.8226335038942626,0.2022503698192664,-1.117253523671916,0.0794145362382176,0
17628.0,-0.0304066776915911,-1.058145946714099,-1.7985977711554484,-1.202407826598178,-1.614523128595098,-1.761367426078802,0
17629.0,-1.608585561882396,1.0480979277381186,0.698940358887855,0.8823607492437651,0.9088213112787455,-0.1752450432092267,1
17630.0,0.4409316275594932,-0.5571872395918231,-0.441567621445974,-0.7506340680270399,-0.4437267787202448,-0.1412320028079884,0
17631.0,-2.1519790306632065,0.654643185938614,0.0509427505149125,0.1140074781407906,0.3650304751021734,-0.9095147327951808,1
17633.0,-0.6338830081757483,0.654643185938614,0.571523930710054,0.3895189712330969,0.5602500888610992,0.0681832750608076,1
17634.0,-0.540774126845729,0.9303406571479472,0.6709623121673621,0.344923450442901,1.3022597367090245,-0.0851937646064492,1
17635.0,1.024810514465536,-0.2017513803877423,0.221601177347832,0.2877653393202686,0.2880622196936218,0.5579583070020132,0
17636.0,-0.9353081791524545,-1.058145946714099,-0.8492922712354335,-0.6581703754853391,-0.586765087019821,0.0291330047258549,0
17637.0,-0.6338830081757483,-0.5571872395918231,-0.3820331271810234,-0.3760945721938142,-0.144576100004755,-0.0291562122887725,0
17638.0,1.2953224629098814,-0.5571872395918231,-0.0714167113584979,-0.0917071809225421,-2.183176263091345,0.5558353312150865,0
17639.0,0.7502773702473149,0.4896629879592288,-0.2976241925835581,0.0971274856787354,0.2745016951337471,-1.35459304845116,0
17640.0,0.0148821476427679,0.4896629879592288,0.882667795594756,0.8051082460722441,0.1083521949576072,0.8627325180071562,1
17642.0,0.2191145500704246,0.2992073267345332,0.4849982175354773,0.7148910478371763,0.5979759564957379,0.3613115788952832,1
17643.0,0.942827752064887,-0.5571872395918231,-0.3897129354445279,-0.3374608222193361,-0.2672508963742018,-0.0436147003574656,0
17644.0,-2.4120140217391843,1.847016261407861,1.3459861465217764,1.2771233160625557,1.0842787042858788,0.102392293922339,1
17646.0,0.6025224834477799,1.2544959545938104,1.076929635050774,0.688987808371478,0.8766449105123539,0.2885160233003808,1
17647.0,-0.1696156146721137,-0.2017513803877423,-0.7417992216153059,-1.178194505634738,-0.9802035124500996,-1.2531244024638428,0
17648.0,-0.2097114950440718,0.2992073267345332,0.6251343935160945,0.4285327260471559,0.8082392174469527,0.6250994072657542,1
17649.0,0.3080557011550128,-0.2017513803877423,0.3808773920385717,0.2463966778120865,0.5979759564957379,0.8579467500491362,1
17650.0,-0.8741833591389503,-1.058145946714099,-1.238034408101989,-0.7845884941066654,-1.2818823689972492,-0.7040798162154926,0
17651.0,-1.2115801184678894,1.5859404542672264,1.3060495546854096,1.384763695643513,1.258120370257919,0.3296397276341622,1
17652.0,-0.7670473650770303,1.2544959545938104,1.1918875846373471,1.0641060248689442,0.8362895757000253,0.5048102545954574,1
17653.0,-0.5236711079833221,0.0739460908215904,0.1878119975009096,0.6848029314400146,0.0384893202353487,0.1044579663579896,1
17654.0,0.752588454545872,-1.058145946714099,-1.48529725049619,-1.6262149283445646,-0.5121324717856456,-1.1704462555399289,0
17655.0,-1.2629135238814884,0.9303406571479472,0.9849685886748112,0.7440891529756208,0.4684334074395972,0.505437718649787,1
17656.0,-0.0962413734548695,0.2992073267345332,0.4232985645060604,0.6801216238571579,0.3771846686209953,0.2452044892243614,1
17657.0,1.033801201878248,-1.058145946714099,-1.4356827730046058,-1.3807506813715704,-1.3785107536966998,-1.076867588471936,0
17658.0,-0.7428435417295326,-0.5571872395918231,-0.3210995198270103,0.1412123874791795,-0.7132292345010023,0.0855709217722136,0
17659.0,-1.0028785328055103,1.4312993642702228,1.020058069181447,0.8515990442803519,1.031671386584256,-0.0272585812008063,1
17660.0,0.3217499979517362,-0.5571872395918231,-0.6839443908378954,-0.4047996776888514,0.4684334074395972,-0.5973083431943135,0
17662.0,1.3099987372027848,-0.5571872395918231,-0.5843123107969084,-0.6510211644571734,-0.862804573858747,-0.4098762868418825,0
17663.0,-0.7428435417295326,1.6565606001831652,1.236104500163377,1.0060663787201476,1.0478107868958555,0.1159439906513035,1
17664.0,-0.9353081791524545,0.0739460908215904,0.1627381314700798,0.4965206851385348,0.3891614223084505,0.0572849012400474,1
17665.0,1.1212955486788323,-1.058145946714099,-0.3612463415666809,0.2157129643038685,-0.6267921989603487,0.9496443126219828,0
17666.0,-1.8243736859341724,0.2992073267345332,0.5681588558341152,0.7483380110253343,-0.2672508963742018,0.5178382732057356,1
17667.0,-0.1599714449813229,0.9303406571479472,1.0415104554078416,0.9753056188782602,0.9754580982530536,0.6118581264771209,1
17668.0,-2.4120140217391843,-0.5571872395918231,-0.707762446423676,-1.0963383891618057,-0.862804573858747,-0.6421056111568031,0
17669.0,-0.4296506057480915,1.0480979277381186,1.359453688504239,1.2839117805097389,0.5698454386786636,1.067579124239511,1
17670.0,0.6282360691847436,-1.058145946714099,-1.084695263216789,-0.9870018732865308,-1.0458699940988507,-0.4148643792467814,0
17671.0,-1.0395356639262063,0.2992073267345332,0.6834690244511312,0.5665633733150358,0.2031181655606824,0.7349349679130772,1
17672.0,-0.3349679194593694,0.654643185938614,1.315475506769898,1.12631691641078,1.175795589227843,1.4688166241983658,1
17673.0,-2.1519790306632065,1.3460575542855853,1.0913310294688654,1.2518120879273262,1.2456584639501014,0.207139895723374,1
17674.0,-0.0876328522714647,-0.5571872395918231,-0.0635143665350365,0.4731297773089598,-0.6267921989603487,0.5707225164176776,0
17675.0,-2.4120140217391843,3.352069504384517,2.677454927742552,2.2993287249330474,1.7119076227707086,0.9092116988942098,1
17676.0,-1.8243736859341724,1.0480979277381186,0.7846622365827597,0.8923030324990388,0.5698454386786636,-0.0141201794726634,1
17677.0,-2.1519790306632065,3.0365845316001647,2.647327039639665,2.4899739572668804,1.7142752811445796,1.204607289988055,1
17678.0,0.7218745649366273,-0.5571872395918231,-0.3158749286977723,-0.1969037808196001,-0.3507527121214226,0.0954086724399358,0
17679.0,-0.2983107883386734,0.654643185938614,0.97004821649971,0.8291389961597865,0.4126028186801636,0.8181672579790124,1
17680.0,-0.7922005967383016,-0.2017513803877423,-0.4504040771625025,-0.7631624647057185,-0.586765087019821,-0.7062236070291594,0
17681.0,1.2438240863831336,0.2992073267345332,-0.1732996777631332,-0.0649184626094477,-0.9802035124500996,-0.87588488877904,0
17682.0,-1.3187161125298097,1.15560189306089,1.1283455469712471,1.059372307155075,0.5698454386786636,0.5031999348318699,1
17683.0,0.9647411258391284,-0.2017513803877423,-0.0916832541256793,0.2970828555111235,-0.0181119525235737,-0.0317660980870079,0
17684.0,-0.4152381970004986,-1.058145946714099,-0.9758299711876676,-0.8067360727591756,-0.8098576192004525,-0.2095317942209493,0
17685.0,-1.0028785328055103,1.2544959545938104,1.3357034505859966,1.3463263540358574,0.8766449105123539,0.7755092549646854,1
17686.0,-1.5229485149574664,0.9303406571479472,1.5760794329721568,1.2983840803963087,1.549909087672658,1.6186783307212484,1
17687.0,1.0202674598207486,-1.058145946714099,-0.5507080134665883,-0.5645293427226981,-0.3805884749031534,0.5922975942195962,0
17688.0,0.9778633268252848,-1.058145946714099,-0.8038809508319192,-0.9637172845910724,-0.6267921989603487,0.1147840293462235,0
17689.0,0.9680469331528012,-0.5571872395918231,-0.774094782970636,-0.3308725774292323,-0.7132292345010023,-0.7668414584447105,0
17690.0,-0.6542442484349309,1.847016261407861,1.4983285807283404,1.208667381707657,1.4049427101962726,0.3889140164930515,1
17691.0,0.9165761254464796,0.0739460908215904,-0.1267598317367022,-0.1880514138269199,-0.1002197270566499,-0.4870202330724372,0
17692.0,0.2551824986059697,1.2544959545938104,0.837368598681595,1.017697718495452,0.6162076636214244,-0.1619079273111912,1
17693.0,0.3034251741878168,-1.058145946714099,-1.1031626100749057,-0.5021252811070448,-0.7601216003714991,-0.4496959403280796,0
17694.0,0.3262505441323444,-0.2017513803877423,0.432391936435944,0.7228635204661121,0.2031181655606824,0.954990603554432,1
17695.0,0.2797573518734662,0.2992073267345332,0.4533457906394318,0.8490602781992872,0.0741642041589574,0.3017448566407238,1
17696.0,-0.5070123740010525,2.202452120611942,1.5203809993463553,1.6253476849055606,1.228742543886138,0.0237594176027708,1
17697.0,0.6502579820962507,-1.058145946714099,-0.7261784909424819,-1.0963383891618057,-0.6267921989603487,0.2613398935209717,0
17698.0,0.7145728708968584,-1.058145946714099,-1.2877101523175412,-1.0963383891618057,-1.2818823689972492,-0.797774039440769,0
17699.0,1.1001800545869456,-0.5571872395918231,-0.5353861599873425,-0.5707933990113551,-0.7132292345010023,-0.3178109238319486,0
17700.0,-1.0028785328055103,1.4312993642702228,1.4199064035081574,1.2771233160625557,1.4774744457749929,0.7249454054136496,1
17701.0,0.6946852246521797,-1.058145946714099,-0.575608365040202,-0.9929541396007278,-0.4437267787202448,0.5453326390776535,0
17702.0,-0.6542442484349309,0.4896629879592288,0.8769851607765045,0.9635035462402076,0.8499631098416093,0.8520313545812492,1
17703.0,-0.5583457794146515,0.0739460908215904,0.1172598918378103,0.3880557427345978,0.3274486497920416,-0.0282653738982256,1
17704.0,0.4371701786605239,-0.5571872395918231,-0.0357545320256891,-0.2430461845122031,-0.3507527121214226,0.6230206224851949,0
17705.0,-1.9674812683483252,1.15560189306089,0.5807451946303738,0.6323903596360522,0.457567115373851,-0.5261800923171464,1
17706.0,-1.8243736859341724,2.3674323185913275,2.2365764542630457,1.83060699452104,1.849140004351645,1.1841944227140284,1
17707.0,0.4948562494227654,0.8001660338568091,-0.3045218975956507,0.0620094863539268,-1.1954453334565955,-1.754082256545703,0
17708.0,0.5051176715181148,0.0739460908215904,-0.0335299761422597,-0.1621874941005139,0.2466890975132978,-0.3118091600892,0
17709.0,0.4409316275594932,0.2992073267345332,-0.2351125042177893,-0.3418899361875976,-0.1002197270566499,-0.9918098087565872,0
17710.0,1.024810514465536,-1.058145946714099,-0.8295976929655723,-0.7506340680270399,-0.586765087019821,0.0662792667876185,0
17711.0,-1.2629135238814884,-0.5571872395918231,-0.6344485274376989,-0.4609184296153759,-0.5121324717856456,-0.5042030135584059,0
17712.0,-0.4011425702790203,-1.058145946714099,-0.4145065541792413,-0.5491253379834612,-0.2941514393624997,0.849189365678589,0
17713.0,0.9580779469522994,0.0739460908215904,0.1821433559675921,0.4522064721717343,0.217900422374825,0.0937928284374059,0
17714.0,0.8468186429686271,0.2992073267345332,0.2995015341695224,0.1326286318621574,0.4009658426149288,0.0123154413625715,1
17715.0,0.5477790613471053,-0.5571872395918231,-0.4618428822201182,0.0971274856787354,-2.515817022689194,-0.1793967916795699,0
17716.0,-0.8183807704906293,2.062432694683636,2.047323410127151,1.890689656653779,1.685402164334772,1.1750799688652025,1
17717.0,1.0202674598207486,-1.058145946714099,-0.6498792158256641,-0.2411369787048411,-0.3805884749031534,0.4052491882403805,0
17718.0,0.639341544931368,-0.5571872395918231,-0.539987893745661,-0.3902905392135271,-0.5121324717856456,-0.3264707175553608,0
17719.0,-0.5070123740010525,1.5110377522649707,1.266122793596492,1.0527406625603497,0.7865535568710715,0.3420008728239621,1
17720.0,-0.7428435417295326,1.0480979277381186,0.7854613411912555,0.7736780425257681,0.5307717179635321,-0.0126178594187851,1
17721.0,1.3070902279146166,-1.058145946714099,-0.7968089995649278,-1.0050227523118491,-1.0458699940988507,0.128122550814017,0
17722.0,0.0773306527470905,0.2992073267345332,1.1240620893401532,1.1676617693016154,1.0994248524597794,1.564911693571058,1
17723.0,0.2551824986059697,0.654643185938614,0.9287753225404796,0.3989514243478757,-1.4880589811139169,0.7404558829709355,1
17724.0,-0.1138130260237924,-0.2017513803877423,0.0754032176439577,-0.3308725774292323,-0.0789096183560038,0.2826938620662771,0
17725.0,-1.0395356639262063,1.15560189306089,0.941599393246976,0.9662459585752804,0.8153422320095451,0.1518746505335866,1
17726.0,0.9794848831855826,0.654643185938614,0.115429520367922,-0.0737273568542482,0.1727297634470911,-0.7885796364278872,0
17727.0,-1.0784157615666077,-1.058145946714099,0.0941477787055028,0.1714218258238153,0.3650304751021734,1.808570515621917,1
17728.0,-1.8243736859341724,0.2992073267345332,1.0922119648623618,0.961362625227984,1.2498335012412511,1.5048940500159074,1
17729.0,1.242750738519486,-1.058145946714099,-0.5408560487749824,-0.4582609676615375,-0.4772168596026035,0.6108795438934143,0
17730.0,-1.9674812683483252,1.847016261407861,1.529166015086539,1.5558265707591097,1.1666290909919852,0.4469321375870803,1
17731.0,-0.0462426723707365,0.4896629879592288,0.4378995846538431,0.231698391536616,0.5407159979871611,0.0256742028878225,1
17732.0,0.942827752064887,0.8001660338568091,0.703289161027352,0.5518840134438602,0.6162076636214244,0.1351105115917141,1
17733.0,-0.4907754257615954,-0.5571872395918231,-0.2127518424219041,-0.0462278667786565,-0.1914684658752519,0.2896095980630891,0
17734.0,-0.2865430233339383,0.4896629879592288,0.3157291346967993,0.2625488904832523,0.4791576523996084,-0.2040215387812153,1
17735.0,-2.1519790306632065,2.1575193073054413,2.1032542532202214,2.0300767644949715,1.8143115984463487,1.171795505913286,1
17736.0,-1.3798409325433134,-0.2017513803877423,-0.6488883953142965,-0.4825737499159102,-0.4437267787202448,-1.0788667182133949,0
17737.0,-1.3798409325433134,-0.5571872395918231,-1.2287783268609818,-0.9989607652635912,-1.2818823689972492,-1.620686517168418,0
17738.0,-0.9353081791524545,1.3460575542855853,1.0827685174193056,1.1305940185129866,1.147982991607394,0.1910359113579108,1
17739.0,-1.2115801184678894,1.7233615276208618,1.5251500047922226,1.0168535845543771,0.2324210325411989,0.5822230688792204,1
17740.0,0.9696934685856776,0.4896629879592288,-0.5603765084073229,-0.5281484048190704,-1.614523128595098,-1.8453694820724924,0
17741.0,0.9986303407132076,-0.5571872395918231,-1.5929409605020772,-0.9637172845910724,-1.4880589811139169,-2.302299735308756,0
17742.0,0.1808966364835151,1.15560189306089,0.5857668660640163,0.1795169549510284,0.1727297634470911,-0.51675369229202,1
17743.0,1.060040892608841,-1.058145946714099,-1.0071017706767451,-1.0756752990814846,-1.9471638881929467,-0.2685140401491022,0
17744.0,-1.8243736859341724,0.654643185938614,0.7536094230936714,1.3415316995601143,0.8567153541898691,0.4107353373922519,1
17745.0,1.101520337621945,-0.5571872395918231,-0.3151795721320285,-0.7262712480428852,-0.3507527121214226,0.0967180172563053,0
17746.0,0.6609917087814282,0.0739460908215904,-0.0204761956786446,0.2138065254653223,-0.2159596295778201,-0.2872702832629278,0
17747.0,0.1808966364835151,-1.058145946714099,-1.840642282868084,-2.397537599248726,-2.515817022689194,-1.8406682584670984,0
17748.0,1.1639826455004636,-1.058145946714099,-0.6865879639315788,-0.9811029912456316,-0.7132292345010023,0.3360122257415034,0
17749.0,0.4702544582071883,-0.2017513803877423,0.0706346256049402,-0.070777930661493,0.1727297634470911,0.2737171642576781,0
17750.0,-1.7074462772723475,0.9303406571479472,0.4742926968781417,1.3636690346235123,0.7098254282188435,-0.4546971919584922,1
17751.0,1.0202674598207486,-1.058145946714099,-1.274387921029181,-0.7977873505159858,-0.2412044847042052,-0.7726467639081844,0
17752.0,0.9183600631720789,-1.058145946714099,-1.7540896491503444,-0.6231769669374269,-2.515817022689194,-1.677419938540639,0
17753.0,1.0824965852277768,0.0739460908215904,-0.6243297009782518,-0.8881581216111365,0.3274486497920416,-1.4203317167828504,0
17754.0,-2.4120140217391843,1.3460575542855853,1.147604913540298,1.4395475883997757,1.2026961322161416,0.312990430535963,1
17756.0,0.9479515492166356,-0.2017513803877423,-0.1708434985577737,-0.142204561494289,0.2031181655606824,-0.1806875938557353,0
17757.0,-2.4120140217391843,3.0807148010694942,1.6677458284245874,1.5386047997639418,1.7512570039357047,-0.686476939529124,1
17758.0,-0.9353081791524545,1.2544959545938104,1.2130075856390596,1.2314066996300856,1.8390489416127676,0.5445565331232837,1
17759.0,-1.0028785328055103,0.2992073267345332,0.2280184746721806,0.4435125253493402,0.8082392174469527,-0.1221093444652192,1
17760.0,-0.8456753236698794,0.4896629879592288,-0.0088286999271096,0.2213993478973344,0.2607132519567318,-0.8135083999689021,1
17761.0,-0.5950029105353472,-1.058145946714099,-0.1916596053061219,-0.1454931730396027,-0.6267921989603487,1.2695045940159817,0
17762.0,1.071367018304198,-1.058145946714099,-1.4147135002384086,-0.8830791702047491,-0.7601216003714991,-1.0373171045395244,0
17763.0,0.7194498921096045,0.0739460908215904,-1.707026676679282,-1.6262149283445646,-1.0458699940988507,-3.426799030855963,0
17764.0,-0.3225146116861712,0.2992073267345332,0.4010042999990158,0.2518249419564132,0.8896672959534744,0.2032566148277822,1
17765.0,0.3982900810201226,0.0739460908215904,-0.4037354411428346,-0.6063545425438546,0.4240770344914922,-1.0069932068674063,0
17766.0,0.9564012788108172,-0.5571872395918231,-0.8148004994871617,-0.7631624647057185,-0.5486003891756687,-0.8433696483831272,0
17767.0,-1.0784157615666077,-0.5571872395918231,-0.5840860293827078,-0.6030410799249616,-0.144576100004755,-0.4094505222671654,0
17768.0,-1.4474112861963695,0.654643185938614,0.9562033659146106,1.043883237951556,0.939783214329445,0.7920983921412905,1
17769.0,-1.1640528084915374,1.6565606001831652,1.464155204807576,1.219100991024766,1.6755474745837462,0.5449375628339165,1
17770.0,0.5413976634342754,0.2992073267345332,0.1484224377185869,-0.2022729611569515,-0.1914684658752519,-0.2717415044017338,0
17771.0,-0.2524823540546596,0.0739460908215904,-0.6301501319881719,-0.1880514138269199,0.3274486497920416,-1.4312259199926332,0
17772.0,-1.2629135238814884,-0.2017513803877423,-0.6350646823769941,-0.9194840867058316,0.6514988276797011,-1.0529293587286808,0
17773.0,1.1479948039640142,-0.5571872395918231,-0.3334682726261654,-0.4246569123197467,0.1083521949576072,0.0622814033231881,0
17774.0,0.0839084047561103,0.9303406571479472,0.9179583538565144,0.7720459798054511,1.5585297595388092,0.3793379980461584,1
17775.0,0.6997152519968288,-1.058145946714099,-2.007936628688272,-1.2626334870875635,-1.9471638881929467,-2.156204825238773,0
17776.0,0.9663961595288088,-0.5571872395918231,-0.7270056498137931,-0.3831542564881224,0.457567115373851,-0.678295359912324,0
17777.0,-0.7670473650770303,-0.2017513803877423,-0.2406560940576486,0.0133596082852886,0.9812559531764108,-0.3119869483124289,1
17778.0,1.3099987372027848,-1.058145946714099,-1.113138744855277,-0.5521774127817789,-1.117253523671916,-0.4685120892111586,0
17779.0,-0.8741833591389503,-0.2017513803877423,-0.2485768693884106,-0.1471436655965733,0.4465549626877331,-0.3268815333395235,0
17780.0,1.3148171310090695,-0.2017513803877423,-0.6971788710557607,-0.7506340680270399,0.4791576523996084,-1.1694530242258725,0
17781.0,0.3982900810201226,-0.5571872395918231,-1.149127559508554,-1.7461316338435953,-0.9802035124500996,-1.4712916161271197,0
17782.0,0.9597502430728068,-0.5571872395918231,-0.2265742044413929,0.052319131491566,-0.2941514393624997,0.2635769352567777,0
17783.0,-0.10496702096475,-0.2017513803877423,-0.644200513898204,-0.0811593109439519,0.6251737972068488,-1.0700711617389047,0
17784.0,1.1913278063103443,-1.058145946714099,-1.514384129486547,-1.2626334870875635,-0.6267921989603487,-1.2253074876379044,0
17785.0,-0.2983107883386734,-0.2017513803877423,-0.6011148775800383,-0.5135641944509618,0.1083521949576072,-0.9892187270191116,0
17786.0,0.0001383902963132,-0.5571872395918231,-0.8666494421551219,-0.5964638157260045,0.2466890975132978,-0.9408266310300804,0
17787.0,0.373777854108697,0.0739460908215904,0.7405295946040819,0.6144676992234456,0.6514988276797011,1.1451438182299325,1
17788.0,-0.0876328522714647,-0.5571872395918231,0.1322661487683087,-0.5614195452564948,-1.9471638881929467,0.9396084894058016,0
17789.0,0.7617503989180828,-0.5571872395918231,-0.6123029591599478,-0.5997442262109776,-0.3507527121214226,-0.4625401652696724,0
17790.0,-0.7195200551006783,1.847016261407861,0.7892754400322161,0.6754067582274664,1.215822701168371,-0.9426626907192964,1
17791.0,-0.6542442484349309,-1.058145946714099,-1.558489219843724,-1.5522358034901935,-1.117253523671916,-1.3084948106775978,0
17792.0,1.086620877247503,-0.5571872395918231,-0.6630990079090116,-0.7802470860088049,0.0565206627106016,-0.5580987451606786,0
17793.0,-0.7670473650770303,-1.058145946714099,-0.7607176616925861,-0.4992963694822978,0.1249263557760024,0.1961950059026993,0
17794.0,1.3337366504688906,-0.5571872395918231,-1.3239546866887064,-1.5522358034901935,-1.3785107536966998,-1.79907337161835,0
17795.0,0.4773803670621637,-0.5571872395918231,-0.7023281762717632,-0.2468813028931192,0.0200527453205781,-0.631885142258971,0
17796.0,-0.4749394310824503,0.654643185938614,0.2744642237698992,-0.1775834856216042,1.0262202498700983,-0.4900919327178989,1
17797.0,-0.8456753236698794,0.8001660338568091,0.546041171409568,0.5161008008596119,1.3515360227957012,-0.1605416677494924,1
17798.0,1.2275321383409905,-1.058145946714099,-1.1681714395119485,-0.8203916692661117,0.0200527453205781,-0.5723101431562937,0
17799.0,-0.8456753236698794,1.847016261407861,1.3824869476660706,1.320755243050152,1.978750163576668,0.1710261570372791,1
17800.0,-0.5236711079833221,0.9303406571479472,0.1826960179970939,0.2581018083703786,0.1571027565423948,-1.0016836659171435,1
17801.0,1.0643116644325106,-0.2017513803877423,-0.1100891190943871,0.3433574474678515,0.3650304751021734,-0.0663961467505129,0
17802.0,-0.0226329437380984,1.0480979277381186,1.2188180845632104,1.13295822285156,1.549909087672658,0.8027524569119855,1
17803.0,0.9746078619728364,-1.058145946714099,-1.1620519638845932,-1.0622519568722428,-0.3507527121214226,-0.5607681013710082,0
17804.0,0.9479515492166356,-0.2017513803877423,-0.6342059443155292,-0.6130319698342725,0.5407159979871611,-1.0513180278723515,0
17805.0,-0.0876328522714647,-0.5571872395918231,-0.0025116346692534,0.5374534008296096,-1.117253523671916,0.6856515190126906,0
17806.0,-1.2629135238814884,-1.058145946714099,-0.3833754799037029,0.2500204938045738,0.0200527453205781,0.9079061875093482,0
17807.0,0.9794848831855826,-0.2017513803877423,-0.5421356162535098,-0.4196361174135791,0.5979759564957379,-0.8785027620565058,0
17808.0,1.190162819252791,0.0739460908215904,-0.9093633684031016,-0.8158082295413044,-0.2941514393624997,-1.9529334347939076,0
17809.0,-1.0395356639262063,1.847016261407861,1.8010505539792732,1.254760192095845,0.2745016951337471,0.958696201005035,1
17810.0,1.3167343976054071,-0.5571872395918231,-0.6539136990871269,-0.935724935040335,0.1571027565423948,-0.540820456288339,0
17811.0,-1.8243736859341724,2.868391025713604,1.681931571287928,1.5591680899132532,2.0755688284711327,-0.4230170191890626,1
17812.0,-1.1640528084915374,0.654643185938614,0.1625282008107162,0.1369345126340181,1.094407142278882,-0.7002155880741902,1
17813.0,-1.1198059414673356,0.2992073267345332,0.4635192707699872,0.3046093056627695,1.5893857849282496,0.3208896959782686,1
17814.0,0.9462481612329638,-0.5571872395918231,0.398195659422783,0.6991067916340292,0.7938459876173184,1.4408078564810098,1
17815.0,0.9762376600515654,-1.058145946714099,-0.3252920560367698,0.1369345126340181,-0.91940584661767,1.0174582710747713,0
17816.0,-0.5236711079833221,0.4896629879592288,-1.5178097922909155,-1.0756752990814846,-0.0181119525235737,-3.6083060738772863,0
17817.0,-1.8243736859341724,0.4896629879592288,-0.1015575778553952,-0.2022729611569515,0.8153422320095451,-0.987397216483758,1
17818.0,1.3795972273515245,-1.058145946714099,-1.412347560207662,-1.1176717491805908,0.0011923041824166,-1.0328546668472676,0
17819.0,-0.10496702096475,1.2544959545938104,1.4125944380968445,0.8634372645868037,0.3650304751021734,0.920280480016384,1
17820.0,0.9445402369244064,-1.058145946714099,-1.166334038358705,-0.975256544405366,-0.0581390644641013,-0.5688445911746393,0
17821.0,0.9970565357545048,-1.058145946714099,-0.7354157605057449,-0.7342923345111426,-1.4880589811139169,0.243917330253536,0
17822.0,1.0187459283862368,0.2992073267345332,0.6160198977163615,0.6754067582274664,1.0424661878166923,0.6079395614873194,1
17823.0,1.0202674598207486,-0.5571872395918231,-0.4550451279329319,-0.4196361174135791,0.5979759564957379,-0.1666013960455299,0
17824.0,-0.3225146116861712,-1.058145946714099,-0.8177068473902764,-0.1292121204849814,-0.91940584661767,0.088706782615761,0
17825.0,1.2459654079011129,0.0739460908215904,-0.1725521131983152,0.0547551377532697,-0.4437267787202448,-0.573048636104905,0
17826.0,0.9445402369244064,-1.058145946714099,-1.3885210028943895,-1.1548410131689797,-0.1914684658752519,-0.9879150123971452,0
17827.0,-1.7074462772723475,0.4896629879592288,0.6788718993482482,0.7650641746523024,1.4152191667836551,0.4790492203012931,1
17828.0,-0.8183807704906293,0.0739460908215904,0.4832592668298027,0.1934480251337977,0.2031181655606824,0.6605734002636723,1
17829.0,0.8014326545102536,0.2992073267345332,1.1752719290584075,1.1835858516147453,0.8567153541898691,1.6614153126564446,1
17830.0,-2.1519790306632065,-0.2017513803877423,-0.6095031326275658,-1.1033729047604708,-0.6688728615528973,-1.0049616334111318,0
17831.0,-0.5950029105353472,-1.058145946714099,-2.336149178111677,-2.397537599248726,-2.183176263091345,-2.7752518139980467,0
17832.0,-0.3349679194593694,-1.058145946714099,-1.2857720804128836,-0.5707933990113551,0.3014022381220454,-0.7941186107294509,0
17833.0,1.3664458738438814,-1.058145946714099,-0.7189863144306785,-0.8067360727591756,-0.321964036982949,0.2749051737641517,0
17834.0,1.011083648486406,-0.5571872395918231,-0.1740184641680811,0.212851229816185,0.2031181655606824,0.3625627840110306,0
17835.0,-1.9674812683483252,-0.2017513803877423,-0.7018156852059663,-0.2335550971816399,0.0565206627106016,-1.178149291857939,0
17836.0,-0.3738480170997701,-1.058145946714099,-1.5313536066817008,-1.132288371569837,-0.4772168596026035,-1.2573138925634135,0
17837.0,-0.4443943630945455,0.8001660338568091,0.3874562069341551,0.0274495927313415,0.7791957222855813,-0.4584772193736025,1
17838.0,-0.7195200551006783,1.3460575542855853,1.4245219156343685,1.3948249381248277,0.9812559531764108,0.8341539912066274,1
17839.0,-0.4443943630945455,-1.058145946714099,-0.7264965166148449,-0.3644942549377236,0.1411722937225966,0.2607400601655124,0
17840.0,1.054301926358555,-1.058145946714099,-1.1579495372766342,-0.8390516708165107,0.0384893202353487,-0.553030448308307,0
17841.0,-2.1519790306632065,4.703608573249776,3.121800906617881,2.8436557105696334,3.1978991004060235,0.2492662561471945,1
17842.0,1.2491640439523517,-1.058145946714099,-0.5540221632784077,-1.12493945781088,-0.6688728615528973,0.5860467227495437,0
17843.0,0.8099271521892553,-0.5571872395918231,-0.7536584986538699,-0.3855244245982789,0.2607132519567318,-0.7284153620208835,0
17844.0,0.1462219650521856,-1.058145946714099,-2.0714129082935338,-1.473214373913271,-1.614523128595098,-2.2759284610848463,0
17845.0,1.197121207936731,0.0739460908215904,-0.3177605604374295,-0.609684782260171,0.0011923041824166,-0.8456923375952089,0
17846.0,0.0001383902963132,-1.058145946714099,0.5629700120283158,-3.628661084298931,-2.515817022689194,2.692823699455809,0
17847.0,1.1504805636606206,-0.5571872395918231,-1.415044249857557,-1.8475197636971112,-1.1954453334565955,-1.969652784491955,0
17848.0,-0.0304066776915911,2.3282062876889484,0.984656890390325,0.6981932901832864,0.7413828979433381,-1.123719121790829,1
17849.0,0.5996007235020872,0.8001660338568091,0.0965271506569355,-0.5222758574236794,-0.4437267787202448,-1.0042512995222408,0
17850.0,0.94111068223374,4.324638360695156,2.959644555229872,2.514948675858605,0.7017426726202728,0.3622911307492685,1
17851.0,1.0217853899940603,0.4896629879592288,0.3737498505057655,0.4174199643090983,1.2026961322161416,-0.0949507645161792,1
17852.0,-1.2115801184678894,0.2992073267345332,-0.2435253261650135,-0.1827966247136157,0.5407159979871611,-1.007582931637996,1
17853.0,0.9986303407132076,-0.2017513803877423,0.3941188118977738,0.1528350679553599,0.5602500888610992,0.8828903178567635,1
17854.0,0.4948562494227654,0.4896629879592288,0.1017127761183601,0.1347850958883998,0.8010741670374462,-0.6060596263588437,1
17855.0,0.942827752064887,-1.058145946714099,-0.5756255652253723,-0.1521201403247171,-0.7132292345010023,0.5453001975306911,0
17856.0,-2.1519790306632065,0.0739460908215904,0.3034988847498635,0.3464857336924171,-0.9802035124500996,0.3221576277782664,1
17857.0,-1.8243736859341724,2.062432694683636,2.4698465149693978,2.493681289979559,-0.5486003891756687,1.971139536928581,1
17858.0,-1.608585561882396,2.3282062876889484,1.8883470885497269,1.5781491456620982,1.147982991607394,0.5730713942117416,1
17859.0,0.8141325783983266,-1.058145946714099,-1.3195464865044295,-0.8932765983286024,-0.4772168596026035,-0.8578210633773915,0
17860.0,0.935931715741001,0.0739460908215904,0.0631314642433825,0.3266852938434061,0.8961017842882889,-0.1300684422793649,1
17861.0,-1.9674812683483252,1.7233615276208618,1.2293722621147063,1.4589516539458385,1.673065194151025,0.0258643885750011,1
17862.0,0.8527660599238526,0.0739460908215904,0.2292466947377625,-0.0752070446297544,0.6162076636214244,0.182420550789177,0
17863.0,-0.2307404346856175,1.2544959545938104,1.3112954179068468,1.5111659848933372,1.0531207928583963,0.7295593596455168,1
17864.0,-1.1640528084915374,0.2992073267345332,-0.0046189633970725,0.5345288920593108,0.6428173386552047,-0.5592755410235813,1
17865.0,-0.6338830081757483,2.842379197713229,2.409402006775249,2.1451289913516747,1.8143115984463487,0.9741335265735084,1
17866.0,0.3307197273670667,-0.2017513803877423,0.1431638559345448,0.0486481213729288,-0.586765087019821,0.4102627940864968,0
17867.0,-0.6542442484349309,1.5110377522649707,0.3999567841061608,0.1983527528500262,0.8431548296299944,-1.2835311667455187,1
17868.0,0.9647411258391284,-1.058145946714099,-0.9902404981898628,-1.110483470649885,-0.6688728615528973,-0.2367117218709276,0
17869.0,0.1462219650521856,0.654643185938614,0.0776020590129333,0.0786314777309225,0.435392980203531,-0.8595267780524306,1
17870.0,-2.1519790306632065,1.3460575542855853,0.8687147461201066,0.8733173786374865,1.3253709285855884,-0.2113507810534689,1
17871.0,0.5603544681590024,0.2992073267345332,0.1329677880662114,0.2372488121448318,0.3401681767824983,-0.3007881343040515,1
17872.0,0.9580779469522994,-1.058145946714099,-0.9865194891076816,-0.6800964371201603,-0.8098576192004525,-0.2296934665619306,0
17873.0,-0.0382757972626953,1.7233615276208618,1.401987087182759,1.4201638894777158,0.3526935049184267,0.3504791866929001,1
17874.0,0.4948562494227654,0.4896629879592288,-0.2218845865471826,-0.5311044589581426,-0.1002197270566499,-1.2128313016897467,0
17875.0,1.3346681324029106,-1.058145946714099,-1.233648661400789,-1.0622519568722428,-0.4115503779538524,-0.6958077885504682,0
17876.0,0.9875317290149478,-0.2017513803877423,0.9384378514306684,0.901090801667944,-1.9471638881929467,1.9086445069071307,0
17877.0,0.4409316275594932,-1.058145946714099,-0.981245502015778,-1.0622519568722428,-0.9802035124500996,-0.2197461143545463,0
17878.0,-0.4152381970004986,-0.2017513803877423,0.3005985567242778,0.4839803445557598,0.5407159979871611,0.7067340342118033,1
17879.0,0.4557606165093461,-1.058145946714099,-1.18628581560377,-1.5663808849782732,-1.4880589811139169,-0.6064759603762473,0
17880.0,0.9289607210324548,-0.2017513803877423,-0.0865083999532835,-0.0419890490645959,0.0200527453205781,-0.0220293848038069,0
17881.0,0.8120333123706301,-1.058145946714099,-1.3951413022232777,-1.7848322627584738,-1.2818823689972492,-1.0004016658521484,0
17882.0,0.9530347346034082,-0.5571872395918231,-0.7823427221038833,-0.8582565662530369,0.0914362748936436,-0.7823489959546313,0
17883.0,-1.9674812683483252,0.654643185938614,0.0490368957556866,-0.0211952960450161,1.0583966506364906,-0.913087917787902,1
17884.0,-1.8243736859341724,1.847016261407861,0.8604960090028754,1.2006256484284332,1.6111193223129396,-0.809199513673766,1
17885.0,-1.2115801184678894,-1.058145946714099,-1.1409020834248556,-0.7144200996877884,0.1411722937225966,-0.5208769703517337,0
17886.0,-0.6141483680629726,0.4896629879592288,0.3942038886244585,0.2482110815525285,0.9637379981128577,-0.0564932640556737,1
17887.0,0.2651257241188405,-1.058145946714099,-1.524004498433126,-1.8259532106467025,-1.117253523671916,-1.2434526208377026,0
17888.0,-0.8741833591389503,2.110890520920167,0.4833977461866984,0.7449411232227339,1.0040461146997783,-1.814313670931128,1
17889.0,0.5817849890277144,0.654643185938614,-0.1315547940075558,-0.1148959846829668,0.6770053294538549,-1.2513907944733462,0
17890.0,0.8507897095190223,-0.5571872395918231,-0.3130855709643334,-0.1164713649302792,0.5979759564957379,0.1006609991935489,0
17891.0,0.4102035851912229,-1.058145946714099,-1.0911385533521936,-0.1537873679317828,-0.1676872918813187,-0.4270171728039799,0
17892.0,-0.2636361169073439,-0.2017513803877423,-0.961907757283064,-0.9929541396007278,-0.3507527121214226,-1.6653760939935731,0
17893.0,0.6197789110416514,-1.058145946714099,-1.518255054440688,-0.7383398607540069,-0.8098576192004525,-1.2326085016935335,0
17894.0,-0.10496702096475,1.7233615276208618,0.6983123398058639,0.4724858996865095,1.3253709285855884,-0.9708925567005176,1
17895.0,-0.4152381970004986,-1.058145946714099,-1.6151589192821976,-0.8780391383485852,-0.8098576192004525,-1.4153804457726291,0
17896.0,-0.8183807704906293,-1.058145946714099,-0.9268479053743348,-0.3576310176485259,-2.183176263091345,-0.1171459290301711,0
17897.0,0.4520853904121776,0.9303406571479472,0.7359547549426699,0.4871379163370291,1.3100360324395852,0.0369939637069922,1
17898.0,0.0001383902963132,0.0739460908215904,-0.8158319917246398,-0.4477372081299453,0.1083521949576072,-1.778385077777218,0
17899.0,0.3982900810201226,-1.058145946714099,-1.2837932494106168,-0.6989435988405914,-0.2941514393624997,-0.7903863056260388,0
17900.0,0.5118685254199581,-0.5571872395918231,-1.5185732673659744,-1.2536847648443734,-1.7640984679528429,-2.163326880256728,0
17901.0,-0.6752731880764764,-0.2017513803877423,-0.916394673175331,-1.6749572933624948,-0.5121324717856456,-1.5802066141273945,0
17902.0,1.187826477146772,-1.058145946714099,-1.0483265604918,0.0375105298426944,-0.4437267787202448,-0.3462687818312116,0
17903.0,0.9778633268252848,-1.058145946714099,-0.6419716787635507,-0.8203916692661117,0.0384893202353487,0.4201637215676507,0
17904.0,-0.8741833591389503,-1.058145946714099,-1.1353454577912925,-1.3491740126569909,-0.1914684658752519,-0.5103965290274673,0
17905.0,-0.1138130260237924,1.3460575542855853,0.6775042487287657,0.6677919589740022,0.9088213112787455,-0.5704089509095275,1
17906.0,0.6793540117376464,-1.058145946714099,-1.8258654186998136,-1.9168175809686256,-0.9802035124500996,-1.8127973763733367,0
17907.0,1.2893566040861313,-1.058145946714099,-0.8338678144222103,0.4890252087045914,-0.91940584661767,0.0582253217632374,0
17908.0,0.9445402369244064,0.2992073267345332,0.3001956587782757,0.3573190293585997,1.1712251425483466,0.0136209423241164,1
17909.0,1.3787288112420826,-1.058145946714099,-1.399444969559048,-1.6262149283445646,-1.2818823689972492,-1.00851888230079,0
17910.0,1.369097808148474,-1.058145946714099,-0.911937211501823,-0.9248532670431824,-0.4115503779538524,-0.0890226285704372,0
17911.0,-1.3798409325433134,-1.058145946714099,-0.6705560443380871,-0.5252055769172435,-0.0581390644641013,0.3662502881367924,0
17912.0,0.8245270555146574,0.4896629879592288,-0.6525918785127263,-0.5460873605785668,0.1083521949576072,-2.0171569847244264,0
17913.0,-0.2307404346856175,1.4312993642702228,0.9500457956749172,0.8253827270193658,1.3588610094679472,-0.1588415267814326,1
17914.0,-1.8243736859341724,-1.058145946714099,-0.7315400402487973,-0.0322034348256864,0.435392980203531,0.2512273888072129,0
17915.0,1.1924906809695346,-1.058145946714099,-0.96772295186181,-0.6265937067707593,-0.3507527121214226,-0.1942410141752073,0
17916.0,1.2772557696380078,-0.5571872395918231,-2.1854006245102777,-1.1176717491805908,-0.8098576192004525,-3.4030367608525167,0
17917.0,-0.4011425702790203,-0.2017513803877423,-0.7212564306836884,-0.6404409748334174,0.4897435161402434,-1.2146066174677317,0
17918.0,1.131598183073706,-0.2017513803877423,-0.6136797622531438,-0.2260596207476965,-0.1676872918813187,-1.0127999073151743,0
17919.0,0.0221288371626836,-0.5571872395918231,0.4912200073479327,0.7045613158222488,-0.1002197270566499,1.6161609286461942,1
17920.0,-1.8243736859341724,3.0365845316001647,2.3567656586997687,2.128770374798137,2.3085314115408413,0.6575479807669646,1
17921.0,-0.1794070292720186,1.0480979277381186,0.689485890804342,0.4607869974830055,1.380451546493704,-0.1930117470069604,1
17922.0,1.183128103028089,-1.058145946714099,-1.2196396345048313,-1.5115390548677536,-1.2818823689972492,-0.6693851367334505,0
17923.0,0.7640205789835691,-0.2017513803877423,-0.4510549215459931,-0.8296554976039625,-2.183176263091345,-0.7074462670649032,0
17924.0,-1.2115801184678894,0.8001660338568091,0.9617630825376662,0.6155051141684996,-0.3507527121214226,0.6214648126257876,1
17925.0,0.942827752064887,-1.058145946714099,-0.4639610640077226,-0.8112565093766205,-2.515817022689194,0.755912416202799,0
17926.0,0.2845613084095361,0.2992073267345332,0.0771364091372133,0.0925520172177983,-0.3507527121214226,-0.4057030028930797,0
17927.0,1.3655594532482656,-1.058145946714099,-0.8283753124220607,-0.9989607652635912,-1.117253523671916,0.0685848184671875,0
17928.0,-0.4011425702790203,-0.2017513803877423,-0.7213406465614912,-0.5281484048190704,-0.3507527121214226,-1.214764535598298,0
17929.0,-1.2629135238814884,1.2544959545938104,0.8626518247282788,-0.0886762034903892,-1.4880589811139169,-0.1143933597511365,1
17930.0,-0.540774126845729,1.3460575542855853,1.0983822440446631,1.3361822409478057,-0.0581390644641013,0.2204019066269214,1
17931.0,0.2893295474663386,1.4312993642702228,0.941224344570844,0.8940021317100467,1.5234898547932807,-0.1754175172219737,1
17932.0,-0.6752731880764764,-0.2017513803877423,0.2581994220261736,0.3037772740036711,0.5602500888610992,0.6268807324525894,1
17933.0,1.2803024508967262,-1.058145946714099,-1.5028945767469353,-1.3491740126569909,-0.9802035124500996,-1.203636856706386,0
17934.0,-0.3102985242592435,-0.2017513803877423,0.0865711397563769,0.153881561316635,-0.1220981718085144,0.3037175090798302,1
17935.0,0.3080557011550128,0.654643185938614,-0.2190686167017238,-0.4662657837754595,0.2880622196936218,-1.4151059033236226,0
17936.0,-1.7074462772723475,-1.058145946714099,-0.6256559464279683,-0.4196361174135791,0.3891614223084505,0.4509370877582133,0
17937.0,-1.3798409325433134,0.654643185938614,1.102750282864373,0.8287643331255561,-0.6267921989603487,1.06807608334144,1
17938.0,1.0187459283862368,-1.058145946714099,-1.338730812607957,-1.4609201666402376,-0.2941514393624997,-0.8940049305897445,0
17939.0,0.4022858895777679,-1.058145946714099,-1.6069085911368175,-1.6420643925920622,-0.9802035124500996,-1.3998193686485352,0
17940.0,-0.3476678433474425,1.5859404542672264,2.511596595623938,3.385321964661057,-1.0458699940988507,2.6005429350669496,1
17941.0,0.2749171387187454,0.0739460908215904,0.311201623177199,0.5268637473001856,-1.614523128595098,0.3366554002942988,0
17942.0,-1.4474112861963695,-1.058145946714099,-1.7823518266848182,-1.6749572933624948,-2.183176263091345,-1.7307256879071145,0
17944.0,1.0232997359133336,-1.058145946714099,-1.801797067003428,-1.1548410131689797,-0.4437267787202448,-1.7674016696332324,0
17945.0,1.342991142929533,-0.2017513803877423,-0.6821873813539389,-0.4662657837754595,0.3650304751021734,-1.1413345934849926,0
17946.0,0.6420881238566438,-0.5571872395918231,-1.3129604129315482,-1.2361445003371931,-0.6688728615528973,-1.7784747385213338,0
17947.0,-0.5236711079833221,-1.058145946714099,-1.1937096853546665,-0.7105166998701326,-1.1954453334565955,-0.6204782409785802,0
17948.0,0.3482913799359889,-1.058145946714099,-0.6857658152856293,-0.8112565093766205,-2.515817022689194,0.3375628935769705,0
17949.0,-2.4120140217391843,3.990143955266911,3.492864456765341,3.158937522560877,0.2607132519567318,1.7363404302214671,1
17950.0,-0.10496702096475,0.654643185938614,0.310965452912595,0.3503752834002815,0.9336836095984208,-0.4215406280668223,1
17951.0,-0.4749394310824503,0.0739460908215904,0.4065009228517622,0.3887877638884077,-0.4437267787202448,0.5160494745606198,1
17952.0,0.9513448121530388,0.0739460908215904,-0.0911561900720458,0.0094639151263962,0.5698454386786636,-0.4201183534964168,0
17953.0,1.1795815951948991,-1.058145946714099,-1.2610848380458404,-1.0556416405393652,-0.586765087019821,-0.7475556043028637,0
17954.0,-1.7074462772723475,1.7867352234743037,1.0443041081493427,1.2372729255773638,1.9804610986224889,-0.3950243287531191,1
17955.0,0.5413976634342754,0.4896629879592288,0.0150310938411873,0.2070901336643004,-0.7601216003714991,-0.7687453696057684,0
17956.0,0.6845052458484283,-1.058145946714099,-3.037668199183025,-3.628661084298931,-2.515817022689194,-4.098398166306909,0
17957.0,-0.1599714449813229,-1.058145946714099,-1.521891038783556,-0.3599108152129162,-0.2412044847042052,-1.2394663904689096,0
17958.0,0.2030134902092342,-0.5571872395918231,0.032977813724553,-0.3667980083921493,-0.144576100004755,0.7525184336493773,0
17959.0,1.2384392923735166,-1.058145946714099,-1.3565055416916074,-1.5115390548677536,-2.183176263091345,-0.927530134103676,0
17960.0,0.4446711436871723,-0.2017513803877423,-1.385921591622517,-1.3807506813715704,-0.1002197270566499,-2.4563308042015977,0
17961.0,-0.8741833591389503,3.787515622239936,0.8421312811048367,0.7419543866133782,1.9923387650392004,-2.9954586117884583,1
17962.0,0.3262505441323444,0.0739460908215904,-0.21772754905226,0.1775024941456337,1.0096460890517032,-0.6578963574766553,1
17963.0,1.092078996990952,0.0739460908215904,-0.2563316355480192,-0.2411369787048411,0.6853342645162757,-0.7303836486362641,0
17964.0,-0.6141483680629726,-0.5571872395918231,-0.1710789288163741,-0.0010388380035462,0.5602500888610992,0.3680995351690979,1
17965.0,-0.5070123740010525,2.2876939305965798,1.478008884093884,1.451869215221442,2.148346399258342,-0.1526291584140521,1
17966.0,-0.5070123740010525,1.0480979277381186,0.5418765016751277,1.361338459382352,0.5407159979871611,-0.470277974590894,1
17967.0,0.94111068223374,-0.5571872395918231,-0.68831552418012,-0.6030410799249616,0.2745016951337471,-0.6055299310832609,0
17968.0,0.9445402369244064,0.0739460908215904,-0.0334408123797245,0.036261296914809,0.7490861757345402,-0.3116415524915388,0
17969.0,0.4257516242273519,1.847016261407861,0.6733886924290857,0.4705504762041935,0.8010741670374462,-1.1596324608481277,1
17970.0,0.5787669825224744,-1.058145946714099,-0.3367698523720103,0.036261296914809,-0.3507527121214226,0.995809814087355,0
17971.0,1.188995712108433,-1.058145946714099,-1.2561145982616808,-1.3595320367867216,-0.5486003891756687,-0.7381811547968935,0
17972.0,0.6662919472041413,-1.058145946714099,-1.3808558895120375,-1.6920419146655814,-0.2672508963742018,-0.9734577182864254,0
17973.0,-0.3102985242592435,-1.058145946714099,-0.7302385407132718,-0.6800964371201603,-0.8098576192004525,0.2536821680950679,0
17974.0,-0.7670473650770303,0.4896629879592288,0.4981292548046775,0.6024183127780941,1.5382721116074227,0.1389565849790049,1
17975.0,-1.0784157615666077,2.062432694683636,1.4565841173801135,0.9985823835702587,1.4253684886861164,0.0633590567750633,1
17976.0,0.94111068223374,-1.058145946714099,-0.1981498349568302,-0.5583243821854503,0.2324210325411989,1.257263267081087,0
17977.0,-0.6752731880764764,-0.5571872395918231,0.3748039382965504,0.935112795236374,0.6514988276797011,1.396716046045293,1
17978.0,0.9289607210324548,0.0739460908215904,0.3253699841843852,0.8446851782167959,0.3145288070742748,0.3633233397746467,1
17979.0,-0.540774126845729,0.0739460908215904,-0.1476711177180603,-0.1471436655965733,0.8223842757380923,-0.5263082317633417,1
17980.0,0.4257516242273519,0.0739460908215904,0.0756958556288464,0.297923393566484,-0.0181119525235737,-0.106439669334655,0
17981.0,1.0048872215498614,-1.058145946714099,-0.9766997276693622,-0.4246569123197467,-0.7132292345010023,-0.2111722559640872,0
17982.0,1.3281191675561623,-1.058145946714099,-1.369690150524575,-0.9467793286780029,-0.91940584661767,-0.952397837701104,0
17983.0,0.9794848831855826,-1.058145946714099,-1.2141531238149843,-0.9989607652635912,-0.4772168596026035,-0.659036940336597,0
17984.0,0.3395657324261091,0.2992073267345332,0.1780331771080114,0.4414898043123751,1.3022597367090245,-0.2160828321297827,1
17985.0,-0.8456753236698794,-1.058145946714099,-0.2748555785799904,-0.6545860563214968,-0.586765087019821,1.11258732554906,0
17986.0,-0.2636361169073439,-1.058145946714099,-2.7055676050686475,-2.5074125686447046,-2.515817022689194,-3.472017873679955,0
17987.0,0.4948562494227654,0.2992073267345332,0.0546461658922677,0.4692570226136769,0.9696189771111754,-0.4479565784053091,1
17988.0,-1.2115801184678894,1.4312993642702228,-0.4619310155945808,-0.6439488281553082,0.8153422320095451,-2.791510929035002,1
17989.0,0.9530347346034082,-1.058145946714099,-1.008260910410257,-0.270373833714497,-0.3805884749031534,-0.2707003123158489,0
17990.0,0.6529583027123002,0.4896629879592288,0.3571004129653259,0.2937099202278743,-0.0378814165327151,-0.1262523255587347,1
17991.0,0.6197789110416514,-0.2017513803877423,-0.7662762541729674,-1.0490970995891926,-0.1002197270566499,-1.2990103172740577,0
17992.0,0.9696934685856776,-1.058145946714099,-0.9330069789326594,-0.8730374341016977,0.1249263557760024,-0.1287626571124029,0
17993.0,1.264922212625839,-1.058145946714099,-0.9885911235078024,-0.975256544405366,0.2880622196936218,-0.2336008096524307,0
17994.0,0.2296283133843863,1.15560189306089,0.6559715284283683,0.975905182218599,1.3697273015336937,-0.3849377782259282,1
17995.0,0.7640205789835691,-0.2017513803877423,-0.4532576857091189,-0.4171400197733095,-0.321964036982949,-0.711584292117794,0
17996.0,0.954720215728158,-0.2017513803877423,-0.4726009645460721,0.1095483360519587,0.3274486497920416,-0.7479196086944424,0
17997.0,-0.0876328522714647,0.8001660338568091,0.5405072776878176,1.006352530971259,0.9336836095984208,-0.1709424496839686,1
17998.0,0.954720215728158,-0.2017513803877423,-0.2700109139291193,0.0798028421345739,0.2466890975132978,-0.367184585041107,0
17999.0,-0.5236711079833221,-0.2017513803877423,-0.1735949826607578,-0.1504571282154663,0.8831819415705221,-0.185863096763795,1
18000.0,1.2074192468466634,-1.058145946714099,-1.4456812527472451,-0.9929541396007278,-1.4880589811139169,-1.0957258825491285,0
18001.0,-1.2115801184678894,0.4896629879592288,0.0180106619733205,0.3851194836668946,0.8499631098416093,-0.7631548930656161,1
18002.0,0.9479515492166356,0.0739460908215904,-0.944996968795981,-1.2626334870875635,0.1727297634470911,-2.019367578042884,0
18003.0,0.9479515492166356,-1.058145946714099,-0.685665617396568,-0.3330613346531344,-0.4772168596026035,0.3377518784333157,0
18004.0,0.9236822945372614,-1.058145946714099,-1.2235601498449495,-1.210681155040306,-0.2159596295778201,-0.676779684016753,0
18005.0,-1.8243736859341724,-0.5571872395918231,-0.9455715586977284,-1.0963383891618057,0.1727297634470911,-1.089122670504985,0
18006.0,-0.8183807704906293,0.0739460908215904,0.0504884019730369,-0.1373022709324161,0.2466890975132978,-0.1538439410561045,1
18007.0,0.9762376600515654,-1.058145946714099,-1.035449097177056,-0.4451323693240469,0.0741642041589574,-0.3219803903548502,0
18008.0,-0.1227827554391228,2.0119964593872464,2.202340200350377,1.812465817366824,0.4897435161402434,1.5248560932485289,1
18009.0,0.6475462436000934,0.8001660338568091,0.6051867479792146,0.1795169549510284,1.0040461146997783,-0.0493622952056266,1
18010.0,0.7047061347631505,-1.058145946714099,-1.2013747748086052,-1.3807506813715704,-0.862804573858747,-0.6349354899575337,0
18011.0,0.942827752064887,-0.5571872395918231,-0.4088620136356878,-0.6030410799249616,0.3274486497920416,-0.0796647124198609,0
18012.0,1.3664458738438814,-1.058145946714099,-1.49910507858611,-1.3491740126569909,-0.91940584661767,-1.1964894230403398,0
18013.0,0.3820531327806657,-0.5571872395918231,-1.1519158962152836,-0.3644942549377236,-0.2412044847042052,-1.4765230129743194,0
18014.0,-0.6970151074455184,-1.058145946714099,-1.2365695246463284,-1.29969799342043,-0.2941514393624997,-0.7013168758778884,0
18015.0,-1.8243736859341724,-1.058145946714099,-1.4703783518848423,-0.7547837407119178,0.0741642041589574,-1.1423074799898028,0
18016.0,-0.6141483680629726,0.654643185938614,0.5367660981868924,0.5841917903818861,0.8153422320095451,0.0028211595719048,1
18017.0,-0.0304066776915911,0.0739460908215904,-0.2171206984821942,-0.142204561494289,-2.515817022689194,-0.6567567309974736,0
18018.0,0.1521328382198956,0.0739460908215904,-0.8186943078787514,-0.6439488281553082,0.0200527453205781,-1.7837302129549024,0
18019.0,-0.3102985242592435,-1.058145946714099,-2.2781664532161976,-2.7168662556421554,-1.614523128595098,-2.665889660388559,0
18020.0,1.1843059274157668,-1.058145946714099,-1.139809904494136,-1.3092999294811465,-0.9802035124500996,-0.5188169940362759,0
18021.0,1.1429941922828974,-0.5571872395918231,-1.013831926339093,-0.7066363290939456,-0.2159596295778201,-1.217333280247256,0
18022.0,-0.540774126845729,0.2992073267345332,0.4133830212659372,0.675879768631748,1.6137959741395975,0.2265474665815757,1
18024.0,0.373777854108697,-0.5571872395918231,-0.6257665771424867,-0.6510211644571734,-0.5486003891756687,-0.4878698959253035,0
18025.0,0.954720215728158,0.4896629879592288,0.169796833988793,0.4934079441710827,0.5505411819726732,-0.4782139367484215,1
18026.0,1.131598183073706,-0.5571872395918231,0.5773396681850795,0.042483868766071,-0.9802035124500996,1.7785095067204657,0
18027.0,0.0968649100434169,-1.058145946714099,-1.4990431213909725,-1.210681155040306,-0.5486003891756687,-1.1963725645742354,0
18028.0,1.2286312392078274,-1.058145946714099,-1.1339256429594118,-0.8631467072838476,-1.7640984679528429,-0.5077185933488485,0
18029.0,1.2903547758033207,-1.058145946714099,-0.5488991656245179,-0.4425378060430995,-0.6688728615528973,0.5957092913400276,0
18030.0,-1.8243736859341724,-0.5571872395918231,-1.0025770829577063,-1.3092999294811465,-1.2818823689972492,-1.196197295712146,0
18031.0,0.9530347346034082,-1.058145946714099,-0.5034111043827969,-0.3308725774292323,0.1249263557760024,0.6815050580943891,0
18032.0,0.8722016442145482,-1.058145946714099,-1.8200384881004532,-1.6107384274973675,-1.614523128595098,-1.80180710848876,0
18033.0,-0.1696156146721137,-1.058145946714099,-1.615377313936877,-0.4425378060430995,-0.2159596295778201,-1.415792363457002,0
18034.0,-0.8456753236698794,-0.2017513803877423,-0.1142751829730403,0.4541965521735231,1.189356113787718,-0.0742717864694642,1
18035.0,-0.540774126845729,0.2992073267345332,0.2279226079948397,0.5575687587617849,0.1727297634470911,-0.1222895959086696,1
18036.0,-0.6141483680629726,1.15560189306089,0.3738880284090713,0.2687247193212898,1.3478488567818283,-0.9141811896814572,1
18037.0,0.3779288407609402,1.5110377522649707,-1.232278223507444,-1.6920419146655814,-0.2412044847042052,-4.265267549686208,0
18038.0,1.198273634480128,-1.058145946714099,-1.3137743991092825,-1.1548410131689797,-0.4115503779538524,-0.8469342361457741,0
18039.0,0.9445402369244064,0.0739460908215904,-0.3410051512197236,0.0902522913125902,0.9578145568046976,-0.8893123799966295,0
18040.0,-0.9353081791524545,-0.5571872395918231,-0.6884965549956934,-0.7933582365477243,-0.6688728615528973,-0.6058704257753695,0
18041.0,-1.2115801184678894,2.611849228042442,1.6145939028192433,1.8148970109100115,1.954414686952492,-0.261883473672381,1
18042.0,-0.2865430233339383,-0.5571872395918231,-0.8604680181783809,-1.2902342195152068,-0.91940584661767,-0.929209099591046,0
18043.0,-0.7670473650770303,-0.2017513803877423,-0.0432909206381833,-0.0591107344650019,0.7490861757345402,0.0592926650515964,1
18044.0,-1.8243736859341724,1.7233615276208618,0.955402378157809,0.7675368126727622,0.9024861982765124,-0.4887991603223111,1
18045.0,-0.4011425702790203,-1.058145946714099,-1.1438857538974396,-0.8203916692661117,0.0200527453205781,-0.5265045194041633,0
18046.0,1.298284709279553,-1.058145946714099,-1.143015814804047,-1.5808368721392685,-0.3805884749031534,-0.524863713234153,0
18047.0,0.9564012788108172,-0.5571872395918231,-0.7182940918550437,-0.8390516708165107,0.457567115373851,-0.6619123072032241,0
18048.0,0.5540975873223486,-0.2017513803877423,-0.604061143557185,-0.4297163291046267,0.2324210325411989,-0.9947483223527138,0
18049.0,1.0441334768929462,-0.5571872395918231,-0.3697011789851396,-0.1024269678570621,0.5407159979871611,-0.0059387282842158,0
18050.0,0.9183600631720789,-0.5571872395918231,-0.5858110419365545,-0.4503524041750327,-0.5121324717856456,-0.4126962479362868,0
18051.0,1.2823255604571917,0.654643185938614,0.6462414294815295,0.7929532956163405,-0.0181119525235737,0.2087200290140728,1
18052.0,1.2085533323744282,-1.058145946714099,1.771192513558115,2.351305398852586,-0.7601216003714991,4.971671667448472,1
18053.0,-0.1138130260237924,-0.2017513803877423,-0.3511365487183807,-0.1276059635480851,-0.2941514393624997,-0.5196926943808887,0
18054.0,0.9762376600515654,-1.058145946714099,-1.1944400574447185,-1.0756752990814846,-1.0458699940988507,-0.6218558075701528,0
18055.0,-1.5229485149574664,1.4312993642702228,1.7919805693139974,1.3437621366016053,1.6503800698286364,1.4256555726757798,1
18056.0,0.777475447277631,-0.5571872395918231,-0.3721870569402652,-0.2604831068966469,-0.321964036982949,-0.0106189735778596,0
18057.0,0.9762376600515654,-0.2017513803877423,0.185423077538099,0.4448575584127773,0.8567153541898691,0.4898325293678909,1
18058.0,-1.3187161125298097,-0.2017513803877423,-0.1323074785397075,-0.1521201403247171,-0.9802035124500996,-0.1081963360865696,0
18059.0,-0.8183807704906293,-0.2017513803877423,-0.7985646320808419,-0.4297163291046267,-0.7132292345010023,-1.3595249948926915,0
18060.0,1.0002002930243403,-0.5571872395918231,0.1745131016298143,0.3917077284569989,0.457567115373851,1.019222041539752,0
18061.0,-0.8456753236698794,2.245808014503504,1.3990053983744255,1.3027737803757162,-0.2672508963742018,-0.2535476337797203,1
18062.0,0.4520853904121776,0.4896629879592288,0.4049983784459095,0.3378468867216029,0.0741642041589574,-0.0361961912240246,1
18063.0,0.972973911537828,-0.5571872395918231,-1.15456140334348,-1.5248267984910486,-2.183176263091345,-1.4814863382316543,0
18064.0,0.2845613084095361,1.15560189306089,1.1345022235026916,1.114530780586549,0.1880646595930938,0.5147862613132858,1
18065.0,-1.608585561882396,2.2876939305965798,1.3263644891618005,0.9968431469319168,1.2372441024225518,-0.4374225750868538,1
18066.0,-0.0791383545924629,-0.2017513803877423,0.3147699157314284,0.0486481213729288,-0.1002197270566499,0.7334254612537935,1
18067.0,-0.4749394310824503,-1.058145946714099,-0.6137885693538543,-0.6334808999499925,-0.1220981718085144,0.4733203392673563,0
18068.0,0.7796907351412116,-1.058145946714099,-1.5887187228893136,-2.804692648559184,-2.515817022689194,-1.3655111644548583,0
18069.0,-0.7428435417295326,1.15560189306089,1.1417627617722037,1.2295754568541564,2.1676182632903656,0.5284502411552084,1
18070.0,1.3167343976054071,-1.058145946714099,-0.7808776360763978,-1.147237218205978,-1.1954453334565955,0.1581709527161675,0
18071.0,0.7071870864019181,0.4896629879592288,0.3088616326556179,0.3410014296454213,0.1727297634470911,-0.2169295152382346,1
18072.0,0.4982949986740278,-1.058145946714099,-0.9521544732961074,-0.3576310176485259,-0.6688728615528973,-0.1648770553851106,0
18073.0,0.1864977655259916,1.2544959545938104,1.028040963446935,1.2048703933246534,-0.4772168596026035,0.196558463679295,1
18074.0,0.9445402369244064,-0.5571872395918231,0.348292829644975,0.067994249564734,-0.1002197270566499,1.346745506819874,0
18075.0,-0.8183807704906293,1.847016261407861,1.3160562725130345,1.2404872065685464,1.1803407147432114,0.046122123241955,1
18076.0,0.954720215728158,-1.058145946714099,-1.3038776851596945,-0.7262712480428852,-1.2818823689972492,-0.8282678841739579,0
18077.0,-1.4474112861963695,1.7233615276208618,1.1089774990065986,1.230796851706185,0.9812559531764108,-0.200397843368456,1
18078.0,0.5966655916107547,0.0739460908215904,-0.0695394989922707,-0.093227923655073,0.3526935049184267,-0.3794930764138921,0
18079.0,-0.4011425702790203,0.2992073267345332,1.0928897897039251,1.8903913028546937,0.7567177940893411,1.506171301937404,1
18080.0,-0.9353081791524545,-0.5571872395918231,0.2019464745726449,0.1683602798515559,-2.183176263091345,1.0709218134078682,0
18081.0,-0.540774126845729,-0.2017513803877423,-0.7167024069582384,-0.6130319698342725,-0.862804573858747,-1.2060669412195486,0
18082.0,-0.7428435417295326,-1.058145946714099,-0.2012226009437711,0.1465208984497059,0.3145288070742748,1.2514676735405008,1
18083.0,0.9843250963403034,-1.058145946714099,-0.4901062347953509,-0.3999276484574282,-0.1220981718085144,0.7065995874425589,0
18084.0,-1.0395356639262063,-0.2017513803877423,-0.0970460295269821,0.2800424998431318,-1.3785107536966998,-0.0418562138178484,0
18085.0,0.8644979455921589,0.0739460908215904,0.4107448428935294,0.1073073766820068,0.0011923041824166,0.5240394019149025,0
18086.0,0.7456300658619328,-1.058145946714099,-1.5912490955317184,-1.0111411307468456,-1.3785107536966998,-1.3702837411508786,0
18087.0,0.0904193764038643,1.6565606001831652,1.9912130874676257,1.8078301024457768,0.0384893202353487,1.5374445893012754,1
18088.0,-0.2097114950440718,-1.058145946714099,-1.231209379445447,-0.9929541396007278,-0.144576100004755,-0.6912070194700591,0
18089.0,1.058610958462758,-1.058145946714099,-0.557770989981562,-1.0824911210991477,-1.1954453334565955,0.5789760001764885,0
18090.0,1.0217853899940603,-1.058145946714099,-0.7043612280372258,-0.2865150349101377,0.0914362748936436,0.3024897853462385,0
18091.0,1.2395198742615607,-1.058145946714099,-0.6811909857892071,0.0535382624037394,-0.4115503779538524,0.3461915533549788,0
18092.0,-2.1519790306632065,1.7233615276208618,2.0572998165767644,1.8915094324470456,0.0011923041824166,1.5843615159649345,1
18093.0,0.0571826544512456,0.8001660338568091,1.1276873373216032,1.2694974806210635,0.0200527453205781,0.9338650956895844,1
18094.0,-0.0226329437380984,1.3460575542855853,1.3881032913022655,1.3971979567139372,0.217900422374825,0.7655897458411036,1
18095.0,0.8306838247077005,0.2992073267345332,0.6527792262904029,0.7777405689610907,-0.1002197270566499,0.6771486573207977,1
18096.0,-1.2115801184678894,0.4896629879592288,0.477375089608254,0.7184463048116405,1.5948733843663454,0.0999183400892045,1
18097.0,-1.4474112861963695,1.15560189306089,1.160982056383296,1.1220118185319234,0.5793298571111467,0.5646214708438418,1
18098.0,0.9811023498659778,-1.058145946714099,-0.3770802171722236,-0.5430633509352029,0.5698454386786636,0.9197797841899658,0
18099.0,0.2551824986059697,-1.058145946714099,-1.2284803412059777,-0.7889587489815226,-0.6267921989603487,-0.6860597363837774,0
18100.0,1.1913278063103443,-1.058145946714099,-0.5200010774153185,-0.0796661867185862,-0.2672508963742018,0.6502144420974626,0
18101.0,-1.2629135238814884,0.2992073267345332,-0.2814462594329637,-0.4503524041750327,0.607142454731596,-1.078666672864162,1
18102.0,-2.4120140217391843,4.242786172024185,4.671412840086591,3.904126225491664,1.7952564514672058,3.678155222126037,1
18103.0,1.190162819252791,-1.058145946714099,-1.56051052034888,-1.9942859497559235,-1.117253523671916,-1.312307218196118,0
18104.0,-0.5236711079833221,-1.058145946714099,-0.1505927989997479,-0.2076863327758596,-0.0789096183560038,1.3469613604515804,0
18105.0,-0.5070123740010525,-1.058145946714099,-1.5104709398950542,-1.5522358034901935,-0.6688728615528973,-1.2179267575673651,0
18106.0,0.8644979455921589,0.4896629879592288,0.3252221813196177,0.0198015886647239,0.8896672959534744,-0.1861779592389343,1
18107.0,1.0514130692268566,-1.058145946714099,-1.2335200720733324,-1.3190441216122355,-0.0789096183560038,-0.6955652541437598,0
18108.0,0.6972051697365015,-0.2017513803877423,-0.0659607735760689,-0.4221417240201969,0.0200527453205781,0.0166335234625288,0
18109.0,-2.1519790306632065,2.611849228042442,1.7029282654908235,1.5022081672148837,1.2784785627150907,-0.0959347678429451,1
18110.0,-0.9040178174155592,-0.5571872395918231,-0.5461531002221997,-0.6439488281553082,0.2607132519567318,-0.3380725429573737,0
18111.0,1.235186579405105,-1.058145946714099,-0.5967267987382333,-0.4992963694822978,-0.3507527121214226,0.5055008203033701,0
18112.0,-1.2115801184678894,0.0739460908215904,-0.130543161477545,-0.0693081625888552,0.2745016951337471,-0.4941286572427789,1
18113.0,0.935931715741001,-1.058145946714099,-1.2984637366453204,-0.8112565093766205,-2.515817022689194,-0.8180565484678475,0
18114.0,0.7818983972139277,-1.058145946714099,-1.0361657488100693,-1.437000405574019,-0.321964036982949,-0.3233320785708729,0
18115.0,1.3439092893982052,-1.058145946714099,-3.2183894196967127,-3.172763669970543,-1.9471638881929467,-4.439259378227165,0
18116.0,-0.1411075792030422,1.3460575542855853,0.6046753962447383,0.6222087176356097,1.627049785132738,-0.7070490431887259,1
18117.0,-0.7428435417295326,-1.058145946714099,-0.7658953850522435,0.143340936064449,0.3891614223084505,0.1864292182749702,0
18118.0,-1.2629135238814884,2.2876939305965798,1.425627051098169,1.267192381513502,1.918347645728336,-0.2510327480915894,1
18119.0,0.9341960578512236,-1.058145946714099,-0.6784282233293059,-0.4503524041750327,-0.2941514393624997,0.3514024442379252,0
18120.0,0.5877787261013253,-1.058145946714099,-1.5252884064032513,-1.8050714269853785,-0.7132292345010023,-1.245874220390024,0
18121.0,0.3568999011193944,-0.5571872395918231,-0.2328748848411288,-0.0649184626094477,-0.321964036982949,0.2517106466472102,0
18122.0,-1.4474112861963695,0.4896629879592288,0.4856768499567983,0.597642585100213,1.4118079641262418,0.1155334478649577,1
18123.0,-0.7922005967383016,-0.2017513803877423,-0.2206959139400061,0.1549263922572553,0.1880646595930938,-0.2744507613501549,1
18124.0,1.0934362995056883,-1.058145946714099,-1.522850933900322,-1.4857427705919497,-0.586765087019821,-1.2412768641470264,0
18125.0,-0.6542442484349309,0.0739460908215904,0.1482460888026988,0.3161485654770629,1.1044120596547775,0.0300220056792978,1
18126.0,-0.2097114950440718,-1.058145946714099,-1.0807666101155202,-0.8112565093766205,0.1727297634470911,-0.4074544832007807,0
18127.0,-0.9353081791524545,0.0739460908215904,-0.3632546885657152,-0.4451323693240469,0.2324210325411989,-0.9310583603477448,0
18128.0,1.1760153661788,-1.058145946714099,-0.5720225061436838,-0.5311044589581426,0.0011923041824166,0.5520959854393479,0
18129.0,0.6689257299564773,-1.058145946714099,-1.516348722224106,-1.5248267984910486,-0.91940584661767,-1.229012937720361,0
18130.0,-1.0784157615666077,-0.2017513803877423,0.0935635984020797,0.3322897666727036,0.2607132519567318,0.316881149456371,1
18131.0,1.2803024508967262,-1.058145946714099,-1.0269044141607415,0.0691846950278294,-1.7640984679528429,-0.305864125756058,0
18132.0,1.1354193971521174,-1.058145946714099,-1.014337650130427,-0.5460873605785668,0.2880622196936218,-0.2821617492165832,0
18133.0,0.5817849890277144,-1.058145946714099,0.0009508815084152,0.6566888831307086,-2.515817022689194,1.6327903430693482,0
18134.0,1.2448956408493488,-0.5571872395918231,-0.530522745636807,-0.8881581216111365,-0.3507527121214226,-0.3086585499247825,0
18135.0,-0.6752731880764764,1.0480979277381186,0.2124633886067893,0.2731007896147724,-0.4772168596026035,-1.088021650806322,1
18136.0,-0.1893502547848894,0.2992073267345332,0.4044203206282661,0.360381763362304,0.4897435161402434,0.2096838395738827,1
18137.0,1.1924906809695346,-0.5571872395918231,-1.330348287754133,-1.3916223493687232,-0.3805884749031534,-1.811051318092381,0
18138.0,0.7928241333268481,-1.058145946714099,-1.298416836768471,-1.6749572933624948,-1.2818823689972492,-0.8179680898528803,0
18139.0,-0.9682038613741812,0.4896629879592288,1.5882664517312153,1.5869649540560724,-0.144576100004755,2.192236449883726,1
18140.0,1.096142317017561,-1.058145946714099,-0.3961736624256045,-0.1504571282154663,0.1249263557760024,0.8837673288164277,0
18141.0,0.9907224082272228,-0.5571872395918231,-0.0379696636692119,-0.0901899462501785,-0.0789096183560038,0.6188473434100106,0
18142.0,0.3902229910202726,-0.5571872395918231,0.0659472521107665,0.6196384879529337,-1.1954453334565955,0.814640336883139,0
18143.0,0.2030134902092342,-0.5571872395918231,0.0521457503926414,0.0902522913125902,0.2745016951337471,0.78863482985723,0
18144.0,-1.4474112861963695,1.7867352234743037,1.2195135168100393,0.9892528521267336,0.1571027565423948,-0.0658847399773323,1
18145.0,-1.1640528084915374,1.15560189306089,1.2951379693242009,1.5314333166097096,1.448573071542019,0.817161091133373,1
18146.0,0.3217499979517362,-0.5571872395918231,-1.2631808186310058,-0.7716493042481812,-1.117253523671916,-1.685183272745879,0
18147.0,-0.3873500989396135,-0.5571872395918231,-1.1830018306544894,-0.5867196235949155,-1.3785107536966998,-1.5348382091828638,0
18148.0,1.2953224629098814,-1.058145946714099,-1.5065788861984584,-1.3389765845331374,-1.1954453334565955,-1.2105858922494492,0
18149.0,-0.3225146116861712,0.654643185938614,0.4014787318026582,0.4032596555081397,0.2031181655606824,-0.2514907898757522,1
18150.0,-0.6141483680629726,-0.2017513803877423,-0.3568145727049515,-0.2644215674002995,-0.2941514393624997,-0.5303646497545216,0
18151.0,0.294062596246371,0.4896629879592288,0.5063690994789024,0.4502103524641729,0.6935794902722501,0.1544564391551367,1
18152.0,1.2943319990854762,-1.058145946714099,-0.5607302399052013,-1.2361445003371931,-1.117253523671916,0.573394511115716,0
18153.0,1.3070902279146166,-1.058145946714099,-0.9557017655029248,-0.5964638157260045,-0.7132292345010023,-0.171567660490666,0
18154.0,-1.9674812683483252,0.2992073267345332,0.0018004100065318,0.1517869068748762,-0.1676872918813187,-0.5472197409144895,1
18155.0,-0.0791383545924629,-0.2017513803877423,-0.6600564408074647,-0.4097080656836057,-0.6267921989603487,-1.0998193549980633,0
18156.0,-1.1640528084915374,-0.5571872395918231,0.0083849340471895,-0.1862951485943219,0.7017426726202728,0.7061817572416521,1
18157.0,1.2153160509140626,-1.058145946714099,-1.051815318040754,-0.8022464926048176,-0.4115503779538524,-0.352848983773475,0
18158.0,-1.3798409325433134,-0.5571872395918231,-0.5170772588807725,-0.2223436733560928,-0.4437267787202448,-0.2833550086340458,0
18159.0,0.8056939671904363,-1.058145946714099,-0.4046167349211365,-0.8343368051868192,-0.4772168596026035,0.8678427134614776,0
18160.0,-0.2524823540546596,-0.2017513803877423,0.0548182889451822,0.0287156584520272,0.2324210325411989,0.2439443272320785,1
18161.0,-1.0784157615666077,0.4896629879592288,0.4765048802261491,0.436065270976093,0.2466890975132978,0.098281557670497,1
18162.0,1.3743690038409726,-1.058145946714099,-0.6456207381696804,-0.2585226853594002,0.0565206627106016,0.413281171704348,0
18163.0,1.2297284596616558,-1.058145946714099,-0.1756260181217559,-0.062008188220434,-0.1914684658752519,1.2997458016813437,0
18164.0,-0.5236711079833221,-1.058145946714099,-0.6077924714887638,-0.6510211644571734,-0.4437267787202448,0.4846296762631873,0
18165.0,0.4666615905535427,-1.058145946714099,-0.8080009373920439,-0.439953437536103,-1.117253523671916,0.1070132561742213,0
18166.0,1.2721455816534404,-1.058145946714099,-1.1985112160568436,-1.1176717491805908,-1.117253523671916,-0.6295344855610615,0
18167.0,-0.8183807704906293,-0.2017513803877423,0.2864549440905259,-0.1724113414944718,-0.4437267787202448,0.680095606412942,1
18168.0,0.4630484812852117,1.5859404542672264,1.0078342178035888,0.97079138743876,1.3022597367090245,-0.231003042246895,1
18169.0,-0.2097114950440718,-1.058145946714099,-1.0954073363469274,-1.370055796318314,-1.1954453334565955,-0.4350685933337533,0
18170.0,-0.5950029105353472,0.9303406571479472,0.8132965455035862,0.5704601655615137,0.2745016951337471,0.1824429127027846,1
18171.0,-0.2307404346856175,0.9303406571479472,0.6935787582039605,0.4535338609952382,0.4791576523996084,-0.0426782244826546,1
18172.0,-1.0784157615666077,2.990819440597063,2.113003338473688,1.7764752545618738,1.1620071460508272,0.2501022194303302,1
18173.0,0.0148821476427679,0.2992073267345332,0.7663358535139316,0.8197077915649662,-0.1676872918813187,0.8909861882248515,1
18174.0,-1.5229485149574664,-0.5571872395918231,-1.2536422752369103,-1.1942372750823944,-2.515817022689194,-1.6673025612036938,0
18175.0,1.323400049877103,-1.058145946714099,-1.1960657618175143,-1.2809046880716817,-1.3785107536966998,-0.6249220748361671,0
18176.0,0.9165761254464796,-1.058145946714099,-0.4815721156892688,-0.3691098594149052,-0.2672508963742018,0.7226959272796986,0
18177.0,-0.6338830081757483,0.9303406571479472,0.6252968634524798,0.6003000470540513,0.3650304751021734,-0.1710241153509741,1
18178.0,0.2651257241188405,1.15560189306089,1.3549105811343232,1.345643539607747,1.2824902726998832,0.9297069593197788,1
18179.0,-1.3798409325433134,0.8001660338568091,0.7254429506720396,0.8497866404363418,0.7098254282188435,0.1767789055866231,1
18180.0,-1.7074462772723475,0.4896629879592288,0.4925610753384786,0.8162791776906921,0.7642790739473241,0.1284826309298292,1
18181.0,-0.7922005967383016,0.2992073267345332,0.1868454389496048,0.0350096867582246,0.9696189771111754,-0.1995171213809417,1
18182.0,1.081115906117918,-1.058145946714099,-0.8354201537162836,-0.7144200996877884,-1.117253523671916,0.0552974295567479,0
18183.0,0.6254293898743742,-0.5571872395918231,-0.2781263101001373,-0.191578076103695,-0.1220981718085144,0.1664916754644165,0
18184.0,-1.0784157615666077,-1.058145946714099,-2.0959556047660586,-1.3807506813715704,-2.515817022689194,-2.3222188371659565,0
18185.0,0.6845052458484283,-1.058145946714099,-0.8037629078866803,-0.6545860563214968,-0.7132292345010023,0.1150066720511501,0
18186.0,1.3664458738438814,-1.058145946714099,-0.746318969162614,-0.2526762385191352,-1.0458699940988507,0.2233526123635394,0
18187.0,1.2803024508967262,-1.058145946714099,-0.1795365646627622,-0.3093765158786823,0.1083521949576072,1.292370056711001,0
18188.0,-1.0784157615666077,0.4896629879592288,0.907611416538712,0.8771586055506533,0.6600894093898906,0.909706259442156,1
18189.0,-0.0543097623705864,-0.2017513803877423,0.2962004102024556,0.3417877070119912,0.5105140700321456,0.6984503770749332,1
18190.0,0.5185490566485405,0.2992073267345332,-0.1592461990659752,-0.0090274496374472,-0.1676872918813187,-0.8495210257978467,0
18191.0,0.7170160174661255,-0.5571872395918231,-0.4056349534847911,-0.2644215674002995,-0.8098576192004525,-0.0735895817171878,0
18192.0,-0.10496702096475,-1.058145946714099,0.0211207453783454,-0.2507389147655574,0.0565206627106016,1.670833048975323,0
18193.0,0.4218998096527606,-0.2017513803877423,0.1876867759879225,0.4089604143933763,0.3650304751021734,0.4940950613423336,1
18194.0,-0.0226329437380984,0.4896629879592288,1.0790531503424658,0.836217341359496,-0.4772168596026035,1.2326274167902826,1
18195.0,0.9663961595288088,-1.058145946714099,-1.5925176217113242,-1.3807506813715704,-1.614523128595098,-1.3726763288597486,0
18196.0,0.0706847362910886,0.0739460908215904,0.3266250860203564,0.4896531046365794,1.306157098229331,0.3656857666867709,1
18197.0,1.2208976805661906,-1.058145946714099,-1.0042900010486977,-0.7183468035229781,-1.1954453334565955,-0.2632107160550492,0
18198.0,-1.8243736859341724,1.6565606001831652,1.2700534567320076,1.3828296949200345,0.5307717179635321,0.179782934874538,1
18199.0,1.3309340595609251,-1.058145946714099,-0.7139879119925711,-1.0556416405393652,-0.586765087019821,0.2843327413064448,0
18200.0,0.140256106228435,-1.058145946714099,-1.247935446110473,-0.9811029912456316,-0.2941514393624997,-0.7227543238646087,0
18201.0,1.3664458738438814,-1.058145946714099,-0.5264466262223191,-0.6265937067707593,-0.3507527121214226,0.6380573884232983,0
18202.0,0.5445962994855142,-0.2017513803877423,0.292734628929475,0.102802421133135,0.217900422374825,0.6919228271151711,1
18203.0,0.3902229910202726,0.0739460908215904,-0.4403975723003033,-0.96946160877935,-0.0378814165327151,-1.0757443688659711,0
18204.0,-0.1138130260237924,-0.2017513803877423,0.5488753557627575,0.57928136653745,1.0791672045283929,1.1744530330506435,1
18205.0,-0.540774126845729,-0.5571872395918231,-0.4221808225069107,-0.6231769669374269,-0.2672508963742018,-0.1047376074921413,0
18206.0,1.194810123638174,-1.058145946714099,-0.779598124774855,-0.4609184296153759,-0.6267921989603487,0.1605842596408877,0
18207.0,1.1290379992392874,-1.058145946714099,-0.385446549342368,-0.2783949201827544,-0.2412044847042052,0.9039999100017716,0
18208.0,1.2096854159849515,-1.058145946714099,-0.6827260083810862,-1.178194505634738,-0.7132292345010023,0.3432963224600918,0
18209.0,-0.6752731880764764,-1.058145946714099,-1.364942598941736,-1.4026767430063911,-1.2818823689972492,-0.9434434040071488,0
18210.0,-2.1519790306632065,0.654643185938614,0.7854405288597702,0.7254996800624545,0.8223842757380923,0.4706398262311695,1
18211.0,-0.7428435417295326,0.2992073267345332,-0.3155031891275991,-0.2131446291541037,-0.1002197270566499,-1.1424871659829172,0
18212.0,0.8567005826867328,-0.5571872395918231,-0.3824803003023556,-0.7144200996877884,-0.0378814165327151,-0.029998096139998,0
18213.0,0.6529583027123002,-1.058145946714099,-0.9969068734136408,-0.4992963694822978,-0.8098576192004525,-0.2492852798152204,0
18214.0,1.1688228586551843,0.0739460908215904,0.4673562565898109,0.4522064721717343,-0.0789096183560038,0.630628354670608,1
18215.0,0.0292945563903604,0.2992073267345332,0.6351773514461295,0.5473005737190528,0.1880646595930938,0.644007719523719,1
18216.0,-0.6338830081757483,-1.058145946714099,-0.4734662015484375,-0.5964638157260045,-0.3805884749031534,0.7379846228181178,0
18217.0,-0.6752731880764764,0.0739460908215904,0.0113387362458284,0.2616618762708548,-0.1914684658752519,-0.227457548770063,1
18218.0,0.5787669825224744,0.0739460908215904,0.1476222231359619,0.5076061319118196,-0.4115503779538524,0.0288484015651065,0
18219.0,-1.9674812683483252,1.6565606001831652,0.9670780670290162,0.789779726425166,0.5887058798168258,-0.3895771706579705,1
18220.0,0.6254293898743742,0.4896629879592288,0.5224065212187855,0.657661843276783,-0.7132292345010023,0.1846255471085059,1
18221.0,-0.8456753236698794,0.4896629879592288,0.3069993142872715,0.4594741808020236,0.4240770344914922,-0.2204298062017134,1
18222.0,0.0571826544512456,-1.058145946714099,-0.533761372021396,-0.2585226853594002,-0.6267921989603487,0.6242609282683984,0
18223.0,-1.7074462772723475,2.1575193073054413,1.9530922159548656,1.7044512518064177,1.233004335585143,0.8890282018980732,1
18224.0,0.7218745649366273,-1.058145946714099,-1.2694605373068972,-1.2902342195152068,-1.117253523671916,-0.763353145912468,0
18225.0,-1.9674812683483252,2.1575193073054413,1.9026518867490003,1.7667337105858072,1.499269850589834,0.7940675077443609,1
18226.0,-0.4152381970004986,2.1575193073054413,1.8346675938808656,1.816902259227906,1.5948733843663454,0.6660982200650771,1
18227.0,0.5996007235020872,-0.5571872395918231,-0.6276683909950093,-2.0222782993066613,-1.4880589811139169,-0.4914477699219579,0
18228.0,-0.2524823540546596,-0.5571872395918231,-0.1268982343411036,-0.4825737499159102,-0.4772168596026035,0.4513195522660659,0
18229.0,-1.2115801184678894,2.245808014503504,1.7663091993963873,1.2205485773885911,0.4465549626877331,0.4369795029348742,1
18230.0,-1.3798409325433134,0.9303406571479472,1.1010465380732253,0.9137268807479656,0.0011923041824166,0.7239323253919369,1
18231.0,0.5185490566485405,2.245808014503504,1.4412660540822086,1.1645201416488054,1.3366868742976272,-0.1741599041826597,1
18232.0,-0.0226329437380984,0.0739460908215904,-0.32406570020308,-0.3265167937029618,-0.2412044847042052,-0.8575250599743494,0
18233.0,0.8567005826867328,-1.058145946714099,-0.5386467680737343,-3.0259974839117305,-2.515817022689194,0.6150465038948957,0
18234.0,1.1936514508770608,-1.058145946714099,-1.1819636844064607,-1.1942372750823944,-0.2672508963742018,-0.5983239189402413,0
18235.0,-0.10496702096475,-0.2017513803877423,0.4738558583659749,0.7592582774673706,0.7017426726202728,1.0331069092872331,1
18236.0,-0.6542442484349309,1.2544959545938104,0.4734027093328137,0.2213993478973344,0.5207054191909427,-0.8451056530642691,1
18237.0,-1.9674812683483252,0.2992073267345332,0.0426838581776621,0.1475774784982984,-0.0378814165327151,-0.4704286601823221,1
18238.0,1.1492388881540097,-1.058145946714099,-0.8870802001452132,-0.9637172845910724,-0.862804573858747,-0.0421394181115531,0
18239.0,0.6025224834477799,0.4896629879592288,0.6033569091419527,0.4927836242961985,0.5698454386786636,0.336932754201429,1
18240.0,-0.3873500989396135,-1.058145946714099,-0.5676884573693263,-0.8984352203714877,-1.4880589811139169,0.560270504809845,0
18241.0,-1.3187161125298097,1.9044924940644756,0.8400722804182815,0.7131061866636672,0.7098254282188435,-0.9133409231830768,1
18242.0,-0.10496702096475,0.8001660338568091,0.9755844634701036,0.9219096304654908,0.8010741670374462,0.6474825519843556,1
18243.0,1.0095401454577722,-1.058145946714099,-0.4243805985240541,-0.5311044589581426,-0.3805884749031534,0.830565771214361,0
18244.0,1.035287471833904,-0.5571872395918231,-0.354203954656957,0.3573190293585997,-0.6267921989603487,0.0232390605286618,0
18245.0,-1.5229485149574664,1.847016261407861,1.3805632974065838,1.5302734283010304,1.6902854707597983,0.1674087794819294,1
18246.0,-0.7922005967383016,-0.2017513803877423,-0.146617653450122,-0.5521774127817789,-1.9471638881929467,-0.135116826830031,0
18247.0,1.011083648486406,-0.2017513803877423,-0.0737015531970089,-0.2585226853594002,-0.321964036982949,0.002067978350487,0
18248.0,0.2348212583467873,-0.5571872395918231,-0.1049777752378377,0.0185182303281739,-0.0581390644641013,0.4926120022679108,0
18249.0,-1.0028785328055103,-1.058145946714099,-1.634785173901677,-0.8881581216111365,-1.2818823689972492,-1.4523978414942604,0
18250.0,0.8245270555146574,-1.058145946714099,-0.7046286209941472,-0.5997442262109776,-0.5486003891756687,0.3019854511728851,0
18251.0,0.0148821476427679,0.9303406571479472,2.40678732581283,2.8791237591452505,0.5887058798168258,3.184593863103496,1
18252.0,-0.3225146116861712,0.654643185938614,0.3638942184879751,0.4167191427842878,0.8831819415705221,-0.3221119892216825,1
18253.0,1.2913513963594865,-1.058145946714099,-0.7722847012411689,-0.8881581216111365,-1.3785107536966998,0.1743782258496848,0
18254.0,1.226431150604787,-1.058145946714099,-0.8951280310536153,-0.6369517309004904,-0.7601216003714991,-0.0573185619274807,0
18255.0,0.0292945563903604,-0.5571872395918231,-0.8063643300535369,-0.5931996852608044,-0.7601216003714991,-0.8275105019369239,0
18256.0,0.9680469331528012,-1.058145946714099,-1.5281855907475088,-0.6653981508446892,-1.117253523671916,-1.2513386465594194,0
18257.0,-0.4907754257615954,1.2544959545938104,1.1511562029568678,1.0263575798899018,1.3404244345531768,0.4281642933301926,1
18258.0,1.0824965852277768,0.4896629879592288,0.5723216625066894,0.908767915772886,-0.2672508963742018,0.2785353615404626,1
18259.0,-0.7670473650770303,0.654643185938614,1.1055887219235403,0.675879768631748,0.1571027565423948,1.0734222678025551,1
18260.0,0.4520853904121776,2.0119964593872464,1.7078742261491708,1.5492175077066546,1.3138967127742598,0.5937234650566501,1
18261.0,-0.4296506057480915,-0.5571872395918231,-0.7580540565493585,-0.8022464926048176,-0.6267921989603487,-0.7366805594775938,0
18262.0,0.3172176455272237,-0.2017513803877423,-0.3430325223853763,0.0691846950278294,-0.0378814165327151,-0.5044605139903041,0
18263.0,-0.7428435417295326,-0.2017513803877423,0.1911432358357044,0.7117643549732271,0.2745016951337471,0.5006035992602914,1
18264.0,1.1290379992392874,-1.058145946714099,-0.3117008933755441,-0.4743692243337022,-0.1220981718085144,1.0430927824118603,0
18265.0,-0.10496702096475,-0.5571872395918231,-0.1072280477620534,-0.3072650503773302,0.0384893202353487,0.4883730008671584,0
18266.0,1.0397257262171895,-1.058145946714099,-0.9416161828006492,-0.8390516708165107,-0.862804573858747,-0.1450006155312889,0
18267.0,1.320551820774439,-1.058145946714099,-0.8911994811051674,-0.853402515152758,-0.7132292345010023,-0.0499088604396814,0
18268.0,0.2893295474663386,0.4896629879592288,0.3392602969046842,0.2354038714153275,-0.1220981718085144,-0.1597897880946644,1
18269.0,0.9307105862349312,-1.058145946714099,-0.7298975525807522,-0.7759341463654605,-1.3785107536966998,0.2543253113173784,0
18270.0,-0.5070123740010525,-0.2017513803877423,-0.5312501685484938,-0.567653913628976,-0.7132292345010023,-0.8580639861223686,0
18271.0,1.2576165577225409,-0.5571872395918231,-0.2246376227234605,-0.2906129979414018,-0.6267921989603487,0.2672241970409906,0
18272.0,-1.9674812683483252,0.9303406571479472,1.116808979495382,1.1547759495177163,1.0040461146997783,0.7536074096318865,1
18273.0,-2.1519790306632065,0.0739460908215904,-0.6888990085987832,-0.8296554976039625,-2.515817022689194,-1.5411485389297763,0
18274.0,-0.6542442484349309,-1.058145946714099,-1.1967985270824448,-1.132288371569837,-1.0458699940988507,-0.6263041552335178,0
18275.0,1.2231168011153777,-0.5571872395918231,-0.1628939959407448,-0.1148959846829668,-0.6267921989603487,0.3835163972377383,0
18276.0,-0.4152381970004986,0.4896629879592288,0.4154422894040058,0.6040025470377427,0.5307717179635321,-0.0165574349108219,1
18277.0,-0.2415192631816249,0.2992073267345332,0.1712198392840876,-0.0663784430952912,0.1880646595930938,-0.2288904061245961,1
18278.0,-0.0876328522714647,-0.5571872395918231,-0.582087397697493,-0.8296554976039625,-0.5121324717856456,-0.4056899406257054,0
18279.0,1.1541912309005586,-1.058145946714099,-1.000433891745542,0.1559695660505654,-0.91940584661767,-0.2559376460379559,0
18280.0,0.7548912404987429,-0.5571872395918231,-0.4639757953946582,-0.616396278646906,-0.321964036982949,-0.1834115182337843,0
18281.0,0.4809138481706168,-0.5571872395918231,-1.100770212170649,-0.8022464926048176,-0.7132292345010023,-1.380548359992734,0
18282.0,-1.4474112861963695,-0.5571872395918231,-1.1881748692224972,-1.0298453562635617,-0.9802035124500996,-1.5445411634906272,0
18283.0,-1.8243736859341724,1.9594133665673956,0.777019635200272,0.820846702566093,1.728339506560601,-1.0941730644387602,1
18284.0,1.0367703053241684,-1.058145946714099,-0.5040649295830727,-0.0036909421566538,-0.321964036982949,0.6802718678275431,0
18285.0,1.309030698983018,-1.058145946714099,-0.5602081258484076,-0.8067360727591756,-0.9802035124500996,0.5743792788682435,0
18286.0,1.1001800545869456,-0.5571872395918231,0.238942273323555,0.1326286318621574,0.3771846686209953,1.1406450438517857,0
18287.0,-0.4296506057480915,0.654643185938614,1.0826703551091168,1.18445931912533,0.8499631098416093,1.030256493434202,1
