Customer ID,Recency,Frequency,Monetary,TotalQuantity,UniqueProducts,AverageOrderValue,Cluster,PC1,PC2
12346.0,0.8567005826867328,1.2544959545938104,3.186624925127968,3.292227625206876,-0.3507527121214226,4.26424208070228,1,4.52014319001847,3.952825521074489
12347.0,-2.1519790306632065,0.8001660338568091,1.297126898401073,1.24148845647846,0.8896672959534744,1.2530008066857974,1,2.9768058476528396,-0.2792187767878455
12348.0,-0.0791383545924629,0.2992073267345332,0.5581002802090212,1.1157431697571305,-0.4115503779538524,0.4989038573639431,1,0.928683043594856,0.4251820009376328
12349.0,-0.9353081791524545,0.0739460908215904,1.1237904757983177,0.7781454448980404,0.9637379981128577,1.867372678701381,1,2.2064304009960782,1.0244918306909006
12350.0,0.8245270555146574,-1.058145946714099,-0.7358882665423826,-0.6063545425438546,-0.7132292345010023,0.2430261289887914,0,-1.5694240818251632,0.8757271432656256
12351.0,0.9462481612329638,-1.058145946714099,-0.8116432502100952,-0.4221417240201969,-0.5486003891756687,0.1001434311596229,0,-1.5328634623414,0.8381249589272856
12352.0,-0.540774126845729,1.0480979277381186,0.8062136019330891,0.2473045053389683,0.4126028186801636,0.026398351108725,1,1.2998448390640125,-0.5305438073722485
12353.0,0.5572336581134208,-0.5571872395918231,-0.5951168503060144,-0.5583243821854503,-0.4772168596026035,-0.4302054195343605,0,-1.2915500800492596,0.06936668676415098
12354.0,0.639341544931368,-1.058145946714099,0.1070347833582914,0.042483868766071,0.2607132519567318,1.8328769031700176,0,0.09422015388552454,2.0824113549656422
12355.0,0.5877787261013253,-0.5571872395918231,0.0132936361490894,0.0583923135040178,-0.144576100004755,0.7154303566156293,0,-0.22659908606268794,1.0606075430475395
12356.0,-0.8183807704906293,0.4896629879592288,1.386089476166847,1.267192381513502,0.7336066022127771,1.811167814120597,1,2.5907303914097346,0.9960948276552908
12357.0,-0.5950029105353472,-0.2017513803877423,2.1455566904121377,1.6987850649438987,1.48376101337308,4.184766049242527,1,3.8383145595073347,3.2252662372007976
12358.0,-2.1519790306632065,0.2992073267345332,1.0298130843193911,0.5094356767321276,0.2324210325411989,1.3873183850487645,1,2.0583756535218396,-0.08448244171903042
12359.0,-0.2415192631816249,1.0480979277381186,1.629548615617157,1.1248850124951375,1.6111193223129396,1.5763878954556951,1,2.9916215136263813,0.9232693630184707
12360.0,-0.3102985242592435,0.8001660338568091,1.09460951849595,1.0508717566665338,1.0842787042858788,0.8715766694414923,1,2.178686464680647,0.3963682938744521
12361.0,0.7752524807579259,0.0739460908215904,-0.4307250356946276,-0.4908819143496147,-0.6688728615528973,-1.0576077747136134,0,-1.2524606257050561,-0.45785383802992935
12362.0,-1.9674812683483247,1.15560189306089,1.260787806723553,0.9866049002391734,1.27039580711652,0.752490579070607,1,2.9374084188747034,-0.719366796235978
12363.0,0.1637936176211079,-0.5571872395918231,-0.3755670779485127,-0.1292121204849814,-0.4772168596026035,-0.0169826052500833,0,-0.7339208935437143,0.23073243374098948
12364.0,-1.4474112861963695,0.0739460908215904,0.2481418238480768,0.7285619047969425,0.4126028186801636,0.2179767130209853,1,1.1835927775621469,-0.5724686079739075
12365.0,0.7840984858169682,-0.5571872395918231,-0.2676063501640384,-0.6875706191280061,-0.5121324717856456,0.186302475850373,0,-1.0897884510911242,0.6817030399641886
12366.0,1.2823255604571917,-1.058145946714099,-0.4463819100317048,-0.3396716509860114,-1.9471638881929467,0.7890687423484848,0,-1.7916067182368036,1.6511225317805502
12367.0,-1.8243736859341724,-1.058145946714099,-1.225973632136558,-0.6913398038775899,-1.0458699940988507,-0.6813317919348346,0,-1.4427246930407183,-1.3219122030283441
12368.0,1.2762369843581085,-1.058145946714099,-0.0097928196424068,-0.2683837537127082,-0.6688728615528973,1.6125264748619017,0,-0.7609721291204147,2.2643707902175083
12369.0,1.0079929186546537,-0.2017513803877423,0.4717159362276892,0.6013600326804203,0.6162076636214244,1.0290752601490083,1,0.6829332596272716,1.4805595879995725
12370.0,-0.3225146116861712,0.654643185938614,1.1059406575367758,1.0887927420804586,1.124063132285242,1.0740851386453587,1,2.222666799888775,0.593717409971649
12371.0,-0.4011425702790203,0.2992073267345332,1.0624790099301915,0.6972785182155126,0.939783214329445,1.4488682068592875,1,1.9294476295005765,0.9148655471225393
12372.0,-0.10496702096475,-0.2017513803877423,0.2398359136370775,0.3079269466885488,-0.1676872918813187,0.5922975942195962,1,0.31990435461320216,0.5208585341505021
12373.0,0.8265858861715248,-0.2017513803877423,0.138518136363006,0.0249101264924206,-0.1220981718085144,0.4015158773222288,0,-0.1923218340154678,0.8479431109873606
12374.0,-0.7670473650770303,0.0739460908215904,0.8406098737166032,0.6625051710449167,0.5105140700321456,1.3337039051979758,1,1.610377068562621,0.6936133184893802
12375.0,-1.2629135238814884,-0.5571872395918231,-0.5106045853990369,-0.6727062364625485,-0.862804573858747,-0.2711734825679622,0,-0.8483386732739487,-0.7964948920376432
12376.0,0.9713357875339578,-0.5571872395918231,-0.4422105298820197,-0.4770927103734043,-1.0458699940988507,-0.1424422033828957,0,-1.4563498176584067,0.5634385365952777
12377.0,0.8347557444111318,0.0739460908215904,0.938921588175991,0.9486810386245867,0.9088213112787455,1.518957479062604,1,1.5155168527657534,1.7348500296579086
12378.0,0.2700401175059993,-0.5571872395918231,1.2688254308985092,1.2474641572337717,1.544111232749301,3.082328011056967,1,2.467691926429913,2.8457874107966283
12379.0,-0.0226329437380984,0.0739460908215904,0.3994857936487846,0.3250752050618609,0.2607132519567318,0.5028424465847204,1,0.6471995531177388,0.4074455614624788
12380.0,-0.8456753236698794,1.15560189306089,1.6869004002395795,1.2551522761246283,1.0636387966331442,1.5550575180125432,1,3.080706673918683,0.5830087074392535
12381.0,-1.7074462772723475,0.2992073267345332,0.4931701824203411,0.3194086511543575,0.4126028186801636,0.3766913441520327,1,1.3352467002456363,-0.6853776387169721
12383.0,0.4948562494227654,0.2992073267345332,0.495216288215958,0.739812668866803,0.5602500888610992,0.3805422063337656,1,0.9098743064121921,0.5637136821913629
12384.0,-0.6752731880764764,-0.5571872395918231,-0.3334682726261654,-0.8984352203714877,-0.3805884749031534,0.0622814033231881,0,-0.7492735477641899,-0.24778273098899628
12385.0,0.9530347346034082,-1.058145946714099,0.5286158674588288,0.1369345126340181,0.3526935049184267,2.628027792704216,1,0.5272271620330847,2.903765266175175
12386.0,0.8798139021176289,-0.5571872395918231,-0.2461446599890286,0.087944496177151,-1.117253523671916,0.2267197259595751,0,-0.9834687270903737,0.8718882935068888
12387.0,1.011083648486406,-1.058145946714099,-1.3404687978432628,-0.8582565662530369,-1.1954453334565955,-0.8972829726034164,0,-2.5891252545539127,0.051549811843729636
12388.0,-1.0395356639262063,0.8001660338568091,1.032410492565875,0.915371595130412,0.5505411819726732,0.754463360121531,1,2.05450479979655,-0.08899739751141866
12389.0,0.9923118147379644,-0.2017513803877423,0.3112267431188322,0.1390769280097574,-0.0181119525235737,0.7267519088043594,0,0.036353208365454824,1.2091191586604357
12390.0,-0.0382757972626953,-1.058145946714099,-0.3783872026170448,-0.2241990227917721,-0.2159596295778201,0.9173146578400132,0,-0.5340270259169644,0.9634684859739302
12391.0,-0.8456753236698794,0.4896629879592288,0.7866336652980758,0.5901440566960836,1.4186162443378565,0.6819060931274483,1,1.9285440519176824,-0.03154343389458571
12392.0,1.2373568867177072,-1.058145946714099,-0.9899347734684332,-1.2536847648443734,-1.3785107536966998,-0.2361350895376339,0,-2.5490804599199928,0.6794932577716631
12393.0,-0.10496702096475,0.4896629879592288,0.682302227152804,0.6374226790498783,0.3274486497920416,0.4855057363445604,1,1.1557133194127098,0.26999527325761313
12394.0,-0.1794070292720186,-0.5571872395918231,0.2255161281895825,0.3282914507803025,-0.3805884749031534,1.1153414604103264,1,0.2669814082976758,1.0003058140076626
12395.0,-0.9353081791524545,1.5110377522649707,1.220832707556722,1.3253510006383613,1.0040461146997783,0.2568065979886645,1,2.643856610324747,-0.6020888469574587
12396.0,1.3215026366622098,-1.058145946714099,0.0008967866940728,0.1140074781407906,0.3526935049184267,1.6326883139666069,0,-0.15943790965776974,2.2983662977778447
12397.0,-0.540774126845729,-0.5571872395918231,0.685432413207794,0.6129085022732468,0.7791957222855813,1.9822937832781489,1,1.4841330155636892,1.4802430333123913
12398.0,-0.3873500989396135,-1.058145946714099,0.4063160278217033,0.6777684158413487,0.5698454386786636,2.397356090521869,1,1.1597198561837918,2.0250141449130403
12399.0,0.2137923187052415,0.654643185938614,0.5374417530076331,0.9771026717415688,0.3771846686209953,0.0040916385333876,1,1.0889691076862107,0.044397381135540634
12400.0,1.0095401454577722,-1.058145946714099,-1.0862657538295757,-1.110483470649885,-1.0458699940988507,-0.4178265069485654,0,-2.3749031605178947,0.406763410487183
12401.0,0.8099271521892553,-1.058145946714099,-1.7224879522343173,-2.450183364084312,-1.614523128595098,-1.617815467749021,0,-3.855409371896638,-0.7833039751818048
12402.0,0.8507897095190223,0.4896629879592288,0.2166458810045926,0.1061840272393253,0.0200527453205781,-0.3902126081962023,0,-0.014087392672402882,0.04668473870575786
12403.0,-0.3349679194593694,-0.5571872395918231,0.0658342666285702,-0.4246569123197467,-1.614523128595098,0.8144274417716157,0,-0.7209983713530209,0.6507162991063978
12404.0,1.3290588383452664,-1.058145946714099,-1.9268109782125344,-3.628661084298931,-2.515817022689194,-2.003192426028661,0,-5.163232912549337,-0.8880014120533597
12405.0,0.3568999011193944,-1.058145946714099,0.4384893060393343,0.3580860509485077,0.2031181655606824,2.4580386300351447,1,0.6591553921562241,2.4674306255273026
12406.0,-0.8456753236698794,0.2992073267345332,1.3879725191008505,1.2669999247633916,0.8082392174469527,2.0623014814131686,1,2.6272367377489196,1.230156243858367
12407.0,-0.3349679194593694,0.2992073267345332,0.4375328716433562,0.6880601341150026,0.2466890975132978,0.2719887370476254,1,0.9527334517344899,0.028573548994809475
12408.0,-0.5950029105353472,0.8001660338568091,1.1093443807891596,0.9863100242249068,0.7336066022127771,0.8993231365004806,1,2.107042837485244,0.27152723428141834
12409.0,-0.0462426723707365,0.654643185938614,2.3237749034892867,2.15308315705251,1.1666290909919852,3.369524330532274,1,3.9489807137576687,2.708482587606902
12410.0,0.8224615941517993,-0.2017513803877423,0.0618330658825848,-0.2468813028931192,-0.1220981718085144,0.2571488579671709,0,-0.40031364064056185,0.7015235340766852
12411.0,1.0033287148318906,-1.058145946714099,-0.7095208745810196,-0.8390516708165107,-0.5121324717856456,0.2927580926927766,0,-1.6230430752811635,0.9819094465526423
12412.0,-0.0791383545924629,0.4896629879592288,0.7392714245530759,0.9140561528143194,0.5407159979871611,0.5927414950155894,1,1.4268779102973423,0.3892546067888882
12413.0,-0.150470157144488,0.0739460908215904,0.0516345407530475,-0.2906129979414018,-0.0181119525235737,-0.1516886582802066,0,-0.08768868932571021,-0.2420525013440795
12414.0,0.5966655916107547,0.4896629879592288,0.0169306688819987,-0.0023635533331493,-0.5486003891756687,-0.7651812664544482,0,-0.43394847870339015,-0.38211020666865786
12415.0,-0.7922005967383016,2.245808014503504,3.634818888417153,3.428933604302276,2.0123087504134847,3.958067709249973,1,6.624680612393742,2.441493702538943
12416.0,1.305143867698893,-1.058145946714099,-1.095725861850919,-0.8680734789258341,-1.0458699940988507,-0.435669369429717,0,-2.3631027009114227,0.5791187438218194
12417.0,-1.9674812683483247,1.847016261407861,1.4345270849654823,1.1570549571298792,1.5114692286462774,0.2688970660930134,1,3.3473012978196075,-1.289073624731408
12418.0,0.1808966364835151,0.0739460908215904,0.5587419799910415,0.5148939731103717,0.6162076636214244,0.8027202442408515,1,0.9898676470475052,0.7652433884847833
12419.0,0.9647411258391284,-0.5571872395918231,-0.4424106628821633,-0.5021252811070448,-0.4772168596026035,-0.1428189301107492,0,-1.2300267207850368,0.5316179530249366
12420.0,-0.1794070292720186,-1.058145946714099,-0.315119659004559,-0.239233298826501,-0.2941514393624997,1.0366445933598778,0,-0.46232507446016174,0.9844674185969383
12421.0,-1.0395356639262063,0.4896629879592288,0.1197281286574252,0.1785104957817125,0.0384893202353487,-0.5722363159263567,1,0.5141606740242256,-1.133154930789747
12422.0,0.0773306527470905,1.6565606001831652,1.2438534763887783,1.0865173262229997,0.9578145568046976,0.130514667585366,1,2.2308308070909013,-0.208626066534498
12423.0,-2.4120140217391843,1.0480979277381186,0.7462989375961246,0.8432203202865513,0.9024861982765124,-0.0862368788000671,1,2.303497927874178,-1.6121780740111735
12424.0,0.4141260756992679,0.0739460908215904,0.9205468431432504,0.923209474641138,0.5001945244425666,1.4843312745068722,1,1.4453856976421995,1.4913289234307492
12425.0,-0.0543097623705864,-0.5571872395918231,0.4514335418451367,0.549596286132849,0.5887058798168258,1.5411609107780115,1,0.9748537525670543,1.3926853794754204
12426.0,0.5284411581469689,-0.5571872395918231,0.2655378190696108,0.1061840272393253,0.4465549626877331,1.1907694027717404,1,0.3279951312903752,1.3911705191934494
12427.0,-0.8456753236698794,-0.2017513803877423,0.1395708191771376,0.1369345126340181,-0.3805884749031534,0.4034978498267623,1,0.27546768246884895,-0.046722289762150974
12428.0,-0.7428435417295326,0.9303406571479472,1.545899715283685,1.2897017793101082,1.4743130042630097,1.5618118677086708,1,3.0735917328687528,0.6896950448774606
12429.0,-1.3798409325433134,0.8001660338568091,1.50197690253432,1.2529929157827495,0.8766449105123539,1.6389543388690622,1,2.953712488430306,0.4592848300293679
12430.0,-0.4296506057480915,-1.058145946714099,-0.92662390998627,-0.9467793286780029,-1.0458699940988507,-0.1167234477121319,0,-1.6794865730716666,-0.12405643805940313
12431.0,-0.540774126845729,2.202452120611942,1.769918878499132,1.4791951746473948,1.428723884190206,0.493074071315062,1,3.401907289079228,-0.3830355963593666
12432.0,-0.4296506057480915,0.2992073267345332,1.2197015102667987,0.8461467809045136,0.7567177940893411,1.7451463937395002,1,2.0993580043035975,1.1621321818779793
12433.0,-2.4120140217391843,1.0480979277381186,2.230693578746148,2.326791690673834,1.5556662555596723,2.7094432659004903,1,4.849440142852029,0.7706565523791398
12434.0,0.0001383902963132,-0.2017513803877423,0.1228864073766511,0.0449565067865308,0.3145288070742748,0.3720853424092284,1,0.23957523868336134,0.3524410279701067
12435.0,-0.0382757972626953,0.4896629879592288,1.9492261703299167,1.5119622573136025,0.5979759564957379,2.8727312713591315,1,3.004766138062165,2.3147004139774383
12436.0,0.1032463079562461,-1.058145946714099,-0.4338830018801858,-0.5614195452564948,-0.7601216003714991,0.8126431348193681,0,-1.0218395342289082,0.9469582256141048
12437.0,-2.1519790306632065,2.6431297898006605,1.881885670479615,1.8265912414691103,1.520501170041236,0.2052887405673819,1,4.258986649885801,-1.5896536351951123
12438.0,-1.1198059414673356,-0.5571872395918231,0.8204815545618942,0.5682362549429633,0.5602500888610992,2.236915842833187,1,1.696222997493596,1.3733925134681317
12439.0,1.329997134341211,-0.5571872395918231,0.1577512219652106,-0.0171142843658956,0.4009658426149288,0.98763412539912,0,-0.11338096247905236,1.6569269362483783
12440.0,1.079732248194294,-0.5571872395918231,-0.057204035260912,-0.2663996769779623,-0.5486003891756687,0.5826106532293733,0,-0.775502956700388,1.2088905314025122
12441.0,0.932455689893557,-1.058145946714099,-0.7091067405709995,-0.4716569691961637,-1.0458699940988507,0.2935391975356478,0,-1.6494466274900303,1.004295616054266
12442.0,-1.9674812683483247,-1.058145946714099,-1.212694306154117,-0.6581703754853391,-0.9802035124500996,-0.65628544079249,0,-1.3411067248540098,-1.3798908768833928
12443.0,1.3743690038409726,-1.058145946714099,-0.4681717446903203,-0.6581703754853391,-0.5486003891756687,0.7479705833820608,0,-1.412226338382286,1.5740528707122154
12444.0,-0.8741833591389503,0.2992073267345332,1.2119906995005112,0.5530249000071237,0.9637379981128577,1.7306144577038405,1,2.1778961911752637,0.8673930087708699
12445.0,-0.8456753236698794,-0.5571872395918231,-0.5468964822322149,-0.5771176875341992,-0.4437267787202448,-0.3394714407950649,0,-0.7978857506890125,-0.6315818559339821
12446.0,-0.2415192631816249,-1.058145946714099,0.0536915713657436,-0.2279254970027644,0.2466890975132978,1.732265409755929,0,0.17912901085847993,1.4903474030214547
12447.0,0.6689257299564773,-1.058145946714099,-0.4813608068987131,-0.630028288668433,-0.3805884749031534,0.7230944802013393,0,-1.1232666609090407,1.1615437441861185
12448.0,-0.4152381970004986,-1.058145946714099,-0.5233686023146806,-0.468955852714794,-0.5121324717856456,0.6438628990130063,0,-0.808795995252346,0.5236152201154473
12449.0,-0.8456753236698794,0.4896629879592288,1.1871611300533496,1.001759088023092,0.8831819415705221,1.4363044637941147,1,2.3251643118044565,0.6443414932548965
12450.0,0.3861510713168414,0.2992073267345332,-0.2169115581070212,-0.0766900687954025,-0.2412044847042052,-0.9576813091172528,0,-0.5287758824173349,-0.6257094784514371
12451.0,-1.2629135238814884,0.8001660338568091,1.881117197765915,1.9297736845528768,1.728339506560601,2.3535374697389893,1,3.9923255091855467,1.1318850515034011
12452.0,-1.0028785328055103,-0.5571872395918231,-0.5542224996300724,-0.6474754904320826,-0.5486003891756687,-0.3532573786373293,0,-0.8333160627677466,-0.7315221981057809
12453.0,0.2893295474663386,-1.058145946714099,-0.1974269355879916,-0.0322034348256864,0.0200527453205781,1.258626739252525,0,-0.25543278465016966,1.4285080242135466
12454.0,-0.2636361169073439,0.2992073267345332,2.0792447988617253,1.801711724010781,-0.4437267787202448,3.3655968300708063,1,2.911839814601414,2.7144846465122607
12455.0,-0.0962413734548695,1.0480979277381186,1.327998440664329,1.2446822518347616,1.2622326247684963,1.008339581297491,1,2.537376464993827,0.5708953824304965
12456.0,-0.4152381970004986,-0.2017513803877423,0.8854131404331999,0.7817781564643708,0.7413828979433381,1.808694309117976,1,1.703115054493446,1.3419481986094297
12457.0,-0.1599714449813229,0.8001660338568091,0.8422202513869449,0.5185078335142564,0.3274486497920416,0.3964773820227905,1,1.2989634820219818,0.07471529729908676
12458.0,-0.1138130260237924,0.0739460908215904,0.4662024425380499,0.4502103524641729,0.4240770344914922,0.6284557891618859,1,0.8732131492597649,0.4642905870764281
12459.0,1.252346805813942,-1.058145946714099,-0.5155564848567276,-0.4297163291046267,-0.4772168596026035,0.6585974598842329,0,-1.287443279176655,1.4544049071578165
12460.0,1.071367018304198,-1.058145946714099,-0.7527342097225023,-0.7027787172215069,-0.6688728615528973,0.211252723563608,0,-1.6912170880908068,0.9740103817390235
12461.0,0.0639692278216899,-0.5571872395918231,-0.0848003781245784,-0.3599108152129162,-0.144576100004755,0.5306223550249108,0,-0.3642560530457523,0.5811391204739285
12462.0,-0.9353081791524545,-0.5571872395918231,0.1770170899645322,0.0498740694236828,0.1571027565423948,1.0239408840239936,1,0.543553505188096,0.4589416654563095
12463.0,-0.2983107883386734,0.0739460908215904,0.2653076138605245,0.2928639767816046,0.3526935049184267,0.2502805108398169,1,0.6137310255024704,0.04414419102017704
12464.0,-1.3187161125298097,0.8001660338568091,0.1904841593975742,-0.975256544405366,-1.4880589811139169,-0.8281230578762903,0,-0.4880517460531017,-1.6225507182165806
12465.0,-1.0028785328055103,-0.5571872395918231,-0.1625642582784216,-0.0239301063835586,0.0741642041589574,0.3841374848702822,0,0.13466183322911343,-0.09979158628805929
12466.0,1.3290588383452664,-1.058145946714099,-2.0038057089759405,-3.628661084298931,-2.515817022689194,-2.148413430871868,0,-5.245083547840824,-1.0055395720784468
12467.0,1.0232997359133336,-1.058145946714099,-1.3980973103714018,-0.8830791702047491,-1.1954453334565955,-1.0059770405477806,0,-2.6658725101797014,-0.03220267178977771
12468.0,0.5051176715181148,0.2992073267345332,0.9885611246837952,0.9779993602769184,0.8961017842882889,1.3095946921993946,1,1.6822527041401243,1.3303322085916687
12469.0,1.1591056242877176,-0.5571872395918231,0.8599449022445523,1.075278326034127,0.4791576523996084,2.3113233996195173,1,1.2324559035441536,2.740601519784568
12470.0,1.3365270473241957,-1.058145946714099,-1.063229564316052,-1.0824911210991477,-0.4772168596026035,-0.3743775779667603,0,-2.2029408666979657,0.5990697457979379
12471.0,-2.1519790306632065,3.499524356127016,2.708857059155471,2.3177382124519936,1.464754918784536,0.8042515400890186,1,5.415135926853287,-1.2849155355324284
12472.0,-0.6141483680629726,1.7867352234743037,2.1293364960837144,2.056622110032656,1.8267735047541664,1.6466873094992027,1,4.213138216939467,0.6624326353701467
12473.0,-0.6752731880764764,0.2992073267345332,1.0392914878720865,1.0455025763291823,0.9754580982530536,1.405177502090066,1,2.168890663076661,0.7622099386054078
12474.0,-1.0028785328055103,2.3674323185913275,1.8670226415439104,1.8227989066727788,1.7669266519203308,0.4884870346820917,1,3.96384587707794,-0.6657875830257667
12475.0,-0.2865430233339383,-0.5571872395918231,0.1524227603477079,0.2886178617193495,0.2031181655606824,0.9775927225214652,1,0.44656304762549537,0.7998939083767832
12476.0,-1.0395356639262063,2.0119964593872464,1.9589639597186963,1.5972970913044138,1.7421666831507694,1.0664265362618728,1,3.929730533508542,-0.14388412990063632
12477.0,-0.8183807704906293,0.9303406571479472,2.2199394076680687,1.6503191113352924,1.583861231680227,2.8322994194753064,1,4.028569296935698,1.7078553723619805
12478.0,-1.8243736859341724,-1.058145946714099,-0.2244896830202428,-0.4881008491540746,-0.1220981718085144,1.2075832543677476,0,0.10130830849191987,0.18610510586284554
12479.0,-1.2629135238814884,-1.058145946714099,-0.4086300549943878,-0.1672795526090386,-0.2412044847042052,0.8602731256725952,0,-0.1680789050575467,0.2510969697456588
12480.0,-0.6970151074455184,0.654643185938614,1.2752519808335092,1.17101122963215,1.1666290909919852,1.3930312946418593,1,2.5756519199850136,0.6524265377564339
12481.0,-0.8183807704906293,1.5110377522649707,1.8633562710535871,1.7621257148327412,1.4420098920812563,1.4664698496989574,1,3.6771637207438888,0.465705233085661
12482.0,1.2208976805661906,2.28769393059658,2.332098893671559,2.627604354437342,0.0011923041824166,1.4546443746869866,1,3.403291211505106,1.519576323503259
12483.0,-1.0028785328055103,1.7867352234743037,1.2283725970966677,0.9692797321219856,0.3891614223084505,-0.0492343652192622,1,2.268884218094709,-0.9690919519814601
12484.0,-0.5950029105353472,1.2544959545938104,1.3856903348145204,1.2384801225001825,1.673065194151025,0.8696220671859215,1,2.9337204886358967,0.11080923493088146
12485.0,1.1664073183274863,-1.058145946714099,-0.1963998337704575,-0.1196334909191498,-0.1676872918813187,1.2605639725740745,0,-0.6469160716442884,1.9117072256667036
12486.0,1.0367703053241684,-1.058145946714099,0.0783797875089207,0.0337556903081912,0.1249263557760024,1.7788302528374045,0,-0.12067094400536837,2.262272652983002
12487.0,1.3734934744233138,-1.058145946714099,-0.8499463725301332,-0.6875706191280061,-2.183176263091345,0.027899293712858,0,-2.5107388139852467,1.0607613636202478
12488.0,-1.3187161125298097,-0.2017513803877423,0.2401797530692474,0.0412440551307057,0.0741642041589574,0.5929451186344228,1,0.6737322697246109,-0.1832450987635813
12489.0,0.8760190673835795,-1.058145946714099,-0.7347504819867268,-1.017316959584883,-0.8098576192004525,0.2451721228097862,0,-1.8177138047830343,0.868816773473845
12490.0,-1.7074462772723475,1.904492494064476,1.69778898014713,1.6270199994062968,1.2456584639501014,0.6981094188240013,1,3.66047541364007,-0.7550807688189529
12491.0,-0.4907754257615954,-1.058145946714099,-0.506061206597252,-0.4246569123197467,-0.4115503779538524,0.6765066575193813,0,-0.7042218269112666,0.5084805941344466
12492.0,-0.1893502547848894,-0.2017513803877423,-0.1892105769094959,-0.0737273568542482,-0.0789096183560038,-0.2152347837693545,0,-0.25199899396823777,-0.22151270113865798
12493.0,0.4257516242273519,-0.5571872395918231,-0.5489488897098911,-0.5739479419351734,-0.586765087019821,-0.3433336483683888,0,-1.2544027916343965,0.07075277470139649
12494.0,-1.0395356639262063,0.9303406571479472,0.5038470371674197,0.4515417718232907,0.5505411819726732,-0.3991961468521318,1,1.2816574606400368,-1.1037884482272868
12495.0,1.2893566040861313,-1.058145946714099,-0.6880943260387802,-0.8780391383485852,-0.7132292345010023,0.3331710518495169,0,-1.7913283417929224,1.1768762538129147
12496.0,1.2680279097306315,-0.5571872395918231,-2.0375357794098,-1.7651973438095343,-1.117253523671916,-3.129654409484236,0,-3.87360737780177,-1.8189571813591028
12497.0,-0.0226329437380984,-0.2017513803877423,1.3717983605345798,1.6019403928962954,-0.0181119525235737,2.7256542326604256,1,2.167870179452106,2.4161485867637467
12498.0,-0.8741833591389503,-0.2017513803877423,-0.6005448725806419,-0.74651041226979,-0.5486003891756687,-0.98814892039001,0,-0.9864504107852116,-1.2702547527043215
12499.0,1.2028627431408645,-1.058145946714099,-0.6185376507220602,-0.3265167937029618,-0.3507527121214226,0.4643630202205208,0,-1.2804093862879486,1.2747176652196537
12500.0,-0.8183807704906293,1.7867352234743037,1.3371615459708075,1.2594498443261402,0.5979759564957379,0.1552870615739751,1,2.550044866316119,-0.682299763469278
12501.0,0.8779192915851238,-1.058145946714099,0.6097029386055521,0.8395438381660941,1.0262202498700983,2.7809674268189752,1,1.2471508668546736,3.0267489488024673
12502.0,0.0773306527470905,0.2992073267345332,0.998913373331173,0.3290930607988527,0.7178293264081053,1.3290991392417275,1,1.4473412903249916,1.0538224453198621
12503.0,1.2297284596616558,-1.058145946714099,0.1374639134808122,0.0798028421345739,-2.183176263091345,1.89026977680024,0,-1.0552910042329846,2.566146190987272
12504.0,-0.9682038613741812,0.0739460908215904,-0.1276830182797322,-0.0533538404792291,-1.0458699940988507,-0.4887548033917071,0,-0.3384083560351159,-0.8946752471496568
12505.0,1.00176641150428,-1.058145946714099,0.0190362887103636,-0.2804155698175485,0.0011923041824166,1.6669015215983831,0,-0.3720237430726039,2.1264232483691603
12506.0,0.6420881238566438,-1.058145946714099,-1.8200384881004528,-1.9942859497559235,-0.4772168596026035,-1.80180710848876,0,-3.2198407905375754,-1.029450140457644
12507.0,0.2893295474663386,0.0739460908215904,0.4926821568464054,0.6092559370975342,0.0741642041589574,0.6783170253235333,1,0.7050797362541944,0.7577982943709043
12508.0,-0.7428435417295326,-0.5571872395918231,-0.6102787689785804,-0.3950914432943594,0.2466890975132978,-0.4587318590680543,0,-0.5247785109649238,-0.6841509966502535
12509.0,0.7685369722885271,-1.058145946714099,-1.1944400574447185,-1.437000405574019,-1.3785107536966998,-0.6218558075701528,0,-2.706540286550961,0.09123941363253621
12510.0,0.3307197273670667,0.9303406571479472,1.23640927457372,0.9309550511675032,0.6514988276797011,0.9788090567947558,1,1.8995079045096281,0.8084958368870753
12511.0,1.0323114794921844,-1.058145946714099,0.8631004343231886,0.8283894565472655,1.2244584972993122,3.258904534826331,1,1.5455076096308784,3.4884639788679226
12512.0,-0.1599714449813229,-0.5571872395918231,-1.3704671821489869,-1.0556416405393652,-0.2412044847042052,-1.886194501952092,0,-2.026077367722422,-1.564157127528746
12513.0,0.1808966364835151,-1.058145946714099,-0.3010001659211644,-0.0476468984807828,-0.144576100004755,1.0632755972365977,0,-0.4073922922121476,1.2165991911182266
12514.0,0.7290940618003953,-0.5571872395918231,0.3894330698401296,0.344923450442901,0.4791576523996084,1.4242908633557128,1,0.5229344321371168,1.7129777875473566
12515.0,0.9075812346760708,-1.058145946714099,-0.6370661494667486,-0.8730374341016977,-0.7601216003714991,0.4294161195786061,0,-1.6351824973071254,1.0475507394028358
12516.0,-0.0543097623705864,0.0739460908215904,0.753468017277878,0.8990732511938954,0.1249263557760024,1.1695193379909747,1,1.2466528693312142,0.9933839226675895
12517.0,-0.6970151074455184,0.2992073267345332,0.712689160445,0.6668338802338629,1.3875239442341725,0.7899578301091532,1,1.8218002031583946,0.1958549919453021
12518.0,-2.4120140217391843,0.2992073267345332,0.5713488713940832,0.640922532668474,0.5602500888610992,0.523843314954129,1,1.8504996092667068,-0.9277868043747551
12519.0,-0.1794070292720186,-0.5571872395918231,-0.1779004635490936,-0.1504571282154663,-0.1676872918813187,0.3552509054170322,0,-0.2983622993392132,0.32748525574807785
12520.0,-0.0462426723707365,0.2992073267345332,0.7495520368925794,0.6986501995026727,0.8567153541898691,0.8593773845375806,1,1.452492846899795,0.6365883972760633
12521.0,0.3307197273670667,-1.058145946714099,-0.3159708926288769,-0.3114947816027251,-0.0789096183560038,1.0350390678771064,0,-0.5668398488306655,1.246666188618324
12522.0,-0.4907754257615954,-0.5571872395918231,-1.1314290796348148,-0.616396278646906,-1.0458699940988507,-1.4380837717885069,0,-1.797377815290508,-1.3030689189152493
12523.0,-0.9353081791524545,2.0119964593872464,1.1145337137974238,0.9997393248339274,1.1620071460508272,-0.5215632927639903,1,2.4788982376516153,-1.4063153796338332
12524.0,-1.3798409325433134,1.6565606001831652,1.7874963120362026,1.755290058430634,1.0688476589388138,1.1536917542182417,1,3.6230884773410574,-0.11899202274775421
12525.0,1.1277540644784607,-0.2017513803877423,0.0328669310620173,0.0159439767922851,0.2324210325411989,0.2026250193985104,0,-0.25534449717999824,0.8357352116965224
12526.0,-2.4120140217391843,-0.2017513803877423,0.2500913277585725,0.1580509631635327,0.3401681767824983,0.6116109721223771,1,1.1905811705555762,-0.7691418688637078
12527.0,-0.0226329437380984,0.2992073267345332,-0.1690704351972716,0.0375105298426944,-0.3805884749031534,-0.8679512604690963,0,-0.3548169653756386,-0.7600249826911653
12528.0,-1.3798409325433134,0.4896629879592288,0.5267854957170025,0.2757125241073478,0.1411722937225966,0.1928634445069695,1,1.140550536763578,-0.6955651009742863
12529.0,1.1651961277902847,-1.058145946714099,-0.7754553343678393,-0.6231769669374269,-0.5486003891756687,0.1683980435167,0,-1.6572149153833895,0.9935162624522125
12530.0,-0.2201397768252409,0.9303406571479472,1.0057274117982482,1.115500870642655,0.6514988276797011,0.5445069410253186,1,1.9130694723725679,0.17270922076115572
12531.0,-1.0784157615666077,-0.5571872395918231,0.5266811882609814,0.5333554377983455,0.8896672959534744,1.683009408693284,1,1.4915151468102728,0.9296023490948251
12532.0,-0.6542442484349309,-1.058145946714099,-0.7034774806316502,-0.7716493042481812,-0.7601216003714991,0.3041566355968049,0,-1.1711519902289882,0.0979892694112352
12533.0,1.2762369843581085,-0.5571872395918231,0.2775767369402186,0.2289055171116263,0.3274486497920416,1.2134594853755312,0,0.11588149821419355,1.8381514460952735
12534.0,0.2749171387187454,-1.058145946714099,0.1135283922302358,0.1775024941456337,0.3274486497920416,1.8451246037086464,1,0.3059757300476968,1.9026185323578149
12535.0,0.0503234960319062,-0.5571872395918231,-0.1880645120460424,-0.5370567252723396,-0.321964036982949,0.3361068293255176,0,-0.6267206001166931,0.40631758103746307
12536.0,-0.4296506057480915,-0.2017513803877423,1.8772367636805043,1.136957969021383,1.480623751205243,3.678750549378487,1,3.2359761012028065,2.8503157468835276
12537.0,1.00176641150428,-1.058145946714099,-0.17158929173876,-0.0663784430952912,0.0200527453205781,1.3073595364889514,0,-0.4661616497683204,1.8560659394643397
12538.0,-0.6752731880764764,-0.5571872395918231,-0.2686503384705731,-0.2565680897491287,-0.1914684658752519,0.1843364553930077,0,-0.29994902849715704,-0.09297958835468036
12539.0,-0.8456753236698794,0.654643185938614,1.793213907061874,1.453320817970905,1.5294347580327998,2.369203406780505,1,3.4559125806164563,1.3730191480986516
12540.0,-0.9040178174155592,2.442335020593583,2.287014549070969,2.037157488913506,1.732974507912762,1.1943430334058085,1,4.471574358401739,-0.0372342423188834
12541.0,-0.6542442484349309,-0.2017513803877423,0.0383535860026453,0.2061250257305973,0.0741642041589574,0.2129523781431873,1,0.3297716121108995,-0.10911110415962044
12542.0,1.1095037419429616,-0.5571872395918231,-0.4732721787632005,0.0324992984480111,-0.0581390644641013,-0.2009095728896383,0,-0.8823556100271197,0.5991235058088802
12543.0,1.060040892608841,-1.058145946714099,0.0376709523598,0.2138065254653223,0.0200527453205781,1.7020486615812729,0,-0.1300849570733875,2.2356735390334253
12544.0,-0.540774126845729,-1.058145946714099,-0.6579708980015706,-0.848584025185672,-0.6267921989603487,0.389987335840794,0,-1.1389463933762025,0.2161458925398925
12545.0,-0.0791383545924629,-0.5571872395918231,0.0523112757747566,0.0337556903081912,0.0011923041824166,0.7889467184615405,0,0.07175873880170074,0.7446075243949074
12546.0,-0.3738480170997701,-0.5571872395918231,0.1598121183109188,0.1590891969052525,0.2745016951337471,0.9915178696345834,1,0.4503666272750403,0.7469938548788402
12547.0,0.5381829940526488,-0.2017513803877423,-0.6372909601458605,-0.3114947816027251,-0.91940584661767,-1.0571066865942556,0,-1.4151918574402653,-0.48965208232291524
12548.0,0.4257516242273519,-1.058145946714099,-1.6358330918391786,-1.5115390548677536,-1.614523128595098,-1.4543743364357755,0,-3.2020125866503,-0.7679205573142744
12549.0,1.2208976805661906,0.4896629879592288,0.3794118108328601,0.6644325597906297,-0.0789096183560038,-0.084305541050283,1,0.2646788933112526,0.5582243201825762
12550.0,-0.0462426723707365,-1.058145946714099,0.0262571647375904,0.0890994059362388,0.2466890975132978,1.680520932460983,0,0.2381970554792038,1.587616213455697
12551.0,0.9165761254464796,-1.058145946714099,-1.2298009284861466,-1.0490970995891926,-1.117253523671916,-0.688550517374994,0,-2.499290290398832,0.14590322150402946
12552.0,-0.4907754257615954,-0.5571872395918231,-0.5422177173550808,-1.132288371569837,-0.586765087019821,-0.3306668762785223,0,-1.2241242175560567,-0.47875929109069687
12553.0,-1.4474112861963695,1.2544959545938104,1.1525018050057771,1.0140319545777978,0.7717713000569296,0.4306962076642184,1,2.471838044650644,-0.6952924013147255
12554.0,1.0614676455862315,-1.058145946714099,-0.4935207578092211,-0.4770927103734043,-0.3805884749031534,0.7001594004555014,0,-1.1866445093732798,1.3740706417702713
12555.0,1.3290588383452664,-1.058145946714099,-1.4175850531376322,-3.628661084298931,-2.515817022689194,-1.042733186826598,0,-4.621891121221379,-0.11063031565589448
12556.0,-0.3349679194593694,-0.5571872395918231,-0.3111525330187208,-0.2149741739744117,0.7017426726202728,0.1043009059326483,0,-0.060532026382042206,-0.006426938159985746
12557.0,-1.0395356639262063,0.8001660338568091,2.162244536935202,1.7179705674497938,-0.8098576192004525,2.883533847805144,1,3.067315819966872,1.7756449000458485
12558.0,-1.4474112861963695,-1.058145946714099,-0.8896287197162562,-0.609684782260171,-1.0458699940988507,-0.0469462220226766,0,-1.164288271515229,-0.5930853944981843
12559.0,0.8265858861715248,-0.5571872395918231,-0.3630241479353173,-0.3691098594149052,-0.5486003891756687,0.006632483481336,0,-1.069738609527043,0.5932117104712895
12560.0,-1.7074462772723475,-0.2017513803877423,0.5978595977723733,0.5280488303934219,0.6251737972068488,1.2667535325298982,1,1.6328118426881992,0.17281783752588567
12561.0,0.8099271521892553,-1.058145946714099,-0.9775104457270524,-0.6763909572414488,-0.7601216003714991,-0.2127013643824811,0,-1.87415722339285,0.49391043179768407
12562.0,-1.4474112861963695,0.9303406571479472,1.2064220729787922,1.0145972497899107,0.8010741670374462,0.9223387814061416,1,2.5235222697606385,-0.2127313327512459
12563.0,1.00176641150428,-1.058145946714099,-0.946952446678794,-0.96946160877935,-0.91940584661767,-0.1550654289907181,0,-2.1055080258024654,0.6236772852100466
12564.0,0.7145728708968584,-1.058145946714099,-0.5115481819864242,-0.8631467072838476,-0.5486003891756687,0.6661575846456277,0,-1.3490415221810228,1.1246414976563492
12565.0,0.7796907351412116,-1.058145946714099,-1.3306915324343809,-1.1942372750823944,-1.1954453334565955,-0.8788419144528317,0,-2.6646198282922926,-0.09442607277483026
12566.0,0.0075526370213185,-1.058145946714099,-0.6997489241044423,-0.4121760645974459,-0.6267921989603487,0.3111891262637266,0,-1.1490466873197935,0.49753539054689655
12567.0,-0.8183807704906293,1.5110377522649707,1.9379588630835456,1.6467629806143809,1.7580092482839644,1.6070277885779674,1,3.8334485875768505,0.5537954521588891
12568.0,1.2933400032205151,-1.058145946714099,-1.8547128892061715,-1.5248267984910486,-1.614523128595098,-1.8672070562641727,0,-3.7114409202011607,-0.6265757265803993
12569.0,-2.1519790306632065,2.4054512011867506,1.0725589499997084,0.8461467809045136,0.6340429977198944,-1.0462175108840457,1,2.5525381209263642,-2.597708963049095
12570.0,1.3290588383452664,-1.058145946714099,-1.7821682594547847,-3.628661084298931,-2.515817022689194,-1.730379458790687,0,-5.009467865211363,-0.6671935872159201
12571.0,-0.4749394310824503,-0.5571872395918231,-0.4190597754329534,0.0337556903081912,-0.2412044847042052,-0.0988622601951178,0,-0.4062595929385601,-0.180760485801471
12572.0,-1.3798409325433134,-0.5571872395918231,0.066582465568397,-0.062008188220434,0.1880646595930938,0.8158372509112632,1,0.5250461019081258,0.03357086309530917
12573.0,0.6254293898743742,0.2992073267345332,-0.187000505685877,-0.0239301063835586,0.7567177940893411,-0.9015845016775708,0,-0.13226325599188307,-0.4880181378703169
12574.0,0.8367820500425664,-1.058145946714099,-1.0415634756039331,-1.370055796318314,-1.0458699940988507,-0.3335128182280152,0,-2.395611708544797,0.35399916160020517
12575.0,1.072768822575603,-0.5571872395918231,-0.2887328183050169,-0.2988863263835296,-0.1676872918813187,0.1465183523679666,0,-0.876303726512221,0.831798017009576
12576.0,-0.540774126845729,0.8001660338568091,0.6007933538505618,0.7233036147875206,0.8082392174469527,-0.0576218584785625,1,1.457502313979775,-0.5030908921767533
12577.0,-0.5583457794146515,0.8001660338568091,0.4142370473724809,0.5776363779213901,1.4774744457749929,-0.4081822070570525,1,1.4745878088583984,-0.8410667798942204
12578.0,-0.8741833591389503,0.0739460908215904,1.1577506047247823,1.0294032305970442,1.0262202498700983,1.9313830809181,1,2.3676022688897924,1.1323334033182408
12579.0,-0.0543097623705864,-1.058145946714099,-0.5379608154682934,-0.3644942549377236,-0.2941514393624997,0.6163402901793501,0,-0.7971404420880872,0.7004599885059922
12580.0,0.6793540117376464,-0.5571872395918231,0.0891397357519321,0.0890994059362388,0.1727297634470911,0.8583419136924946,0,-0.02829279456163583,1.21553722142709
12581.0,-0.4749394310824503,-1.058145946714099,-1.113102480384944,-0.7383398607540069,-0.8098576192004525,-0.4684436902081401,0,-1.6675104075453622,-0.4232263050247561
12582.0,0.6583250720961007,0.0739460908215904,0.5440545893128053,0.4495436307255754,0.5979759564957379,0.7750595761033268,1,0.7871027797233889,0.9994936962395822
12583.0,-1.9674812683483247,2.202452120611942,1.9757166696037527,1.9028802841948216,0.9812559531764108,0.8804258505496542,1,4.078628151705765,-0.7910589372493008
12584.0,-1.8243736859341724,0.9303406571479472,0.6636614879248577,-0.1164713649302792,0.0384893202353487,-0.0989172690416208,1,1.2159827842373796,-1.3261794825540543
12585.0,0.6448229902562577,-0.5571872395918231,0.5654455504382919,0.6211818307153746,0.4897435161402434,1.7560867146700552,1,0.8706032491040551,1.962486472823248
12586.0,-1.0028785328055103,0.0739460908215904,0.5733699659220548,0.212851229816185,0.5407159979871611,0.8302698659663685,1,1.2010473369279313,0.11000224465921063
12587.0,-1.4474112861963695,-1.058145946714099,-1.3401705596555469,-1.4857427705919497,-1.7640984679528429,-0.8967204607422373,0,-2.353703229830348,-1.3367701873181388
12588.0,-0.4907754257615954,0.0739460908215904,0.0217291419827275,-0.0826558324969898,-0.2412044847042052,-0.2079215431272054,0,-0.008199659224421578,-0.44377112022762344
12589.0,-0.6752731880764764,0.8001660338568091,1.1659610383769927,0.8325013939678924,0.8567153541898691,1.0059434100942766,1,2.1710074091908855,0.2927832910844817
12590.0,0.5787669825224744,-0.5571872395918231,1.7007621324319129,1.4157265323594512,0.3891614223084505,3.896897697893161,1,2.4298869233425546,3.743195969482755
12591.0,0.8388019735984524,-0.2017513803877423,0.2692430881203293,0.203221175809253,0.3274486497920416,0.6476793915107717,1,0.21335577050020044,1.0517628369075427
12592.0,0.0503234960319062,0.2992073267345332,0.7353024149033083,0.872616557112676,0.0011923041824166,0.8325420805228813,1,1.1336392735710656,0.7235833511269641
12593.0,0.1579897300569208,-0.2017513803877423,-0.5753504115176329,-0.5771176875341992,-0.862804573858747,-0.9408589061726036,0,-1.3324103824401434,-0.633665638145715
12594.0,-0.5070123740010525,1.5110377522649707,1.224072742962024,1.128696517193143,0.5001945244425666,0.2629008847200549,1,2.2119335392759853,-0.35902659620949534
12595.0,1.1366880923212137,-1.058145946714099,-0.8162161800216983,-0.3975051008243698,-0.6267921989603487,0.0915183544078243,0,-1.6179972964036378,0.9417703066715878
12596.0,-0.3225146116861712,-0.5571872395918231,-0.2940079206855642,-0.0308172995627917,-0.4115503779538524,0.1365848786452256,0,-0.42211637064039415,0.09472396320517647
12597.0,-0.9353081791524545,0.0739460908215904,1.0156165387712417,0.9883713854697096,1.1982735174240835,1.6634930490256663,1,2.2878023641526077,0.870105184895833
12598.0,-1.3187161125298097,1.15560189306089,1.1407354579719435,1.1606850232678891,0.9151078788768328,0.5265168869334117,1,2.5419275067126006,-0.5124110825225583
12599.0,-0.6752731880764764,1.3460575542855853,0.6507842802384404,0.9744052478426446,0.0914362748936436,-0.6205488514638806,1,1.403160151337521,-1.120032079945251
12600.0,-0.6752731880764764,1.904492494064476,1.2175051956383591,0.687131149583718,0.1880646595930938,-0.2051481012106916,1,1.9474242034553482,-0.9662336084254164
12601.0,0.5118685254199581,0.4896629879592288,-0.2242044564780513,-0.3530949931952531,-0.4437267787202448,-1.2171750633861966,0,-0.7843838791960958,-0.8346381602694625
12602.0,-0.2307404346856175,-1.058145946714099,-1.296215978677378,-0.7342923345111426,-0.9802035124500996,-0.8138170158724032,0,-2.0071766516842886,-0.5605454590144083
12603.0,-0.8456753236698794,-1.058145946714099,-0.1654691942145438,-1.3491740126569909,-2.183176263091345,1.3189027512439475,0,-1.402397934159082,0.8196183376510117
12604.0,-0.0462426723707365,-0.5571872395918231,-0.9328657719878788,-0.5931996852608044,-0.8098576192004525,-1.0652524532596994,0,-1.616440685086137,-0.7650839790342399
12605.0,0.9479515492166356,0.0739460908215904,0.2027937329390368,0.4110855242835056,0.3274486497920416,0.1326460108457754,1,0.20392120169043243,0.6468392739927008
12606.0,1.3290588383452664,-1.058145946714099,-2.698986799901052,-3.628661084298931,-2.515817022689194,-3.459605710800236,0,-5.984108327467607,-2.0667850040892985
12607.0,-0.2201397768252409,-1.058145946714099,0.3811601206573814,0.5944393923787606,0.7098254282188435,2.349909127854113,1,1.099806906005058,2.063895378068443
12608.0,0.9954788591929878,-1.058145946714099,-0.5793331710471076,-0.2824424464256186,-0.7601216003714991,0.5383072223276294,0,-1.3234213213152202,1.2432851572704824
12609.0,-0.0543097623705864,0.9303406571479472,0.9409245843531826,0.7487613911099927,0.9088213112787455,0.4225527647878475,1,1.7269700074409655,0.1168182431782243
12610.0,-0.8183807704906293,0.2992073267345332,0.5861305923144983,0.4909071010866128,0.5698454386786636,0.5516698209806352,1,1.3027640882730047,-0.044910369974577126
12611.0,-0.3102985242592435,-1.058145946714099,0.1792711076586202,0.349599211406045,0.3526935049184267,1.96912300075439,1,0.6497570585805269,1.6975040580687146
12612.0,-0.0876328522714647,-1.058145946714099,-0.2005374951875175,-0.4196361174135791,-0.6267921989603487,1.2527598625690295,0,-0.5921832294385486,1.2065569719442981
12613.0,-0.2524823540546596,1.0480979277381186,1.436443885701698,1.397040021561586,1.3366868742976272,1.212590092907942,1,2.803879929337729,0.6623364913275747
12614.0,0.7548912404987429,-1.058145946714099,-0.7774554680601654,-1.2275467185765694,-0.586765087019821,0.1646255590656159,0,-1.831544144449926,0.7059916956320765
12615.0,-2.1519790306632065,0.8001660338568091,1.3107660210377432,1.247662415242449,1.258120370257919,1.2786941552508575,1,3.147277685376467,-0.2742446411584694
12616.0,0.0706847362910886,-0.2017513803877423,0.140717449266745,0.0016026151001768,-0.2159596295778201,0.4056567104117538,0,-0.004272159151728419,0.4377107575578251
12617.0,-0.6752731880764764,-1.058145946714099,-0.6918639602064749,-0.5552437164184574,-0.0581390644641013,0.3260610839816368,0,-0.7588142431167746,0.09455880533884428
12618.0,-0.8456753236698794,-1.058145946714099,-1.1911591970644329,-1.0756752990814846,-1.0458699940988507,-0.6156677238344046,0,-1.8916259385528216,-0.7694714698380787
12619.0,-1.0395356639262063,1.0480979277381186,1.0099539336373635,1.286346052955197,0.217900422374825,0.4096224661090141,1,2.07944288459385,-0.3814049999644187
12620.0,-1.0784157615666077,-0.2017513803877423,0.2624265143022619,0.5687929379544485,0.607142454731596,0.6348416062700714,1,1.092011904128867,0.011913056285680481
12621.0,-2.1519790306632065,2.5129551665095216,2.364348185425064,2.1914720366672893,1.7095331115410488,1.2601427839153374,1,5.011162662142394,-0.6723611980294539
12622.0,0.639341544931368,-1.058145946714099,-1.1799714432767938,-1.2902342195152068,-1.0458699940988507,-0.5945663207790215,0,-2.4436465744907445,0.0422122249695174
12623.0,0.7502773702473149,0.654643185938614,1.003535623114059,0.9054410450539636,0.7938459876173184,0.881225090741055,1,1.5559862387415992,1.023522561060476
12624.0,0.140256106228435,-0.5571872395918231,-0.2678868435688,-0.2204935429130606,-0.1220981718085144,0.1857742551578423,0,-0.5076127438308999,0.35691424849162484
12625.0,0.5817849890277144,0.0739460908215904,1.2345786915457464,1.246074675331268,0.9984076522496488,2.0762010283493253,1,2.085668981587498,2.0727267624343626
12626.0,-0.8183807704906293,0.9303406571479472,1.413461218939475,1.2740835836095863,1.3875239442341725,1.3122928653339605,1,2.9130326176533012,0.448512185971736
12627.0,-1.2629135238814884,0.654643185938614,1.1318528510971717,1.1248850124951375,1.094407142278882,1.122891982527598,1,2.5480429400566234,0.12134137198396919
12628.0,-1.8243736859341724,-0.2017513803877423,-0.1208701302309371,-0.0678416715937903,-0.1676872918813187,-0.0866792541096166,1,0.2961934238111839,-1.0114731444849334
12629.0,0.9647411258391284,-0.5571872395918231,0.3713875201703678,0.2454875955128269,-0.0378814165327151,1.390276404921348,0,0.16870737799919458,1.828046023573006
12630.0,-1.3187161125298097,-0.5571872395918231,0.2246102058807405,0.0644099304008916,0.2880622196936218,1.1136341272429175,1,0.7749093280565271,0.31644115636041265
12631.0,-0.2524823540546596,0.4896629879592288,0.950445250762379,0.7712284272591602,0.921346639414674,0.9903765142643032,1,1.7961674377018626,0.584543479581556
12632.0,1.1566531348790148,-0.5571872395918231,-0.10420837903148,0.2195093438990782,-0.2159596295778201,0.4940613734198357,0,-0.48266989202576455,1.2134262398748445
12633.0,-0.2307404346856175,0.654643185938614,1.3028389456894147,1.2318129509949511,1.344145044363842,1.445007537206675,1,2.5619374745259007,0.9489391317705558
12634.0,1.1748222026740256,-0.5571872395918231,-0.4612556017005694,-0.2546192855417444,-0.586765087019821,-0.1782913647059148,0,-1.2446331607860732,0.648097767489233
12635.0,0.0363810947797576,0.0739460908215904,0.8262964238841423,0.898062150397071,1.0791672045283929,1.306734404590642,1,1.6917288594380762,1.111607474700031
12636.0,1.3804644691318602,-1.058145946714099,-1.3552357736844585,-3.628661084298931,-2.515817022689194,-0.9251352041638264,0,-4.571636696783994,0.012802332452056782
12637.0,-0.150470157144488,1.2544959545938104,1.579847165132116,1.4158800440741883,1.583861231680227,1.2352709987452777,1,3.0477372789717068,0.6728960300543245
12638.0,-0.5950029105353472,-0.5571872395918231,-0.00682620356838,0.1894977373504258,0.0914362748936436,0.67752252663225,1,0.28050972134101415,0.38251149668253265
12639.0,0.6583250720961007,-0.2017513803877423,0.2477414135533185,0.1570110879448586,0.2607132519567318,0.6071854891478611,0,0.19732398778105262,0.918135065519496
12640.0,-0.7922005967383016,-0.2017513803877423,0.1678746797548359,-0.3072650503773302,0.0914362748936436,0.4567897492759746,1,0.27603111565001026,-0.039855214959645315
12641.0,0.1920503993361995,-1.058145946714099,-1.1572552126772906,-1.2626334870875635,-1.117253523671916,-0.5517208714709796,0,-2.296717432360366,-0.16297832091151024
12642.0,-0.7670473650770303,-0.2017513803877423,0.0615134288980687,0.0691846950278294,-0.0581390644641013,0.2565471716804845,1,0.2701564896012769,-0.14365926041042607
12643.0,0.2601733813722913,1.2544959545938104,1.5807200238812975,1.4886071668727916,-0.862804573858747,1.2369151448404123,1,1.9383460916658086,1.016403586000618
12644.0,0.2700401175059993,0.0739460908215904,0.5211799793778008,0.480171139282231,0.7490861757345402,0.7319816746674218,1,0.9610508208662473,0.7475576297231405
12645.0,-0.5764124726865254,0.8001660338568091,0.9622924813209468,0.9548977289403598,0.7865535568710715,0.6224613491092055,1,1.9522957633179834,0.05210766175435052
12646.0,-1.7074462772723475,-0.5571872395918231,0.2664792885614668,0.3880557427345978,0.0200527453205781,1.1925438063684823,1,0.9814794647041767,0.2111255521093016
12647.0,-0.8456753236698794,2.546807042814728,2.1310977843856707,1.7272140529382254,1.4152191667836551,0.782705144665433,1,4.018163598588493,-0.3835330577171094
12648.0,0.3820531327806657,0.0739460908215904,0.1284563817240119,0.0274495927313415,-0.0789096183560038,-0.0072047041619003,0,-0.04783279782922479,0.20223158276843684
12649.0,0.1462219650521856,0.8001660338568091,0.6501348102688064,0.9014264592097044,0.6514988276797011,0.0351490683700546,1,1.3143375935546517,-0.02554181277733443
12650.0,-1.9674812683483247,-1.058145946714099,-0.7801005190106136,-0.439953437536103,-0.586765087019821,0.1596366857612089,0,-0.6151310767029167,-0.7151548540042046
12651.0,0.8741131961478769,0.0739460908215904,-0.6482983613958955,-0.4121760645974459,-0.2672508963742018,-1.4651899261888732,0,-1.3098400405782613,-0.7436278524774225
12652.0,0.8664325630436192,-0.5571872395918231,0.0641869049475833,0.0498740694236828,0.1571027565423948,0.8113233719189764,0,-0.13807457269506215,1.2770536309494749
12653.0,0.3568999011193944,-0.2017513803877423,1.0788436773472514,0.8008208647712892,0.4791576523996084,2.173325770325376,1,1.5679601055956867,2.075057240728711
12654.0,-1.2629135238814884,0.2992073267345332,-0.3132170148234063,-0.4146533591976824,-0.2412044847042052,-1.138203636570515,0,-0.2756326997894212,-1.7121335184545408
12655.0,1.024810514465536,-1.058145946714099,-0.9128979110257436,-1.1942372750823944,-0.7601216003714991,-0.0908346194538761,0,-2.1160390066969645,0.6586536020473178
12656.0,-1.0028785328055103,0.8001660338568091,1.3899394852599218,1.150194106266891,1.15268439735128,1.4278523006503523,1,2.783478346853023,0.47294281770125485
12657.0,-1.2629135238814884,0.0739460908215904,0.4096193708892607,0.4877676157042337,-0.144576100004755,0.5219204941748568,1,0.9527939700982336,-0.22433135372553245
12658.0,-0.9353081791524545,-1.058145946714099,-0.2191630045000293,-0.2885608248606143,-0.1220981718085144,1.217629988728819,0,-0.07636395177580522,0.7028883337646356
12659.0,-0.6542442484349309,-1.058145946714099,-1.6626943966096532,-1.017316959584883,-1.614523128595098,-1.5050378770637003,0,-2.6613882438539505,-1.3528598432809384
12660.0,-1.2629135238814884,-1.058145946714099,-0.9589737420015976,-0.8932765983286024,-0.91940584661767,-0.1777389881938659,0,-1.3763777767478893,-0.6316635641995902
12661.0,1.042667590085983,-1.058145946714099,-1.255849300415793,-0.5460873605785668,-1.0458699940988507,-0.7376807722462877,0,-2.3000416943160116,0.22275108532720306
12662.0,-2.4120140217391843,1.847016261407861,1.4523886962390016,1.2980169461758893,1.0994248524597794,0.3024936641146447,1,3.399969899961596,-1.4736432235911527
12663.0,1.2731708819498868,-0.5571872395918231,-0.975859945321222,-0.6617743348522026,-1.1954453334565955,-1.1460183199108345,0,-2.265860559175735,-0.0950211859498215
12664.0,-1.4474112861963695,1.15560189306089,1.350921670128721,0.7237434148298558,-1.117253523671916,0.9221957478856984,1,1.7553719416260818,-0.21600019551663882
12665.0,0.854736338582082,-0.2017513803877423,-0.7820219799052706,-0.7222970913063499,-0.91940584661767,-1.3285229994983605,0,-1.8604871006450254,-0.5767099492280328
12666.0,0.9778633268252848,-1.058145946714099,0.2117716301905014,-0.1933485238451358,-0.2412044847042052,2.030422761052432,0,-0.21943446680580325,2.4270701822864775
12667.0,-0.2415192631816249,-1.058145946714099,-0.2918468367163321,-0.1504571282154663,-0.1914684658752519,1.0805398392387031,0,-0.33380176477380435,0.9901892349873125
12668.0,-1.2115801184678894,1.0480979277381186,1.8078371387592684,1.5274295047165265,1.4899997739109212,1.912361022875672,1,3.622524425573121,0.707905330011217
12669.0,0.3653943987983962,-0.2017513803877423,0.7789595553542561,0.5310022297825363,0.6853342645162757,1.6080463876272273,1,1.2053654356673735,1.585889061725241
12670.0,-1.3187161125298097,0.654643185938614,1.0059247676509568,0.7793585794666286,0.4240770344914922,0.885724106098845,1,1.9906596953986015,-0.10608293857762714
12671.0,1.2534042260021032,-1.058145946714099,0.7463239330562185,0.7081726958702182,0.0565206627106016,3.038650490323284,1,0.8106556207969563,3.471759620612389
12672.0,0.8644979455921589,-0.5571872395918231,-0.5434832569994282,-0.8390516708165107,-0.5121324717856456,-0.3330483991600471,0,-1.4790776443008256,0.2902621447797571
12673.0,-1.7074462772723475,-0.2017513803877423,0.20108065817858,0.2251631403646062,0.3891614223084505,0.5193161197436114,1,0.9707777510600948,-0.45208084761993306
12674.0,-0.4907754257615954,0.0739460908215904,0.5404816940878927,0.5415259893141285,0.1727297634470911,0.7683308938002892,1,1.0081619770548609,0.3907292611137982
12675.0,1.195966706816979,-0.5571872395918231,0.0215188901324923,-0.2546192855417444,0.7865535568710715,0.7309278967409353,0,-0.1678578454589027,1.3344240858605296
12676.0,-0.7670473650770303,1.15560189306089,0.804505413740594,0.8698057795921804,0.3771846686209953,-0.1058752531911916,1,1.652738205055696,-0.7263859192585045
12677.0,1.197121207936731,-0.5571872395918231,-0.6160227432415666,-0.6800964371201603,-0.91940584661767,-0.4695384875400042,0,-1.7542359176243887,0.3967070656270772
12678.0,-0.4443943630945455,1.904492494064476,2.5983374305220903,2.502918014358104,1.2622326247684963,2.3946771127870448,1,4.6422931039526,1.3995713216847427
12679.0,-0.2307404346856175,0.0739460908215904,0.1291164611774051,0.0715591414290579,0.0200527453205781,-0.0059630628569524,1,0.20578533012913866,-0.13353457648967068
12680.0,-2.4120140217391843,0.0739460908215904,-0.0393248990927189,-0.0737273568542482,-0.1914684658752519,-0.3227021474835044,1,0.5508725267785053,-1.5939087698037133
12681.0,-1.0784157615666077,2.8158079328937515,2.522773026412663,2.344981825677096,1.9455454864394472,1.2174554563127942,1,5.039055000106149,-0.19388257472491557
12682.0,-1.8243736859341724,2.990819440597063,2.342441592621252,2.037097801909626,1.6680779869560265,0.6817708604841723,1,4.834208338266411,-1.1033833461908782
12683.0,-1.8243736859341724,1.904492494064476,1.882645379641063,1.8000020247408066,1.4014884185366627,1.0461451484744433,1,4.039357909250015,-0.5271946649668968
12684.0,-1.4474112861963695,0.654643185938614,0.646667357659223,0.9100939665019112,0.3014022381220454,0.2095212741383407,1,1.6598260630413904,-0.7056126138924342
12685.0,-0.6970151074455184,0.4896629879592288,0.8095524659857308,0.73593991417152,0.8293663864529791,0.7250570710778842,1,1.730301188333095,0.12602361858331204
12686.0,0.94111068223374,-1.058145946714099,-1.1872498199717567,-0.5521774127817789,-1.3785107536966998,-0.6082941845794396,0,-2.336516810740081,0.28589276619252535
12687.0,1.1055244621722873,-0.5571872395918231,0.5995115154777667,0.6819981470667436,0.8896672959534744,1.8203083492837155,1,0.957930702342983,2.2559211705908586
12688.0,0.1864977655259916,-1.058145946714099,1.1927883696508383,1.187724529896296,1.1384985731749109,3.880734272761055,1,2.2929970078833857,3.5668210751143348
12689.0,-0.7428435417295326,-0.5571872395918231,0.2113043175656624,0.153881561316635,0.2466890975132978,1.0885575757423531,1,0.6061213103343975,0.6234643810093958
12690.0,0.5634601652637944,-1.058145946714099,-0.6271878476793239,-1.0111411307468456,-0.7601216003714991,0.4480477440740847,0,-1.5823504031501676,0.859641253401706
12691.0,-0.6970151074455184,0.654643185938614,0.1653079066391275,-0.0722509904906822,-0.4437267787202448,-0.6949995087828537,1,0.14356681020352718,-1.0909104090198314
12692.0,1.2853483085455746,-1.058145946714099,-1.5265746060443293,-1.709582179172762,-0.91940584661767,-1.248300142299931,0,-3.158222391559051,-0.17961116961198248
12693.0,0.2551824986059697,0.654643185938614,0.4353794130457862,0.0498740694236828,0.3274486497920416,-0.187779859734731,1,0.5109661391045753,-0.17906616598172553
12694.0,-0.1227827554391228,-0.2017513803877423,0.4924048110657996,0.6591185901376412,0.4009658426149288,1.0680540001283818,1,0.995206126416971,0.9060563197231324
12695.0,-1.5229485149574664,0.654643185938614,0.2979373048018603,-0.0591107344650019,0.0741642041589574,-0.4460099018696203,1,0.7630533970765667,-1.3650173455082306
12696.0,1.0411983450016138,-0.5571872395918231,-0.0633369231993846,0.0833044703102229,0.0200527453205781,0.5710568031730464,0,-0.3692642046992581,1.1880912509012471
12697.0,-0.6752731880764764,-0.2017513803877423,0.02083514763593,0.0146530618758052,-0.1002197270566499,0.1799785357063234,1,0.15521518317987598,-0.158801879573612
12698.0,1.2362726511275437,-1.058145946714099,-0.7244847204371283,-0.9811029912456316,-0.7601216003714991,0.2645345414185929,0,-1.881422438465585,1.083894917408691
12699.0,1.0156919930971386,-1.058145946714099,-0.2712838579707655,-0.1880514138269199,-0.0181119525235737,1.119324005458815,0,-0.6495713740034077,1.7010158653727114
12700.0,-1.4474112861963695,0.0739460908215904,1.2025052705227806,1.1743437191400288,1.2372441024225518,2.015742734356649,1,2.749729036238398,0.890710995846226
12701.0,-0.0382757972626953,0.4896629879592288,0.6962630730304717,0.8185669050017028,0.8362895757000253,0.5117833053059037,1,1.4463520499440152,0.32339750461704453
12702.0,-0.9040178174155592,-1.058145946714099,-1.039759737096173,-1.4609201666402376,-0.9802035124500996,-0.3301107579055212,0,-1.866409545658196,-0.6120208812180736
12703.0,-0.1138130260237924,0.0739460908215904,0.0567160860853278,0.118436592109052,0.2324210325411989,-0.1421328273830715,1,0.2027627276618929,-0.18428390721108184
12704.0,-1.5229485149574664,0.8001660338568091,0.6644896870055323,0.463404795720079,0.3401681767824983,0.0621425378790392,1,1.5146083931154315,-0.9511236272345033
12705.0,-1.0784157615666077,1.4312993642702228,1.82754907047211,1.756205594406423,1.6503800698286364,1.492665982237021,1,3.79883464051411,0.3553855657774879
12707.0,0.7862910527348936,-1.058145946714099,-0.3114981898458794,-0.4348149665659621,-0.1914684658752519,1.043475104811995,0,-0.8088904585112134,1.4965125451580674
12708.0,-0.6542442484349309,1.7233615276208618,1.2550985622139326,1.0672430146254968,0.9151078788768328,0.0742296908098313,1,2.4486732482471423,-0.67417795622432
12709.0,-1.0784157615666077,2.478149591821275,2.5280076272710588,2.193827941968629,1.2201519621759485,1.60779898477863,1,4.645386337864402,0.2305436529806592
12710.0,0.0839084047561103,-0.2017513803877423,0.1520343780847676,0.3534704464713255,0.4684334074395972,0.4269644038516721,1,0.4534676791693579,0.4670095897456568
12711.0,1.2597123935708792,-0.5571872395918231,0.2622329553323118,0.2877653393202686,0.2324210325411989,1.1845406833987753,0,0.09293345122367742,1.815812321661451
12712.0,-0.6752731880764764,1.904492494064476,1.473284988459724,1.0207836402693722,0.8896672959534744,0.2756777653704801,1,2.6672662343065574,-0.5747655217910925
12713.0,-2.4120140217391843,-1.058145946714099,-0.0661812733200171,0.0146530618758052,-0.0789096183560038,1.506171301937404,1,0.7072316784344387,0.1533623151637438
12714.0,-1.3798409325433134,1.2544959545938104,1.9578553986545564,1.887325347841145,1.9034648238468983,1.9475075786162668,1,4.187181608999253,0.6068359022746544
12715.0,0.140256106228435,-1.058145946714099,-0.6952471755560378,-0.6063545425438546,-0.586765087019821,0.3196799468857202,0,-1.2603387398954322,0.5560586218976834
12716.0,-1.8243736859341724,-0.5571872395918231,0.0895430292356632,0.2326267204681548,0.2880622196936218,0.8591018511737293,1,0.8681663560636163,-0.15060080215369487
12717.0,0.3653943987983962,-0.2017513803877423,0.2458405461117197,0.1239313687523604,0.2880622196936218,0.6036056908886472,1,0.2824371280246073,0.7497048454030766
12718.0,-0.1138130260237924,-1.058145946714099,-0.9793153136902868,-0.5867196235949155,-0.6267921989603487,-0.2161055549891818,0,-1.490503837650945,-0.013467851144715989
12719.0,-1.7074462772723475,-0.5571872395918231,-0.2636127706353285,-0.1862951485943219,-0.1676872918813187,0.1938231555369866,0,0.07014334113844696,-0.6465751137795922
12720.0,-1.9674812683483247,2.3282062876889484,1.57293413154211,1.671261344510818,1.48688632403703,-0.0201477603500354,1,3.76178953480898,-1.5998382362802879
12721.0,-0.6141483680629726,0.8001660338568091,1.0527966119582075,1.1012925660072024,1.193826931703096,0.7928460591524928,1,2.2982400980236637,0.1658175044016041
12722.0,0.0001383902963132,0.0739460908215904,0.0503224572854734,0.0856285749857403,0.1411722937225966,-0.1541559946734275,0,0.10710757706780885,-0.1306130194901966
12723.0,-1.8243736859341724,0.2992073267345332,-0.1793579002794013,-0.0886762034903892,0.1880646595930938,-0.887249056067769,1,0.3729216874616285,-1.8039112455229378
12724.0,-1.7074462772723475,0.654643185938614,0.657278067005592,0.6706578499519347,0.6514988276797011,0.2294822659592182,1,1.7849938658102988,-0.8720274893105654
12725.0,0.939389002813624,0.0739460908215904,0.7658548273789816,0.6349113322080078,0.6340429977198944,1.1928561035555492,1,1.0372680589475498,1.509155766281089
12726.0,-0.6970151074455184,1.15560189306089,1.05306942522415,1.4652470514328928,0.3274486497920416,0.3615553622750083,1,2.1541230021587725,-0.2474724202167871
12727.0,-1.2629135238814884,1.0480979277381186,1.3030127554730804,1.1437254252933526,0.9275383145186272,0.9612869476775971,1,2.6880405344148426,-0.10357936797809894
12728.0,-0.1138130260237924,0.2992073267345332,0.1008522137506342,0.0583923135040178,0.1083521949576072,-0.3611414128515911,1,0.17280708583255458,-0.419498543679502
12729.0,0.1864977655259916,-1.058145946714099,-0.517695991278546,-0.4964795731478753,-0.3805884749031534,0.654562102277753,0,-0.9486676101700338,0.8543471264436358
12730.0,1.1578805519021536,-1.058145946714099,-0.0827404588824115,-0.4936747887746049,0.0914362748936436,1.4749387546849764,0,-0.5917075683925025,2.031413946850804
12731.0,-0.7922005967383016,1.6565606001831652,2.3928571825743243,2.073271265268394,0.9578145568046976,2.29436311421055,1,4.1865083477131,1.1641556180235786
12732.0,0.4773803670621637,-1.058145946714099,-0.985334027758066,-0.9811029912456316,-0.9802035124500996,-0.227457548770063,0,-2.0135534358167684,0.27843388538440167
12733.0,0.6448229902562577,0.0739460908215904,0.6898929577506432,0.387322905958163,0.8293663864529791,1.0497511595560345,1,1.0131002619303804,1.1978549047313682
12734.0,0.9075812346760708,-0.2017513803877423,-0.2695496046758559,-0.4121760645974459,-0.7132292345010023,-0.3663172108713661,0,-1.101993426194647,0.25336217385654675
12735.0,0.8347557444111318,-0.5571872395918231,-0.127202813674102,-0.1969037808196001,-0.0789096183560038,0.4507458151363582,0,-0.5456619418139231,0.9535307655796199
12736.0,0.8702843776182111,-1.058145946714099,-0.992230876816157,-0.6913398038775899,-1.7640984679528429,-0.2404658071344643,0,-2.3327697432132464,0.5479152636110071
12737.0,1.1290379992392874,-0.5571872395918231,0.9963222325196782,-3.361978192741088,-2.183176263091345,2.5684706101793897,0,-1.806416541690948,2.6055435365699977
12738.0,0.94111068223374,-1.058145946714099,-0.788695251794101,-0.3396716509860114,-1.0458699940988507,0.1434260214884519,0,-1.6746725977150676,0.9008053261801178
12739.0,-0.0543097623705864,0.0739460908215904,0.7744037907490913,0.4264633349153768,0.5698454386786636,1.2089626217035714,1,1.2314462309824217,0.9580072355573094
12740.0,-0.1794070292720186,-1.058145946714099,-0.5591986559318347,-0.2449609484229135,-0.3507527121214226,0.5762832563767066,0,-0.7480073845689805,0.6138137432051658
12741.0,1.1664073183274863,-0.5571872395918231,-0.5963372506290014,-0.5521774127817789,-0.7601216003714991,-0.4325016003102832,0,-1.597417052809759,0.4155443300052207
12742.0,1.2741945456928905,-1.058145946714099,0.1842016720231569,0.6610559138912184,0.3771846686209953,1.9784226178108133,1,0.31766144003193036,2.6060233589076227
12743.0,0.2893295474663386,-0.5571872395918231,-0.3828619320798995,-0.2906129979414018,0.8082392174469527,-0.0307165858670961,0,-0.3226653471967533,0.21503569663434413
12744.0,-0.3102985242592435,1.15560189306089,2.3799200882674434,1.7382126700362766,1.4320656120576276,2.86130613572532,1,4.030527126185854,1.9666054929012353
12745.0,1.1134584833473364,-0.2017513803877423,-0.0037706252133175,-0.0391782715441003,-0.5486003891756687,0.1336674821237534,0,-0.6402029620203548,0.8013774946995706
12746.0,1.180765944929144,-1.058145946714099,-0.931821699718947,-1.06892938416266,-0.7132292345010023,-0.126527082850003,0,-2.1063579431755457,0.7259637557322223
12747.0,-2.1519790306632065,2.1575193073054413,1.6565010888451002,1.12631691641078,0.5698454386786636,0.3308558425953152,1,3.257631398480702,-1.3848523305451865
12748.0,-2.4120140217391843,5.276266197153594,2.9596357707277137,2.8702536754160275,3.261267017269096,-0.6849318264894659,1,6.922183822259112,-3.1410558475057866
12749.0,-1.8243736859341724,0.9303406571479472,1.4429801679564338,1.0238551509784724,1.480623751205243,1.3679032014604813,1,3.1790208375889337,-0.08863078425351105
12750.0,0.2651257241188405,-1.058145946714099,-0.8740545464178263,-0.8438005790920419,-0.8098576192004525,-0.0175715223052362,0,-1.6937259655633705,0.33784025456775774
12751.0,1.0557414896988655,-1.058145946714099,-0.894137193547546,-0.6334808999499925,0.3014022381220454,-0.0554497273093057,0,-1.4009589872688113,0.7132160178886148
12752.0,-0.0304066776915911,-1.058145946714099,1.1136483192814748,0.9959718008930531,0.1880646595930938,3.731466945970905,1,1.791429703313658,3.3499652993265836
12753.0,-0.8183807704906293,0.4896629879592288,2.259791467958089,2.0607233121546145,0.9275383145186272,3.4583226982147424,1,3.9731196549631096,2.400325436643776
12754.0,0.6502579820962507,-0.2017513803877423,0.8457772627709451,1.6881163659157408,0.1249263557760024,1.7339847127699863,1,1.4989867913226849,1.9855635729478593
12755.0,0.7617503989180828,1.15560189306089,1.6371457813523238,1.3337520209374347,-0.1676872918813187,1.4613148191527046,1,2.052087205342851,1.4533918243242299
12756.0,0.0148821476427679,-1.058145946714099,-1.519337552207925,-0.8112565093766205,-1.7640984679528429,-1.2346502182102363,0,-2.682829015833716,-0.7389090265487471
12757.0,-1.0395356639262063,1.3460575542855853,1.5368454575620638,1.0354525460888564,1.4049427101962726,1.045659717135594,1,3.031554181484992,-0.023774559996462337
12758.0,0.2030134902092342,0.654643185938614,1.7036037579341767,1.6541767232077311,1.211470473151452,2.2002844818719947,1,2.996095619561651,1.8469945399074803
12759.0,-0.3102985242592435,0.8001660338568091,1.214186641338368,1.2244617556257054,1.2904553164025458,1.0967715568892349,1,2.4730079012349404,0.5868859276540119
12760.0,1.071367018304198,-1.058145946714099,-0.7076591429817957,-0.6030410799249616,-0.5486003891756687,0.2962695347214322,0,-1.5464180904446674,1.0474664965016154
12761.0,1.0741675694743047,-0.5571872395918231,-0.1240892597892284,-0.3737580832755742,-0.3507527121214226,0.4566108418251399,0,-0.813122961460168,1.0842323418377042
12762.0,-1.4474112861963695,-0.5571872395918231,0.5136437977393866,0.5939040069696255,0.3145288070742748,1.6584321982283534,1,1.3822351229950969,0.7386605909126632
12763.0,0.3080557011550128,-0.5571872395918231,-0.0959579008756873,0.0198015886647239,-0.7601216003714991,0.5096035574909575,0,-0.5293447160047066,0.7638643731785132
12764.0,0.8388019735984524,-1.058145946714099,0.4315039019473964,-0.1655778157249051,0.0565206627106016,2.4448633465916028,0,0.19426775581882233,2.6755825487624163
12765.0,1.0934362995056883,0.4896629879592288,0.2966363081657677,0.4653613294547838,0.1249263557760024,-0.2399068504682198,1,0.20763498725703353,0.3331135232761422
12766.0,-1.8243736859341724,0.9303406571479472,1.7155124652087512,1.5736965305898964,1.4583204304497217,1.8814349003351605,1,3.7179447845432416,0.3832410897748864
12767.0,0.9479515492166356,-1.058145946714099,0.0149704671951592,0.1217389635930018,0.0200527453205781,1.6592329099921492,0,-0.1625750127762303,2.130173531508687
12768.0,1.0643116644325106,-1.058145946714099,-1.2268648514444616,-1.0362001973790858,-1.117253523671916,-0.6830127350610226,0,-2.5361634315097077,0.23287365522681544
12769.0,0.6583250720961007,-1.058145946714099,0.1486302221219439,-0.2186486021835564,-0.2159596295778201,1.911330731818544,0,-0.18834519129721594,2.1513994838136954
12770.0,0.5787669825224744,-0.5571872395918231,0.90007546190613,0.8613006489380512,-0.6267921989603487,2.3869903347023014,1,0.8959197640277159,2.5107739876504342
12771.0,1.1121429440166524,-1.058145946714099,-0.8575369605294626,-1.0235513279573645,-0.8098576192004525,0.0135825631303374,0,-2.024794597174296,0.8105187704817908
12772.0,-0.2201397768252409,-1.058145946714099,-0.0298590829527074,0.0739250466377289,0.217900422374825,1.5746791716441702,0,0.21366080960658468,1.4061404060405454
12773.0,1.2074192468466634,-1.058145946714099,-1.4456812527472451,-0.9929541396007278,-1.4880589811139169,-1.0957258825491285,0,-2.947112282791569,-0.0016255523896408347
12774.0,1.1748222026740256,-1.058145946714099,-1.6100817446765523,-1.4609201666402376,-1.4880589811139169,-1.4058043047732944,0,-3.331830123014313,-0.3174919061094654
12775.0,-1.0028785328055103,0.654643185938614,0.4281970937178716,0.5118671801993483,0.217900422374825,-0.2012787796707948,1,1.0673696349990873,-0.8301377030129194
12776.0,1.3157764807748435,-1.058145946714099,-2.0193246416770387,-1.5522358034901935,-1.7640984679528429,-2.177683940406771,0,-3.9684645466735455,-0.8616134084190206
12777.0,1.0741675694743047,-1.058145946714099,-0.419281270651527,-0.0533538404792291,-0.3805884749031534,0.8401836958480468,0,-0.9123731156259528,1.5369241189104115
12778.0,-0.9040178174155592,0.9303406571479472,0.4654687090018494,0.8216048824065979,0.4897435161402434,-0.471266106716049,1,1.3475081385291972,-1.0477975033212399
12779.0,-0.5070123740010525,1.4312993642702228,1.4244543960462883,1.3089427944060974,0.9870131210634252,0.7335068409751196,1,2.7065360570254358,0.03959910642142081
12780.0,1.2459654079011129,-1.058145946714099,-0.7294715441984954,-0.3644942549377236,-0.586765087019821,0.2551288126054481,0,-1.5276953247274645,1.1357775946163713
12781.0,-0.1794070292720186,-0.5571872395918231,-0.0849222455123908,0.1973747289689879,-0.4115503779538524,0.5303927763097185,0,-0.13729990205547912,0.5150608072950372
12782.0,-1.7074462772723475,1.15560189306089,1.1539837508039332,0.9206072123393,0.9870131210634252,0.5514502295526403,1,2.594142901346114,-0.7331796303502863
12783.0,-2.1519790306632065,0.4896629879592288,0.6282280191572591,0.1496855602350355,0.4791576523996084,0.3837356370477373,1,1.5701260931104148,-0.9931385874122048
12784.0,-1.3798409325433134,-0.2017513803877423,0.4771636216103308,0.376976520538054,0.8567153541898691,1.0393388167904267,1,1.4275740606238052,0.14328487945732074
12785.0,0.9272060682311212,-0.2017513803877423,0.1209067456250284,-0.0605578658272451,0.0011923041824166,0.3683582290837728,0,-0.23137476114768968,0.8623185460791342
12786.0,1.2576165577225409,-1.058145946714099,-0.1759617886454403,-0.2804155698175485,-0.6688728615528973,1.2991124994753,0,-0.937474892153802,1.9992600634333622
12787.0,-1.3187161125298097,0.0739460908215904,-0.0547119908483506,0.0172323629805716,-0.2672508963742018,-0.351624534963408,1,0.204979375326129,-1.0039487683267687
12788.0,1.081115906117918,0.0739460908215904,-0.5306843317250728,-0.616396278646906,-0.586765087019821,-1.2449656148592358,0,-1.478646380626061,-0.4577470995167562
12789.0,-0.1696156146721137,-0.2017513803877423,-0.8806692571211853,-1.709582179172762,-1.614523128595098,-1.5133241879734531,0,-2.3987710952442813,-1.3574405087841708
12790.0,0.5185490566485405,-0.5571872395918231,-0.3254257456625334,-0.3178908216871508,-0.1220981718085144,0.077424856724569,0,-0.7324810795107807,0.46733304196067416
12791.0,0.9445402369244064,0.4896629879592288,0.0913312041189254,-0.0649184626094477,-0.7132292345010023,-0.6255489556646167,0,-0.5613499544067735,-0.07679178677500638
12792.0,0.7047061347631505,-0.5571872395918231,-0.0846872340018647,-0.1521201403247171,-0.0581390644641013,0.5308355005423527,0,-0.43025547420541727,0.9504559810398285
12793.0,0.8741131961478769,-0.2017513803877423,0.0643992229550517,0.0375105298426944,-0.1676872918813187,0.2619794241102795,0,-0.29886670739952176,0.7644073589730834
12794.0,-0.2983107883386734,-0.5571872395918231,-0.0561911254099423,0.1151175559381492,0.0200527453205781,0.5845189020340008,0,0.07091929839651383,0.4660056584664597
12795.0,-0.9353081791524545,-1.058145946714099,-0.5543727884532439,-1.29969799342043,-0.862804573858747,0.585385402946121,0,-1.2160475029060607,0.1227082126412585
12796.0,1.2762369843581085,-1.058145946714099,-0.6421414320242504,-0.6581703754853391,-1.3785107536966998,0.4198435472018231,0,-1.911368962877854,1.2915808107037117
12797.0,0.9307105862349312,-0.5571872395918231,-0.1031093892601261,-0.2624493891945898,-0.3507527121214226,0.4961316287922283,0,-0.6937536277649938,1.0485558734652412
12798.0,-1.3187161125298097,0.0739460908215904,1.594438045606146,1.862969598946634,-0.3507527121214226,2.7546274409259963,1,2.790297973467384,1.699504221974937
12799.0,1.1664073183274863,-1.058145946714099,-1.0386142498325408,-0.8438005790920419,-0.8098576192004525,-0.3279502358826447,0,-2.1496631114000695,0.581960114169171
12800.0,1.090718815783679,-0.2017513803877423,-0.3347230616293021,-0.3667980083921493,-0.2412044847042052,-0.4888415900453667,0,-1.0107994675347791,0.23830566811383308
12801.0,1.131598183073706,-1.058145946714099,0.1019613410737789,0.0107650450043412,0.1411722937225966,1.8233078017618327,0,-0.12923159310350193,2.347354588003121
12802.0,0.5017154078421048,0.654643185938614,0.6873785436396235,0.9057744904039728,0.7642790739473241,0.2861117306219218,1,1.2856274567650159,0.40651473797561116
12803.0,0.9762376600515654,-1.058145946714099,0.1159237837575053,0.3694853126909775,0.217900422374825,1.8496425903440163,0,0.13465416600278,2.3158750285029313
12804.0,1.0852490581173193,-0.5571872395918231,-0.7519209362873491,-0.3975051008243698,0.2880622196936218,-0.7251480901926989,0,-1.2290300757128814,0.10277289989142759
12805.0,0.9580779469522994,0.0739460908215904,0.3120401557749272,0.1162257633423767,0.0384893202353487,0.3382336709089575,0,0.05801576936723152,0.8021280115518772
12806.0,1.0411983450016138,0.0739460908215904,0.8135367866018763,0.9430353306654172,0.2607132519567318,1.282693069680399,1,1.0460100193372932,1.6854229935931169
12807.0,0.9597502430728068,-1.058145946714099,-0.7446424868106208,-0.8067360727591756,-0.7601216003714991,0.2265146527959745,0,-1.73462313381056,0.9186552801014529
12808.0,-0.5236711079833221,0.2992073267345332,-0.0189493462070106,-0.1845435605050292,0.0741642041589574,-0.5861868101671329,0,0.0450454644408806,-0.8498260981816645
12809.0,0.4702544582071883,-0.2017513803877423,0.4574176696129089,0.0274495927313415,0.4684334074395972,1.002137430885603,1,0.5040587040909232,1.1121973199413429
12810.0,1.1736268151912543,-0.5571872395918231,-0.3980802077595084,-0.1604988643185178,-0.2159596295778201,-0.0593671283333146,0,-0.9788462682560242,0.7366123467056738
12811.0,0.7145728708968584,0.2992073267345332,0.0760301535835872,-0.0871659366068146,0.0914362748936436,-0.4077815018951683,0,-0.18729009433197233,-0.01584903720651477
12812.0,-0.4011425702790203,-1.058145946714099,-1.0057257569379692,-0.7262712480428852,-0.8098576192004525,-0.2659187184193962,0,-1.5706932427673819,-0.21753836395329665
12813.0,1.1328744525473045,-0.2017513803877423,0.4289142887963701,0.5461497056409784,-0.1002197270566499,0.948439096271671,1,0.2749084742756854,1.5103515420238622
12814.0,0.1158217147681432,-1.058145946714099,-1.4361368329803106,-1.5115390548677536,-2.183176263091345,-1.077723998323326,0,-3.1293466711819464,-0.6080246934853235
12815.0,0.3526100844636154,-0.5571872395918231,0.0963240923081403,-0.1775834856216042,-0.0789096183560038,0.8718796630304179,0,-0.14877128033704504,1.0313774770728914
12816.0,0.0773306527470905,-0.5571872395918231,-0.3497145774237116,-0.8881581216111365,-0.3507527121214226,0.031691754880775,0,-0.9839433070384308,0.1407764088040898
12817.0,0.7617503989180828,-0.2017513803877423,-0.2140107751774144,-0.5370567252723396,-0.7601216003714991,-0.2618783198572172,0,-1.07580268366174,0.24732314954402979
12818.0,0.7170160174661255,-1.058145946714099,0.3638895486664318,0.4110855242835056,-0.862804573858747,2.3173348231728026,0,0.049653036554741126,2.6043550379443734
12819.0,1.0741675694743047,-1.058145946714099,-0.390683682161272,-0.2411369787048411,-0.6267921989603487,0.8941220692337377,0,-1.0725857153699956,1.572715469770719
12820.0,-1.9674812683483247,1.15560189306089,0.7645062434090705,0.903102182253235,0.921346639414674,-0.1810465540859037,1,2.2263080029307503,-1.4679318227949028
12821.0,0.5877787261013253,-0.5571872395918231,-1.0338879631685094,-0.7342923345111426,-0.91940584661767,-1.2549938412031747,0,-2.033138580798866,-0.5795389142967491
12822.0,-0.1138130260237924,-0.5571872395918231,0.0142577217609842,0.0668016455411409,-0.0181119525235737,0.7172468204656872,0,0.049661944042501974,0.6716927003323555
12823.0,-0.0791383545924629,1.7233615276208618,1.4003952857574973,0.4117923711423014,-2.515817022689194,0.3474846844470895,1,0.6898681102605503,-0.049573299841314825
12824.0,-0.2201397768252409,-1.058145946714099,-0.6123572568095846,-0.4992963694822978,-0.4115503779538524,0.4760199609669534,0,-0.9367070907675222,0.48745606712368045
12825.0,1.1566531348790148,-0.5571872395918231,-0.4204175034637325,-0.8343368051868192,-0.586765087019821,-0.101418178858648,0,-1.4682769926634258,0.6421409665337175
12826.0,-1.9674812683483247,1.2544959545938104,0.8324986817515434,0.9133974437569532,0.6428173386552047,-0.1710592254637833,1,2.1934467335652053,-1.472638139863261
12827.0,-1.608585561882396,-0.2017513803877423,-0.5549241157977796,-0.6063545425438546,-0.6267921989603487,-0.9025129625586368,0,-0.6756713338808975,-1.586971126141388
12828.0,-1.9674812683483247,0.4896629879592288,0.0653750808474058,-0.0036909421566538,0.0741642041589574,-0.6742705710414857,1,0.674962086545261,-1.7456441205445778
12829.0,0.8779192915851238,-0.2017513803877423,-0.6340753564518342,0.0668016455411409,-0.7132292345010023,-1.0510729927352656,0,-1.254111480906006,-0.26927365946500187
12830.0,-0.5070123740010525,0.4896629879592288,1.4342871259697894,1.9632678844102665,-0.91940584661767,1.902005261518,1,2.1855101314543486,1.3843997631877325
12831.0,0.7170160174661255,-0.2017513803877423,-0.5207179508557206,-0.3243496716804167,-0.7601216003714991,-0.8382871296785769,0,-1.2872168459876492,-0.22258540830811616
12832.0,-0.6141483680629726,-0.5571872395918231,-0.6383222407805823,-0.6130319698342725,-0.3507527121214226,-0.5114903617659939,0,-0.9453979727141371,-0.6513502428383751
12833.0,0.3395657324261091,-1.058145946714099,-0.5765894314376263,-0.7589597607014165,-0.4437267787202448,0.5434822339052574,0,-1.2086898804362545,0.8250318583626937
12834.0,0.7662827513425954,-1.058145946714099,-0.7848218294491394,-0.9870018732865308,-0.6688728615528973,0.1507317459132304,0,-1.763896981685906,0.7288211076303297
12835.0,1.0308182885991817,2.703410827734218,1.3477419871057947,1.0230188877522657,0.9637379981128577,-0.8652393857268094,1,2.0958259684774188,-0.7793596613590552
12836.0,-0.2307404346856175,1.5110377522649707,1.4096575021594235,0.9883713854697096,1.5411968671369618,0.6120887633318678,1,2.6893202220924697,0.014946273323776033
12837.0,0.4520853904121776,-0.5571872395918231,-0.2166920260214183,-0.567653913628976,0.5505411819726732,0.2821886889275799,0,-0.4342888837184426,0.541464799908977
12838.0,-0.5764124726865254,1.0480979277381186,0.933044332443204,0.8620136256352996,1.380451546493704,0.2649253700156783,1,2.136811097480452,-0.33850269982731357
12839.0,-1.9674812683483247,2.1575193073054413,1.7157593170788503,1.7244354185738933,1.0636387966331442,0.4423353625278629,1,3.7494985331209163,-1.1551941672643016
12840.0,0.3351579817503524,0.654643185938614,1.0579642665075009,0.99480820759743,0.7717713000569296,0.9837258246251702,1,1.776087009661663,0.8883083991023332
12841.0,-1.7074462772723475,2.6736379125253507,1.507229166648309,1.5698211612412003,1.6164639213921022,-0.53282225317546,1,3.6445171499025473,-1.981269265792884
12842.0,-0.1227827554391228,0.0739460908215904,0.5209922505993064,0.3806903696986337,0.0565206627106016,0.7316281489898664,1,0.7487982046439776,0.5523018574181467
12843.0,-0.1599714449813229,2.3282062876889484,1.4099626707025663,1.1883756313572933,0.9151078788768328,-0.3263249078125816,1,2.5606897571828666,-0.877314596954237
12844.0,-0.6752731880764764,0.0739460908215904,-0.2595524534200115,-0.5252055769172435,0.5979759564957379,-0.7364306212559346,0,-0.1085850248417701,-1.0549554867797382
12845.0,0.7290940618003953,0.0739460908215904,-0.6947802794871701,-0.5835033778764733,-0.3805884749031534,-1.5521487412482682,0,-1.4414931203631676,-0.9059037391779172
12846.0,1.3290588383452664,-1.058145946714099,-2.9028031903715754,-3.628661084298931,-2.515817022689194,-3.8440270956687215,0,-6.200779012297887,-2.3779258221859805
12847.0,-0.8456753236698794,-0.5571872395918231,0.4068617717128731,0.7402415707005902,0.7017426726202728,1.4571431172858118,1,1.3108501581889977,0.903851324406236
12848.0,1.323400049877103,-1.058145946714099,-1.0767213340626407,-1.4026767430063911,-0.7601216003714991,-0.3998246227227633,0,-2.4813291783007947,0.5517393782620605
12849.0,-0.6338830081757483,0.4896629879592288,0.8646264182858023,0.8750661723792841,0.8700553726182927,0.828758648989498,1,1.8514556261018076,0.2568178036785302
12850.0,1.0571778289304523,-1.058145946714099,-0.7454040407583367,-0.5964638157260045,-2.183176263091345,0.2250782735992028,0,-2.258130332278361,1.0556568437345673
12851.0,0.0839084047561103,-0.5571872395918231,-0.8528971982569772,-0.7424124492385259,0.4240770344914922,-0.9149798215042162,0,-1.1297091497137144,-0.6419372039548109
12852.0,0.7928241333268481,-1.058145946714099,-0.7867328823507745,-0.7889587489815226,-0.7132292345010023,0.1471272781797594,0,-1.699480619722935,0.762352831188463
12853.0,0.294062596246371,1.15560189306089,1.033589553178139,0.7957176626827412,0.7865535568710715,0.3249065719067282,1,1.7002694027595138,0.1798343868659404
12854.0,-0.0462426723707365,0.654643185938614,0.8417656662656131,0.7825827081717943,1.215822701168371,0.5766546743104164,1,1.7500469531951337,0.30804870932278067
12855.0,0.942827752064887,0.0739460908215904,-0.2569613846774987,-0.3999276484574282,0.3526935049184267,-0.7315659902909506,0,-0.6533043219434054,-0.13820574273561217
12856.0,-1.4474112861963695,0.4896629879592288,0.6131938639961656,0.5094356767321276,1.0583966506364906,0.3554436644802272,1,1.744358970802801,-0.6185539019514772
12857.0,0.5787669825224744,0.4896629879592288,0.9919405296609364,0.6899141760440615,0.4240770344914922,1.0685323894292018,1,1.3362380000510525,1.1186809712204584
12858.0,0.9597502430728068,-1.058145946714099,-1.1886982489169204,-1.3491740126569909,-0.1220981718085144,-0.6110260897991228,0,-2.196750502191046,0.15783866460655918
12859.0,1.07556327230771,-1.058145946714099,-0.3460780602531143,-0.3485900376463807,-0.5486003891756687,0.9782534529132754,0,-1.0436578115695085,1.627298878263609
12860.0,1.3393053557797785,-1.058145946714099,-2.01970735912833,-1.892897819902408,-0.7601216003714991,-2.1784057899709754,0,-3.7193261752030344,-0.9282735352298285
12861.0,1.2680279097306315,-1.058145946714099,-1.8726965395026152,-1.892897819902408,-1.7640984679528429,-1.901126309450777,0,-3.957935373964027,-0.6982178376085579
12862.0,1.0278214364224063,-0.5571872395918231,0.0579951718783007,0.1380065926412373,0.8431548296299944,0.7996565537741015,0,0.13151195578788727,1.3345378905670222
12863.0,-0.3102985242592435,0.4896629879592288,0.7915852010805344,0.386589251739533,-0.4437267787202448,0.6912285216246927,1,0.8974076511631343,0.33291648932319406
12864.0,0.3080557011550128,-0.5571872395918231,-0.8148963899903275,-0.0693081625888552,-1.614523128595098,-0.8435499093189914,0,-1.689631633736294,-0.3023613858439276
12865.0,-0.7428435417295326,0.0739460908215904,0.9169663023760704,0.9061077667925612,1.0636387966331442,1.4775840323605778,1,2.0283437033136837,0.8231496679069323
12866.0,0.7662827513425954,-0.2017513803877423,0.1995160424544899,0.0703729897301092,0.2607132519567318,0.5163698646538877,0,0.07169153386136036,0.895255055953611
12867.0,-0.7428435417295326,1.3460575542855853,1.5419797841700618,1.8215575330319136,1.7580092482839644,1.0553289401867785,1,3.460943156530153,0.2102755598043102
12868.0,0.4982949986740278,0.8001660338568091,0.6350395324254522,0.6227215604988681,0.5793298571111467,0.0067650837278409,1,1.0274741665995404,0.12021331310205947
12869.0,1.3290588383452664,-1.058145946714099,-0.7288968320923159,-0.8112565093766205,-0.144576100004755,0.2562127863881657,0,-1.5794167836575588,1.11773462905639
12870.0,0.9462481612329638,-0.2017513803877423,0.4242697723773301,0.3946147870627308,0.5698454386786636,0.9396893943638104,1,0.535270974740868,1.355584207729754
12871.0,-0.0073625747303351,-0.2017513803877423,-0.1607920807724773,-0.0171142843658956,-0.91940584661767,-0.1617805638871421,0,-0.6011388528896323,-0.03502603338905154
12872.0,0.858658829090127,1.2544959545938104,0.9914500703435474,0.8655669618781198,1.3329322084435713,0.1277439964124107,1,1.7452083766548427,0.28688486450760425
12873.0,0.7640205789835691,-0.2017513803877423,0.5609123893649222,0.301274845092241,-0.1914684658752519,1.197133724405381,1,0.37705916221669583,1.4884283481180407
12874.0,0.9630818100393996,-0.5571872395918231,0.0139086743656515,0.1486323639510579,0.0384893202353487,0.7165891690574668,0,-0.22445459918977875,1.2686969657767087
12875.0,0.3307197273670667,0.2992073267345332,0.2718159354007384,1.5416545159179476,-2.183176263091345,-0.0397523551482455,0,-0.03874944940129984,0.3361917256383474
12876.0,-0.2415192631816249,0.0739460908215904,1.065026805698994,1.1918373284999075,0.8293663864529791,1.7566157250179475,1,2.0664345264263346,1.3636694541182486
12877.0,-1.8243736859341724,1.847016261407861,0.8323573153766394,0.9959718008930531,1.0262202498700983,-0.861939916399529,1,2.386686185360372,-2.1205602267019543
12878.0,0.6502579820962507,-0.5571872395918231,-0.0607394285202309,0.0632108034711044,-0.0789096183560038,0.5759502527969903,0,-0.29518474213609125,0.9795958537919224
12879.0,-0.4011425702790203,-0.2017513803877423,-0.3484334332666267,-0.1933485238451358,-1.3785107536966998,-0.5146120337830048,0,-0.9511430327018595,-0.5342960084843176
12880.0,0.9580779469522994,-0.5571872395918231,-0.2690099102948912,-0.3784393908584309,-0.2159596295778201,0.1836593170699205,0,-0.8770708749067239,0.792998057491318
12881.0,0.7502773702473149,-1.058145946714099,-0.8186702073701252,-2.051515154316317,-1.3785107536966998,0.0868897738034404,0,-2.59042088634214,0.5931498630053933
12882.0,-1.3798409325433134,-0.5571872395918231,0.3260002693426018,-0.4609184296153759,-0.9802035124500996,1.30472740960401,0,0.1276987226471012,0.44138359449013265
12883.0,-0.7670473650770303,0.0739460908215904,-0.2011203049898213,-0.609684782260171,-0.0581390644641013,-0.626707526895636,0,-0.3303312341357265,-0.9957516918259167
12884.0,0.0221288371626836,-1.058145946714099,-0.7925198806682179,-1.5956177399879288,-1.3785107536966998,0.136212327216849,0,-2.121165879612935,0.2786597560722337
12885.0,-0.1893502547848894,-0.2017513803877423,0.1682668726558047,0.18152526472149,0.3650304751021734,0.4575282146384671,1,0.4320675742774507,0.32892364968243737
12886.0,-0.1411075792030422,-0.5571872395918231,0.2830881429460451,0.2877653393202686,0.4684334074395972,1.2238470778429134,1,0.6498928519763995,1.0672229787157554
12887.0,0.9614181899137092,-1.058145946714099,-1.0287084752257958,-1.0490970995891926,-0.91940584661767,-0.3092667944590724,0,-2.217297847345713,0.46870071750720715
12888.0,0.5877787261013253,-0.5571872395918231,-0.6947194022966463,-1.2275467185765694,-1.7640984679528429,-0.6175746220190723,0,-2.2562308090199665,-0.07528871188209532
12889.0,0.9564012788108172,0.0739460908215904,-0.6337769587426781,-0.9088754544805528,-0.4115503779538524,-1.4380139747727425,0,-1.6137019982019718,-0.7198195233046019
12890.0,-0.7922005967383016,-0.5571872395918231,-0.1871409448127299,-0.0419890490645959,0.8766449105123539,0.3378463610080807,1,0.3677762960352966,-0.05910364900490764
12891.0,0.4982949986740278,1.15560189306089,-0.0730418850540056,1.0140319545777978,-2.183176263091345,-1.7497457868507782,0,-0.6670723578862571,-1.2335344291716392
12892.0,0.982715747443508,-1.058145946714099,-0.907343599130211,-0.8296554976039625,-0.6688728615528973,-0.0803585421082666,0,-1.887615558270248,0.6765282084643038
12893.0,-0.6338830081757483,-1.058145946714099,-1.1486702336051555,-1.0756752990814846,-0.3507527121214226,-0.5355286038306872,0,-1.6236943688890944,-0.619232673453612
12894.0,1.219785234148785,-1.058145946714099,-1.2767050158687598,-1.7651973438095343,-0.5486003891756687,-0.7770170738967294,0,-2.7442564112732675,0.14366865760644637
12895.0,-0.4443943630945455,-0.5571872395918231,-0.6577780971555776,-0.5645293427226981,-0.5121324717856456,-0.5480897648783851,0,-1.0632100269713252,-0.5756135726077689
12897.0,0.5603544681590024,0.0739460908215904,-0.4265171804816441,-0.4529780401521651,-1.117253523671916,-1.0497173468092402,0,-1.3494580853353986,-0.5457534256833165
12898.0,1.0824965852277768,-0.5571872395918231,-0.7880944300905118,-0.4770927103734043,-0.3507527121214226,-0.7931628589700045,0,-1.569399351902287,0.06671469933567764
12899.0,1.0095401454577722,-1.058145946714099,-0.6702225408357011,-0.9989607652635912,-0.7132292345010023,0.3668793144773618,0,-1.741965600074147,1.0382353866665583
12900.0,1.0217853899940603,-1.058145946714099,-0.7232592215744031,-0.8343368051868192,-0.91940584661767,0.2668459746103788,0,-1.810391230159157,0.989729720143084
12901.0,-1.3798409325433134,2.245808014503504,2.120169054578646,2.52326674373646,-0.2672508963742018,1.1030850715961318,1,3.8252208891773662,-0.18153708448280825
12902.0,0.7242901052643254,-1.058145946714099,-1.3671060799163346,-1.3190441216122355,-1.117253523671916,-0.9475239804047184,0,-2.712276584266103,-0.19648271837201833
12903.0,1.0323114794921844,-1.058145946714099,-0.0790352900198455,-0.0050210152869876,-0.0181119525235737,1.4819271335000022,0,-0.36428968440647513,2.022006916414987
12904.0,-0.9682038613741812,-0.5571872395918231,-0.4330780985545829,-0.3265167937029618,0.2745016951337471,-0.1252512609023477,0,-0.22255861331090646,-0.532399393723828
12905.0,1.22200820066849,-0.5571872395918231,0.0651701189105865,0.0449565067865308,0.1727297634470911,0.813176009064765,0,-0.2437108516789268,1.4727817893026611
12906.0,-1.2115801184678894,0.2992073267345332,0.8236860313070907,0.8268878099159703,0.217900422374825,0.999001313951824,1,1.689480032326385,0.1505405645350184
12907.0,0.9811023498659778,-0.5571872395918231,-0.4340243057392941,-0.6763909572414488,-0.4772168596026035,-0.1270324267447216,0,-1.3081895133531887,0.5358936912357812
12908.0,0.4630484812852117,0.2992073267345332,0.465598484226999,1.1816162981718437,-2.515817022689194,0.3248025136380802,0,-0.181839759933575,0.6827449707856832
12909.0,-0.4749394310824503,0.8001660338568091,0.8675642721975738,0.8977247710930301,0.8499631098416093,0.4441696883205939,1,1.8195249521392807,-0.04502537591304544
12910.0,-0.8183807704906293,1.3460575542855853,1.3177025526059891,1.3073154427994775,0.4684334074395972,0.6330671040455539,1,2.468655457391166,-0.16713605994832545
12911.0,1.1936514508770608,-1.058145946714099,0.4257798478326246,0.3290930607988527,1.344145044363842,2.434067115705643,1,0.8451807345308766,2.854063231916774
12912.0,-1.9674812683483247,0.2992073267345332,0.4179507256678601,0.196395248611044,-0.7132292345010023,0.2351419534395497,1,0.8108549563990521,-0.9049847604067484
12913.0,-1.7074462772723475,1.3460575542855853,1.4221560328150245,1.2305934433424774,0.1727297634470911,0.8296996240996214,1,2.697829480285331,-0.49108423900997233
12914.0,0.9891290528763732,-1.058145946714099,-1.02363000650951,-0.2565680897491287,-1.1954453334565955,-0.2996882126167636,0,-1.9624496470762767,0.5835688623734053
12915.0,0.3568999011193944,0.0739460908215904,0.1679788768152278,-0.062008188220434,0.0741642041589574,0.0671443070560396,0,0.023483465598092265,0.23278508881719537
12916.0,0.3126530340951926,0.654643185938614,1.1595438604187185,0.836217341359496,0.5407159979871611,1.175051903296011,1,1.7204185087717656,1.0252029717593412
12917.0,0.2601733813722913,0.4896629879592288,1.1123966900367108,0.5244871559562593,0.0565206627106016,1.2954434793357406,1,1.3330181002838675,1.1270575496595787
12918.0,1.2741945456928905,-1.058145946714099,1.77623045611038,-3.628661084298931,-2.515817022689194,4.98117381223849,0,-1.2095425885167952,4.734812957305229
12919.0,-1.4474112861963695,0.4896629879592288,0.2601542990704583,0.1993293245792594,-0.1676872918813187,-0.30846599588918,1,0.7144070840577498,-1.1324601332618573
12920.0,-1.0028785328055103,0.0739460908215904,-0.4640641900411867,-0.1086319283943098,0.2745016951337471,-1.1201146195938765,0,-0.16167517673599754,-1.489434146346432
12921.0,-1.3798409325433134,3.419785968132268,2.632007397337269,2.4831022284423305,1.6554756952610448,0.7482764624756586,1,5.243131697769711,-0.8761516401748941
12922.0,0.4062569561281632,-1.058145946714099,-0.5975597213352362,-0.1933485238451358,-0.321964036982949,0.5039298315448658,0,-0.9351474791421649,0.8810227984421944
12923.0,-0.1794070292720186,-0.2017513803877423,-0.1177564258843027,-0.4853314937413989,0.2031181655606824,-0.0808212920891941,0,-0.2556784535484317,-0.1611416839299249
12924.0,0.0221288371626836,1.2544959545938104,0.7030004448999704,0.6913012857437157,0.2324210325411989,-0.414316544828793,1,1.1608032093395673,-0.58011365779468
12925.0,-1.7074462772723475,-0.2017513803877423,-0.1751423885985106,0.1754818445108397,0.0741642041589574,-0.1887737219270201,1,0.41705561761196985,-1.0162279190260595
12926.0,1.0048872215498614,0.0739460908215904,0.3668627621852883,0.2843441563722019,1.274447139088575,0.4414278770366147,1,0.6942074693892752,0.873110798980695
12927.0,0.9794848831855826,-1.058145946714099,-1.114554484619326,-0.8067360727591756,-1.0458699940988507,-0.4711823388385449,0,-2.252735193646997,0.3775556188316123
12928.0,-0.5583457794146515,1.2544959545938104,1.1033647213528743,1.1590993339957447,0.6514988276797011,0.3382462645000471,1,2.16074718670336,-0.26158484209951316
12929.0,0.8286381285590276,-1.058145946714099,-1.4834760368285176,-1.6920419146655814,-1.2818823689972492,-1.1670112350361714,0,-3.112358944748366,-0.3468821438225375
12930.0,-0.0543097623705864,-0.5571872395918231,-0.5793158821363088,-0.4451323693240469,-0.586765087019821,-0.4004750761399101,0,-1.0763818512172467,-0.2264083878110168
12931.0,-0.8456753236698794,3.10220258082986,3.3124034882676967,3.182871611620863,-0.1002197270566499,2.384396993905148,1,5.372890454622559,0.9764850590285725
12932.0,1.1783950542480568,0.8001660338568091,0.4334909031107127,0.7720459798054511,0.4009658426149288,-0.3720181559558745,1,0.5977270274995355,0.21026484077212793
12933.0,-0.7922005967383016,0.8001660338568091,0.4285856629899368,0.4319673079448295,1.3697273015336937,-0.3812319301984715,1,1.4494355321165506,-0.957585413255624
12934.0,1.3787288112420826,-1.058145946714099,-1.173830268543982,-1.8050714269853785,-2.183176263091345,-0.5829833519605825,0,-3.382308044832817,0.45701325720208397
12935.0,-2.1519790306632065,1.5110377522649707,1.09307824421167,1.2242563782817089,0.8010741670374462,0.0165728904541991,1,2.7557211580419883,-1.4663368161403811
12936.0,-1.0028785328055103,0.0739460908215904,0.0966218916411388,0.0774580234699572,0.2324210325411989,-0.0670832341109439,1,0.5030339077113003,-0.6162579640673493
12937.0,-1.0784157615666077,0.9303406571479472,0.8662677896722377,0.9094312753236264,0.9024861982765124,0.2820858817899693,1,2.039944366320892,-0.5433182950624678
12938.0,-0.7428435417295326,-1.058145946714099,-1.5063285063635554,-0.8296554976039625,-1.1954453334565955,-1.2101136468002274,0,-2.2051582535358762,-1.162711059293044
12939.0,-0.1794070292720186,1.847016261407861,2.378431146466061,1.9945658942917128,-0.4437267787202448,2.046449134703134,1,3.374023929110653,1.3038696923579876
12940.0,-0.2749873017098188,-0.5571872395918231,-0.0130631745123959,-0.1244053687223093,0.5887058798168258,0.6657716685147473,1,0.23305939378497748,0.4951690972066703
12941.0,1.3673310709462236,-1.058145946714099,-0.6487931958693478,-0.1741308743400447,-0.3507527121214226,0.4072975480147741,0,-1.292174490293826,1.3342188885630646
12942.0,0.2749171387187454,-0.2017513803877423,0.0095159837679509,-0.3950914432943594,0.3891614223084505,0.15867407849067,0,-0.14245925418554586,0.28318664959677914
12943.0,1.2005722935676086,-0.5571872395918231,-0.4517787720916428,-0.5281484048190704,-0.5121324717856456,-0.1604530560792738,0,-1.3402478790745076,0.6458981418563714
12944.0,-0.540774126845729,-0.5571872395918231,-0.3101998556376699,-0.3553590950482323,-0.2941514393624997,0.1060948015443331,0,-0.47514209448426764,-0.08773203625712553
12945.0,0.777475447277631,-0.5571872395918231,-0.0237235359338921,-0.070777930661493,0.0914362748936436,0.645687113341048,0,-0.28777284036327055,1.0849075525511769
12946.0,1.0441334768929462,-1.058145946714099,-0.757588936235999,-0.7889587489815226,-0.586765087019821,0.2020961455025022,0,-1.6943100638019188,0.9393156142820878
12947.0,0.3351579817503524,0.4896629879592288,0.5172424666141532,0.6562018627909401,0.5505411819726732,0.1749108933393515,1,0.9447664084844695,0.25237206348684893
12948.0,-1.0395356639262063,0.9303406571479472,0.6572500945736298,0.6339041023958422,0.607142454731596,-0.1109685018912635,1,1.5536848305622954,-0.8546432007578274
12949.0,-0.6338830081757483,1.959413366567396,2.0276275344809367,1.8454713771864977,1.7166361261036414,1.256069761425585,1,3.978480742052724,0.27275887057764797
12950.0,-2.1519790306632065,-0.2017513803877423,0.4922680520239966,0.6711342867267018,-0.91940584661767,1.0677963361270613,1,1.084805064251172,-0.14923919465984717
12951.0,-1.3798409325433134,1.5110377522649707,0.8927759895228659,0.7933489172455954,0.7791957222855813,-0.3597894984546738,1,2.090721897754631,-1.3889846731707465
12952.0,-1.608585561882396,0.0739460908215904,0.2879768216149447,0.1795169549510284,0.3401681767824983,0.2929436457445202,1,0.9877971893361011,-0.6522489863971662
12953.0,-1.3187161125298097,-0.5571872395918231,-0.0831224462765648,-0.2040724723719749,0.0565206627106016,0.5337833156784125,1,0.22546422424105367,-0.1695368627171849
12954.0,1.2873555878018408,-1.058145946714099,-1.2538626738187175,-1.1703175140161766,-1.117253523671916,-0.7339337637456408,0,-2.697487210296783,0.3007766250171507
12955.0,-2.4120140217391843,1.15560189306089,1.1753355382023427,1.313083380570927,0.5307717179635321,0.5916364592978269,1,2.83153656685047,-1.0281045558539288
12956.0,0.816224995258786,0.0739460908215904,-0.4159108439258405,-0.2488072806640877,0.0011923041824166,-1.0298275228971403,0,-0.857287459650132,-0.4184404636170102
12957.0,-1.3187161125298097,1.3460575542855853,1.6108459441499643,1.4748593058663604,1.83701574836114,1.18503096156748,1,3.5833902437335845,-0.03955861998753597
12958.0,0.9875317290149478,-0.5571872395918231,-0.3920555940225663,-0.8730374341016977,0.0565206627106016,-0.048025079810655,0,-1.1363715606216827,0.5598220103563121
12959.0,1.1095037419429616,-1.058145946714099,-1.3064339899369015,-0.9929541396007278,-1.2818823689972492,-0.8330893718881277,0,-2.6828965808336034,0.14793130071623414
12960.0,1.0095401454577722,0.0739460908215904,0.2530438556100395,0.6706578499519347,0.1249263557760024,0.2272015261304926,1,0.27602186717158445,0.7923324220907545
12961.0,0.9530347346034082,-1.058145946714099,-1.0630942225947353,-0.6653981508446892,-0.1002197270566499,-0.3741223077609691,0,-1.730421463573954,0.41356372552690596
12962.0,-1.5229485149574664,-0.5571872395918231,-0.8991859047540544,-0.8830791702047491,-0.8098576192004525,-1.0019705946627206,0,-1.2566557042999869,-1.5545287800597143
12963.0,-1.4474112861963695,1.2544959545938104,0.9748607514931362,0.8490602781992872,0.9088213112787455,0.0965487764191493,1,2.2626156910434454,-0.9884858483039973
12964.0,1.0441334768929462,-1.058145946714099,-1.401119574899509,-1.4253590231077382,-0.3805884749031534,-1.0116773824714678,0,-2.592104806959451,-0.11617496536327124
12965.0,0.0292945563903604,-1.058145946714099,-0.1343091662792267,-0.3691098594149052,0.7642790739473241,1.3776741830398984,0,0.04346961293146323,1.3149124567749761
12966.0,-1.3187161125298097,-1.058145946714099,-1.2639404431505006,-1.2361445003371931,-1.117253523671916,-0.7529416071971196,0,-1.9266493115669165,-1.1534791215389768
12967.0,0.9165761254464796,-0.2017513803877423,1.1037043629602483,0.6175750480211145,0.0914362748936436,2.220193772166009,1,1.1726127890705687,2.4194894760780468
12968.0,0.1752461576507922,-1.058145946714099,-1.3813292891727302,-1.2536847648443734,-1.614523128595098,-0.9743506050299282,0,-2.732071819735024,-0.49118859800278103
12969.0,1.2502267205812954,-1.058145946714099,-1.4561122164195586,-1.437000405574019,-1.614523128595098,-1.1153998915489265,0,-3.232949641541614,-0.032959343001215634
12970.0,-1.5229485149574664,1.0480979277381186,0.3558548299982814,0.4686093406915149,1.5411968671369618,-0.8193221368905855,1,1.7014272117022256,-1.7832511381309624
12971.0,-1.8243736859341724,3.9692025014910746,2.0480374192945714,2.2216399704932046,0.7178293264081053,-0.9571278763069146,1,4.296598058606286,-2.634797427648502
12972.0,1.0095401454577722,0.0739460908215904,0.1596261347874705,0.3480443148454563,0.4009658426149288,0.0514303937716771,0,0.13978359134610727,0.6053292089126214
12973.0,1.0095401454577722,-1.058145946714099,-0.633609164317051,-1.8050714269853785,-1.4880589811139169,0.4359363950856375,0,-2.4041167750332986,1.0477775780251242
12974.0,0.5381829940526488,-0.5571872395918231,-0.5912570398883866,-1.0235513279573645,-0.3507527121214226,-0.4229431313733327,0,-1.4477952905825413,0.012425039359127739
12975.0,1.0441334768929462,0.4896629879592288,0.5863192458793979,0.398230634205814,0.6340429977198944,0.3048731403744209,1,0.7104100414421808,0.7176009514870438
12976.0,0.5817849890277144,0.8001660338568091,0.8798069755486062,1.1084350841392718,0.7490861757345402,0.4672093328630131,1,1.560260285848938,0.5800441948151471
12977.0,0.3861510713168414,0.0739460908215904,-0.4218055823272583,-0.8730374341016977,0.2031181655606824,-1.0408820007050594,0,-0.9391667162219005,-0.7354369901195471
12978.0,0.9630818100393996,0.2992073267345332,0.7126834045178198,0.6777684158413487,0.8896672959534744,0.7899469910778859,1,1.1025164039765307,1.1315298692946525
12979.0,1.37173882162198,-1.058145946714099,-0.4217083297246945,0.0299792917682934,0.2324210325411989,0.835605980543057,0,-0.7138504410807847,1.6777689045919202
12980.0,0.3942692202075933,1.904492494064476,2.060248217134551,0.884774406773776,-1.3785107536966998,1.3806577561328564,1,1.9508258375196261,0.9951030883634594
12981.0,-0.6542442484349309,-0.5571872395918231,-0.6588970608122154,-0.4716569691961637,-0.9802035124500996,-0.5501946249442939,0,-1.149753882930864,-0.6624350117682618
12982.0,0.6689257299564773,0.8001660338568091,0.7791642827426738,0.8193277158890873,0.9696189771111754,0.2778361021951205,1,1.3818796026119475,0.43576247347543623
12983.0,1.2448956408493488,-1.058145946714099,-0.4611382030105733,0.1642559237007804,-0.2672508963742018,0.7612366599071949,0,-0.8606568446427667,1.5836453705053455
12984.0,-0.9353081791524545,-1.058145946714099,-1.6188075000269513,-1.9168175809686256,-1.7640984679528429,-1.4222620928249825,0,-3.0123351250181,-1.523963216283257
12985.0,-2.4120140217391843,-0.5571872395918231,0.2065389281502408,0.7402415707005902,0.4465549626877331,1.079576714347388,1,1.4803030891187727,-0.25121051786042053
12986.0,1.0323114794921844,1.0480979277381186,0.7752249013925846,0.5592646452332911,0.3014022381220454,-0.0318619994504272,1,0.8770411794384064,0.32311769709867993
12987.0,-0.0876328522714647,0.2992073267345332,0.2476536226576609,0.1073073766820068,0.3014022381220454,-0.0851891787362057,1,0.4236295906275827,-0.1854000027831557
12988.0,0.7862910527348936,-1.058145946714099,-0.3976366872299689,-0.848584025185672,0.4684334074395972,0.8810078941110425,0,-0.8209172233312423,1.2940245883710568
12989.0,-1.9674812683483247,2.442335020593583,1.929600889841076,1.7326415312228691,0.1411722937225966,0.5214718544945998,1,3.6190039984197497,-1.125925888345547
12990.0,-0.6338830081757483,0.654643185938614,0.019262333515145,-0.0225612797941685,-1.1954453334565955,-0.9689032134121948,0,-0.31983152315570257,-1.239478307167489
12991.0,-0.8183807704906293,-0.2017513803877423,-0.1409497616325978,-0.0184718100053139,0.0565206627106016,-0.1244544799271577,0,0.07760330660253346,-0.49422348088084317
12992.0,1.3682150479281203,-1.058145946714099,-1.6498256316415092,-2.051515154316317,-1.4880589811139169,-1.4807658916793038,0,-3.7121676068416507,-0.3311711236220101
12993.0,-0.8183807704906293,0.8001660338568091,0.2182080780725113,0.2713538538233589,0.2466890975132978,-0.7761268763979996,1,0.6924130830698544,-1.25773215678467
12994.0,-1.8243736859341724,-0.2017513803877423,0.0333768500933665,-0.0519224559342961,0.1727297634470911,0.203584817251809,1,0.6088818554160265,-0.7900877466962738
12995.0,0.0001383902963132,-1.058145946714099,-1.0653645563041203,-0.9989607652635912,-1.9471638881929467,-0.3784044208268546,0,-2.3599731832224076,-0.06466342502157832
12996.0,0.9479515492166356,-1.058145946714099,-0.6919245966305824,-0.9194840867058316,-0.5121324717856456,0.3259467166430971,0,-1.6249037976648908,0.9702618175646762
12997.0,-0.8456753236698794,0.8001660338568091,0.5900205680287233,0.5715693073737764,0.3526935049184267,-0.0778739567395435,1,1.2805003193208044,-0.6819600376887072
12998.0,1.1212955486788323,-0.2017513803877423,-0.0079284525204974,0.5362851572919094,0.2607132519567318,0.1258422793456631,0,-0.040147729979089684,0.8210057357406214
12999.0,0.5317049066607064,-0.2017513803877423,-0.5131551373753865,-0.2449609484229135,-0.4115503779538524,-0.8240852812794898,0,-1.0392612433540915,-0.3205167724435114
13000.0,0.1462219650521856,0.0739460908215904,0.0750546840663769,0.0644099304008916,0.2466890975132978,-0.1076454947088932,0,0.12166958456562998,-0.019512572093219792
13001.0,-1.8243736859341724,2.442335020593583,2.3465728165069666,2.1726062131916315,1.5976034802539407,1.306522032867346,1,4.829254964786788,-0.4326039297515255
13002.0,0.8408155551547154,-0.2017513803877423,-0.582208895225347,-0.5931996852608044,-0.6267921989603487,-0.953733072522974,0,-1.4620819528044398,-0.2809654427491777
13003.0,0.140256106228435,-0.2017513803877423,-1.315501175790863,-1.0298453562635617,-1.7640984679528429,-2.325343770953283,0,-2.697554308699939,-1.7700260343184455
13004.0,-1.2115801184678894,2.546807042814728,1.8207015997732103,1.8868754703004824,1.8669969064568752,0.1986871656442662,1,4.065506500253804,-1.061552724768556
13005.0,0.4557606165093461,0.0739460908215904,0.0518001835918213,-0.0476468984807828,-0.0181119525235737,-0.1513771705829661,0,-0.16224053059518567,0.11576891189377177
13006.0,-0.2636361169073439,-1.058145946714099,-1.7459274324553202,-1.437000405574019,-1.7640984679528429,-1.6620250498457,0,-3.1311980056326196,-1.3007074046257976
13007.0,1.2253282695095484,-1.058145946714099,-1.1995326097892989,-1.3916223493687232,-1.0458699940988507,-0.631460952771181,0,-2.694827485690246,0.3242222409498908
13008.0,0.8507897095190223,-0.2017513803877423,-0.3011881845540475,-0.1775834856216042,-0.2412044847042052,-0.4258014107724489,0,-0.8114114229521178,0.1764782516617418
13009.0,1.320551820774439,-1.058145946714099,-0.992230876816157,-0.9302666386620904,-1.7640984679528429,-0.2404658071344643,0,-2.5855341791296254,0.7713889915358866
13010.0,0.9445402369244064,-0.5571872395918231,-0.745142845869619,-0.2824424464256186,-1.117253523671916,-0.7124024983848665,0,-1.7077013921244888,0.1100287931815368
13011.0,0.94111068223374,-1.058145946714099,-1.5929409605020772,-1.9168175809686256,-1.9471638881929467,-1.3734747949881796,0,-3.6459184734521233,-0.44505112716275586
13012.0,-1.3798409325433134,1.15560189306089,0.8366492927070055,0.7529802698395117,0.6600894093898906,-0.0454559336082924,1,1.9404865556258895,-1.0386069570362724
13013.0,-2.4120140217391843,2.28769393059658,1.878604284796215,1.686287386381136,1.567060786745896,0.6007061218833282,1,4.2620902427536596,-1.3326662129957285
13014.0,-1.2629135238814884,1.15560189306089,1.2641226153705956,0.9081038865001224,0.9754580982530536,0.7587687235661672,1,2.5618227351405127,-0.3217820630500703
13015.0,-0.2983107883386734,1.15560189306089,1.4097450189009526,1.2895157985542238,1.480623751205243,1.0329682042006791,1,2.8050235310639415,0.44606111816351907
13016.0,-0.0962413734548695,-0.2017513803877423,-0.1177382033181074,0.0387573945550787,-0.0581390644641013,-0.0807870089091609,0,-0.1436209133152029,-0.05113124888640816
13017.0,-1.5229485149574664,-1.058145946714099,-1.0906462728369557,-1.5248267984910486,-2.515817022689194,-0.4260886745758704,0,-2.39558527740538,-0.967742986469004
13018.0,-1.0395356639262063,2.5129551665095216,1.693339334160345,1.7144704921099352,1.8349775036925169,-0.0025972131852248,1,3.7796382515917015,-1.136697147423202
13019.0,0.9530347346034082,0.4896629879592288,0.2010396816264322,-0.1471436655965733,0.0741642041589574,-0.4195299090622076,0,-0.15919281404022584,0.0512922092370075
13020.0,1.206283152308942,-0.5571872395918231,-0.2932054718582653,-0.3807925988742401,-0.0789096183560038,0.1380959516053365,0,-0.9243225736071788,0.8861728153005509
13021.0,-1.8243736859341724,1.6565606001831652,1.1947708591824382,1.0737307466405912,1.114296432923324,0.0382311517015449,1,2.8306486672390694,-1.3367575313947782
13022.0,1.033801201878248,-1.058145946714099,-1.90406630004993,-1.7276030581980808,-1.614523128595098,-1.9602933213125424,0,-3.7783662923810457,-0.8649143814887926
13023.0,-0.1794070292720186,-0.2017513803877423,0.3190714118190552,0.1073073766820068,0.4009658426149288,0.7415273742352594,1,0.5691693101620211,0.5552259983071225
13024.0,1.092078996990952,-0.5571872395918231,-0.3705417924248825,-0.6617743348522026,-0.3805884749031534,-0.0075213824692177,0,-1.228351985408732,0.6907851815084034
13025.0,1.3743690038409726,-1.058145946714099,-0.7599397592832171,-0.4743692243337022,-0.91940584661767,0.197662220196956,0,-1.7899987165774092,1.163648758054411
13026.0,-2.4120140217391843,0.9303406571479472,0.4479803160396501,1.0527406625603497,0.1727297634470911,-0.5041015873877489,1,1.776131229605389,-1.8658061497320815
13027.0,0.1864977655259916,1.7867352234743037,2.1070162014909863,2.93387465686664,-1.3785107536966998,1.6046316381126575,1,3.0207495596904623,1.2995348412148848
13028.0,-0.8183807704906293,-0.5571872395918231,-0.2455786864198424,0.3112279369992028,-0.0378814165327151,0.2277856078987661,0,0.10005228629198844,-0.08630815264254585
13029.0,-0.6338830081757483,0.2992073267345332,0.5244797627922451,-0.616396278646906,-0.91940584661767,0.4356199153102679,0,0.04021662285256536,-0.08216291501326792
13030.0,-1.2629135238814884,-0.5571872395918231,0.1994397758627983,0.1217389635930018,0.4791576523996084,1.066197728102001,1,0.8371233211484003,0.305940330571831
13031.0,0.9986303407132076,0.2992073267345332,0.937437800870948,1.0346309083320302,1.5264676913009445,1.213278903936068,1,1.7626030322974189,1.5011503103641948
13032.0,-0.3102985242592435,0.9303406571479472,0.8046219522641143,0.6222087176356097,1.0152080971839796,0.1661272333915815,1,1.6467597048430314,-0.24891399616712961
13033.0,0.9147872115980474,-0.5571872395918231,-1.0347006317531224,-1.0622519568722428,-0.9802035124500996,-1.256519745022585,0,-2.3154719762570366,-0.43126742559868286
13034.0,-0.2749873017098188,-0.2017513803877423,-0.0058972468890885,0.0324992984480111,0.0011923041824166,0.1296650800786599,0,0.05255683215124682,0.01772575445874912
13035.0,-0.0876328522714647,-0.2017513803877423,0.2756316726841117,0.4089604143933763,-0.3507527121214226,0.6597112990526213,1,0.3239872779212635,0.6032685667285037
13036.0,1.331869618003757,-1.058145946714099,-0.7970662248190301,-1.6749572933624948,-1.4880589811139169,0.1276373941091177,0,-2.617177374661433,0.9884592187641134
13037.0,0.3080557011550128,1.2544959545938104,1.0349617699208933,0.9564427635686324,1.1848607981176718,0.2095751681191881,1,1.9442828062754416,0.06626132733727905
13038.0,-0.0382757972626953,-0.2017513803877423,-0.0170770151981759,-0.2113201593606197,-0.4437267787202448,0.1086246516340487,0,-0.3326447574062185,0.12616396824063114
13039.0,1.2297284596616558,0.0739460908215904,0.0597137145496283,-0.3530949931952531,-0.1002197270566499,-0.1364957020581136,0,-0.5729299482078439,0.526177801905546
13040.0,-1.3798409325433134,-0.5571872395918231,-0.2287285408593729,-0.2204935429130606,-0.0789096183560038,0.2595195820034239,0,0.025855411830110416,-0.42074288523270464
13041.0,1.0643116644325106,0.0739460908215904,-0.1093682825943774,-0.2585226853594002,-0.4772168596026035,-0.4543417662826347,0,-0.812919850013149,0.2042544630441349
13042.0,1.2448956408493488,-0.2017513803877423,0.3706106899864506,0.3370558812879524,1.1044120596547775,0.8386072149081605,1,0.5801737074175828,1.4082591320147724
13043.0,0.7432937237559131,-1.058145946714099,-0.4234887407020943,-0.439953437536103,-0.91940584661767,0.8322479186522197,0,-1.2193857925499394,1.3338907461780516
13044.0,0.7840984858169682,1.15560189306089,1.1898392519909364,1.075535902281322,1.7375834697941206,0.6189353487983212,1,2.2401147302731967,0.6728286821243149
13045.0,0.0968649100434169,-0.2017513803877423,-0.1006049597676803,-0.1340542596956857,-0.0181119525235737,-0.0485522752543934,0,-0.2502918210631467,0.061957152267140735
13046.0,-0.6338830081757483,-0.2017513803877423,0.014538354635242,0.0107650450043412,0.1411722937225966,0.1681268883630512,1,0.23408489643125785,-0.15681186218785903
13047.0,-0.6141483680629726,2.062432694683636,1.618107047476344,1.2694974806210635,1.2244584972993122,0.3671197476331864,1,3.0696060711619,-0.49956967744762165
13048.0,-1.1198059414673356,0.9303406571479472,1.0654537977392526,1.1135592576051712,0.8831819415705221,0.6569283081524014,1,2.3523295122305967,-0.2412627024779041
13049.0,-0.1794070292720186,0.0739460908215904,0.2985102272391971,0.145462618352032,-0.6267921989603487,0.3127683592128478,0,0.13564343568983422,0.18899228210001298
13050.0,-1.0784157615666077,2.5129551665095216,1.8623728452919013,1.7578503544881214,2.036606470810011,0.3152331350165365,1,4.075323260324236,-0.9053945222432525
13051.0,1.2242234885320706,-0.5571872395918231,-1.2837932494106168,-1.2626334870875635,-1.7640984679528429,-1.7238178082882116,0,-3.0959021223780243,-0.6247369389241015
13052.0,0.5817849890277144,0.654643185938614,0.8825745880568926,0.7054660215203357,1.0893585536871893,0.6534754203801072,1,1.50876521251905,0.7132934673684406
13053.0,1.270090050410331,-1.058145946714099,-1.4263810306242324,-1.5383885354275355,-0.7132292345010023,-1.0593234219831755,0,-2.880771614008819,-0.027058176084218163
13055.0,-0.0543097623705864,0.0739460908215904,0.6583929716421797,0.853406467618376,1.0040461146997783,0.9904135357057254,1,1.4894097067950158,0.8045863566588389
13056.0,1.1924906809695346,-1.058145946714099,-1.0716365514819797,-0.7506340680270399,-0.6688728615528973,-0.390234132198913,0,-2.090504740662913,0.548945809775826
13057.0,1.167616225752049,-0.2017513803877423,-0.1823215076608722,-0.0419890490645959,-0.1676872918813187,-0.2022772103417549,0,-0.6897130390705052,0.5418966150588522
13058.0,-0.7670473650770303,-0.2017513803877423,-0.8858093124126096,-1.473214373913271,-1.614523128595098,-1.5229485174648767,0,-2.1067703618514138,-1.6698453976855387
13059.0,0.6870654296828469,1.0480979277381186,0.6528042454744825,0.3634303015606991,1.0583966506364906,-0.2619351159793474,1,1.077184593225335,-0.10634344749055796
13060.0,0.6972051697365015,-1.058145946714099,-0.7960612295771703,-0.9141583819899256,-0.8098576192004525,0.129532931861357,0,-1.7786196683490938,0.6873043330603519
13061.0,-0.10496702096475,-1.058145946714099,-0.9487688873296926,-1.0050227523118491,-1.117253523671916,-0.1584914470304737,0,-1.8613095684227112,0.01791774423361627
13062.0,0.5152174896819478,-1.058145946714099,-0.7093551924149509,-0.2430461845122031,-1.0458699940988507,0.2930705885012887,0,-1.412096320541422,0.7975593525725688
13063.0,1.1055244621722873,-1.058145946714099,-1.147680355386535,-0.9523769874762636,-0.9802035124500996,-0.5336615785400571,0,-2.368468057662116,0.37870384826430226
13064.0,-1.1640528084915374,0.4896629879592288,0.4258955469135446,0.196395248611044,0.2607132519567318,0.0030997538926882,1,0.9785394391007254,-0.7438961469363146
13065.0,0.942827752064887,0.2992073267345332,0.218939372181538,-0.0576667801225735,0.1249263557760024,-0.1391798157684893,0,-0.07903399873228661,0.3285300476807208
13066.0,-0.7922005967383016,-0.5571872395918231,-0.4899993139319454,-0.2844755885045728,0.1083521949576072,-0.2323929308546785,0,-0.3871305406571143,-0.5107678023080483
13067.0,-0.0226329437380984,-0.2017513803877423,-0.4345897984269656,-0.8730374341016977,-0.4437267787202448,-0.676513950158091,0,-1.0918892858297697,-0.5673099651009204
13068.0,-1.3187161125298097,-0.5571872395918231,-0.7155527185957684,-0.5964638157260045,-2.515817022689194,-0.6567567309974736,0,-1.6994172024139527,-1.057887756529461
13069.0,-2.4120140217391843,2.611849228042442,1.6874087977567644,2.2574810649401065,2.127182894035057,-0.1250960616622161,1,4.585926586544644,-1.9754120531286472
13070.0,0.5185490566485405,0.0739460908215904,-0.1534019091026436,-0.1898123812478129,-0.9802035124500996,-0.5370744297874704,0,-0.8661290202819069,-0.13332811511265502
13071.0,1.2597123935708792,-1.058145946714099,-1.4176403876093506,-1.8259532106467025,-0.9802035124500996,-1.0428375540671315,0,-3.1144204861266633,-0.03637405651548655
13072.0,0.7290940618003953,-1.058145946714099,-1.191806085427554,-1.2902342195152068,-1.3785107536966998,-0.6168878304206918,0,-2.622410027341453,0.08831780442146281
13073.0,1.0048872215498614,-0.5571872395918231,-0.5753847999858734,-0.4221417240201969,-0.4115503779538524,-0.3930782968972674,0,-1.318832769386338,0.3561888865497814
13074.0,1.144248005387688,0.0739460908215904,0.2832657357284511,0.3338823120967778,-0.3805884749031534,0.2840772062075344,0,-0.10231562963735576,0.9011581960782271
13075.0,0.2700401175059993,-1.058145946714099,-0.008296243833286,-0.0157595548677755,-0.5121324717856456,1.6153491906590696,0,-0.2617282773661987,1.732030321703372
13076.0,1.0741675694743047,-1.058145946714099,-1.3842290643438688,-1.5808368721392685,-1.1954453334565955,-0.9798199177997348,0,-2.9951855392739413,-0.053127565768359114
13077.0,-2.4120140217391843,1.15560189306089,0.8585664637928874,1.132722184471562,1.298343771960628,-0.0042540656747458,1,2.729337345180572,-1.5628779264553072
13078.0,-1.9674812683483247,3.10220258082986,2.490895429655187,2.103200440082565,1.0478107868958555,0.8366881255715707,1,4.8189954235575225,-1.052474440443388
13079.0,-1.8243736859341724,0.4896629879592288,-0.5734958670514912,-0.7506340680270399,-1.0458699940988507,-1.8698257284696007,0,-0.8625728321161902,-2.660320550772774
13080.0,0.4738273097812196,0.0739460908215904,-0.8615414706227331,-0.6197778847530964,-0.7132292345010023,-1.8637180196774723,0,-1.6935332445920426,-1.2873781800167294
13081.0,-1.2115801184678894,2.245808014503504,2.992069341590964,2.908077761907477,2.334470397394077,2.746133074184501,1,5.961116709737915,1.1634040248030382
13082.0,0.2501524712613207,1.904492494064476,1.4873775431605172,1.863824640174052,0.6935794902722501,0.3021849903626252,1,2.7087632225960525,0.04868467247201003
13083.0,-1.8243736859341724,-0.2017513803877423,-0.6154226504860848,-0.3157518899197936,-0.6267921989603487,-1.01607071557601,0,-0.5358505397877613,-1.7683398592702686
13084.0,1.1199960037583183,-1.058145946714099,-1.4564041318205936,-0.8112565093766205,-2.183176263091345,-1.11595047790006,0,-3.134586693541094,-0.016777754974181998
13085.0,0.3942692202075933,0.8001660338568091,0.6923867879838953,0.4216092838150984,0.1411722937225966,0.1146058889187861,1,0.8441386669366898,0.14971206568505235
13086.0,0.9597502430728068,-1.058145946714099,-0.5397423792718093,-0.7631624647057185,0.0914362748936436,0.6129800539245617,0,-1.142515097534995,1.1978213798946538
13087.0,1.369097808148474,-1.058145946714099,-0.7819303654931449,-1.147237218205978,-0.8098576192004525,0.1561853827659616,0,-2.0827090444008096,1.0547392618762859
13088.0,1.014159554616912,-1.058145946714099,-0.9857897436643946,-1.2275467185765694,-0.6267921989603487,-0.2283170818989395,0,-2.1504813289617397,0.5322307735786733
13089.0,-1.9674812683483247,4.656082860368571,3.481290162643488,3.154269381254192,2.4569601496537685,0.9781669857116412,1,7.0823637500023615,-1.3171920712813914
13090.0,-1.3798409325433134,2.062432694683636,1.9583347923924168,1.2725584329231612,1.0994248524597794,1.0074941863382108,1,3.619097999855615,-0.39609931908300494
13091.0,-0.6970151074455184,-0.2017513803877423,0.6586132639375989,0.6513117217601294,-0.0181119525235737,1.3812391538470288,1,1.1730529766846276,0.8618904217293729
13092.0,-0.1138130260237924,1.2544959545938104,0.5999727015777119,0.1904875357897548,0.1727297634470911,-0.6077130985141102,1,0.8335852435079568,-0.8590372730714545
13093.0,0.7502773702473149,3.058846686938299,2.938241676382856,2.607477666609051,1.2622326247684963,1.7277407829131668,1,4.769581492530865,1.2152553168116098
13094.0,-0.8741833591389503,1.3460575542855853,0.6923394233855645,0.9433502557079704,-1.614523128595098,-0.5425667706240065,1,0.7858611161162194,-1.0931891308484771
13095.0,-0.1138130260237924,-1.058145946714099,-1.8113854976427848,-0.8112565093766205,-1.4880589811139169,-1.7854865634761077,0,-2.8384876769572496,-1.2677902282575673
13096.0,0.9778633268252848,-1.058145946714099,-0.5726046376496325,-2.804692648559184,-2.515817022689194,0.5509980178069326,0,-3.226563920054774,1.069005617119892
13097.0,-0.5950029105353472,2.245808014503504,1.9209070133636208,1.5676311893884047,1.8122160850282965,0.727914618757867,1,3.783349317850841,-0.2426461900216431
13098.0,-2.4120140217391843,2.245808014503504,2.474858557760411,2.281130875390959,1.0636387966331442,1.7712637024985014,1,4.9628824983577955,-0.2916467724570173
13099.0,0.0968649100434169,-1.058145946714099,-1.0789313205603754,-0.3576310176485259,-2.515817022689194,-0.4039929139383941,0,-2.339151435649184,0.05755057385525116
13101.0,0.6448229902562577,0.0739460908215904,-0.2094226472631157,-0.0253017876707187,0.1083521949576072,-0.6422999241729589,0,-0.435284961729071,-0.18119178896792903
13102.0,-2.4120140217391843,2.579756093947218,1.8235451198463453,1.697685948801015,1.3138967127742598,0.166911618658766,1,4.126625914872366,-1.7502312225812269
13103.0,-0.4749394310824503,-0.2017513803877423,-0.1948365702180747,-0.100884831303435,-0.3507527121214226,-0.2258163960247732,0,-0.29464475251414823,-0.3776298924964655
13104.0,-1.9674812683483247,0.9303406571479472,0.4379459373798608,0.3402142111926102,-0.8098576192004525,-0.5229400736443991,1,0.8835248990133083,-1.6644338955899893
13105.0,1.042667590085983,-1.058145946714099,-1.834695125389483,-1.0490970995891926,-2.515817022689194,-1.8294512287244125,0,-3.7626965777345074,-0.6457986556843515
13106.0,0.2845613084095361,-0.5571872395918231,-0.3114505031833249,-0.5021252811070448,-0.8098576192004525,0.1037398276329509,0,-1.017080293161927,0.37223549357385405
13107.0,-0.4152381970004986,0.9303406571479472,1.246776567354844,1.4207735960695176,0.9870131210634252,0.9983330324470516,1,2.512876384854915,0.4485339094071659
13108.0,0.942827752064887,-0.5571872395918231,0.1196757009112055,0.4871379163370291,-0.3507527121214226,0.9158828331944135,0,-0.10825878925080365,1.4702385356812793
13109.0,-0.2201397768252409,-0.2017513803877423,0.1425800148251922,0.2765808027005175,0.2466890975132978,0.4091635381227398,1,0.4099298437762622,0.28767564589946903
13110.0,-0.6338830081757483,1.2544959545938104,0.8329177431781698,0.2817665399883434,1.1191943164689204,-0.1702717557136993,1,1.6789293119691597,-0.8237458057006984
13111.0,1.362892816562938,-1.058145946714099,-0.7633018729047346,-0.6653981508446892,-0.9802035124500996,0.1913208834110126,0,-1.90510612833192,1.1357438461427882
13112.0,1.180765944929144,-1.058145946714099,-2.712209063673221,-2.450183364084312,-2.183176263091345,-3.484544435986465,0,-5.259423127060785,-2.065000365562075
13113.0,-2.4120140217391843,2.579756093947218,2.1587553991107167,1.454769224059007,1.114296432923324,0.7976051522417278,1,4.285314057857331,-1.2551337769193212
13114.0,1.3734934744233138,-1.058145946714099,-0.9910666034224858,-1.244856163309911,-0.7601216003714991,-0.2382698522884023,0,-2.3316580563952862,0.7258729088104646
13115.0,-1.2115801184678894,1.0480979277381186,1.2791765642954374,1.3598358598078293,1.1712251425483466,0.9164014266827204,1,2.849610866483641,-0.1008802768887259
13116.0,0.3080557011550128,-1.058145946714099,-0.4450892113218102,-0.3508386584307874,-0.2672508963742018,0.79150692225702,0,-0.7937896876159948,1.041557072975161
13117.0,-0.8456753236698794,1.7233615276208618,0.7521586963342983,0.936704955149197,0.8634124775613803,-0.8700053863552505,1,1.8921681212597954,-1.5547344015639097
13118.0,-0.9040178174155592,0.9303406571479472,0.68707741633487,0.3402142111926102,0.7865535568710715,-0.0549002289927168,1,1.479482357436694,-0.7722628276167222
13119.0,1.3167343976054071,-1.058145946714099,-1.3868753881318567,-0.9870018732865308,-1.0458699940988507,-0.9848111918235768,0,-2.7321671303372845,0.1290874905195781
13120.0,0.6583250720961007,-1.058145946714099,-2.438049448424981,-2.397537599248726,-2.515817022689194,-2.9674475591090297,0,-4.918524935246082,-1.9134713275236566
13121.0,0.7338623008571977,-1.058145946714099,-0.8539088057057488,-0.4451323693240469,0.1411722937225966,0.0204256845232218,0,-1.2358169874650655,0.6237873439697081
13122.0,0.0639692278216899,-0.5571872395918231,-0.0061235209527908,0.1073073766820068,0.2031181655606824,0.6788464332138329,0,0.08354447169239394,0.7325097274838807
13123.0,1.0947907354871098,-0.5571872395918231,-0.4370832518662504,-0.4047996776888514,-0.1220981718085144,-0.1327906378188055,0,-1.0715996049410657,0.6051322538359237
13124.0,0.0363810947797576,0.0739460908215904,1.179155405841191,1.1322498534359628,1.3291602796973223,1.9717293386849253,1,2.2806908610443153,1.6622302751579023
13125.0,1.1603283609761827,-1.058145946714099,-1.2711745178338605,-1.448851553929116,-0.586765087019821,-0.7665859122581562,0,-2.5868997763537975,0.15289774730613598
13126.0,-1.7074462772723475,1.3460575542855853,1.0501294539284194,1.2656511483798891,1.193826931703096,0.1296549152873342,1,2.7435629835762056,-1.099849396594495
13127.0,-0.0543097623705864,-1.058145946714099,-0.9189107036390708,-0.8932765983286024,-0.8098576192004525,-0.1021754446839088,0,-1.665089914156971,0.08883929694210828
13128.0,1.279288497801991,-1.058145946714099,-0.9070166017758172,-1.8050714269853785,-2.515817022689194,-0.0797417871184734,0,-3.205863396398707,0.8245182457430535
13129.0,1.0657289582664145,-0.5571872395918231,-0.9945343198780584,-0.3396716509860114,-1.117253523671916,-1.1810925528900682,0,-2.037001867023345,-0.20857896611291768
13130.0,0.0639692278216899,-1.058145946714099,-1.918335937782074,-1.7848322627584738,-2.183176263091345,-1.987207515435492,0,-3.7543365661355845,-1.4000723340710768
13131.0,-0.8183807704906293,0.654643185938614,0.914860712398283,0.73593991417152,0.7567177940893411,0.714258276982813,1,1.8557265299555064,0.010889676409987043
13132.0,0.7170160174661255,-1.058145946714099,-1.7841900755327391,-2.0821123426729526,-1.9471638881929467,-1.7341928387393872,0,-3.8571095476065484,-0.8767614645419828
13133.0,0.7456300658619328,-0.2017513803877423,-1.1032341471699312,-1.437000405574019,-0.9802035124500996,-1.929552570712302,0,-2.5278816609933608,-1.1925133580382632
13134.0,0.0075526370213185,0.4896629879592288,0.7046989992911311,0.6634695714212294,0.7791957222855813,0.527662190998025,1,1.3443500723860173,0.3484153177331585
13135.0,0.5349521297947235,-0.5571872395918231,0.9272918404684176,1.4368769380129935,-0.6688728615528973,2.4383080779719504,1,1.1917527734306326,2.587893848575972
13136.0,-0.2636361169073439,1.3460575542855853,1.3747969385509484,1.2050819131652948,1.2824902726998832,0.7405398793777843,1,2.6464513599446766,0.17815123235063118
13137.0,-1.2629135238814884,1.5859404542672264,1.5234807040080232,1.4174131938099002,2.202250385005428,0.7388113877752005,1,3.6134144653431313,-0.45618278520776356
13138.0,-0.8456753236698794,0.654643185938614,0.3280645287800484,0.2418386489064846,-0.0181119525235737,-0.3894226057109105,1,0.6870664879597751,-0.9126476168009648
13139.0,-1.0395356639262063,0.8001660338568091,1.567884687473211,1.4646772260225005,1.3215639934150147,1.763153106889613,1,3.2020579275657672,0.7482394974650911
13140.0,0.1521328382198956,0.2992073267345332,0.1926372834963238,0.1744691869762233,0.607142454731596,-0.1886289703790209,1,0.4491046648838856,-0.14427466864039548
13141.0,0.0001383902963132,1.6565606001831652,1.5193472997813724,1.5393685555363976,1.5556662555596723,0.648811052727609,1,3.008747283640039,0.1873227391855168
13142.0,-0.9353081791524545,-1.058145946714099,-0.7970896134867352,-0.4297163291046267,-0.4772168596026035,0.1275932803653276,0,-0.9046713484816086,-0.17768249774252565
13143.0,1.2308238061257522,-1.058145946714099,-0.5980563885568684,-0.6030410799249616,-0.4772168596026035,0.5029930594789989,0,-1.4499607342258076,1.2992328241724398
13144.0,0.8702843776182111,-0.5571872395918231,-1.3844932598216593,-1.8475197636971112,-1.4880589811139169,-1.9124585538051984,0,-3.2526270916329456,-1.0430693834307014
13145.0,-0.4749394310824503,0.654643185938614,0.3062813653467922,-0.4097080656836057,-1.614523128595098,-0.4303384255910492,0,-0.42133424355483967,-0.7361916853074648
13146.0,-0.7428435417295326,-1.058145946714099,-1.008010127562604,-0.7673921959311133,-0.7601216003714991,-0.2702273067377725,0,-1.46526530360961,-0.4151679773231847
13147.0,-1.3187161125298097,0.0739460908215904,-0.1916394146854169,-0.8112565093766205,-2.515817022689194,-0.60890080025083,0,-1.264161124099139,-1.1950785096903764
13148.0,-0.6752731880764764,2.1575193073054413,1.603764184735893,1.4585202200577514,1.931152256609813,0.2316652266627462,1,3.46307712031298,-0.6809775187619763
13149.0,-1.1198059414673356,0.0739460908215904,0.4238874617879085,0.6216954745827957,0.4791576523996084,0.5487832386187086,1,1.2454611854827067,-0.138326303735403
13150.0,1.1095037419429616,-0.2017513803877423,-0.5225372285188542,-0.6989435988405914,-1.3785107536966998,-0.8417033671425931,0,-1.8446257282609293,-0.019655423671918186
13151.0,0.7949871208707016,-0.2017513803877423,0.7347667201163365,0.3386369419983482,0.921346639414674,1.5247561513969548,1,1.0320410633276556,1.7247245333317371
13152.0,1.014159554616912,0.654643185938614,0.6020225825314919,0.4441853857034769,0.8082392174469527,0.1255435641920201,1,0.8364016931970873,0.5098538607976411
13153.0,-1.608585561882396,-1.058145946714099,-0.4668246060003987,-0.113324368788697,-0.8098576192004525,0.750511443415908,0,-0.3330465849210765,0.003076892775353254
13154.0,0.9859304168251346,-0.2017513803877423,0.4015363517750023,0.4435125253493402,0.5001945244425666,0.8968633820783034,1,0.49280994652887844,1.350744638464656
13155.0,-0.5950029105353472,0.4896629879592288,0.4550513763745921,0.3967866798633863,0.5105140700321456,0.0579312683975419,1,1.0301066949557205,-0.3777930024903245
13156.0,0.9630818100393996,-0.2017513803877423,0.3843581624892579,0.4003906392302491,0.6514988276797011,0.8645036070145771,1,0.5242629140719373,1.3009115694440203
13157.0,-0.3476678433474425,0.9303406571479472,1.3040053317608475,1.4854387490600722,1.147982991607394,1.1061153642828483,1,2.6498916029016764,0.5722254364210817
13158.0,0.0706847362910886,0.2992073267345332,0.3478823195580672,0.4541965521735231,0.4126028186801636,0.1033177441145162,1,0.6900163512788392,0.0840835892496835
13159.0,-1.3798409325433134,0.0739460908215904,0.3134939757734535,0.4971414694590939,0.8082392174469527,0.3409700332111168,1,1.2874381574732432,-0.4766564477658338
13160.0,-0.8456753236698794,-1.058145946714099,-1.6617619921350268,-1.4253590231077382,-1.7640984679528429,-1.5032792539295845,0,-2.854782277717867,-1.49093492248032
13161.0,0.8306838247077005,-0.5571872395918231,-0.4777629894940086,-1.0111411307468456,-0.2672508963742018,-0.2093622042376766,0,-1.3779580878850601,0.34360018368551243
13162.0,0.2296283133843863,1.5859404542672264,1.6564195299798523,1.6099881188400622,1.207095033142026,0.9891049952451226,1,2.9663898936023663,0.6304572659533128
13163.0,1.2576165577225409,-1.058145946714099,-2.8180261285796298,-3.172763669970543,-2.183176263091345,-3.6841277106197343,0,-5.735746148700076,-2.256846051270531
13164.0,1.2130697256793863,-0.5571872395918231,-0.6589356767741552,-0.9302666386620904,-1.3785107536966998,-0.5502672644990635,0,-2.1131733487949482,0.3354904862428524
13165.0,-0.3873500989396135,-0.2017513803877423,0.3201291397426403,0.8219836448350352,0.0914362748936436,0.7435196260889396,1,0.8426812648421593,0.5281203804367358
13166.0,0.7662827513425954,-0.5571872395918231,-0.0365762679341073,0.0387573945550787,0.217900422374825,0.6214724810804095,0,-0.19387620579075462,1.0645085758153208
13167.0,-0.9353081791524545,0.2992073267345332,0.1369202264533019,0.4640576205268311,0.3401681767824983,-0.2933598337029895,1,0.7543160925032107,-0.7857216038266231
13168.0,-0.540774126845729,0.2992073267345332,0.504784724186523,0.3989514243478757,0.8961017842882889,0.3985507405037634,1,1.2221267186781408,-0.04008632393513826
13169.0,-0.1794070292720186,-0.2017513803877423,-0.0734016291761013,-0.3396716509860114,-0.7601216003714991,0.002632327646136,0,-0.5402666933358062,-0.03597035355405402
13170.0,-0.7195200551006783,-1.058145946714099,-1.494719302397768,-0.7977873505159858,-0.2941514393624997,-1.18821733975914,0,-1.8106456575117296,-1.1691943855786249
13171.0,-0.8456753236698794,-0.2017513803877423,-0.493658903924147,-0.5078198702626843,-0.1002197270566499,-0.7874712502766414,0,-0.5834404644005504,-1.088145215415396
13172.0,0.9875317290149478,-1.058145946714099,-1.8587840478182969,-1.5248267984910486,-2.515817022689194,-1.8748857342550824,0,-3.9948783007382294,-0.7606354818942582
13173.0,-1.8243736859341724,1.15560189306089,0.750942518869177,0.7765244436122027,1.0842787042858788,-0.2065336873884937,1,2.1754558193129903,-1.4298965220220772
13174.0,-1.0395356639262063,1.2544959545938104,1.6732601995499037,1.4541902443219668,2.1676182632903656,1.4112411849169184,1,3.6847133199834006,0.304512636824797
13175.0,1.2275321383409905,-0.5571872395918231,-0.0808335534011269,-0.1055221309281067,-0.0378814165327151,0.5380952454454464,0,-0.5588325679442556,1.2474448931474102
13176.0,-0.3873500989396135,-1.058145946714099,-0.4570996164839859,-0.0605578658272451,0.3650304751021734,0.7688539031616646,0,-0.19052083816618245,0.6419617690630539
13177.0,-0.1696156146721137,-0.5571872395918231,-0.4293898878169839,-0.6653981508446892,-0.4772168596026035,-0.1183084302698199,0,-0.9393299646952373,-0.08835984897735123
13178.0,-0.7428435417295326,1.904492494064476,1.956088396231189,1.887625095340377,1.2414620708765944,1.1844600855129737,1,3.7549019629390346,0.19510200721101728
13179.0,1.2669943475426584,-1.058145946714099,-0.3495763051930652,-0.1969037808196001,-0.1676872918813187,0.97165535664967,0,-0.8774585763135816,1.7253956668013295
13180.0,1.2544599055801144,-1.058145946714099,-1.7074402165228275,-1.6107384274973675,-1.7640984679528429,-1.5894336904641253,0,-3.6453103105941254,-0.4250709381778013
13181.0,0.9564012788108172,-1.058145946714099,-0.6835047366707482,-0.6989435988405914,-0.6267921989603487,0.3418275504596801,0,-1.5624909576868897,1.015017687418515
13182.0,-0.4011425702790203,-1.058145946714099,-1.463563761142574,-0.5931996852608044,-1.0458699940988507,-1.1294543703630109,0,-2.0928690016574314,-0.8925692722527744
13183.0,-1.4474112861963695,1.5110377522649707,1.457337135994638,1.3751996243768554,0.3401681767824983,0.7018335102450985,1,2.8022462453339103,-0.4886336509197423
13184.0,-1.0784157615666077,1.0480979277381186,0.4346474618905275,0.8051082460722441,0.9637379981128577,-0.6715357414666011,1,1.5647022025576958,-1.3597143883610854
13185.0,0.7314826127879408,-1.058145946714099,-1.840642282868084,-2.397537599248726,-2.515817022689194,-1.8406682584670984,0,-4.306249336102759,-0.9612786191355543
13186.0,-0.4749394310824503,-0.2017513803877423,0.3795077811543177,0.3290930607988527,0.4009658426149288,0.8553667739723898,1,0.8298299134955346,0.5072210933238961
13187.0,0.8779192915851238,0.0739460908215904,-0.6690271207926084,-0.1845435605050292,0.1571027565423948,-1.5039751035128188,0,-1.0495947902733407,-0.7690347994939948
13188.0,-1.2629135238814884,-1.058145946714099,-1.5034553739059764,-1.9416401849203373,-2.183176263091345,-1.204694585282636,0,-2.973354602949528,-1.5117065103501894
13189.0,-0.9353081791524545,-0.5571872395918231,-0.9147405447630048,0.3464857336924171,-0.2941514393624997,-1.031197957955024,0,-0.6637769822263868,-1.1548049199084813
13190.0,1.1843059274157668,-0.2017513803877423,-0.3516531797541524,-0.3136198914928544,-0.7601216003714991,-0.5206637245069108,0,-1.2485193271471315,0.2924734049521021
13191.0,1.3061177861834476,-1.058145946714099,-1.2440543637140646,-0.958022695435433,0.2607132519567318,-0.7154341516931177,0,-2.020562170406892,0.2858782221814993
13192.0,0.0706847362910886,0.4896629879592288,0.728554913320345,0.7801660945328344,0.9458378031172426,0.5725680263367889,1,1.4741225855292348,0.42374274091060726
13193.0,-0.2097114950440718,-1.058145946714099,-1.4832941683656162,-1.4985144522516916,-0.5121324717856456,-1.1666682099918604,0,-2.3776026527832066,-0.9321910812410468
13194.0,0.298760970365054,-0.5571872395918231,-0.4869815332315248,-0.2763804593773598,-1.117253523671916,-0.2267130595042368,0,-1.2294481645877953,0.1489178369382538
13195.0,1.0095401454577722,-1.058145946714099,-1.2113631095485815,-1.1703175140161766,0.0200527453205781,-0.6537746493814025,0,-2.09318308745391,0.1622154503763389
13196.0,-1.2629135238814884,0.654643185938614,0.8595459663704625,0.9170122069533916,0.9812559531764108,0.6101241556130239,1,2.1140348340204014,-0.30955890754818144
13197.0,1.2576165577225409,-1.058145946714099,-0.6573733832119981,-0.5835033778764733,-0.6267921989603487,0.3911143181328295,0,-1.574325260739634,1.2320428025122252
13198.0,-1.3187161125298097,0.8001660338568091,1.2074816037977134,1.2733214503391352,1.4961914490148744,1.0841427632497238,1,2.8887441505549316,0.018173920882391587
13199.0,-1.8243736859341724,3.29872958691994,2.0684996794823425,2.094287212124725,0.3014022381220454,-0.1768169372593876,1,4.028050002912535,-1.81517793732453
13200.0,-0.9353081791524545,0.0739460908215904,-0.0481386990293374,0.0249101264924206,0.0011923041824166,-0.3392692887846304,1,0.207555508827299,-0.7944391724582448
13201.0,1.1328744525473045,0.0739460908215904,0.2072531370361802,0.4846130727804154,0.3526935049184267,0.141036628494977,1,0.19607345801426157,0.7615182838857837
13202.0,0.9778633268252848,0.654643185938614,0.3815202109894073,0.0925520172177983,0.217900422374825,-0.2889945287138379,1,0.20306975821548948,0.14533646335650513
13203.0,-1.3187161125298097,1.0480979277381186,0.7533673847019718,1.0384564667461031,1.074023657541187,-0.0729503256077657,1,2.1332312527952144,-0.9886135143295895
13204.0,1.3734934744233138,-1.058145946714099,0.0276212120015285,-0.0978113633798804,0.2466890975132978,1.6830936840292874,0,-0.29090926070377005,2.3512016357148258
13205.0,1.0528591244028265,-1.058145946714099,0.794327133602721,-0.4348149665659621,-2.515817022689194,3.129190101929618,0,-0.6821115808880155,3.434871177544304
13206.0,0.9875317290149478,1.3460575542855853,1.5830373309816492,1.753179476697316,1.8184866357374985,1.132654275648247,1,2.958027367757257,1.2142962565674307
13207.0,-1.0784157615666077,0.0739460908215904,-0.396911514681199,-0.6727062364625485,-1.117253523671916,-0.994194349347136,0,-0.9105029771975226,-1.4234982935559537
13208.0,-0.2307404346856175,0.9303406571479472,0.5469943826453648,0.6542501671784144,1.258120370257919,-0.3181510871147114,1,1.4645766015293957,-0.6048926846802094
13209.0,-0.6542442484349309,1.3460575542855853,1.594317822854746,1.6129523714582674,1.5527927217737971,1.1539004003050324,1,3.3055353686347058,0.32697538680997495
13210.0,0.0639692278216899,-1.058145946714099,-0.6960192324711495,-0.2968082174231356,-0.5121324717856456,0.3182237578725628,0,-1.060770114166022,0.5407002379661991
13211.0,-1.3187161125298097,1.0480979277381186,0.7750876747070142,0.8778546066090467,0.6853342645162757,-0.0321199746307466,1,1.91925301632621,-0.9543339453426596
13212.0,-0.9040178174155592,-0.2017513803877423,-0.1193892146484808,-0.3093765158786823,0.9024861982765124,-0.0838931442465166,1,0.3418281667657623,-0.5754115497008941
13213.0,-0.2524823540546596,1.15560189306089,1.02319414006173,1.1732347643354104,1.1848607981176718,0.3053500140056572,1,2.2026842134635305,-0.11624626869778887
13214.0,1.0156919930971386,0.654643185938614,0.9040099952082024,1.1741220777095214,1.294409025534889,0.6938298210452412,1,1.7018742250817975,1.0223302923199644
13215.0,0.9907224082272228,-1.058145946714099,-1.745665668273377,-1.0756752990814846,-2.515817022689194,-1.6615313321957157,0,-3.664358180692366,-0.5411053240104585
13216.0,0.7314826127879408,-1.058145946714099,-0.7373076464862326,-0.3374608222193361,-1.614523128595098,0.2403490135595086,0,-1.7899008046452036,0.8896435664379775
13217.0,0.2296283133843863,0.0739460908215904,-0.2399864479556583,0.0198015886647239,-1.9471638881929467,-0.6996942367295789,0,-1.1710245732173081,-0.3595860233845079
13218.0,0.2551824986059697,-1.058145946714099,-1.9335729279656988,-1.132288371569837,-1.614523128595098,-2.015946248635968,0,-3.2869668249114516,-1.2781097527355054
13219.0,1.2659591169727051,-1.058145946714099,-1.7941051638553929,-2.450183364084312,-1.0458699940988507,-1.7528938469129132,0,-3.8374698289371327,-0.6673819295925894
13220.0,-0.0543097623705864,0.2992073267345332,0.2606394961813802,-0.1487983103404511,0.0741642041589574,-0.0607700268479069,1,0.21215197013381668,-0.1628873067376278
13221.0,0.6609917087814282,-0.5571872395918231,-0.0671488771777018,-0.4662657837754595,0.3145288070742748,0.5638754573535182,0,-0.3909257955526396,0.9050050485298637
13222.0,1.22200820066849,-1.058145946714099,-1.687853239642209,-1.8259532106467025,-2.515817022689194,-1.5524903771199343,0,-4.027909092430743,-0.40106366472336774
13223.0,0.5445962994855142,0.4896629879592288,0.0294507903024502,0.087944496177151,-1.2818823689972492,-0.7416890004328243,0,-0.6666161151513675,-0.349912277282009
13224.0,-0.2201397768252409,-0.5571872395918231,0.6052268386555752,0.7337784894895687,0.7098254282188435,1.8310830973829435,1,1.3269545787982977,1.5492994132311317
13225.0,-1.9674812683483247,1.5859404542672264,2.0608817426913246,1.7754098316418525,0.2880622196936218,1.751024933962008,1,3.777062627446052,0.09732307033544686
13226.0,0.7432937237559131,-0.5571872395918231,-0.7846378990907675,-0.669042043482492,-0.321964036982949,-0.7866642217957737,0,-1.5382999985198471,-0.1350011378798431
13227.0,0.5509461058021287,-1.058145946714099,-0.9229937100788812,-1.0556416405393652,-1.1954453334565955,-0.1098764690539084,0,-2.0947022916473843,0.41615428107724756
13228.0,-0.0304066776915911,-1.058145946714099,-0.6868889845406771,-0.5964638157260045,-2.183176263091345,0.33544446591043,0,-1.8568408711764968,0.5472623595617848
13229.0,0.62261037347245,-1.058145946714099,-1.2605061734659089,-1.3491740126569909,-1.117253523671916,-0.746464175695586,0,-2.581424078785786,-0.09265682034989453
13230.0,-1.8243736859341724,2.3282062876889484,1.3846297840841677,1.307858340840046,2.234226102537668,-0.3738926055613938,1,3.6569908876978325,-1.8774378741296724
13232.0,-1.1640528084915374,0.654643185938614,0.2721395483371945,0.2945547770412876,1.0152080971839796,-0.4944572928618171,1,1.181115795158053,-1.2134907520028744
13233.0,-0.0876328522714647,0.0739460908215904,0.1690261395043933,0.7700001898549745,0.457567115373851,0.0691145425946365,1,0.7138222472762664,0.056490426231358935
13234.0,1.320551820774439,-0.5571872395918231,-0.6889996571299339,-0.7342923345111426,0.2324210325411989,-0.6068166921849563,0,-1.417136721183297,0.29656221820078404
13235.0,0.5817849890277144,-1.058145946714099,0.0740569465120992,-0.0781764444309413,0.1880646595930938,1.7706768726370778,0,-0.009829093968725796,1.9915643032105266
13236.0,-0.7670473650770303,-0.5571872395918231,-0.159989740685683,-0.1164713649302792,-0.1676872918813187,0.3889868106973295,0,-0.08013779064058685,0.03524617028241104
13237.0,0.9680469331528012,-1.058145946714099,-0.2657913941907772,-0.8881581216111365,-0.4437267787202448,1.1296834300751015,0,-1.135006083326023,1.6319220363835123
13238.0,-1.0028785328055103,0.4896629879592288,0.0567876033006549,-0.0766900687954025,-0.4437267787202448,-0.6903880486035002,1,0.11561658971189445,-1.2127780932931256
13239.0,0.7170160174661255,0.2992073267345332,0.3880480291133038,0.5518840134438602,0.5793298571111467,0.1788801428354356,1,0.6463607556356723,0.5028374802858742
13240.0,0.0773306527470905,0.8001660338568091,0.4502373577152544,0.3596174158749974,1.0842787042858788,-0.3405604687633036,1,1.0486780455076032,-0.441296812441883
13241.0,1.0064419500660224,-1.058145946714099,-1.4973722876091824,-1.5248267984910486,-0.0378814165327151,-1.1932211780012614,0,-2.587080369176449,-0.30910727837326674
13242.0,0.1752461576507922,0.654643185938614,-0.2052955274039943,-0.2297966815900328,-0.6267921989603487,-1.3893510093320651,0,-0.6710862766808571,-1.181494891323747
13243.0,0.5540975873223486,0.2992073267345332,0.2286553821761195,0.1005383192801558,1.1093691324834083,-0.1209118096991295,1,0.5358860765207815,0.10162784043326341
13244.0,0.0571826544512456,-1.058145946714099,-1.4602685392622237,-1.6749572933624948,-0.3507527121214226,-1.1232391991701112,0,-2.452280602012993,-0.7752755455656659
13245.0,-0.3225146116861712,-0.5571872395918231,0.0442282575456931,-0.191578076103695,0.0200527453205781,0.7737165019689608,0,0.04089788458529185,0.575058797890604
13246.0,-0.9682038613741812,1.15560189306089,0.9306982313825856,1.1397667459824,1.3768923519432,0.1313738401734911,1,2.3916888867666475,-0.6623735594992062
13247.0,-0.9682038613741812,0.0739460908215904,-0.4451179127799066,-0.2723699534220584,-0.6688728615528973,-1.0845947738490014,0,-0.6213631392432734,-1.4159505719464816
13248.0,0.2450826804421367,-0.5571872395918231,-0.4978619717863137,-0.3200367320370723,-0.4115503779538524,-0.2471912793149462,0,-0.9516068869831937,0.06696196447766893
13249.0,0.0503234960319062,0.9303406571479472,0.3944501067522786,0.6040025470377427,-0.5486003891756687,-0.6045845598244215,1,0.44091961153719406,-0.6067602401427109
13250.0,1.0783455985755337,-0.5571872395918231,-0.9276324380131798,-0.9989607652635912,-0.7132292345010023,-1.0554201687551552,0,-2.1122179114720576,-0.18411358798582614
13251.0,0.9907224082272228,-1.058145946714099,-0.9371140637268656,-0.5491253379834612,-0.4115503779538524,-0.1365090960553954,0,-1.6829022959929523,0.6521619477316528
13252.0,0.9778633268252848,-0.5571872395918231,-0.6084222426884981,-0.8582565662530369,-0.6267921989603487,-0.4552389717809789,0,-1.6400368511639838,0.25683658971902046
13253.0,0.3902229910202726,0.0739460908215904,0.8313669734563663,1.1848956182715489,0.4465549626877331,1.3162883068797977,1,1.4588845990544923,1.3708371135080348
13254.0,0.9479515492166356,-1.058145946714099,-2.07347233569588,-1.5956177399879288,-1.7640984679528429,-2.2798127803597503,0,-3.9317529029014016,-1.1507809623194274
13255.0,-1.3798409325433134,-0.2017513803877423,-0.0202533285314078,0.0261810852237614,-0.3805884749031534,0.10264693043628,1,0.2201943785480928,-0.5949552148939762
13257.0,1.042667590085983,-1.058145946714099,-1.3121473451999,-1.7651973438095343,-1.3785107536966998,-0.8438654234970147,0,-3.0715091214413297,0.029259417238856077
13258.0,-1.2115801184678894,0.2992073267345332,0.0769208573315501,-0.0634617157485895,-0.2941514393624997,-0.4061079954615946,1,0.26513763523997946,-1.0534942859648024
13259.0,-0.1994500729487223,0.9303406571479472,0.3112518621848119,0.0261810852237614,1.3945358933915557,-0.7606838808035209,1,0.9661177022595567,-1.0151638334612738
13260.0,-0.2097114950440718,-1.058145946714099,-0.368280832559078,-0.8203916692661117,-1.2818823689972492,0.936376445582932,0,-1.1931085484170973,0.872392937512306
13261.0,0.7338623008571977,-0.5571872395918231,0.0106223877746121,-0.5645293427226981,-1.2818823689972492,0.7103973873982479,0,-1.0404870731493316,1.125036578777323
13262.0,0.7194498921096045,-0.2017513803877423,-0.3481448622610926,-0.4582609676615375,0.1083521949576072,-0.5140696441074497,0,-0.8070805925047639,-0.010946632023744417
13263.0,-2.4120140217391843,2.6431297898006605,1.610657247183478,1.566899575365464,2.026973564945969,-0.3044255412766286,1,4.140569170517645,-2.1939219290383893
13264.0,1.0528591244028265,-1.058145946714099,-0.1818532827329516,-0.1845435605050292,-0.0789096183560038,1.2880004573532846,0,-0.5896976302900455,1.8610303068203333
13265.0,-0.2983107883386734,0.2992073267345332,0.588910799336299,0.8280143661813507,0.3650304751021734,0.5569036668681537,1,1.2170391552324826,0.2881348552142426
13266.0,-1.2629135238814884,1.7867352234743037,1.3585957409019052,1.7232821962934026,1.0531207928583963,0.19559442544347,1,3.11865207888352,-0.8677222995294668
13267.0,-1.9674812683483247,2.546807042814728,1.6929776243219687,1.3876540755144422,1.0424661878166923,-0.041425967293479,1,3.5882688855075737,-1.684705788223074
13268.0,-0.9682038613741812,1.15560189306089,0.892993386350805,1.3120057381581292,1.4711393327727598,0.0604729382059587,1,2.471842525653066,-0.7066881864851983
13269.0,-2.4120140217391843,2.245808014503504,1.6259726481029186,1.6964848145049891,1.4083825184101708,0.1730166924885464,1,3.929572945092278,-1.6595109960665115
13270.0,0.9307105862349312,-1.058145946714099,0.1711893321755288,-0.142204561494289,-2.515817022689194,1.9538798335280747,0,-1.1688344379177684,2.4458508598047235
13271.0,-0.5236711079833221,-1.058145946714099,-1.045085555925707,-0.4425378060430995,0.5105140700321456,-0.3401558707901211,0,-0.8923128175389086,-0.37540451426745997
13272.0,-0.6338830081757483,-0.5571872395918231,-0.8722869842186413,-1.0756752990814846,-0.8098576192004525,-0.9514216670140304,0,-1.5958971499062098,-1.0443198333714714
13273.0,0.1808966364835151,-1.058145946714099,-1.365560073836075,-0.7716493042481812,-0.7601216003714991,-0.9446080333750584,0,-2.1353686443970097,-0.4537464756405644
13274.0,1.00176641150428,-1.058145946714099,-0.6811909857892071,-0.5997442262109776,-0.6267921989603487,0.3461915533549788,0,-1.5275157939959876,1.0534410970068624
13275.0,0.9614181899137092,-0.5571872395918231,-0.9691172946426234,-0.8296554976039625,0.1083521949576072,-1.1333533348517384,0,-1.69879735758373,-0.33114296199090193
13276.0,-0.1794070292720186,0.2992073267345332,0.5289353336624069,0.356551112238319,1.3022597367090245,0.4440062967153256,1,1.2839049526080746,0.1729305623308054
13277.0,-1.0395356639262063,0.654643185938614,-0.4139703422666817,-0.1724113414944718,-1.117253523671916,-1.779064084890518,0,-0.6897625203787526,-2.137172014740503
13278.0,-0.4594850640247002,0.0739460908215904,0.3124916552618788,0.6605721176657967,0.5207054191909427,0.3390834765155435,1,0.9568395657581721,0.05687172004373347
13279.0,-0.0543097623705864,-1.058145946714099,-1.371919886825082,-1.2536847648443734,-1.1954453334565955,-0.956603379338622,0,-2.4763877422719123,-0.6216881369345768
13280.0,0.2296283133843863,0.654643185938614,0.6588645011029919,0.7237434148298558,1.0791672045283929,0.2324667500001205,1,1.3853916975483818,0.18122258570436084
13281.0,1.0470552368386383,-1.058145946714099,-0.7013854742076836,-0.5931996852608044,-0.5121324717856456,0.3081024026904053,0,-1.5123888706663853,1.0430428133192575
13282.0,-0.9682038613741812,0.0739460908215904,0.248191174098018,-0.1260037192994412,0.0011923041824166,0.21806958131952,1,0.4613612868566075,-0.376461730918826
13283.0,-0.2201397768252409,0.0739460908215904,-0.6566993646822646,-0.5835033778764733,-0.6267921989603487,-1.4809099504413423,0,-1.207530299448907,-1.3589018963255048
13284.0,0.8664325630436192,-1.058145946714099,-1.1005919931017514,-1.110483470649885,-0.91940584661767,-0.4448474581500517,0,-2.29297419070362,0.30059941253010547
13285.0,-0.8183807704906293,0.4896629879592288,0.9258245678582564,1.0503368067071488,1.189356113787718,0.9440067711247204,1,2.189077932958393,0.25205842375409937
13286.0,1.2470333934915163,-1.058145946714099,-0.1696577077397408,-0.3902905392135271,0.0741642041589574,1.3110027282566916,0,-0.6704505299999632,1.958875741433265
13287.0,1.2502267205812954,-0.2017513803877423,-0.1253404336380229,-0.0962799984533907,0.0741642041589574,-0.095089339119787,0,-0.5800383730629841,0.657829568753798
13288.0,1.0528591244028265,0.2992073267345332,-0.0020614191778239,-0.1775834856216042,-1.3785107536966998,-0.5544724417511804,0,-1.028827946752999,0.10782206999413632
13289.0,1.3673310709462236,-1.058145946714099,-0.7950809575914675,-0.935724935040335,-0.7601216003714991,0.1313818386809788,0,-1.9759880888888848,1.0527082806445642
13290.0,1.045596020739638,-1.058145946714099,-1.0745524783571183,-3.628661084298931,-2.515817022689194,-0.395733908958419,0,-4.168846940352676,0.25724690716508586
13291.0,0.3861510713168414,1.15560189306089,0.916396012966336,0.7761185682899702,1.0583966506364906,0.1044783624842637,1,1.650884459980014,0.03789292641141054
13292.0,-0.4907754257615954,0.2992073267345332,0.0480675980617151,0.042483868766071,0.217900422374825,-0.4603150903816103,1,0.27237070834007654,-0.7134541379627131
13293.0,0.9746078619728364,0.4896629879592288,0.1790417981176164,0.0727431578402657,0.1571027565423948,-0.4608500458643575,0,-0.05136795481493346,0.04806728461892731
13294.0,0.5118685254199581,-0.2017513803877423,0.4296520837270539,0.4568406600111304,0.6428173386552047,0.9498290179986154,1,0.7360042094065468,1.1280531217440097
13295.0,0.9201390523816813,0.0739460908215904,0.1219331898687134,0.2554190543906869,0.2324210325411989,-0.0194749779771132,0,0.014053516596482381,0.4970158962813971
13296.0,0.3034251741878168,0.4896629879592288,-0.1153550225635419,0.1795169549510284,0.1411722937225966,-1.0132593893736297,0,-0.11058740960671823,-0.756684217622962
13297.0,-1.4474112861963695,0.654643185938614,1.113951817216693,1.1108801462071545,0.7642790739473241,1.0891742815050325,1,2.442806188384367,0.005977422611787073
13298.0,-2.4120140217391843,-1.058145946714099,-0.6828856789240842,-1.0756752990814846,-2.183176263091345,0.3429951652709165,0,-1.3354557300186254,-0.8036370960707218
13299.0,0.7314826127879408,-0.2017513803877423,0.1944236981364908,-0.1164713649302792,0.2324210325411989,0.506780780064314,0,-0.02250548988228796,0.8508712984804755
13300.0,0.4371701786605239,-0.2017513803877423,0.2328516333493758,-0.0576667801225735,0.0384893202353487,0.5791447789091705,0,0.057158228329342656,0.7622574738925737
13301.0,0.1281552717803115,0.0739460908215904,-0.2942174022083552,-0.239233298826501,0.4684334074395972,-0.8015048675955544,0,-0.31514230238815855,-0.6316013833712454
13302.0,0.3820531327806657,-0.5571872395918231,-1.268335137800309,-2.397537599248726,-1.9471638881929467,-1.6948448232293567,0,-3.426824951288012,-1.1698895548253299
13303.0,0.9875317290149478,-1.058145946714099,-1.9440660811720696,-1.9168175809686256,-1.7640984679528429,-2.03573755432006,0,-3.9576046269625884,-0.9637271672054889
13304.0,0.9039476544244855,0.0739460908215904,0.1940041112629221,0.2400065559703205,0.2745016951337471,0.1161082166656997,0,0.10584316722016131,0.5944544697550069
13305.0,-1.8243736859341724,1.5859404542672264,1.0048549497560604,1.0241336692713514,1.0478107868958555,-0.2365999802464493,1,2.5733787529889853,-1.5423869964010137
13306.0,1.033801201878248,-1.058145946714099,-2.043314213679434,-1.244856163309911,-1.7640984679528429,-2.2229310594940697,0,-3.7614749245134416,-1.0223454604036142
13307.0,0.2191145500704246,-0.2017513803877423,-0.8806955230694508,-0.8296554976039625,-0.8098576192004525,-1.5133733700606755,0,-1.7718067521935323,-1.0914092369220973
13308.0,-0.8183807704906293,0.0739460908215904,0.4214384459725225,0.505771483752071,0.3526935049184267,0.5441723725033772,1,1.041815852312967,0.017606070544912446
13309.0,-1.5229485149574664,0.4896629879592288,0.4367946648076339,0.8861496732211169,0.6600894093898906,0.0235962762309856,1,1.5923605085399142,-0.8731217696031205
13310.0,-0.6970151074455184,0.2992073267345332,0.3634784858158092,0.3258807421359825,0.5207054191909427,0.1326569984919639,1,0.9304817230218259,-0.33178902510415514
13311.0,-1.8243736859341724,-0.5571872395918231,-0.3173037126796466,-0.3200367320370723,-0.4115503779538524,0.0927183026225819,0,-0.11465077035353277,-0.7952239831521506
13312.0,1.0643116644325106,-1.058145946714099,-1.4428103598757176,-1.6262149283445646,-1.614523128595098,-1.0903110451509488,0,-3.249843520646705,-0.13382591066853103
13313.0,-0.8456753236698794,1.2544959545938104,0.9429053012784844,1.0092072270273422,0.7413828979433381,0.0364646726806244,1,2.0468574432158735,-0.6828729584873978
13314.0,-2.1519790306632065,-0.2017513803877423,-0.1305617107576182,0.0786314777309225,0.217900422374825,-0.104912079871896,1,0.6171368858487963,-1.2087840643168903
13315.0,1.3355982633836874,-1.058145946714099,-0.7897131696124785,-0.4992963694822978,-0.5121324717856456,0.1415061102559961,0,-1.6520800820071349,1.076210990095087
13316.0,-0.5236711079833221,1.0480979277381186,1.9101912185010663,2.4728427829054884,0.8153422320095451,2.1052712963393567,1,3.681204661459049,1.3671423376652059
13317.0,-0.1599714449813229,1.7867352234743037,1.3986856668520469,1.2134874069728436,1.3515360227957012,0.2709935399909128,1,2.7015256604022486,-0.265017701093386
13318.0,-2.4120140217391843,-0.2017513803877423,-0.2683021742835699,-0.3221896666559816,-0.862804573858747,-0.3639717281303946,0,-0.0855126904773318,-1.553434964398424
13319.0,-1.7074462772723475,3.1233230300705346,2.281424189941208,1.923489791168268,1.7119076227707086,0.4188923931426005,1,4.708629103291268,-1.3011835177004534
13320.0,-0.0543097623705864,0.4896629879592288,0.628936320593838,0.7342113430351721,0.6853342645162757,0.3850685844754833,1,1.2774682722474557,0.21027446024203444
13321.0,-0.10496702096475,-0.5571872395918231,-0.3558249733400813,-0.1898123812478129,-1.117253523671916,0.0201869949335277,0,-0.9235755957649487,0.13559379731545732
13322.0,-1.0028785328055103,-1.058145946714099,-1.1067122489283867,-0.9467793286780029,-0.4115503779538524,-0.4563909714817964,0,-1.4286775831820735,-0.742321812524951
13323.0,-1.9674812683483247,0.2992073267345332,-0.1195992828104673,-0.6838229113311526,-1.4880589811139169,-0.7751301183644161,0,-0.4954144514284767,-1.7767205157433061
13324.0,-0.540774126845729,1.7233615276208618,1.746687630405,1.8624249024858504,-0.1220981718085144,0.9992793234844702,1,2.878327868613351,0.26316955208155723
13325.0,-0.0226329437380984,-1.058145946714099,-0.2305269785181828,-0.4770927103734043,-0.9802035124500996,1.1961962138514255,0,-0.8181838100949071,1.206502680659513
13326.0,1.0367703053241684,-1.058145946714099,-0.8589117986142709,-0.8296554976039625,-0.91940584661767,0.0109894588205621,0,-1.957069205005585,0.7913515083457968
13327.0,-0.4907754257615954,1.847016261407861,1.701872997867265,1.445150266455122,1.1573590143130723,0.7719712649001256,1,3.159132522228164,-0.025510036992821474
13328.0,0.8367820500425664,-1.058145946714099,0.2456039604482247,0.2061250257305973,-0.7132292345010023,2.0942344654054383,0,-0.14769498675175768,2.4623526205617328
13329.0,-0.6141483680629726,0.8001660338568091,1.227301093378791,1.2803377125594788,0.3891614223084505,1.1214728160079015,1,2.233500622652037,0.4857221385821423
13330.0,0.0571826544512456,0.4896629879592288,0.7950924953538491,0.906773813369788,0.5207054191909427,0.6978318957330136,1,1.4319187392500436,0.5494080592636521
13331.0,0.9907224082272228,-1.058145946714099,-0.9100196463697764,-1.448851553929116,-0.9802035124500996,-0.085405878014041,0,-2.313547097638124,0.6285727721377533
13332.0,-1.1198059414673356,-1.058145946714099,-0.7012830808636251,-0.669042043482492,-0.5486003891756687,0.308295528429868,0,-0.8875264203583879,-0.15366586694726975
13333.0,1.0048872215498614,-0.2017513803877423,0.0632732239931319,0.2109364659054746,0.2031181655606824,0.259859825433631,0,-0.10520673885361835,0.8354259860868478
13334.0,-0.0226329437380984,0.2992073267345332,1.3735546065889643,1.2295754568541564,1.6164639213921022,2.035124803514547,1,2.673492859615375,1.6206650328088752
13336.0,-0.0624796206101934,-1.058145946714099,-0.1129887488628874,0.0774580234699572,0.1571027565423948,1.4178869665664946,0,0.052536128492696496,1.3689527509081703
13337.0,1.1866551065949535,-1.058145946714099,0.3792198318367596,0.4461998465088715,0.5887058798168258,2.346249517781801,1,0.5390914103521046,2.824611953678804
13338.0,0.3942692202075933,0.0739460908215904,0.6960304350615799,0.5518840134438602,0.8010741670374462,1.0613129172493965,1,1.1633857835463504,1.087296586527407
13339.0,0.5477790613471053,-1.058145946714099,-0.0564337592307505,-0.2763804593773598,0.2031181655606824,1.5245562456436998,0,-0.22492016361112668,1.7531006604526036
13340.0,-0.4011425702790203,1.2544959545938104,2.2820132538986173,1.9489558305319608,1.2244584972993122,2.558522920939814,1,3.9734162359478926,1.6757734734685548
13341.0,0.7145728708968584,-1.058145946714099,-0.1306451884273892,-0.3286910797782772,0.0011923041824166,1.3845848708245223,0,-0.4643117672550176,1.7352389478928179
13343.0,0.4702544582071883,-1.058145946714099,-0.6961208805165711,-0.853402515152758,-0.6267921989603487,0.3180320378528927,0,-1.4969844297956272,0.7130712917677915
13344.0,-0.1411075792030422,-0.2017513803877423,0.7243592177013501,0.4401378594606127,0.8153422320095451,1.5051416980669978,1,1.3165358558324283,1.2093038500328095
13345.0,0.777475447277631,-1.058145946714099,-0.6262830785063167,-0.8250072737432935,-0.586765087019821,0.4497542438196193,0,-1.488540873123402,0.9895928806627534
13346.0,1.081115906117918,0.4896629879592288,-0.815304067045953,-0.6653981508446892,-1.7640984679528429,-2.3195460292461765,0,-2.281840372334879,-1.3873350204170223
13347.0,-0.1227827554391228,-1.058145946714099,-0.7210880284493156,-0.5803027830506975,-1.2818823689972492,0.2709410970195052,0,-1.482341059754685,0.4056854685567992
13348.0,-0.1794070292720186,-1.058145946714099,-0.9929671777905744,-0.848584025185672,-0.862804573858747,-0.241854556290566,0,-1.7057904248624838,-0.08611530264814947
13349.0,-1.2629135238814884,-1.058145946714099,-0.9525026139700504,-0.5193591300769778,-0.7601216003714991,-0.1655336891312839,0,-1.1274465741931041,-0.5913536963868892
13350.0,-1.0395356639262063,-0.5571872395918231,0.0368406446073814,-0.3599108152129162,-0.1220981718085144,0.7597967354777032,0,0.11836436203791507,0.1591702505257734
13351.0,-0.1599714449813229,-1.058145946714099,-0.6555838058543438,-0.9467793286780029,-0.7601216003714991,0.3944896688814643,0,-1.3567146649632125,0.42516594836313465
13352.0,-0.2201397768252409,-1.058145946714099,-0.6108023443619761,-0.2865150349101377,-0.4437267787202448,0.4789527064398714,0,-0.8483386114973962,0.5126281354029261
13354.0,-0.1138130260237924,-1.058145946714099,-0.1612661711487127,0.1282943760534984,0.1571027565423948,1.326830140910063,0,0.041129853955267956,1.2721452960731894
13355.0,0.2296283133843863,-1.058145946714099,-0.2311665582858514,-0.3009710220711328,-0.2159596295778201,1.1949898921250257,0,-0.49715823037299456,1.3277406568528685
13356.0,-0.0382757972626953,-1.058145946714099,-0.1377388999379014,-0.2783949201827544,0.0011923041824166,1.3712053070100854,0,-0.21347462519385196,1.315703740315944
13357.0,0.7047061347631505,0.2992073267345332,1.0207284190138697,0.960136105639346,1.5527927217737971,1.3702013723868312,1,1.9186297677048596,1.4579809701563469
13358.0,0.7338623008571977,-1.058145946714099,-0.5402334918976625,-0.3644942549377236,-0.2941514393624997,0.6120537584714776,0,-1.0452904759297044,1.1301595151148247
13359.0,-0.1794070292720186,-0.5571872395918231,0.0825526577167264,-0.1741308743400447,0.1727297634470911,0.8459297508127746,0,0.10863771220579264,0.7070993215737235
13360.0,1.0367703053241684,0.0739460908215904,0.3692723945584353,0.4202158067285957,0.2607132519567318,0.4459639556624991,1,0.32956633236032506,0.9531876729924174
13361.0,1.0934362995056883,-0.5571872395918231,0.3198015590395233,-0.2804155698175485,-0.2941514393624997,1.2930439367365234,0,-0.2800699601909707,1.7787114826036277
13362.0,-1.3798409325433134,0.654643185938614,1.265859718343138,1.056727667730221,1.207095033142026,1.3753359484778,1,2.7416205997376335,0.24955140597991327
13363.0,-0.9682038613741812,-0.2017513803877423,0.4441387433911127,0.5490231088078554,0.5001945244425666,0.9771205755045628,1,1.1969518228050677,0.35233606844770177
13364.0,-0.1138130260237924,-1.058145946714099,-1.3865573156669262,-1.2717056438696923,-1.117253523671916,-0.9842112702119,0,-2.449387110793417,-0.6820342662582757
13365.0,-0.5764124726865254,-0.5571872395918231,0.6280532624354667,0.6045297782794461,0.8634124775613803,1.874116745360172,1,1.4653085722893477,1.3684979751587756
13366.0,-0.3349679194593694,-1.058145946714099,-2.010955878179093,-0.8112565093766205,-2.515817022689194,-2.161899480451955,0,-3.408688079747923,-1.6481257509653282
13367.0,1.0367703053241684,-1.058145946714099,-0.4322036093053438,-0.4425378060430995,-0.586765087019821,0.8158106642701067,0,-1.1831655163931212,1.46677299701076
13368.0,0.7047061347631505,0.0739460908215904,0.1345808963350512,0.1304650741914777,0.0565206627106016,0.0043159204262834,0,-0.03720699418349657,0.39318239757362095
13369.0,0.9307105862349312,-1.058145946714099,-0.2960004581961679,-0.3352573999280677,-0.862804573858747,1.072705626701567,0,-1.0695289785317765,1.6394979177134459
13370.0,0.94111068223374,-1.058145946714099,0.3486267932036249,0.211894544645614,-0.0581390644641013,2.2885474936632564,0,0.2041769163712527,2.648305819038031
13371.0,1.1366880923212137,-0.5571872395918231,0.6510790154768623,0.4718413911206734,0.4684334074395972,1.9175268000415595,1,0.7291650126839215,2.3494376443681655
13372.0,0.0363810947797576,-1.058145946714099,-0.646607072732607,-0.74651041226979,-0.4772168596026035,0.4114208301599384,0,-1.1966555585065595,0.5542629529547891
13373.0,-0.2097114950440718,0.4896629879592288,1.5116594615986136,1.412648749771696,1.5755040145163772,2.047837033272573,1,2.9525912943444497,1.4992081739848413
13374.0,1.011083648486406,-0.5571872395918231,-0.5673142911198653,-0.853402515152758,-0.7132292345010023,-0.377892413893247,0,-1.6403797509320934,0.3420545845627561
13375.0,0.0292945563903604,-0.5571872395918231,0.4721500551404667,0.5362851572919094,0.3145288070742748,1.5802125676588787,1,0.850632884874254,1.4811419008139155
13376.0,0.0968649100434169,-0.2017513803877423,0.066116697124308,-0.0050210152869876,0.0565206627106016,0.2652124377935301,0,0.01843019694736899,0.3255831048454816
13377.0,0.982715747443508,-0.5571872395918231,0.3689154047640948,0.2687247193212898,0.4240770344914922,1.385616701754574,1,0.3633322307364146,1.8158694050116377
13379.0,-0.7428435417295326,-0.2017513803877423,-0.3492621487633853,0.1250248368991558,0.5698454386786636,-0.5161696591542482,1,0.11373015768942507,-0.7783401330363343
13380.0,1.0382497182035757,-1.058145946714099,-1.936295575377002,-1.5248267984910486,-1.9471638881929467,-2.0210814778780595,0,-3.856837188227741,-0.8764667434054152
13381.0,-0.6141483680629726,1.2544959545938104,1.5697610241937665,1.5337469748287054,1.0531207928583963,1.2162725955422808,1,3.0165242641331274,0.4382055008923875
13382.0,0.7617503989180828,0.2992073267345332,0.2878678519325583,0.3626694906733145,0.457567115373851,-0.0095645123167256,1,0.38648507738502097,0.3613023182639821
13383.0,1.1843059274157668,-1.058145946714099,-0.8013355154310978,-0.3576310176485259,-2.515817022689194,0.1195850161540952,0,-2.3830874552310273,1.0789643260612343
13384.0,-0.6338830081757483,1.15560189306089,1.4199991550447204,1.3937145926129326,1.233004335585143,1.052279587991164,1,2.866673469133108,0.29877928830127604
13385.0,0.8644979455921589,-1.058145946714099,-0.3986450835325692,-0.3737580832755742,-0.144576100004755,0.8791059415632276,0,-0.8777160078159356,1.41049496335889
13386.0,1.0095401454577722,-0.5571872395918231,-0.0773707134363792,0.0223608173365031,-0.4437267787202448,0.5446187461054085,0,-0.5956513363665727,1.163871075686115
13387.0,1.014159554616912,-1.058145946714099,-1.143734384679868,-0.9036346224583336,0.4240770344914922,-0.5262190194789068,0,-1.7294359338554384,0.2767373939395678
13388.0,0.2749171387187454,-0.2017513803877423,0.1746284883588213,0.2261007327383554,0.3891614223084505,0.4695066826386108,1,0.3250681522999229,0.5971736433241431
13389.0,-1.2629135238814884,-0.2017513803877423,-0.1104227500037648,-0.0962799984533907,0.1411722937225966,-0.0670238424771764,1,0.24717721730975684,-0.7036289808203173
13390.0,-0.0791383545924629,-1.058145946714099,-0.3859619431224691,-0.5222758574236794,-0.91940584661767,0.9030278174716192,0,-0.9617978174827154,0.930915553860209
13391.0,0.5572336581134208,-1.058145946714099,-1.966469745480523,-3.0259974839117305,-2.515817022689194,-2.0779934672998825,0,-4.681287298370481,-1.3122233441024742
13392.0,1.324346655508488,-1.058145946714099,-1.666905211590464,-1.178194505634738,-1.2818823689972492,-1.5129799631864662,0,-3.2202145529004493,-0.3028772925737451
13393.0,1.2297284596616558,0.0739460908215904,0.1409401933944249,0.1885064471269017,0.1880646595930938,0.0162784627872446,0,-0.11219458076070651,0.6913686736240968
13394.0,-2.1519790306632065,1.7867352234743037,1.4135939751621724,1.562492718418263,1.4615439829551946,0.2990353316577853,1,3.5482747266481267,-1.306967674188371
13395.0,0.4948562494227654,-0.2017513803877423,0.1713296541820839,0.792557435875949,0.4897435161402434,0.4632951911877359,1,0.561218478817858,0.7654022683459942
13396.0,-0.6752731880764764,-0.5571872395918231,0.2739353441524722,0.1239313687523604,0.0011923041824166,1.2065964219314491,1,0.5355255667593168,0.7640934661846858
13397.0,-0.0962413734548695,1.0480979277381186,0.8878614985761443,0.6498375613997025,0.3891614223084505,0.1799375034821101,1,1.4275015437409926,-0.1204724060822826
13398.0,0.5185490566485405,-0.5571872395918231,-0.2358313004445731,-0.2468813028931192,-0.1002197270566499,0.2461427801145599,0,-0.5948290301709921,0.610060691992968
13399.0,1.0824965852277768,-0.2017513803877423,-0.8753048529621619,-0.9302666386620904,-1.117253523671916,-1.5032792539295845,0,-2.2103161919954033,-0.6051131214905641
13400.0,1.2286312392078274,-1.058145946714099,-0.7883947783225908,-0.3667980083921493,-0.4772168596026035,0.1439927493544865,0,-1.540500782631436,1.0311800278182945
13402.0,0.2551824986059697,0.0739460908215904,0.3606366812427939,0.5262704040584975,0.217900422374825,0.4297075559596478,1,0.5961735271971095,0.5230357302539079
13403.0,-0.9682038613741812,-0.2017513803877423,-1.0061632945411425,-0.9637172845910724,-1.1954453334565955,-1.7481505725958335,0,-1.7576862591572164,-1.9303503070801549
13404.0,-2.4120140217391843,-0.5571872395918231,-0.9376539722638424,-0.9811029912456316,-1.0458699940988507,-1.0742481852315942,0,-1.16443450089433,-2.1009751092270457
13405.0,-0.0876328522714647,0.4896629879592288,0.1915294950021003,0.356551112238319,-0.1914684658752519,-0.4373941817131661,1,0.28173306463091197,-0.47268528044659
13406.0,1.0293216130101532,-0.5571872395918231,-0.3538498423887334,-0.3485900376463807,-1.3785107536966998,0.0239057872475444,0,-1.4583481272948016,0.7577130420459697
13407.0,1.2242234885320706,-0.2017513803877423,0.6342826606707153,0.8043307980635127,0.5698454386786636,1.335388962269966,1,0.8644499286504553,1.8697877823804783
13408.0,-2.1519790306632065,3.858815183182004,2.8948603981091856,2.684801129797152,1.652931838782126,0.7556109960910172,1,5.893839879534106,-1.3933558267715394
13410.0,-0.7922005967383016,0.9303406571479472,0.6204361994063226,0.6029468149670815,-0.4115503779538524,-0.1801588314008288,1,0.9997219727086769,-0.7323747110346294
13411.0,0.1462219650521856,-1.058145946714099,-1.0578356254360255,-1.2626334870875635,-0.7132292345010023,-0.3642039827550663,0,-2.0088825967469015,-0.054424635522832644
13412.0,1.2680279097306315,-1.058145946714099,-0.4651552831793918,-0.6800964371201603,-0.1914684658752519,0.753659980141353,0,-1.2378032375564965,1.5020745310343813
13413.0,1.2883568763718705,0.4896629879592288,-0.5561117369579732,-0.0576667801225735,-0.0789096183560038,-1.837418263161556,0,-1.087009368282792,-0.8969309756195523
13414.0,0.2893295474663386,0.4896629879592288,0.7101809820563861,1.1128296724623568,0.1083521949576072,0.5379810903518876,1,1.1949701942310174,0.5866821736785555
13415.0,1.0947907354871098,0.0739460908215904,-0.107982699120014,0.0068539079759826,0.5698454386786636,-0.4517381475247931,0,-0.26111560367464387,0.2030273342073628
13416.0,-0.4152381970004986,-0.2017513803877423,0.0081018940075496,-0.5707933990113551,-0.7601216003714991,0.1560125873440529,0,-0.488912682384443,-0.06461718720919732
13417.0,-1.7074462772723475,0.4896629879592288,0.4210589435437287,0.0449565067865308,0.2466890975132978,-0.0059955096317079,1,1.06576677430039,-1.0644793761024438
13418.0,-1.2115801184678894,2.3674323185913275,1.8558687347225955,1.7933778745386644,1.670575380230482,0.4675005349126477,1,3.9632039032809496,-0.7961305223166468
13419.0,-0.1794070292720186,-1.058145946714099,-1.0330437589491386,-0.3879031647636542,-0.7601216003714991,-0.3174436430867898,0,-1.48904836180921,-0.1056272357716035
13420.0,0.3611612137995771,-0.5571872395918231,-1.265417298258693,-1.0426170379233035,-1.2818823689972492,-1.68937551045955,0,-2.503521856814856,-1.0706042041813806
13421.0,-0.4749394310824503,0.8001660338568091,1.0687816501591163,1.0403609340836106,1.15268439735128,0.8229437893987027,1,2.2260622078875687,0.26240774900695407
13422.0,-0.1794070292720186,-1.058145946714099,0.7473721374106308,0.6448996933210679,0.8961017842882889,3.040627525480359,1,1.5775408679822192,2.6420841159096384
13423.0,1.0323114794921844,-1.058145946714099,-1.046241384890367,-0.8250072737432935,-0.9802035124500996,-0.3423358984622822,0,-2.1778959309070194,0.5061084752362096
13424.0,1.062891231517784,-1.058145946714099,-0.348998363165892,0.0412440551307057,-0.0378814165327151,0.9727454224385238,0,-0.6472651387330438,1.632221623199546
13425.0,0.1521328382198956,0.2992073267345332,0.934135160037209,1.0299554732313394,0.8766449105123539,1.207057032903415,1,1.7508370187689293,1.0594213332057263
13426.0,-2.4120140217391843,1.959413366567396,1.564750972255611,1.4999157495257318,1.094407142278882,0.3846836081535323,1,3.6202542402785105,-1.4167967585757848
13427.0,-0.9353081791524545,0.4896629879592288,0.0567160860853278,0.3754850891987499,-0.144576100004755,-0.690522272308323,1,0.4314442317415162,-1.1437050568518248
13428.0,-1.3187161125298097,-0.2017513803877423,-0.4467557884719262,-0.2004783599377006,0.8634124775613803,-0.6993699412402843,1,0.15870540798604982,-1.2889389602473544
13429.0,-1.2629135238814884,0.0739460908215904,0.0569091662793572,0.675879768631748,0.217900422374825,-0.1417697366979658,1,0.8173964594727003,-0.7589072795963981
13430.0,-0.9353081791524545,-0.5571872395918231,-0.2261186926431372,0.2713538538233589,0.1083521949576072,0.2644348222513607,1,0.1991774345699317,-0.13143247312524814
13431.0,-0.150470157144488,0.8001660338568091,0.9153974622468406,0.7559174655160901,0.8010741670374462,0.5341922292515072,1,1.6821403711143825,0.19411948780713084
13432.0,1.2153160509140626,-0.5571872395918231,-0.54011886900982,-0.5430633509352029,0.6853342645162757,-0.3267171921245062,0,-0.9481597738116523,0.4644674339654478
13433.0,1.131598183073706,0.0739460908215904,-0.2488500510662724,-0.630028288668433,-0.5121324717856456,-0.7163367596461789,0,-1.1710895401472885,-0.006634252939732433
13434.0,-0.0876328522714647,0.2992073267345332,0.4199235560639449,0.3634303015606991,-0.7132292345010023,0.2388540259052738,1,0.3054221247453629,0.1479297938551079
13435.0,-1.7074462772723475,0.9303406571479472,1.1313218057079015,1.1341371458035248,0.6685909679263046,0.7809309572634019,1,2.5260174752645246,-0.4521981975015675
13436.0,-2.1519790306632065,-1.058145946714099,-1.116082244536336,-1.2275467185765694,-0.9802035124500996,-0.4740638714850981,0,-1.448690535683725,-1.3909660479358017
13437.0,-1.1198059414673356,0.654643185938614,0.935072164256058,0.6232340037961621,0.9927301689877396,0.7523115002891821,1,2.0162111849051385,-0.14581356849217975
13438.0,1.187826477146772,-1.058145946714099,-2.1443554285227555,-2.5074125686447046,-2.515817022689194,-2.4135065262128825,0,-4.823075307492454,-1.1851496934782588
13439.0,0.6997152519968288,-0.2017513803877423,0.0423264265156632,0.4271538556494647,0.9275383145186272,0.2204304312202085,1,0.3703642115416244,0.6251663901980374
13440.0,1.0232997359133336,0.654643185938614,0.2382866026281458,0.0936988718044614,0.1249263557760024,-0.5580204674761852,0,-0.0011027221309497907,-0.04325080338320545
13441.0,0.0503234960319062,-0.5571872395918231,-0.1835083754612052,0.0299792917682934,-0.1914684658752519,0.3446883070917507,0,-0.3009544340927912,0.4643683932269437
13442.0,1.3148171310090695,-0.2017513803877423,-0.5723135131122598,-0.958022695435433,-0.1914684658752519,-0.9351581107513212,0,-1.5901099516920087,-0.06147463331145963
13443.0,1.0614676455862315,0.4896629879592288,0.2298487716326285,0.3202211539615819,1.1620071460508272,-0.3654081200838148,1,0.5093465430910564,0.15307842019443244
13444.0,0.9445402369244064,-0.5571872395918231,-0.2785703651510677,-0.2546192855417444,0.1571027565423948,0.1656554573638392,0,-0.6697716437738203,0.7667658875557741
13445.0,1.2741945456928905,-1.058145946714099,-0.9684049527202744,-0.6030410799249616,-1.3785107536966998,-0.195527347005885,0,-2.2316419387152417,0.7979276417120243
13446.0,1.033801201878248,1.15560189306089,1.0288524119933922,1.0357261974091367,0.8010741670374462,0.3159946499312036,1,1.5835298726363072,0.6026180944007735
13447.0,-0.8183807704906293,-0.2017513803877423,0.1394688081479495,0.1061840272393253,0.217900422374825,0.4033057850490413,1,0.5010352399829547,-0.0616738993896545
13448.0,-1.0028785328055103,1.3460575542855853,1.6537252347852989,1.4340461039143382,1.652931838782126,1.2657982296359769,1,3.434792831886206,0.203518066466234
13449.0,-0.7922005967383016,-1.058145946714099,-0.8335725095245863,-0.5281484048190704,-0.6267921989603487,0.0587823010986136,0,-1.0965141050689422,-0.1579331792595517
13450.0,-0.7195200551006783,1.3460575542855853,1.0717463228037276,1.4210782375473143,0.2466890975132978,0.1703066740117343,1,2.1380999033270918,-0.46611363477932627
13451.0,-0.7428435417295326,1.15560189306089,1.4730105069254478,1.5518441423118956,2.1098500016332093,1.1521210962709147,1,3.3956289048996102,0.2964587271587112
13452.0,0.7096584775096997,-0.2017513803877423,-0.1746788038445828,-2.804692648559184,-2.183176263091345,-0.1879017343971359,0,-2.675641141735542,0.11443079073370131
13453.0,0.4257516242273519,-0.2017513803877423,-0.1252483615284219,-0.2468813028931192,-0.1914684658752519,-0.0949161230728078,0,-0.5040851201421734,0.20158419974072608
13454.0,1.2893566040861313,-1.058145946714099,-1.0369157383623435,-0.6030410799249616,-0.4772168596026035,-0.3247466459746843,0,-1.9347472581294438,0.6614503686012071
13455.0,-0.7670473650770303,0.4896629879592288,0.8202535336529265,0.4495436307255754,0.5105140700321456,0.7452056129294168,1,1.4963207523954978,0.08932185272081493
13456.0,-0.9682038613741812,0.4896629879592288,0.4618254811238038,0.2834860728339163,0.0200527453205781,0.0706718101712886,1,0.8965923299605721,-0.5620712647994164
13457.0,1.3355982633836874,-0.5571872395918231,-1.3194981942310078,-1.0756752990814846,-1.1954453334565955,-1.790724035811751,0,-2.8442567797579232,-0.6243183591028016
13458.0,-1.5229485149574664,1.5859404542672264,1.839527353865844,1.715833846631745,1.569884862020401,1.3339751831481252,1,3.9078183284972448,-0.05913594198693365
13459.0,1.2731708819498868,-0.5571872395918231,0.1591361484158859,0.4502103524641729,0.2466890975132978,0.9902440082103122,0,0.06152185973902403,1.681611171649226
13460.0,-0.6752731880764764,-0.5571872395918231,-1.1668027168517148,-0.3621985425239267,-0.7601216003714991,-1.5044514164767426,0,-1.53907009804073,-1.4454397400724075
13461.0,-0.4907754257615954,0.4896629879592288,1.078699954040926,1.2099281890051887,-0.2672508963742018,1.2319620468786154,1,1.7192362465928657,0.7462254486440474
13462.0,0.6946852246521797,0.2992073267345332,0.1550544790413604,0.2223423171467483,0.3401681767824983,-0.2592760793893071,1,0.15166956210654184,0.11342896116881844
13464.0,-0.2415192631816249,0.4896629879592288,0.8662747662488577,0.6991067916340292,0.9024861982765124,0.8318626103771446,1,1.6615860757491088,0.4558553919125142
13465.0,1.0571778289304523,-0.5571872395918231,0.0006571751192534,0.1061840272393253,-0.1676872918813187,0.6916218431117923,0,-0.3734951686369121,1.305140792129958
13466.0,0.4913989623501418,0.2992073267345332,0.0615773676386116,0.186519373292834,0.1249263557760024,-0.4349351235910181,0,0.009602997794241598,-0.13450514051524864
13467.0,-1.2629135238814884,-0.5571872395918231,0.1099037005141817,0.1061840272393253,0.607142454731596,0.8974685670896532,1,0.7878419489414078,0.16209146045218373
13468.0,-2.1519790306632065,3.386391605697828,1.920976431222289,1.6178256599488805,1.569884862020401,-0.5511442899049107,1,4.284040995495623,-2.426534828454787
13469.0,1.3012333360775918,-1.058145946714099,-1.7387201382842286,-1.473214373913271,-1.4880589811139169,-1.6484312559412482,0,-3.5137762735345723,-0.4456283463415502
13470.0,0.0968649100434169,-0.5571872395918231,-1.2427074196162766,-1.0490970995891926,-1.3785107536966998,-1.6468025890127571,0,-2.4402519382061527,-1.1777202069831862
13471.0,-2.4120140217391843,0.0739460908215904,0.7209132847825788,0.7642378919571898,1.3215639934150147,1.1081883651279176,1,2.38088178831122,-0.41896491827837984
13472.0,1.0824965852277768,-0.5571872395918231,-0.3249518670502992,-0.3093765158786823,-0.4437267787202448,0.0783171422430423,0,-1.0374234505592486,0.7932020293478842
13473.0,-0.2097114950440718,0.8001660338568091,0.7559494628296362,0.4594741808020236,0.3526935049184267,0.2341634048480352,1,1.205605109778885,-0.09107594964836634
13474.0,0.6502579820962507,-0.2017513803877423,-0.242896365957425,-0.2604831068966469,0.8223842757380923,-0.3161997070413017,0,-0.2841397089973471,0.09921277208689239
13475.0,0.5152174896819478,0.0739460908215904,0.3104476174465749,0.4673120603127497,0.3401681767824983,0.3352362278655905,1,0.48487116926619306,0.5780954680439072
13476.0,0.4738273097812196,0.2992073267345332,0.5729508275440551,0.2372488121448318,0.5793298571111467,0.5268589352470432,1,0.7705168875021612,0.6192958528439233
13477.0,-0.5070123740010525,1.15560189306089,0.8022418455112009,0.9455505189649676,0.7938459876173184,-0.1101296236219627,1,1.777997745639637,-0.59790905227467
13478.0,1.0893557436471168,0.2992073267345332,0.6249426318636951,0.5732295209741893,0.8082392174469527,0.6247383738858205,1,0.8869581844442143,1.0603315087432772
13479.0,0.5477790613471053,0.0739460908215904,-0.0637932943737498,0.2400065559703205,0.0565206627106016,-0.3686932301839793,0,-0.14728812901722785,0.01594928839591253
13480.0,1.014159554616912,-0.5571872395918231,-0.2829801919748776,-0.2076863327758596,-0.0378814165327151,0.157351177595854,0,-0.7550944520287521,0.8117192591415836
13481.0,-0.3873500989396135,1.15560189306089,1.0193156381501345,0.932877276419202,1.094407142278882,0.2980536990591776,1,2.0899813051408502,-0.21636872166241644
13482.0,0.639341544931368,-0.5571872395918231,-0.7322664877798832,-0.6404409748334174,-0.586765087019821,-0.6881886690537671,0,-1.5468712410734269,-0.09771766596362483
13483.0,-0.1599714449813229,-1.058145946714099,-1.358592817124781,-0.7424124492385259,-1.117253523671916,-0.9314669779991552,0,-2.1563100840874334,-0.6115735207456879
13484.0,0.6636473034612838,-0.2017513803877423,-0.1169823729168795,-0.5222758574236794,-0.0789096183560038,-0.0793650190238983,0,-0.6522507523422117,0.31224614882493873
13485.0,0.6420881238566438,1.15560189306089,0.8478033484884041,0.8450508835021734,0.921346639414674,-0.0244880540070672,1,1.4737799642319147,0.08717834718630973
13486.0,-0.0543097623705864,-0.2017513803877423,0.1351648376410704,0.1954143074317412,0.4009658426149288,0.3952023802291889,1,0.3762713979472534,0.3524781426255193
13487.0,-0.2415192631816249,0.2992073267345332,-0.0676076697334696,-0.2076863327758596,-0.2412044847042052,-0.6775452879458939,0,-0.23643071521292078,-0.756981029286788
13488.0,-1.0028785328055103,2.0119964593872464,2.030461132915642,1.8175693190607487,1.7691409395186153,1.2010787326377792,1,4.109060171446664,0.0061710097776063256
13489.0,0.1342342291316152,0.0739460908215904,-0.5232566307259849,0.0786314777309225,-1.0458699940988507,-1.231049255962843,0,-1.0393911834993788,-0.8766034231536662
13490.0,1.3022132067018704,-1.058145946714099,-1.290951900781793,-1.9416401849203373,-1.2818823689972492,-0.8038883535601875,0,-3.1727433216554752,0.18223213756269313
13491.0,-0.3102985242592435,2.202452120611942,1.145876325536119,1.0307829687552188,0.9984076522496488,-0.6794783473828322,1,2.278333124780297,-1.2315348036027203
13492.0,0.298760970365054,-0.2017513803877423,0.2240207450469135,-0.1292121204849814,-0.0789096183560038,0.5625147099583233,0,0.008504448126188204,0.6707842709869388
13493.0,0.7479579275786754,-0.5571872395918231,-0.2935891402447901,-0.1758549144852563,-1.4880589811139169,0.1373734741385515,0,-1.2708887154925739,0.7171615780388421
13494.0,0.8286381285590276,-1.058145946714099,-0.7759548475575556,-0.7342923345111426,-0.6688728615528973,0.1674559036244787,0,-1.655047596530488,0.8019979310324474
13495.0,-1.4474112861963695,1.0480979277381186,1.2632089236971389,1.105980898684332,0.2745016951337471,0.886334390632403,1,2.41422074230494,-0.24029563803338724
13496.0,-1.2629135238814884,-0.5571872395918231,-0.2543245338450999,-0.2468813028931192,-0.321964036982949,0.2113149435214644,0,-0.1511794567548587,-0.38730395434400033
13497.0,0.7662827513425954,0.4896629879592288,0.2520955631617135,0.1005383192801558,0.1727297634470911,-0.3236087259353701,0,0.11064168090074535,0.04678611950917818
13498.0,1.3726167481092917,-1.058145946714099,-0.751130523238153,-0.2076863327758596,-0.7132292345010023,0.2142774625347241,0,-1.5689923594966972,1.193706247439381
13499.0,-0.9682038613741812,0.2992073267345332,0.1583291157796849,0.6639512418483263,-0.2412044847042052,-0.2531210048417774,1,0.6397712737307908,-0.7252080693499122
13500.0,-0.8183807704906293,0.0739460908215904,0.3276030412232129,0.3433574474678515,0.4897435161402434,0.3675265376416925,1,0.9227131229959471,-0.14781265446662492
13501.0,0.777475447277631,-0.2017513803877423,0.8150739339482421,0.6076843212032644,0.6162076636214244,1.6761139291491474,1,1.1226137194287023,1.8782425024753628
13502.0,-1.0028785328055103,0.2992073267345332,-0.1263447833479976,-0.0090274496374472,-0.321964036982949,-0.7877884283345581,0,-0.001442258367715667,-1.2411317528554124
13503.0,-0.1138130260237924,0.4896629879592288,0.5162452677528682,0.5327679246384178,1.074023657541187,0.1730349771382123,1,1.2431156344063206,-0.031649615236332064
13504.0,-0.1794070292720186,-1.058145946714099,-0.8236762780006445,-0.6727062364625485,-0.5121324717856456,0.0774477431596291,0,-1.29740603395383,0.17432727133253292
13505.0,-0.0962413734548695,0.0739460908215904,1.1180644529336468,1.0580513166752603,1.189356113787718,1.8565800729160704,1,2.164135653014971,1.4949285079421515
13506.0,0.8367820500425664,0.2992073267345332,0.4078729455845933,0.5648862259409839,0.217900422374825,0.2161800108476696,1,0.48602268715294006,0.616290823592332
13507.0,-1.9674812683483247,0.0739460908215904,0.7058417389475601,0.7671253513275911,1.0096460890517032,1.0797956663066826,1,2.0980431115795306,-0.18342803538154837
13508.0,0.6715487405611223,-0.5571872395918231,-0.8455551757748273,-0.6653981508446892,-0.3507527121214226,-0.9011800667457788,0,-1.5908198220012986,-0.2654938831789628
13509.0,-1.3798409325433134,0.8001660338568091,0.1302152517137734,0.5869040455194251,-0.3507527121214226,-0.9411171349083228,1,0.6744291461090359,-1.6415684771553347
13510.0,-2.4120140217391843,1.15560189306089,1.1445704408016664,1.1911896465777456,1.1620071460508272,0.5337342377811216,1,3.003790158651864,-1.1153866678951116
13511.0,1.324346655508488,-1.058145946714099,-0.8563678675756137,-1.3807506813715704,-1.614523128595098,0.0157876082266668,0,-2.5920319561167866,0.9289774156363554
13512.0,0.7145728708968584,0.0739460908215904,-0.1910440457398705,-0.1117564993005878,-0.2412044847042052,-0.6077825631206655,0,-0.6234312715610468,-0.1079898124905661
13513.0,0.2551824986059697,-0.2017513803877423,-0.0867963736805672,-0.2040724723719749,-0.2159596295778201,-0.0225712243509818,0,-0.4001236657909408,0.17179940244678632
13514.0,-0.0876328522714647,0.0739460908215904,-0.0944213978435916,-0.3576310176485259,-0.8098576192004525,-0.426254431316022,0,-0.6227286129733698,-0.4012032627093247
13515.0,-0.0962413734548695,0.4896629879592288,0.221737707195737,0.3282914507803025,0.3401681767824983,-0.3806467218196369,1,0.5240425370018215,-0.4580334936463524
13516.0,-0.8741833591389503,0.0739460908215904,0.4278296817281385,0.5304126098965184,0.217900422374825,0.5562054823094366,1,1.0215902564855572,0.005168002119897644
13517.0,-0.2201397768252409,-0.2017513803877423,0.595970427093912,0.6658744038583051,0.8831819415705221,1.2631936763303016,1,1.3391164926538934,0.9896629473535917
13518.0,0.0075526370213185,-1.058145946714099,-0.247627003648168,-0.1554588324623538,-0.1220981718085144,1.1639435803582152,0,-0.3379798621506033,1.19098266613197
13519.0,-0.0543097623705864,-0.5571872395918231,-0.7172046645739724,-0.8631467072838476,-0.6267921989603487,-0.6598634775867184,0,-1.4360018942458486,-0.47658007016621123
13520.0,-0.2307404346856175,1.15560189306089,1.4442367534595608,1.2420884756219186,0.5307717179635321,1.0979273336311186,1,2.4036585779172372,0.5734088981293122
13521.0,-2.4120140217391843,-0.2017513803877423,0.116476956565882,0.2581018083703786,1.6322919311293915,0.3600183232513443,1,1.6325577434637661,-1.0204251016720514
13522.0,-0.6542442484349309,-1.058145946714099,-1.436818459855289,-1.5808368721392685,-1.614523128595098,-1.0790096257777124,0,-2.6863233232002526,-1.0646186426739337
13523.0,-0.5950029105353472,0.4896629879592288,1.2256859016428805,1.0221815599004038,1.1666290909919852,1.5088935911029842,1,2.4153097455024763,0.8302652329906853
13524.0,-0.4594850640247002,0.2992073267345332,-0.2253460406665396,-0.2804155698175485,-0.7132292345010023,-0.9734973896882044,0,-0.5659963162813223,-1.102655092126772
13525.0,-1.0784157615666077,-0.5571872395918231,-0.2818809236363239,-0.1521201403247171,-1.614523128595098,0.1594212358948368,0,-0.7304086302125034,-0.26071505499348296
13526.0,1.3795972273515245,-0.5571872395918231,0.1724086102288687,0.8851184930692538,-0.2941514393624997,1.015256073905115,0,0.022307620395728464,1.8281472400449017
13527.0,-0.5764124726865254,1.2544959545938104,1.1641298671102411,1.127269790085312,1.499269850589834,0.4525762910788142,1,2.568136494621503,-0.21998862784098902
13529.0,-0.0462426723707365,-0.5571872395918231,-0.7955242487936889,-1.244856163309911,-0.8098576192004525,-0.8071313518034445,0,-1.7772338018119322,-0.6215256415508961
13530.0,1.2823255604571917,-1.058145946714099,-0.60182801847411,-0.3950914432943594,-0.6688728615528973,0.4958793273956747,0,-1.4518421687732563,1.3512104579744555
13531.0,0.5603544681590024,0.4896629879592288,0.4502373577152544,0.1239313687523604,0.0384893202353487,0.0488774073630346,1,0.3403347448404116,0.2435184668285708
13532.0,-0.5764124726865254,-1.058145946714099,-1.0688005757936112,-0.8830791702047491,0.3650304751021734,-0.3848851526636602,0,-1.1687353876293658,-0.4783290912175162
13533.0,0.4879229365026979,-0.2017513803877423,-0.8874247849874018,-0.5835033778764733,0.3014022381220454,-1.5259732534126027,0,-1.285274034425989,-0.9787614015597604
13534.0,-2.1519790306632065,2.5129551665095216,1.524246319137746,1.3488806133190714,1.0994248524597794,-0.3202795254532344,1,3.469547207316739,-2.0091710016173265
13535.0,0.9923118147379644,-1.058145946714099,-1.679846566628344,-2.5074125686447046,-2.515817022689194,-1.5373888618734248,0,-4.268313795157681,-0.5834947775985874
13536.0,-2.4120140217391843,0.654643185938614,0.9435260329644156,0.9582920270328076,0.6251737972068488,0.7682286278466989,1,2.4329622984541888,-0.7930671754614242
13537.0,1.0278214364224063,-0.5571872395918231,-0.1865593036775428,-0.2546192855417444,-0.0789096183560038,0.3389418791419519,0,-0.6960563323440503,0.9633408592905619
13538.0,-0.4296506057480915,1.2544959545938104,0.8697754502499379,0.434702118283372,0.7413828979433381,-0.1010049071251708,1,1.5693273714963787,-0.6232064679964534
13539.0,0.0075526370213185,0.654643185938614,0.3765175642529847,0.2344794567321561,0.4009658426149288,-0.2983943113735899,1,0.643096902717634,-0.38946491527307864
13540.0,1.086620877247503,-0.2017513803877423,-0.2777621615043039,-0.6334808999499925,-0.3805884749031534,-0.3817585658875846,0,-1.1324224823724791,0.302195346482932
13541.0,1.0293216130101532,-0.5571872395918231,-0.1219782351454607,-0.3784393908584309,-1.117253523671916,0.4605874144305754,0,-1.117552377993416,1.0965422528624835
13542.0,0.949650424908974,1.6565606001831652,1.0515550847770931,0.3250752050618609,0.6853342645162757,-0.2309158386930961,1,1.283469672264608,-0.08611862889080081
13543.0,1.2823255604571917,-0.5571872395918231,0.3143748660204542,-0.270373833714497,-0.1002197270566499,1.2828156367252808,0,-0.25943357054909616,1.866596772467622
13544.0,-0.4749394310824503,0.4896629879592288,-0.0829574723331113,-0.2149741739744117,1.3404244345531768,-0.9525280467823672,1,0.4791057054412371,-1.2284082217153378
13545.0,0.972973911537828,-0.5571872395918231,-0.6542397376495913,-0.4322607072827482,0.2031181655606824,-0.5414337705363521,0,-1.1419837250410638,0.1901004423243963
13546.0,-1.2115801184678894,0.2992073267345332,0.1154822579515223,0.1117816860375853,0.6600894093898906,-0.3336490779292858,1,0.7849252241861413,-1.019821094916822
13547.0,1.0002002930243403,-1.058145946714099,-1.198388746041377,-1.178194505634738,0.0384893202353487,-0.6293034928874992,0,-2.0725238179196874,0.17527510378606803
13548.0,0.0773306527470905,-0.2017513803877423,-0.0166572021949821,0.0844675491965173,1.1289032233573464,0.109414730755005,1,0.4242521304265343,0.14985120025210327
13549.0,-0.7428435417295326,0.8001660338568091,0.0561937952709355,0.0715591414290579,0.0384893202353487,-1.079813760929374,1,0.3167391174248218,-1.4729155945045598
13550.0,0.9597502430728068,-1.058145946714099,-0.7041350499316581,-0.0591107344650019,-0.0378814165327151,0.3029163835230021,0,-1.0398453491590909,1.0233190210456533
13551.0,0.8428228344109817,-0.5571872395918231,-0.9616138175859024,-1.709582179172762,-1.614523128595098,-1.1192586881886355,0,-2.7835339006614306,-0.3963613163726432
13552.0,-0.1599714449813229,1.959413366567396,1.4514498420866064,1.10104488348166,1.094407142278882,0.1715778060174218,1,2.61024266380322,-0.3916735359252816
13553.0,1.322452044975983,-1.058145946714099,-0.4215694201999079,-0.5771176875341992,0.5698454386786636,0.8358679800405783,0,-0.8437026357468123,1.5748847590046864
13554.0,0.954720215728158,0.654643185938614,0.4074686462917889,0.102802421133135,1.0636387966331442,-0.2402344868396017,1,0.5940077814790884,0.1353804626609341
13555.0,-0.0876328522714647,1.3460575542855853,1.634630555272513,1.4943538810744914,1.493101452679689,1.2298307720979815,1,3.0911186383216176,0.6905981217076462
13556.0,1.0323114794921844,-0.5571872395918231,-1.1019118591587913,-0.8582565662530369,-1.2818823689972492,-1.382691030475629,0,-2.4527644258558805,-0.4348960792547095
13557.0,-0.6970151074455184,1.3460575542855853,0.8509078600451822,1.0343568008311654,0.8896672959534744,-0.2448059052023449,1,1.981988683090769,-0.8573476100796444
13558.0,-1.608585561882396,0.0739460908215904,-0.3095456197884739,-0.2411369787048411,0.8700553726182927,-0.8302747591596333,1,0.37604561193978436,-1.6275016755294707
13559.0,1.1467483017274251,-0.5571872395918231,0.04479564803435,-0.2113201593606197,-2.515817022689194,0.7747855871115341,0,-1.4794255875158642,1.494601531590137
13560.0,-1.5229485149574664,-1.058145946714099,-1.2031394768767116,-1.3389765845331374,-0.2159596295778201,-0.6382639230209183,0,-1.4722532465964193,-1.2234526492615116
13561.0,0.5937169648127165,1.15560189306089,0.4835085105146583,0.5432636942583606,0.921346639414674,-0.708642821328515,1,0.9605518870622682,-0.5236508147943529
13562.0,-0.0226329437380984,0.8001660338568091,1.1875022103393975,0.7695902671624874,0.5979759564957379,1.046512991423737,1,1.8533232324941487,0.6895370576031262
13563.0,-0.0073625747303351,-0.5571872395918231,-0.1290885309217563,-0.567653913628976,0.1249263557760024,0.4471936900295006,0,-0.3748114146890176,0.4415196422323206
13564.0,0.3351579817503524,2.579756093947218,2.1034472665600195,1.9221404738632764,1.988962657158903,0.693496724501204,1,3.953299756432168,0.17828525542572668
13565.0,-0.9353081791524545,-0.2017513803877423,-0.581046829780064,-0.4246569123197467,0.0565206627106016,-0.9515517826035392,0,-0.5439288737434639,-1.2689074893753913
13566.0,-0.4594850640247002,0.2992073267345332,0.4375328716433562,0.6144676992234456,1.4899997739109212,0.2719887370476254,1,1.473488710695756,-0.10273484207454255
13567.0,1.0308182885991817,0.0739460908215904,0.109890414017314,0.1714218258238153,1.1803407147432114,-0.0421269225600921,1,0.3210790399071403,0.4887682481636429
13568.0,0.4520853904121776,-1.058145946714099,-1.1309456721780908,-1.2809046880716817,-0.0181119525235737,-0.5020980223438452,0,-1.9017638782014525,-0.030790409946471597
13569.0,-1.0028785328055103,0.0739460908215904,-0.0288033276552747,-0.1389323112681091,0.9754580982530536,-0.3029240398256698,1,0.5768449256377792,-0.8620783552396157
13570.0,0.6689257299564773,-1.058145946714099,-0.9755902229941148,-0.7383398607540069,-0.3507527121214226,-0.2090796012821349,0,-1.6872158169085831,0.3948603564282947
13571.0,-1.1640528084915374,2.1575193073054413,1.14271096295917,1.2234342270011505,1.4899997739109212,-0.6344182013112114,1,2.8325644354669786,-1.65475367654089
13572.0,0.5634601652637944,-1.058145946714099,0.2861376980532081,0.0474198839687432,-0.2159596295778201,2.170685802356463,0,0.11255897576333915,2.3358905480916397
13573.0,-0.3349679194593694,0.4896629879592288,-0.0107582310328803,0.186519373292834,0.4465549626877331,-0.817128020033375,1,0.3294561622118785,-0.9616369113148947
13574.0,1.0048872215498614,-1.058145946714099,-0.5699546094081135,-0.2968082174231356,0.5602500888610992,0.5559962788603912,0,-0.7745772067312947,1.202404528467567
13575.0,-0.8183807704906293,0.2992073267345332,-0.1724439772836549,-0.0663784430952912,-0.0181119525235737,-0.8742797021994759,0,-0.008566491732272127,-1.2290887878712855
13576.0,-1.3187161125298097,2.245808014503504,1.8145460570863328,1.4646772260225005,1.0040461146997783,0.527740440395349,1,3.511862465846533,-0.7767049370847867
13577.0,-0.7670473650770303,1.15560189306089,0.9520387958721356,0.7929532956163405,0.7178293264081053,0.1715079156829422,1,1.9146808582453272,-0.5247345496028686
13578.0,1.00176641150428,-1.058145946714099,-1.3222075580261436,-0.8932765983286024,-1.1954453334565955,-0.86284015333993,0,-2.583279394280998,0.07079044563326115
13579.0,-1.0784157615666077,0.2992073267345332,0.362468518081164,0.2826268683501283,0.435392980203531,0.1307570134819077,1,0.9925326521140455,-0.5434750810675503
13580.0,0.9970565357545048,-1.058145946714099,-1.5474722926286888,-1.5663808849782732,-1.614523128595098,-1.287715606378954,0,-3.3119941921502005,-0.3245555336872623
13581.0,0.8224615941517993,-0.5571872395918231,-0.8620532010405754,-0.935724935040335,-0.2159596295778201,-0.9321883677946796,0,-1.7265250932733285,-0.24081457383005195
13582.0,0.9713357875339578,-0.5571872395918231,-0.9690579059124128,-1.0111411307468456,-1.117253523671916,-1.13324178050447,0,-2.2963825861557448,-0.28912560775551416
13583.0,0.3861510713168414,-0.5571872395918231,0.3170813612857618,0.5203073447292799,0.6428173386552047,1.287916866764767,1,0.7034568738325092,1.4244208286303435
13584.0,0.8183106074995556,-0.2017513803877423,-0.620859875882068,-0.2058769205238143,0.457567115373851,-1.0262742822178728,0,-0.8633523645738572,-0.36157998944033165
13585.0,1.1688228586551843,-0.2017513803877423,-0.220748468632699,0.673985682545786,-0.2941514393624997,-0.2745495972703801,0,-0.446652402401464,0.5615746599158934
13586.0,1.180765944929144,-1.058145946714099,-1.4049696885994585,-1.6583052409265662,-0.586765087019821,-1.01893914408455,0,-2.8340235031551035,-0.06114658008534323
13587.0,-0.1794070292720186,0.0739460908215904,0.4227866497229535,0.1904875357897548,-0.3507527121214226,0.5467106895112924,1,0.40347842513238896,0.3705728205822008
13588.0,-1.0395356639262063,0.9303406571479472,0.7057807223317247,1.08904508082854,0.921346639414674,-0.0197385335035776,1,1.9498017858391024,-0.7491104794724397
13589.0,-1.0784157615666077,0.4896629879592288,0.1340928461971769,-0.3463490782764294,0.1083521949576072,-0.5452642208996401,1,0.32366885722381683,-1.188495444181572
13590.0,-1.2629135238814884,1.7233615276208618,1.3833611867233042,1.5528420123137416,1.464754918784536,0.315441167132627,1,3.231339577116846,-0.7891916249878853
13591.0,-0.1696156146721137,0.654643185938614,0.5842069392025664,0.3526980201478962,0.607142454731596,0.0920359822199547,1,1.0599857411996765,-0.16807054940307037
13592.0,-0.540774126845729,0.0739460908215904,-0.9506478043034924,-1.1625337434223335,-0.8098576192004525,-2.0298992978670416,0,-1.7667841460169265,-2.029804560092291
13593.0,0.1521328382198956,1.4312993642702228,1.2829677266453916,0.9747055084910023,1.3138967127742598,0.4672154686590636,1,2.3293915172913873,0.138142356405569
13594.0,-0.2983107883386734,-0.5571872395918231,-0.4003288862727524,-0.1487983103404511,-0.2412044847042052,-0.0636004866438513,0,-0.5273026663618666,-0.07347068719362795
13595.0,1.1517198397927773,-0.2017513803877423,-0.0923778102753066,-0.2241990227917721,0.8082392174469527,-0.0330729227800562,0,-0.2695199308477584,0.6082938069500473
13596.0,-1.608585561882396,-0.5571872395918231,-0.207727668169938,-0.1324362491901478,0.9336836095984208,0.2990721709540245,1,0.581593046420646,-0.5507908355706097
13597.0,0.9875317290149478,-0.5571872395918231,-0.6130997350291914,-0.5021252811070448,-0.7132292345010023,-0.4640392099939744,0,-1.5164187499101451,0.29463767105684663
13598.0,-0.3738480170997701,0.2992073267345332,-0.1180115902087073,-0.1405664013976162,0.5001945244425666,-0.772150637055803,1,0.0909798602577428,-0.932660072264489
13599.0,-2.4120140217391843,2.442335020593583,1.7225874551966538,1.689434139679278,1.3980195209492263,0.132085523071256,1,4.039707818144822,-1.745899198829915
13600.0,0.8286381285590276,-0.5571872395918231,-0.4207087783112503,0.1228360796752538,-0.144576100004755,-0.1019665016204763,0,-0.7323912421655889,0.5377865124513856
13601.0,-0.4011425702790203,0.0739460908215904,0.1743187243122466,0.4408141792516248,1.0842787042858788,0.0790716957881021,1,0.9227253797500224,-0.1687676336205692
13602.0,-0.1696156146721137,0.0739460908215904,0.0699257360850116,0.052319131491566,0.1249263557760024,-0.1172911873196145,1,0.15842194413303315,-0.19668148463591703
13603.0,-0.7428435417295326,-1.058145946714099,-1.2455781391975007,-0.7262712480428852,-0.3507527121214226,-0.7183081692351753,0,-1.5283973830449844,-0.7919742657543285
13604.0,1.3070902279146166,-1.058145946714099,-0.1867898983023521,-0.4716569691961637,-0.5486003891756687,1.278689427021665,0,-1.0043940888580283,1.985352779367783
13605.0,0.9663961595288088,-0.5571872395918231,-0.4148367291746589,-0.1024269678570621,0.1411722937225966,-0.0909123302168798,0,-0.7563420200999881,0.5870769537065997
13606.0,-0.6752731880764764,-0.2017513803877423,-0.8620276058869473,-0.3784393908584309,-0.0378814165327151,-1.4784150907942477,0,-0.9402290983269923,-1.5437924966700498
13607.0,-0.4749394310824503,-0.5571872395918231,0.1063074203248525,-0.0391782715441003,0.7791957222855813,0.89069182808732,1,0.5414576679532813,0.5673939649561025
13608.0,1.180765944929144,-1.058145946714099,-0.9855162795377164,-0.96946160877935,-0.2412044847042052,-0.2278012967942832,0,-1.920544975929978,0.6329154361462482
13609.0,1.2395198742615607,-1.058145946714099,-1.2325777841675891,-2.1142026552549544,-1.3785107536966998,-0.6937879897106375,0,-3.2124530338712836,0.2238769170745935
13610.0,-1.2115801184678894,1.4312993642702228,0.6118544741978443,0.3967866798633863,1.621773927354644,-0.7936840947919965,1,1.898720165281156,-1.7039848934951394
13611.0,0.0292945563903604,1.0480979277381186,0.9161117839791832,0.9157000450442566,1.133714926635295,0.2330739410080308,1,1.8527335278060098,-0.014998550380365938
13612.0,1.2813148034334256,-1.058145946714099,-0.0923162402866431,-0.0737273568542482,0.1411722937225966,1.4568777187687068,0,-0.42218183998776226,2.1245750421096403
13613.0,1.0671431268633091,0.2992073267345332,0.0801612300913829,-0.0722509904906822,0.1411722937225966,-0.4000197260638905,0,-0.26515224130864495,0.1834809772909508
13614.0,-0.7922005967383016,0.4896629879592288,0.6701140456638081,0.3354710107890296,1.3697273015336937,0.4625655998292378,1,1.648036718737233,-0.20309981170746053
13615.0,0.8428228344109817,0.8001660338568091,1.374563805451626,1.1615894179635753,1.4774744457749929,1.3988839631518803,1,2.3319931969421446,1.4505165282353867
13616.0,1.2119436056379256,-0.5571872395918231,-0.8429332450800748,-0.6838229113311526,-0.2412044847042052,-0.8962518786347906,0,-1.719673668174239,0.028751205826828864
13617.0,-0.4749394310824503,0.8001660338568091,0.229055275215429,0.1162257633423767,0.1083521949576072,-0.755779938652212,1,0.466393030175503,-1.0619055627651384
13618.0,0.4557606165093461,-1.058145946714099,-1.1910379701204878,-0.4609184296153759,-0.91940584661767,-0.6154390757381099,0,-1.9555576470935172,0.00204079785643016
13619.0,1.185481592637454,-0.5571872395918231,-0.9993491976278182,-1.1625337434223335,-0.0581390644641013,-1.1901352395810707,0,-2.0264630798498056,-0.2799648801184743
13620.0,1.1651961277902847,-1.058145946714099,-1.5176826250519726,-1.244856163309911,-1.614523128595098,-1.2315288333810817,0,-3.18151583973696,-0.15439230658178738
13621.0,0.2030134902092342,-1.058145946714099,-1.056828741493533,-0.2430461845122031,-0.6267921989603487,-0.3623048826940686,0,-1.5100353113626441,0.07682926085317418
13622.0,1.342071680121387,-1.058145946714099,-0.248161831484539,-0.1775834856216042,-0.2159596295778201,1.1629348329407514,0,-0.8040233461200184,1.9255678819493043
13623.0,-0.6338830081757483,1.0480979277381186,0.7307783650769756,0.4744156446565621,1.3100360324395852,-0.1154093144887964,1,1.7285001219857077,-0.7137742452021993
13624.0,0.9680469331528012,-1.058145946714099,-0.5034422254675839,0.3290930607988527,-0.5121324717856456,0.681446360113894,0,-0.8435202232689294,1.3943904362001018
13625.0,1.2438240863831336,-1.058145946714099,-0.8108560946277306,-0.8112565093766205,-0.5486003891756687,0.1016280980128678,0,-1.80782760248946,0.9638048300220426
13626.0,0.6946852246521797,-0.5571872395918231,-0.197477820263685,-0.1454931730396027,0.0384893202353487,0.3183771144187547,0,-0.5036870692056022,0.7693234572228053
13627.0,-0.2307404346856175,0.654643185938614,0.6346676100584577,0.7813755112489762,0.8362895757000253,0.1869481354054533,1,1.4294393865027635,-0.09201479495111364
13628.0,1.323400049877103,-1.058145946714099,-0.7899910333013711,-1.0111411307468456,-0.7601216003714991,0.1409820270660124,0,-1.9923531384700988,1.0287630344084573
13629.0,-0.8183807704906293,1.7867352234743037,1.9199182940675736,1.803331832153113,-0.321964036982949,1.2521611217352626,1,3.0424731876801125,0.30130257133627153
13630.0,-1.7074462772723475,0.654643185938614,0.5625022416483515,0.6763524391075747,0.1571027565423948,0.0512170872666142,1,1.4816684740212616,-0.993709945501769
13631.0,0.1032463079562461,1.15560189306089,0.8599167493088598,-0.0405821588194871,-1.4880589811139169,-0.0017155430903031,1,0.2370506962974805,-0.17191116448988547
13632.0,-0.7670473650770303,0.8001660338568091,0.9841140557906122,0.7841888651086907,1.114296432923324,0.6635393696929458,1,2.0907748351820103,-0.05117471545101238
13634.0,-0.5950029105353472,1.5859404542672264,1.2217136683490897,0.9458642422901647,1.5084363488256922,0.1710149411533435,1,2.5747486905943253,-0.5651430662749061
13635.0,-0.1411075792030422,0.0739460908215904,0.8430012754508526,0.875764390001973,0.9458378031172426,1.338209853427661,1,1.698933072459844,1.0432514111388653
13636.0,-0.5236711079833221,0.2992073267345332,0.0144397663491357,0.1151175559381492,0.2466890975132978,-0.5234812672971056,1,0.29308281369096933,-0.7766693782662183
13637.0,-0.3102985242592435,-0.2017513803877423,-0.0992005888466611,-0.1276059635480851,0.5105140700321456,-0.0459099870442401,0,0.10080046749944742,-0.18261979678365156
13638.0,-1.0395356639262063,-1.058145946714099,-1.455004015141247,-1.0963383891618057,-1.2818823689972492,-1.11330969522498,0,-2.2194429765087667,-1.2703348319179721
13639.0,-0.0876328522714647,-0.5571872395918231,0.2661049877781136,0.457500029428565,0.1249263557760024,1.1918383550969671,1,0.5522956846871525,1.1030741453058697
13640.0,1.2586653317891858,-1.058145946714099,-0.5982338527019845,-0.9989607652635912,-1.7640984679528429,0.5026583414895744,0,-2.1797046428614384,1.3319460234776772
13641.0,1.2893566040861313,0.2992073267345332,0.0637904105447956,0.520906089366719,-0.0181119525235737,-0.4307774379509732,0,-0.13897964082851935,0.3473627760693484
13642.0,0.5937169648127165,0.0739460908215904,-0.4258601704667362,-0.4425378060430995,0.6428173386552047,-1.0484853197175033,0,-0.6230100546721424,-0.6039212368694308
13643.0,-0.6338830081757483,1.0480979277381186,0.6055007319308496,0.3917077284569989,0.4240770344914922,-0.3507963029672276,1,1.1886146797257482,-0.8731190433444321
13644.0,-1.0395356639262063,0.0739460908215904,0.7468124064925952,0.936704955149197,0.9984076522496488,1.156980345915719,1,1.9273516180466488,0.40656300853272814
13645.0,0.2191145500704246,-1.058145946714099,-0.9387634745713664,-0.7506340680270399,-1.614523128595098,-0.139620076480455,0,-2.038657087876449,0.25903467092388416
13646.0,0.9875317290149478,-0.5571872395918231,-0.7536144580012709,-1.202407826598178,0.2607132519567318,-0.7283325492991183,0,-1.590316935882053,-0.03309783874754106
13647.0,-1.3187161125298097,0.8001660338568091,0.8602123002898994,0.8468763660473281,0.6853342645162757,0.4303343739626977,1,1.9824752049003525,-0.5177118973666593
13648.0,0.9875317290149478,0.8001660338568091,0.4607240120633323,0.4326520773339149,0.6600894093898906,-0.3208601227529568,1,0.6341398183215919,0.10115150085395577
13649.0,0.7047061347631505,0.4896629879592288,0.4250981317328198,0.3626694906733145,0.6770053294538549,0.0016001970622419,1,0.6462189609413835,0.28004981721535466
13650.0,-1.0028785328055103,1.0480979277381186,0.909236718851442,0.8257593207535624,0.8961017842882889,0.2201419883090551,1,2.0262200178683636,-0.5911618974847537
13651.0,-0.5583457794146515,-0.2017513803877423,-1.0144957616302606,-1.3595320367867216,-0.862804573858747,-1.763730604051593,0,-1.9422619869743125,-1.772300931326295
13652.0,-0.3873500989396135,0.2992073267345332,0.7320010072531555,0.7559174655160901,0.8223842757380923,0.8263248897336725,1,1.5528729715988465,0.4296463664488525
13653.0,1.11477132965806,-1.058145946714099,-1.3005303590326642,-1.2626334870875635,-1.1954453334565955,-0.8219544383201248,0,-2.7691976776250034,0.12890634649111773
13654.0,-0.4296506057480915,1.15560189306089,1.3786265030179758,1.4854387490600722,1.48688632403703,0.9743659785703348,1,2.9076751799837384,0.3458312861031756
13655.0,0.1864977655259916,0.4896629879592288,0.6456826086144686,0.5928319269624064,0.7257558910386418,0.4165841525547846,1,1.1704654778236143,0.352134065782443
13656.0,0.4218998096527606,0.0739460908215904,0.1066678570810141,0.3619077987076936,0.5307717179635321,-0.0481882375015239,1,0.3272307158107624,0.19732093270244438
13657.0,-1.2629135238814884,-0.5571872395918231,-0.6399941732022755,-0.567653913628976,-0.7601216003714991,-0.5146356208536165,0,-0.8936359867942856,-0.9876239866468761
13658.0,-1.3187161125298097,0.9303406571479472,1.345615572482444,0.968976983698318,1.1044120596547775,1.1844900086391936,1,2.7358192998126016,0.05208600163800724
13659.0,0.5634601652637944,1.2544959545938104,1.195896220041259,1.0719206230008775,1.3588610094679472,0.5123540101099366,1,2.1621091799448053,0.4555719939153938
13660.0,0.9875317290149478,-1.058145946714099,-0.7797579394956113,-0.8438005790920419,-0.0581390644641013,0.1602828305157143,0,-1.5064013324966679,0.8452677557029008
13661.0,1.2502267205812954,-1.058145946714099,-0.7558418820435049,-0.9412289080697872,-0.7132292345010023,0.2053912926227532,0,-1.880870664249602,1.045605324362702
13662.0,0.0075526370213185,1.15560189306089,0.6360165168325104,0.5676791003659736,0.8896672959534744,-0.4224110658087191,1,1.3033164726152833,-0.6101646943902791
13663.0,0.4738273097812196,0.2992073267345332,0.5680568513404086,0.3851194836668946,0.5887058798168258,0.5176462557972965,1,0.8387674461758096,0.6262652598407392
13665.0,0.9647411258391284,-0.2017513803877423,0.4390238504251458,0.7893819514273717,0.6770053294538549,0.9674845062063312,1,0.7753828585274657,1.4230973447732898
13666.0,-0.2201397768252409,0.2992073267345332,-1.4249820918086191,-1.448851553929116,-0.6267921989603487,-3.202573105672966,0,-2.4192274735676733,-2.8988205964680573
13667.0,0.3568999011193944,-1.058145946714099,-0.8019474841792174,-0.7673921959311133,0.5407159979871611,0.1184307720174718,0,-1.0486327841874354,0.44575198771297936
13668.0,-1.9674812683483247,2.5129551665095216,1.9046185801746585,1.651821983401497,1.8551355954006,0.3947009327172333,1,4.272092406888858,-1.3322249169009572
13669.0,-0.3225146116861712,-0.2017513803877423,-0.5832163778680294,-0.1537873679317828,-0.91940584661767,-0.9556241844913776,0,-1.0153388531456027,-0.8646734368568845
13670.0,-0.0791383545924629,-1.058145946714099,-0.703744545793683,-0.3714298651318708,-0.4115503779538524,0.3036529196826835,0,-1.0176758747805799,0.4382764029568272
13671.0,0.9794848831855826,-1.058145946714099,-1.1231813814070062,-1.0050227523118491,0.3014022381220454,-0.4874536681589269,0,-1.7954314584814497,0.28435215815442505
13672.0,0.8056939671904363,-0.2017513803877423,-0.5722279106272639,-0.8390516708165107,-0.91940584661767,-0.9349974180982078,0,-1.6777575765080965,-0.2967209382467141
13673.0,-0.9353081791524545,-0.5571872395918231,-0.6127193457361523,-0.935724935040335,0.0914362748936436,-0.4633235505821563,0,-0.7861567856189867,-0.8409929811017082
13674.0,1.0382497182035757,-1.058145946714099,-0.972033354675498,-1.0362001973790858,-0.862804573858747,-0.2023709345175003,0,-2.1514207955646714,0.5962138488691847
13675.0,0.3653943987983962,-0.5571872395918231,-0.4659377583856678,-0.2683837537127082,-0.4115503779538524,-0.187104448333263,0,-0.9309231396104589,0.18691113586704153
13676.0,1.1783950542480568,-0.5571872395918231,-0.9624959966280578,-1.0235513279573645,-0.91940584661767,-1.1209158179072614,0,-2.27761779938991,-0.1754242336078415
13677.0,0.9954788591929878,-0.5571872395918231,-0.3701278294125244,-0.5400531812013325,0.6853342645162757,-0.0067419993241223,0,-0.6976914736925354,0.6029757733090446
13678.0,0.3695998250074675,-1.058145946714099,-0.9965366105857968,0.4075398502584155,-0.7601216003714991,-0.2485869211173919,0,-1.2472629224651466,0.3316898346326407
13679.0,1.1225924655997357,-0.2017513803877423,-0.8601871399220081,-1.0362001973790858,0.0384893202353487,-1.4749682128628887,0,-1.7764679452660883,-0.6223626395684195
13680.0,-2.4120140217391843,1.2544959545938104,1.807269666914329,1.5498438489965425,1.732974507912762,1.663731706836416,1,4.119413015000896,-0.2164042649295914
13681.0,-0.9682038613741812,0.0739460908215904,-0.0839739648419251,-0.2113201593606197,-0.1002197270566499,-0.4066209414995377,0,0.026543816530964697,-0.886238520163027
13682.0,0.5017154078421048,-1.058145946714099,-1.9700341047229104,-2.5074125686447046,-1.9471638881929467,-2.0847162628167903,0,-4.187592297037645,-1.3214909520323006
13683.0,1.0741675694743047,-1.058145946714099,-0.920491165245112,-0.6653981508446892,-1.117253523671916,-0.1051563788370609,0,-2.0391301983319345,0.7432195021362765
13684.0,0.7730217821651971,0.0739460908215904,-0.3192171923570384,-0.4908819143496147,0.5307717179635321,-0.8484260138759282,0,-0.6351679716848976,-0.3432310748074297
13685.0,-1.9674812683483247,0.654643185938614,0.8713266373220427,1.5248334052780796,-0.2941514393624997,0.6323008773067907,1,2.1022239152965465,-0.5608854132094585
13686.0,0.4879229365026979,-0.2017513803877423,-0.5910988589729012,-0.1793166116278707,-0.3507527121214226,-0.9704196865096494,0,-1.0521262753892964,-0.45918902827642155
13687.0,1.045596020739638,-1.058145946714099,1.8347864710153583,3.3974069260293143,0.0565206627106016,5.091617257391184,1,3.2974602162537647,5.289158053104679
13688.0,1.2833347269893116,-1.058145946714099,-0.6525918785127263,-0.8780391383485852,-1.614523128595098,0.4001327913478926,0,-2.12616283022375,1.267987176323478
13689.0,-0.1893502547848894,-0.5571872395918231,0.2181337644825166,0.2454875955128269,-1.4880589811139169,1.1014284463747974,0,-0.236822676436127,1.0246910483527314
13690.0,-0.2307404346856175,-1.058145946714099,-1.211903611610608,-1.3092999294811465,-1.1954453334565955,-0.654794099047491,0,-2.2774315934154807,-0.4799589424692733
13691.0,0.9811023498659778,-1.058145946714099,-1.060426419118723,-0.8067360727591756,0.2031181655606824,-0.369090520550735,0,-1.6767903765985042,0.40533465180431183
13692.0,-0.7670473650770303,0.2992073267345332,0.8701618254265757,0.9474306182122147,0.5505411819726732,1.086543955910355,1,1.7951540117637843,0.46296967880669193
13693.0,0.9445402369244064,0.9303406571479472,0.5553917234898043,0.3754850891987499,0.5001945244425666,-0.3023757929888438,1,0.6610493482514517,0.05963677505216287
13694.0,-1.8243736859341724,4.225744299162235,3.8564601889161287,3.907140046857146,2.493428067043792,2.160597338398566,1,7.768626988439012,-0.09048624646256147
13695.0,-0.6338830081757483,1.5859404542672264,0.7859346594125713,0.8424866660679212,0.0914362748936436,-0.647591043798519,1,1.487298883505226,-1.1964461192104694
13696.0,1.0217853899940603,-0.2017513803877423,0.55845685063423,0.0691846950278294,-0.4437267787202448,1.1925068632452864,0,0.08011556676677277,1.6143042629482847
13697.0,-0.4907754257615954,-1.058145946714099,-1.304776092047578,-0.6763909572414488,-0.9802035124500996,-0.8299623839107965,0,-1.907969247428914,-0.710711828985663
13698.0,1.2438240863831336,-0.5571872395918231,-0.498093621628409,-0.5021252811070448,-0.2412044847042052,-0.247627263447123,0,-1.278112274331265,0.5896208468056033
13699.0,0.3820531327806657,-0.5571872395918231,-0.1415804695451169,-0.5370567252723396,-0.1914684658752519,0.4236629310005046,0,-0.626551112725358,0.6536820482487182
13700.0,-0.7428435417295326,1.3460575542855853,0.7438418595461203,1.1383638568501628,1.0994248524597794,-0.445887181280708,1,2.0187900464573945,-1.044264545717045
13701.0,1.058610958462758,-1.058145946714099,-1.2602837338414845,-1.1942372750823944,-1.1954453334565955,-0.7460446287284683,0,-2.676732496753551,0.16634751094949798
13702.0,1.0571778289304523,-1.058145946714099,-1.385392249677314,-1.244856163309911,-1.614523128595098,-0.9820138204378364,0,-3.0072045382483497,-0.01180667651275727
13703.0,0.8408155551547154,-0.5571872395918231,-0.5626366390694374,-0.8881581216111365,-0.1220981718085144,-0.369090520550735,0,-1.3530828086533024,0.22573240386992968
13704.0,-1.7074462772723475,0.9303406571479472,0.6543318961055581,0.7393834871623045,0.7865535568710715,-0.1164535978305787,1,1.882979371760193,-1.223576009197445
13705.0,-1.4474112861963695,0.654643185938614,0.5637595713142974,0.4653613294547838,0.217900422374825,0.0535815840327106,1,1.3279475848676723,-0.8727798675940956
13706.0,0.8099271521892553,-0.5571872395918231,-0.2791514657247201,-0.3286910797782772,-0.0789096183560038,0.1645611645021263,0,-0.7613141058594391,0.6949948564172781
13707.0,0.7290940618003953,0.2992073267345332,0.9260964312426132,0.98068211425661,0.9870131210634252,1.191912948684945,1,1.585091162071441,1.3543806705580794
13708.0,0.7385953496372302,-1.058145946714099,-0.8213744872378729,-0.3178908216871508,0.1249263557760024,0.0817891878818097,0,-1.1496068382839075,0.6895541864512148
13709.0,-1.8243736859341724,1.7233615276208618,1.512092360338412,1.391806771293233,1.586628158610372,0.5576493593357053,1,3.517946201787724,-0.9232897146727667
13710.0,-0.6141483680629726,-0.2017513803877423,-0.4331627828940319,-0.2565680897491287,-0.91940584661767,-0.6738329465582017,0,-0.8136193811337502,-0.8071084512237205
13711.0,0.6025224834477799,0.9303406571479472,0.4721621102666364,0.3282914507803025,0.5207054191909427,-0.4586979043521911,1,0.6657306630724871,-0.26055498792693166
13712.0,0.6793540117376464,-0.5571872395918231,-0.1394458229528427,0.5386195730124327,-0.2159596295778201,0.42768387507443,0,-0.22119638686049975,0.9294161065825055
13713.0,1.0002002930243403,-0.2017513803877423,-0.1615275379696682,-0.3621985425239267,0.4126028186801636,-0.1631640058470798,0,-0.5249688644079161,0.42350663342762057
13714.0,1.0838742983222271,-1.058145946714099,-1.2587285761226503,-1.4985144522516916,-0.2672508963742018,-0.7431114206455319,0,-2.440445599138771,0.11063387812582375
13715.0,0.7617503989180828,1.6565606001831652,1.592094323009681,1.5087713671797611,1.5323911326091049,0.785748660766057,1,2.8244836908572943,0.7147146162754385
13716.0,0.7338623008571977,-1.058145946714099,-1.3691725945462818,-0.8390516708165107,-0.5486003891756687,-0.9514216670140304,0,-2.2554352907979123,-0.17156543721164388
13717.0,-0.6141483680629726,0.8001660338568091,0.4604300024067012,0.9607496513357084,0.7791957222855813,-0.3214124680865327,1,1.431074682839738,-0.7318545368252537
13718.0,0.6767627952879732,-0.5571872395918231,-0.7983537301942152,-0.6913398038775899,-1.1954453334565955,-0.8124508199998208,0,-1.9054987709505569,-0.1556990577757813
13719.0,-1.0784157615666077,1.15560189306089,0.7974169790255241,0.7679480167741871,1.2414620708765944,-0.1191977903234833,1,2.0534596248240775,-0.9570936088835799
13720.0,0.2030134902092342,0.0739460908215904,-0.108675157825781,0.0055450101533554,0.0011923041824166,-0.4530393334472054,0,-0.22068397956407249,-0.2628884305507506
13721.0,-0.540774126845729,-0.5571872395918231,-0.1631947706626689,0.0198015886647239,-0.0181119525235737,0.3829498639858695,0,-0.02784919758453938,0.16172216586940477
13722.0,0.2797573518734662,1.0480979277381186,1.2973941463462642,1.194421697006904,0.9578145568046976,0.950706427154654,1,2.23752733461397,0.7394258535759606
13723.0,0.5966655916107547,0.4896629879592288,0.1887891700683106,0.1549263922572553,0.1571027565423948,-0.4425415266961874,0,0.11546003558834067,-0.13657005935893388
13724.0,1.2853483085455746,-1.058145946714099,-1.059651569579381,-0.8780391383485852,-0.0581390644641013,-0.3676290643239271,0,-1.9129041041083972,0.5782280320573329
13725.0,-0.3349679194593694,0.8001660338568091,0.5441127755701882,0.3177806281973799,0.6600894093898906,-0.1641660599740577,1,1.0809010501257825,-0.5103435818649457
13726.0,-0.4907754257615954,-0.5571872395918231,0.1072081743996141,0.4940316719928908,-0.0581390644641013,0.8923891832438434,1,0.45027114697883786,0.6509657229563055
13727.0,-0.6752731880764764,0.8001660338568091,0.1074681827582865,-0.1933485238451358,0.457567115373851,-0.9837490113021582,1,0.399490792531078,-1.4032801300251718
13728.0,-0.5236711079833221,1.5859404542672264,0.8075595826293566,0.6160232086724894,0.4684334074395972,-0.6070202255420091,1,1.5259683177597698,-1.1425835921368659
13729.0,1.042667590085983,-0.2017513803877423,-0.1796954146451035,-0.1117564993005878,-0.1220981718085144,-0.1973377311814902,0,-0.6618445860935006,0.4681864100814962
13730.0,0.298760970365054,-0.5571872395918231,-0.1525408138108488,-0.0117120286249113,-0.0789096183560038,0.4030176369821994,0,-0.318361272906904,0.6389132569362851
13731.0,0.6025224834477799,-0.5571872395918231,-0.3030003768062732,-0.3807925988742401,-0.1220981718085144,0.119651577263647,0,-0.7644304226050492,0.5413508475273681
13732.0,-0.6970151074455184,-1.058145946714099,-0.4585310171663749,0.0016026151001768,-0.1914684658752519,0.7661541152233374,0,-0.2974625559444147,0.5006651890269483
13733.0,1.0048872215498614,-0.5571872395918231,-0.4656276193982582,-0.2585226853594002,-0.321964036982949,-0.1865206865986068,0,-1.0881150738884269,0.5358324074628334
13734.0,1.1417379231273606,0.0739460908215904,1.4222398946022696,-0.3243496716804167,-0.4437267787202448,2.429970980945174,1,0.7727140842929232,2.5735105635936466
13735.0,-0.7670473650770303,1.3460575542855853,1.6970243144377353,1.3962497764361157,1.7512570039357047,1.3473625357419194,1,3.4303367703571146,0.39096841814799127
13736.0,-1.7074462772723475,0.654643185938614,0.7847585925855816,0.7483380110253343,1.6630602767751297,0.4693563966922665,1,2.3771418420795367,-0.715184729833768
13737.0,0.5445962994855142,-1.058145946714099,-0.7248019992964118,-0.9036346224583336,-0.2941514393624997,0.2639361166393409,0,-1.4360799692624018,0.6902563866587098
13738.0,0.9811023498659778,-1.058145946714099,-0.5371287499196221,-0.4770927103734043,0.5979759564957379,0.6179096624451582,0,-0.801390238608694,1.2196602936695942
13739.0,-0.9682038613741812,-0.5571872395918231,-0.8327856209314033,-1.2275467185765694,-1.4880589811139169,-0.8771777959532947,0,-1.8029522683593402,-1.1529287758598437
13740.0,0.6636473034612838,0.2992073267345332,0.389437577026349,0.4535338609952382,0.5505411819726732,0.1814944444968989,1,0.6062545978995535,0.4670339867228906
13741.0,-0.10496702096475,-0.2017513803877423,-0.2378843503517775,-0.5400531812013325,-0.1676872918813187,-0.3067747198825236,0,-0.5861939295809782,-0.2921009029058603
13742.0,-1.0028785328055103,1.2544959545938104,0.8739958197897473,0.5362851572919094,1.2663243691962696,-0.0930727403801635,1,2.0183984343406345,-0.9450516662055455
13743.0,-1.9674812683483247,0.654643185938614,0.2636028791802317,0.8369580181706596,-1.2818823689972492,-0.5104872282218972,1,0.7233233581602977,-1.5110529714859318
13744.0,0.0706847362910886,-0.5571872395918231,0.1566189472652945,0.6055829745634238,0.2031181655606824,0.9855003660019244,1,0.48873365690112974,1.0344443201710845
13745.0,0.4102035851912229,-0.5571872395918231,-0.1292458970006431,0.5490231088078554,0.0741642041589574,0.4468972601247905,0,-0.0010170305609100987,0.7851438781300712
13746.0,1.0095401454577722,-1.058145946714099,-1.1936691308251457,-1.1703175140161766,-1.1954453334565955,-0.6204017504256607,0,-2.579366615314727,0.24347241609863737
13747.0,0.9445402369244064,-0.5571872395918231,-0.9464918565975324,-1.29969799342043,-1.7640984679528429,-1.0908515591326946,0,-2.668557004115718,-0.2696325781601627
13748.0,0.0773306527470905,0.9303406571479472,0.6418317172883496,0.5268637473001856,-0.0378814165327151,-0.1399482768284864,1,0.8707814819736687,-0.2462509306434111
13750.0,-0.2865430233339383,1.15560189306089,0.9749787541393312,0.6663543170053218,0.1571027565423948,0.2146536714427543,1,1.4967121871658802,-0.21341168132043067
13751.0,0.777475447277631,-1.058145946714099,-0.8229001164579275,-0.7759341463654605,-1.1954453334565955,0.0789116739771856,0,-1.9273597747978384,0.7215336100947826
13752.0,0.2399724924575698,0.654643185938614,0.3862575211963878,0.4640576205268311,0.4684334074395972,-0.2800930758603502,1,0.7169808499524323,-0.22687479424665463
13753.0,0.777475447277631,0.0739460908215904,0.5844236067168829,0.7036553639726696,0.3401681767824983,0.8510882831138701,1,0.8052492159117816,1.1635381727232694
13754.0,0.3695998250074675,-0.2017513803877423,-0.5272181909431338,-0.2988863263835296,-0.7601216003714991,-0.8504930976218881,0,-1.1738169772531282,-0.4208473836757828
13755.0,-1.8243736859341724,0.9303406571479472,0.6070286144425638,0.613428645391542,1.3875239442341725,-0.2053547389852735,1,2.0596827399463655,-1.3992804321617873
13756.0,-2.1519790306632065,2.0119964593872464,1.651118650755942,1.5730925072773505,0.9870131210634252,0.4869212287228479,1,3.6245294755193758,-1.1931137979725186
13757.0,1.322452044975983,-1.058145946714099,-1.1209782923301217,-1.448851553929116,-1.2818823689972492,-0.4832983862801269,0,-2.766572342812265,0.5023064503905749
13758.0,-1.2115801184678894,1.5110377522649707,1.6673274265641325,1.5263922942688857,1.3177393102307873,1.0972172507075304,1,3.4290015347734526,-0.06741035479550138
13759.0,-0.5950029105353472,-0.5571872395918231,-0.2476597368044407,-0.3599108152129162,-0.4437267787202448,0.2238664310670395,0,-0.45609170652096953,-0.015982540174163236
13760.0,-0.2865430233339383,0.2992073267345332,0.2753360273906753,0.1486323639510579,0.6600894093898906,-0.0331325042301977,1,0.6834840332405983,-0.2644327979582181
13761.0,-0.3349679194593694,0.4896629879592288,0.5337140977646171,0.5094356767321276,0.8362895757000253,0.2058980639077383,1,1.2208669172151467,-0.11832158748127229
13762.0,0.6025224834477799,0.2992073267345332,0.7038982932346968,1.089549468076269,-0.4772168596026035,0.7734038412585006,1,0.8313958255848053,1.0223228398940676
13763.0,-0.1893502547848894,-0.2017513803877423,1.2418732856640644,1.2289639078200407,0.1411722937225966,2.480686359234888,1,1.972499929993325,2.0816921761926874
13764.0,-0.1138130260237924,0.4896629879592288,0.8318915851407925,0.946804515415001,1.583861231680227,0.767118940958208,1,1.9848438807126965,0.46809072959795134
13765.0,1.3012333360775918,-1.058145946714099,-0.6973601059920985,-0.3374608222193361,-0.7132292345010023,0.3156947146750715,0,-1.5506156095765042,1.2235305533841776
13766.0,1.1238867651285056,-1.058145946714099,-1.140299297248564,-0.8438005790920419,-0.7601216003714991,-0.5197400456120959,0,-2.2238408637205036,0.4011419819814274
13767.0,-2.1519790306632065,3.4032016091410844,2.62433368348213,2.250225690388988,0.8293663864529791,0.7522860402940285,1,5.021578903729347,-1.2792766807713831
13768.0,1.369979354952335,-0.5571872395918231,-0.0432909206381833,-0.1880514138269199,-0.2672508963742018,0.6088222241613596,0,-0.6974722316110111,1.3849332792109252
13769.0,-2.1519790306632065,1.847016261407861,1.3181871336833206,1.080921832052092,0.8567153541898691,0.0501280358776697,1,2.9735149859789196,-1.5460070241654917
13770.0,1.0217853899940603,0.0739460908215904,-0.12186826429544,-0.0391782715441003,0.1083521949576072,-0.4778293512169286,0,-0.4664697040277688,0.15775428727439622
13771.0,-0.1794070292720186,0.9303406571479472,1.309238376539376,1.2116055145908229,1.189356113787718,1.1159716830063753,1,2.4913796389109715,0.6433396046981148
13772.0,-0.5764124726865254,0.8001660338568091,0.870120190158046,0.7063694844904232,1.820566213675165,0.4489796191928084,1,2.167118893786612,-0.15942763232724616
13773.0,0.982715747443508,-0.5571872395918231,-0.8101888786933937,-0.6875706191280061,-0.6267921989603487,-0.8347003429054851,0,-1.7754202528146095,-0.030564438318629147
13774.0,-0.0226329437380984,-1.058145946714099,-0.7134670640063235,-0.6231769669374269,-0.5121324717856456,0.2853151211028735,0,-1.205828189703093,0.4337033040209981
13775.0,1.2373568867177072,-1.058145946714099,0.0869210072052143,-0.0576667801225735,0.3274486497920416,1.7949399852123875,0,-0.13299037554438314,2.3673344809418153
13776.0,1.0308182885991817,-0.5571872395918231,-0.2873941118616643,-3.361978192741088,-2.515817022689194,0.1490392708576576,0,-3.2781138989215113,0.6080544131761565
13777.0,-2.4120140217391843,3.184600854015305,2.958094024459692,2.6202671913142765,0.0384893202353487,1.624568138201227,1,5.284514010139091,-0.5843833228557179
13778.0,0.1220181417046876,0.0739460908215904,0.136497786367287,0.0185182303281739,-0.1914684658752519,0.0079217734490061,0,-0.009188667553079486,0.07569231117880953
13779.0,1.1504805636606206,-1.058145946714099,-1.2597057119643915,-1.4609201666402376,-0.3507527121214226,-0.7449544123333911,0,-2.4792597102904033,0.15324900271448819
13780.0,-1.5229485149574664,-0.2017513803877423,-0.1687671984720943,-0.0211952960450161,0.6162076636214244,-0.1767820670614295,1,0.498990315479911,-0.9490584886782228
13781.0,0.6896154338329958,-0.2017513803877423,-0.1278862781403924,-0.3308725774292323,0.2324210325411989,-0.0998788357759783,0,-0.4525481865385824,0.3152327420891504
13782.0,-1.1640528084915374,1.3460575542855853,0.4727485494709597,0.1754818445108397,1.211470473151452,-0.954367330067262,1,1.4564475999031519,-1.7891776450503403
13783.0,1.11477132965806,0.0739460908215904,0.3638942184879751,1.271029737432418,-1.7640984679528429,0.4358397007504527,0,-0.1415086886310961,1.163642829718615
13784.0,-1.3187161125298097,1.4312993642702228,0.8213186646021764,1.1425635791357187,-0.91940584661767,-0.4006470337056695,1,1.4491878147545427,-1.25632462933191
13785.0,1.0323114794921844,0.0739460908215904,-0.388066987236085,-0.7802470860088049,-0.3805884749031534,-0.977604680604699,0,-1.3037319015971007,-0.2937096267519333
13786.0,0.932455689893557,0.4896629879592288,0.9246138521828484,0.7893819514273717,0.5207054191909427,0.9417266110482287,1,1.2413796726659492,1.2160912476745205
13787.0,-0.070754899282162,0.4896629879592288,0.1966652307223608,0.4581587384859318,0.4240770344914922,-0.4277471523767658,1,0.5854462282851769,-0.4728683534474644
13788.0,1.1366880923212137,-1.058145946714099,-3.8035824913276346,-3.628661084298931,-2.515817022689194,-5.543001479107597,0,-7.098391872939431,-3.858756568085108
13789.0,0.9680469331528012,-1.058145946714099,-0.9756801192193192,-0.4297163291046267,-0.6688728615528973,-0.2092491560039502,0,-1.7675736098191366,0.6042979576859568
13790.0,-1.8243736859341724,-1.058145946714099,-0.7055961780526018,0.2687247193212898,0.0565206627106016,0.3001605261828404,0,0.020048329367200652,-0.48032881454793686
13791.0,0.2601733813722913,-0.5571872395918231,0.3516065203891052,0.57928136653745,-1.3785107536966998,1.3529913856966926,0,-0.03262346696720317,1.5039874258667032
13792.0,-0.1599714449813229,-0.2017513803877423,-0.6365980190289238,-0.7589597607014165,-0.4772168596026035,-1.055806477624077,0,-1.2235450296929224,-0.9369535934578285
13793.0,1.2953224629098814,-1.058145946714099,-1.6298654125339962,-1.473214373913271,-1.3785107536966998,-1.4431186001446308,0,-3.350700280881718,-0.2875910492595336
13794.0,1.187826477146772,-1.058145946714099,-1.4355125742499035,-1.3491740126569909,-1.1954453334565955,-1.0765465738526776,0,-2.9761749765832883,-0.045692184998706156
13795.0,0.9680469331528012,0.0739460908215904,-0.0766474337508767,0.606108940955952,-0.4772168596026035,-0.3928518385050095,0,-0.34150464296171684,0.2879385909042861
13796.0,1.1290379992392874,-1.058145946714099,-0.8389561771986145,-0.5400531812013325,-0.5121324717856456,0.0486280785743907,0,-1.6591983076468815,0.8834232824874632
13797.0,1.0441334768929462,-0.2017513803877423,0.1708536687112619,0.0936988718044614,0.4240770344914922,0.4623989452863613,0,0.03346463664138294,0.999320241462431
13798.0,-2.4120140217391843,3.904160316263359,3.1704682833579128,3.0097380258783284,1.124063132285242,1.224292216785755,1,6.204592625008267,-1.1129605111884786
13799.0,0.2030134902092342,0.9303406571479472,0.7944222059514529,0.7428091247957953,0.3401681767824983,0.1469436626175798,1,1.2521664335506062,0.05989872781145902
13800.0,0.8245270555146574,-0.2017513803877423,0.4253897622061248,0.383646423837706,0.4465549626877331,0.9417993123406726,1,0.5180290907482837,1.2947968740504832
13801.0,-0.150470157144488,-1.058145946714099,-0.7568144022492292,-0.7105166998701326,-0.4772168596026035,0.2035570065605082,0,-1.2386275377771359,0.28694595032220777
13802.0,0.3126530340951926,1.7867352234743037,2.406245577672017,2.2006592801150227,1.3138967127742598,2.1685338567028225,1,4.073089633930229,1.6315402883048944
13803.0,0.6997152519968288,-0.2017513803877423,0.2621576683562707,0.3378468867216029,0.4465549626877331,0.6343352872004733,1,0.3620002152499924,0.9727211844341445
13804.0,-0.6338830081757483,0.9303406571479472,0.8916094436784174,0.8577241260479385,1.0262202498700983,0.3297622329352637,1,1.9553377071733842,-0.27112561565111715
13805.0,-0.3102985242592435,-0.5571872395918231,-0.0044009463183577,0.8813236069440135,-1.117253523671916,0.6820918985133457,0,0.01756364556733843,0.6660784517949397
13806.0,-0.1794070292720186,-1.058145946714099,-0.9266799023059376,-1.4253590231077382,-1.117253523671916,-0.1168290557303041,0,-2.0123276559822276,-0.03147311041299767
13807.0,0.932455689893557,-0.2017513803877423,-0.3983356919520804,-0.7759341463654605,-0.4437267787202448,-0.60839526839111,0,-1.3055305610327057,0.022494936135513087
13808.0,-1.608585561882396,0.2992073267345332,0.4540136746105288,0.297923393566484,0.4126028186801636,0.3030016870927516,1,1.2527429937850547,-0.6928563098987225
13809.0,0.8141325783983266,-0.2017513803877423,-0.2258539925124745,-0.3737580832755742,-0.4772168596026035,-0.2841510973310985,0,-0.9103592055034734,0.2618490060368502
13810.0,-0.6752731880764764,-0.2017513803877423,0.3434905332572454,-0.305160341577133,-0.2159596295778201,0.7875222963694707,1,0.29939197565451797,0.3060583795912413
13811.0,0.4913989623501418,-0.2017513803877423,-0.0956574069932906,-1.29969799342043,-1.3785107536966998,-0.0392435241915675,0,-1.4815110058812258,0.23001025365336103
13812.0,-0.4443943630945455,-0.2017513803877423,-0.3927091691068891,-0.2624493891945898,-0.1914684658752519,-0.597822305209068,0,-0.5239650906167508,-0.6853494318885593
13813.0,-0.4749394310824503,0.8001660338568091,0.7845658676937182,0.6278281151785982,0.5602500888610992,0.2879983087348455,1,1.4840940896675772,-0.18562011377747248
13814.0,0.0503234960319062,-0.2017513803877423,0.6383207908066182,0.5869040455194251,0.2324210325411989,1.342998586609929,1,0.9922801654999641,1.2240173475284815
13815.0,-0.8456753236698794,0.8001660338568091,1.5009974044117118,1.5658006261727826,1.2784785627150907,1.6371086185027406,1,3.1002096617222006,0.7648326097734504
13816.0,-0.7922005967383016,-0.5571872395918231,-0.3503811703195256,-0.4023591519246488,-0.4115503779538524,0.0304366738742878,0,-0.510310604128752,-0.2866368625434959
13817.0,-0.6752731880764764,-0.5571872395918231,-0.6384160667930847,-0.5614195452564948,-0.586765087019821,-0.5116668688751353,0,-1.0002181000228738,-0.6693719799566389
13818.0,1.033801201878248,-1.058145946714099,-1.9491390779538007,-1.3807506813715704,-1.614523128595098,-2.045305815458255,0,-3.66313664541196,-0.8988987222080531
13819.0,0.8078140524230828,0.4896629879592288,0.7517608014003977,1.0094920163536385,0.0914362748936436,0.6162530496745835,1,1.0218400371025873,0.9253767872729171
13820.0,1.0156919930971386,-0.2017513803877423,-0.2463080042394387,-0.3599108152129162,0.3891614223084505,-0.322615106797639,0,-0.6284489040938024,0.3042085536617672
13821.0,0.3395657324261091,0.4896629879592288,0.2997823268562852,-0.0184718100053139,1.074023657541187,-0.2339940811740285,1,0.6127513553069751,-0.16734828629532136
13822.0,-1.608585561882396,-0.5571872395918231,-0.2782059921415466,0.1358606822913158,0.6162076636214244,0.1663416229163082,1,0.5010280143524944,-0.6171293336979666
13823.0,-0.9353081791524545,0.654643185938614,0.9340970618599524,0.7534006731384558,0.7642790739473241,0.7504755773568663,1,1.9239656602051327,-0.022638586309256557
13824.0,-0.5950029105353472,1.2544959545938104,0.9150758949647828,0.7000190260920628,0.2745016951337471,-0.0158545603320613,1,1.5997706314942677,-0.5976697379771257
13825.0,1.270090050410331,-0.5571872395918231,-0.9288950862381176,-0.6581703754853391,-0.0789096183560038,-1.0577924327056925,0,-1.7495093274562474,-0.07474878839174566
13826.0,0.4630484812852117,-1.058145946714099,-1.1435073904560349,-1.178194505634738,-1.117253523671916,-0.5257908820083054,0,-2.3268769468666917,0.015423044197534578
13827.0,-0.2415192631816249,-0.2017513803877423,-0.5858284873895236,-0.8250072737432935,0.5505411819726732,-0.9605272287307944,0,-0.7483677584221079,-0.9571188046675481
13828.0,-0.8456753236698794,-1.058145946714099,-1.0716023165883894,-0.3072650503773302,-0.8098576192004525,-0.3901695612133591,0,-1.3050460982431769,-0.5203465815521071
13829.0,1.0202674598207486,-1.058145946714099,-1.586616845392446,-2.397537599248726,-2.515817022689194,-1.361546779371282,0,-4.126239530483568,-0.41477764122353394
13830.0,1.2275321383409905,-1.058145946714099,-1.2789839335101305,-1.5383885354275355,-1.0458699940988507,-0.7813153772553277,0,-2.849009532635925,0.18941038792538503
13831.0,-1.0395356639262063,1.7233615276208618,1.4560457647557965,1.0765651997352166,0.8567153541898691,0.4521845294527155,1,2.762218280554315,-0.5764052205623112
13832.0,-0.9353081791524545,-0.5571872395918231,-0.2993570921614434,-0.1070751917177317,0.2031181655606824,0.1265120461347285,0,-0.017239911937381284,-0.2853008174167621
13833.0,0.3982900810201226,-0.5571872395918231,-0.2032818351002296,-0.4662657837754595,0.0200527453205781,0.3074455698313695,0,-0.5759810481174921,0.5661983016912695
13834.0,1.22200820066849,-0.5571872395918231,-0.7581648437453701,-0.5311044589581426,-0.8098576192004525,-0.7368888764452151,0,-1.7972788170918803,0.20401428859790782
13835.0,-0.7670473650770303,0.654643185938614,0.1175425921236013,0.0299792917682934,0.2880622196936218,-0.7846158636527061,1,0.46688543559812773,-1.2243612113936533
13836.0,0.9859304168251346,-0.5571872395918231,-0.2915684586721062,-0.3926866108572838,-0.2941514393624997,0.1411785819452791,0,-0.9489021865537971,0.7759770206367101
13837.0,0.5817849890277144,-0.5571872395918231,-0.8862326926583973,-0.6545860563214968,-0.7132292345010023,-0.977629550864436,0,-1.7515019771850049,-0.35946025081073885
13838.0,-1.608585561882396,1.0480979277381186,0.5388314618730551,0.3079269466885488,1.670575380230482,-0.4759951707077259,1,1.9002653046523024,-1.5742148460493104
13839.0,1.1121429440166524,-1.058145946714099,-1.36058390083491,-1.9416401849203373,-1.3785107536966998,-0.9352223931326972,0,-3.2276527476632335,-0.02421399453360603
13840.0,1.01262344562185,-1.058145946714099,-0.2564531232330306,-0.2149741739744117,-0.0378814165327151,1.147296493703433,0,-0.6537254129272876,1.7201489904221705
13841.0,0.6946852246521797,-1.058145946714099,-1.7165986583868813,-1.0490970995891926,-2.515817022689194,-1.6067075755353364,0,-3.5286590580829063,-0.6567621535636284
13842.0,-0.2307404346856175,1.7233615276208618,1.296690649386634,1.1545476138310609,1.3215639934150147,0.1524341481363063,1,2.5707062940918997,-0.3874863842929425
13843.0,0.9564012788108172,-1.058145946714099,-0.7680712870989569,-0.8067360727591756,-0.6688728615528973,0.1823252142927357,0,-1.7205750153399766,0.8769766446218875
13844.0,-1.2629135238814884,-1.058145946714099,-0.6796592261848551,-0.609684782260171,-0.586765087019821,0.3490806298764069,0,-0.8078578962808555,-0.191643021058906
13845.0,-0.1696156146721137,-1.058145946714099,-0.7834434947565135,-0.6581703754853391,-1.1954453334565955,0.1533314452314663,0,-1.534742140277281,0.2730813641390828
13846.0,-0.7670473650770303,0.0739460908215904,0.2452241605878168,0.2298377935806916,0.5307717179635321,0.2124862210633294,1,0.7828884849989205,-0.2583379608146745
13847.0,1.3637829280157905,-1.058145946714099,-0.7886490169503138,-1.0756752990814846,-0.6267921989603487,0.143513225773823,0,-1.9784778388955029,1.0405763597241775
13848.0,0.0503234960319062,0.8001660338568091,0.9194611555640756,1.986364299448934,-1.9471638881929467,0.5418407324733464,1,1.0608151840816753,0.556846224698783
13849.0,-0.3102985242592435,0.2992073267345332,0.9479019306018313,0.8754153738415913,1.2201519621759485,1.232992579455217,1,1.9796631192179817,0.7954234909380029
13850.0,0.2651257241188405,-1.058145946714099,0.3884046947082604,0.4216092838150984,0.6428173386552047,2.36357323594175,1,0.8470822051011703,2.327289268964125
13851.0,0.0773306527470905,0.8001660338568091,1.1521437447326877,1.0682853618148216,0.7865535568710715,0.9799215472071452,1,2.0034395998465495,0.7121431720346949
13852.0,1.2586653317891858,-1.058145946714099,-1.1516863104579458,-1.1548410131689797,-1.0458699940988507,-0.5412172750800537,0,-2.542985158707716,0.4393566700779398
13853.0,-0.2524823540546596,-1.058145946714099,0.1141626590741275,-0.305160341577133,-0.4772168596026035,1.8463209046437288,0,-0.0902516763997849,1.6011885598208242
13854.0,-1.3798409325433134,2.6431297898006605,1.857066900803892,1.3212871645824251,0.3014022381220454,0.1586199046628684,1,3.247747814061437,-1.1994034367036848
13855.0,1.131598183073706,0.0739460908215904,0.2466267727727363,0.095986599115472,0.3401681767824983,0.215125666316741,0,0.050276786700328424,0.7823374505811672
13856.0,0.4371701786605239,1.15560189306089,0.1476411360939981,0.5250821093562177,-0.1914684658752519,-1.3377291408099623,1,0.18278230656256092,-1.0713278943462259
13857.0,0.9762376600515654,0.4896629879592288,0.0527572853304867,0.297923393566484,0.6935794902722501,-0.697952057577762,1,0.143010972828697,-0.1443533356295155
13858.0,-0.2524823540546596,-1.058145946714099,-1.0490893211136711,-1.2361445003371931,-1.0458699940988507,-0.3477074369555906,0,-2.001018104461144,-0.24269074118589096
13859.0,0.8567005826867328,-0.5571872395918231,-0.4242690559120746,-0.7144200996877884,-0.1676872918813187,-0.1086686635940817,0,-1.1483339555700158,0.4647580281800888
13860.0,-2.4120140217391843,0.2992073267345332,0.2103167723405536,0.1140074781407906,0.2607132519567318,-0.1553913445965768,1,1.0949412974186075,-1.5171960124846635
13861.0,1.0323114794921844,-0.5571872395918231,-0.8809056851293,-0.5193591300769778,-0.5486003891756687,-0.9676188320379848,0,-1.7543119350082488,-0.09752271819684544
13862.0,-0.9682038613741812,0.9303406571479472,0.7278535676779381,0.8905995326117603,0.8010741670374462,0.021761572119704,1,1.8076771492489723,-0.6908645407724758
13863.0,0.6819348007287381,0.0739460908215904,0.2066376821150717,0.0703729897301092,0.2745016951337471,0.1398786082553668,0,0.1086855079303897,0.474651877174297
13864.0,0.9663961595288088,-1.058145946714099,-0.2444046213346497,-0.6231769669374269,-2.515817022689194,1.1700213676680518,0,-1.847994635084803,1.78274051387571
13865.0,-0.2415192631816249,0.0739460908215904,-0.4444867446276287,-0.5835033778764733,-0.3805884749031534,-1.0834113846674165,0,-0.8738310870081124,-1.0597182654784931
13866.0,-0.0876328522714647,-1.058145946714099,-1.3319187427136268,-1.4139201097638212,-1.3785107536966998,-0.8811565755749504,0,-2.574899287171245,-0.5868544191584472
13867.0,-0.6338830081757483,-0.2017513803877423,0.0629542253298398,0.0210824477624261,0.1571027565423948,0.2592593383665943,1,0.2969684156528474,-0.08271353687383748
13868.0,-1.5229485149574664,-0.5571872395918231,0.8880126938227266,0.903102182253235,-0.2159596295778201,2.3642456158771594,1,1.728712324685808,1.3231513550481366
13869.0,0.2348212583467873,1.0480979277381186,1.5598106632871125,1.42714162170848,2.0188588295763243,1.444992954167583,1,3.0805854993547674,1.0908508130331303
13870.0,-2.1519790306632065,1.5110377522649707,1.3071300407043185,1.2733214503391352,1.0791672045283929,0.4191507637941216,1,3.1215337186256877,-1.1479039046457578
13871.0,-0.8183807704906293,1.6565606001831652,1.539477041188061,1.2833487435752506,1.193826931703096,0.6867001340094606,1,3.014566358973088,-0.24140760752801654
13872.0,1.1639826455004636,-0.2017513803877423,-0.0083275538913017,-0.2507389147655574,0.1571027565423948,0.1250911592133223,0,-0.4671103124031552,0.7694678477431288
13873.0,0.2191145500704246,0.8001660338568091,0.0795170919298439,-0.0335924975147533,0.217900422374825,-1.0361222259215288,0,0.0666041373473318,-0.9274157532648392
13874.0,0.9165761254464796,0.654643185938614,0.56863351436761,0.3634303015606991,0.0741642041589574,0.062747490714464,1,0.4884222875236629,0.4300381487408526
13875.0,-0.2865430233339383,1.4312993642702228,1.183947957087433,1.1972100175711455,1.0791672045283929,0.2809225882627311,1,2.3681765736655516,-0.22094798678994185
13876.0,-0.1794070292720186,-1.058145946714099,-1.4546544106267802,-1.709582179172762,-1.3785107536966998,-1.1126503005055597,0,-2.815829822617791,-0.8543406723889292
13877.0,0.0075526370213185,-0.2017513803877423,-0.523000760982471,-0.0253017876707187,-0.4772168596026035,-0.8425737817759175,0,-0.810247293116905,-0.5985703362885229
13878.0,-0.2749873017098188,0.0739460908215904,0.7040672434739359,0.4319673079448295,0.6428173386552047,1.0764528102424171,1,1.2584290394816922,0.7267608107553705
13879.0,1.2943319990854762,-1.058145946714099,-0.6152954223041192,-0.5835033778764733,-0.4115503779538524,0.4704782395883428,0,-1.4516157343260339,1.3068503384576116
13880.0,-0.8741833591389503,1.6565606001831652,1.117741357065807,1.0847420999393502,1.0207326504320022,-0.1065552711775972,1,2.41897483638093,-0.9264863602777185
13881.0,-1.8243736859341724,2.760887060390832,2.797243508342471,2.690594696392134,1.189356113787718,1.7962545984862983,1,5.407212247409665,-0.05203646177043917
13882.0,-1.9674812683483247,0.2992073267345332,0.1779485578812203,0.4278436521875796,0.2031181655606824,-0.2162419001240176,1,1.045685168478536,-1.2880734831214795
13883.0,-1.2629135238814884,1.5110377522649707,1.4068513395101023,1.29856757068591,1.2663243691962696,0.6068072624792183,1,3.039852910863783,-0.5131883155865976
13884.0,-1.5229485149574664,1.0480979277381186,0.5098249683728666,0.3104042412887854,0.7642790739473241,-0.5304505550747979,1,1.467441604885472,-1.5305474050572443
13885.0,0.5085019812125491,-0.5571872395918231,-0.4370122959154671,-0.6581703754853391,-0.321964036982949,-0.1326570697002582,0,-1.090944672210668,0.26650613622030933
13886.0,-0.1138130260237924,-1.058145946714099,-0.9634971068842216,-0.8984352203714877,-0.7601216003714991,-0.186270579732846,0,-1.675699507039541,-0.014664903215963717
13887.0,0.5572336581134208,-1.058145946714099,-0.7040528209460208,-0.7977873505159858,-0.6267921989603487,0.3030714769404747,0,-1.506375663976698,0.7543487547924107
13888.0,0.2191145500704246,0.654643185938614,0.6095900460536058,0.3924356985797981,0.8766449105123539,0.1397771174154449,1,1.0963901202559216,0.07618242998801639
13889.0,0.0571826544512456,0.4896629879592288,0.5479825057117239,0.4455290448813163,0.2466890975132978,0.2327418957702836,1,0.8387349096144381,0.138827708290805
13890.0,-2.4120140217391843,1.4312993642702228,0.8255512103313949,0.6768247701431739,0.7017426726202728,-0.3926993469704228,1,2.2490031392451257,-1.969859187430538
13891.0,0.9513448121530388,-0.2017513803877423,-0.0535608699980387,-0.0239301063835586,0.6770053294538549,0.0399667376354276,0,-0.12616054829482654,0.5832620728482621
13892.0,-0.7195200551006783,0.4896629879592288,0.2227778975410331,1.208457011982913,-0.1914684658752519,-0.3786925095125069,1,0.9125887313275051,-0.6869057442035635
13893.0,0.799291332992275,-1.058145946714099,-0.0898489793053597,-0.630028288668433,-0.5486003891756687,1.4615312595416905,0,-0.8175105638176663,1.8383608726078609
13894.0,-0.7922005967383016,-0.2017513803877423,-0.3593072730178584,-0.2223436733560928,-0.4115503779538524,-0.5350496348416638,0,-0.4526602865310447,-0.811828032722991
13895.0,-0.6970151074455184,0.4896629879592288,1.0519775518972796,0.9344748505318452,1.0531207928583963,1.1816221185097198,1,2.1741508811139525,0.5055500633914004
13896.0,1.2741945456928905,-1.058145946714099,-0.6280382578875646,-0.7889587489815226,-0.5486003891756687,0.4464437716496712,0,-1.612460674754022,1.261819608974538
13897.0,-0.3349679194593694,-0.2017513803877423,0.1593284612698218,0.3290930607988527,0.2607132519567318,0.4406981280702853,1,0.49404453444947,0.2547409548772646
13898.0,0.8567005826867328,-0.5571872395918231,-0.21879601026872,0.0596002494519977,0.0200527453205781,0.2782260864842757,0,-0.4880368808024697,0.8472770076006881
13899.0,-1.0395356639262063,-0.5571872395918231,-0.6280937542992829,-0.7589597607014165,-0.6267921989603487,-0.4922480007219211,0,-0.9852360936260759,-0.871891014785099
13900.0,0.4879229365026979,0.4896629879592288,0.3951927280909555,0.4174199643090983,0.5207054191909427,-0.0546339704388739,1,0.6428839227869717,0.1278541545547586
13901.0,-0.10496702096475,1.5110377522649707,1.3026079802408947,1.2529929157827495,1.5411968671369618,0.4106425476273028,1,2.6609155086383938,-0.05244158378983621
13902.0,1.2803024508967262,0.2992073267345332,2.594418855895038,4.008112886109351,0.2607132519567318,4.337108498659846,1,4.308557203469421,4.539417126186994
13903.0,0.9875317290149478,-1.058145946714099,-1.240756647356022,-1.0298453562635617,-1.117253523671916,-0.7092142756255668,0,-2.5240040718325196,0.17010756395745988
13904.0,-0.5236711079833221,-0.5571872395918231,-0.7396795103631021,-0.2644215674002995,-0.4437267787202448,-0.7021289224989181,0,-0.9558471696349524,-0.7168125978172015
13905.0,1.3752433396257897,-1.058145946714099,-0.7842012525562411,-0.853402515152758,-0.9802035124500996,0.1519022260107075,0,-2.0196037122325907,1.0917521915370472
13906.0,1.00176641150428,-1.058145946714099,-2.2160757739085937,-1.0490970995891926,-2.515817022689194,-2.548779427635683,0,-4.155378093103169,-1.2504832135398387
13907.0,1.3383805896515115,-1.058145946714099,-1.3768706457653603,-1.29969799342043,-1.7640984679528429,-0.9659410857104118,0,-3.1737563124513315,0.15691691401299815
13908.0,-0.0382757972626953,0.0739460908215904,0.673270151070948,0.7162265222834185,0.7336066022127771,1.018437789886125,1,1.3233339060813587,0.8343800489708207
13909.0,1.0232997359133336,-0.5571872395918231,-0.8466817873859548,-0.3265167937029618,-0.144576100004755,-0.9032976299721454,0,-1.4566287210436297,-0.049069623071608844
13911.0,-0.2524823540546596,1.847016261407861,1.0915709274595795,1.4463237207160875,1.1712251425483466,-0.3756578428445988,1,2.4434293554170448,-0.8241565955970823
13912.0,1.024810514465536,-1.058145946714099,-1.44166519768381,-1.8475197636971112,-1.3785107536966998,-1.088151136251101,0,-3.242349055907904,-0.18653803350702752
13913.0,1.139217978043039,-1.058145946714099,-2.212398417408409,-2.5074125686447046,-1.9471638881929467,-2.5418435061664004,0,-4.6440007669030186,-1.3411150528172089
13914.0,-1.2115801184678894,-0.5571872395918231,-0.284551849369009,-0.1758549144852563,-0.321964036982949,0.1543915609651295,0,-0.1658824330335563,-0.39803966851011946
13915.0,0.9778633268252848,-1.058145946714099,-1.8466389318238423,-1.967436469196142,-2.183176263091345,-1.8519786348839364,0,-4.0489385518115295,-0.8066901739284511
13916.0,1.0824965852277768,0.0739460908215904,0.2273979350260781,0.1993293245792594,0.435392980203531,0.1789417386073576,0,0.13334032446436445,0.732185018620527
13917.0,-0.3349679194593694,-0.5571872395918231,-0.8841182745990542,-0.5106857612406167,-0.7601216003714991,-0.9736560868760178,0,-1.4152333412965192,-0.8435387131201814
13918.0,-0.3349679194593694,-0.5571872395918231,0.190953293651382,0.5455735155569927,-0.2672508963742018,1.0502043355634605,1,0.42804326554000044,0.878843735737094
13919.0,-0.2307404346856175,0.0739460908215904,0.2737713126216184,0.5415259893141285,0.3526935049184267,0.2662087304015773,1,0.7186111031159094,0.11913903729615477
13920.0,1.0367703053241684,0.0739460908215904,0.4650630107186601,0.835475829512291,0.5307717179635321,0.6263103103186335,1,0.738818020859017,1.1288167035801016
13921.0,0.9907224082272228,0.0739460908215904,-0.1737919198463508,-0.5645293427226981,-0.1220981718085144,-0.5753775151515714,0,-0.8547112199770586,0.019243573112433503
13922.0,0.9057670179108388,-0.2017513803877423,-0.0521952582065035,-0.0405821588194871,-0.2672508963742018,0.042536501040509,0,-0.510635678649311,0.6007623361202583
13923.0,-0.2865430233339383,-1.058145946714099,-0.7008122587902919,-0.6474754904320826,-0.586765087019821,0.3091835535442348,0,-1.1525301945393207,0.30887157764956014
13924.0,-2.1519790306632065,0.4896629879592288,0.4906444990187988,0.7580074607249936,0.6162076636214244,0.1248775296405193,1,1.767131682212535,-1.1477404504045141
13925.0,0.0571826544512456,0.0739460908215904,-0.2273906085269733,-0.2663996769779623,-0.321964036982949,-0.6760424004787755,0,-0.5633105220917191,-0.5364728135187811
13926.0,-0.8183807704906293,-1.058145946714099,-1.0240465065788518,-1.0235513279573645,-1.0458699940988507,-0.3004737801223236,0,-1.6979666308825598,-0.49412780487611735
13927.0,-0.0791383545924629,-0.5571872395918231,-0.1962372588167009,-0.0462278667786565,-0.1002197270566499,0.3207136602134288,0,-0.2720468350040187,0.36208784347515294
13928.0,-1.2629135238814884,0.0739460908215904,-0.4995779466491095,-0.8830791702047491,-0.4772168596026035,-1.186679164973146,0,-0.7948053246040613,-1.730454688343153
13929.0,0.4371701786605239,1.15560189306089,0.953033232701875,0.7542406744516176,-0.0789096183560038,0.173378184233577,1,1.1910651815646216,0.17027223653964152
13930.0,-0.2415192631816249,-0.5571872395918231,-0.7295993202707513,-0.3902905392135271,-0.8098576192004525,-0.683172933362621,0,-1.2444342236383685,-0.5426960668038376
13931.0,0.0773306527470905,1.15560189306089,1.2473674394509346,1.280714846135641,1.2864824609043526,0.7272258097022495,1,2.430651351295062,0.41279227754424974
13932.0,0.7928241333268481,-1.058145946714099,-0.7963649175543306,-1.2626334870875635,-0.7601216003714991,0.1289601410643148,0,-1.951999222576976,0.7021864973525533
13933.0,0.1579897300569208,-0.5571872395918231,-0.3051243163217785,-0.5803027830506975,-0.4772168596026035,0.1156521297234016,0,-0.8694708925325407,0.2896223845168604
13934.0,0.7218745649366273,-1.058145946714099,-0.0063498660913216,-0.1588145588172647,-0.2412044847042052,1.6190202851442377,0,-0.3552576552860112,1.9568705968229698
13935.0,1.2438240863831336,-0.2017513803877423,1.356464648988347,0.9930589487503656,0.3771846686209953,2.696742423400854,1,1.6345579681564093,3.0100047270550134
13936.0,0.4773803670621637,-0.2017513803877423,0.0072291250774392,0.1875136606156799,0.2324210325411989,0.1543699342135568,0,0.0009028267328027775,0.4564597540454804
13937.0,0.4371701786605239,-0.5571872395918231,-0.0398807925110647,0.1095483360519587,0.2031181655606824,0.6152468132948995,0,-0.06762151603116308,0.8863601014337269
13938.0,-0.5583457794146515,-1.058145946714099,-1.8380591528307824,-1.2809046880716817,-1.3785107536966998,-1.8357961751967475,0,-2.903638463488701,-1.6048586267155176
13939.0,-0.8183807704906293,0.654643185938614,0.3726526992110067,0.7716373305603664,0.6251737972068488,-0.3056560755889218,1,1.2423108797019673,-0.8053439967325032
13940.0,-1.0028785328055103,0.0739460908215904,-0.0742074221582555,0.0249101264924206,-0.0581390644641013,-0.3882660959218282,1,0.17631264836249988,-0.8685960475331005
13941.0,-0.8456753236698794,1.5110377522649707,1.78724953366607,1.571277101932689,0.0011923041824166,1.3230949550280409,1,2.9164472481791996,0.3797893920706621
13942.0,1.1736268151912543,-1.058145946714099,-0.7675098588215494,0.4594741808020236,-2.515817022689194,0.1833841332315268,0,-1.959466340286089,1.206766696898904
13943.0,1.2231168011153777,-1.058145946714099,-0.954769637430381,-1.0893783142783806,-0.8098576192004525,-0.1698095586829809,0,-2.1937209600754883,0.7164668832179993
13944.0,1.3012333360775918,-1.058145946714099,-1.103305691367528,-0.7716493042481812,-0.144576100004755,-0.4499658082642732,0,-1.950133911400573,0.5348556478282374
13945.0,0.9794848831855826,-0.5571872395918231,-0.0614469080964281,-0.121220273205811,0.1249263557760024,0.5746174219735785,0,-0.40064443326655247,1.1318427045132105
13946.0,-0.0462426723707365,0.4896629879592288,0.5051379617799777,1.147198700072104,0.1249263557760024,0.1521405336087883,1,1.1049469006669135,0.09261394439317001
13947.0,-0.1696156146721137,-1.058145946714099,-1.671140777340239,-1.5808368721392685,-1.614523128595098,-1.5209687321341996,0,-3.0865200079890047,-1.1559835344419715
13948.0,0.9219131204530228,0.0739460908215904,-0.3798014146105074,-0.4556141997485073,-0.4772168596026035,-0.9620999459256666,0,-1.1480030980161529,-0.3049237017735827
13949.0,-1.9674812683483247,0.4896629879592288,0.6906203513574174,1.054870072558935,0.8766449105123539,0.5011622605703439,1,2.169755712604563,-0.7235433427795099
13950.0,-1.2629135238814884,0.0739460908215904,-0.1597868805076618,-0.2824424464256186,-0.1914684658752519,-0.5490692080101464,0,-0.033362392827903896,-1.166607764348517
13951.0,0.4630484812852117,-0.2017513803877423,-0.2314332174894274,-0.0519224559342961,-0.0789096183560038,-0.2946432165522031,0,-0.4899609567764871,0.07493875759466052
13952.0,0.5996007235020872,1.4312993642702228,1.889802214608499,1.6315694158561929,1.4083825184101708,1.6099584581968511,1,3.182643944012138,1.3708305694137406
13953.0,-1.5229485149574664,1.2544959545938104,1.4156561699222152,1.5463286304198227,-1.2818823689972492,0.9260456931438203,1,2.1719894186615636,-0.19072127840909467
13954.0,-2.1519790306632065,-0.5571872395918231,-0.5387774997790276,-0.7845884941066654,-0.4437267787202448,-0.3241929442490499,0,-0.479575573600855,-1.3579698268736644
13955.0,0.3779288407609402,-0.2017513803877423,-0.3845224071719521,-0.3902905392135271,0.5407159979871611,-0.5824377786116137,0,-0.5275973437937952,-0.26646661340239286
13956.0,-1.7074462772723475,0.2992073267345332,0.0708029721041228,-0.007689258049055,0.8700553726182927,-0.4176024761470452,1,0.9231643015340638,-1.3816796838708307
13957.0,1.0156919930971386,-0.2017513803877423,-0.5094268245959611,-0.7547837407119178,-0.5486003891756687,-0.8170838202125871,0,-1.4829420679602658,-0.09392274212487058
13958.0,0.954720215728158,0.8001660338568091,1.1680400370538269,0.9965528264951548,1.1432544882744613,1.0098588158736972,1,1.8612302620609253,1.1954578491914774
13959.0,-0.0462426723707365,0.4896629879592288,0.1048839368634694,0.2251631403646062,0.8499631098416093,-0.6001061443455858,1,0.5478138701083712,-0.6413515497664674
13960.0,-0.8741833591389503,-0.5571872395918231,-1.0039159260320252,-0.8203916692661117,-1.0458699940988507,-1.1987116450744577,0,-1.6385852482422296,-1.34044303135322
13961.0,0.9746078619728364,-1.058145946714099,-0.3935102733112455,-0.5164552801556334,-0.6267921989603487,0.8887907900278735,0,-1.1740485259906346,1.4860429132214854
13962.0,-0.8456753236698794,-0.2017513803877423,-0.6773181544250941,-0.7424124492385259,-0.4772168596026035,-1.1322010478906566,0,-1.045137367432516,-1.3740069092526954
13963.0,0.8203894592349804,1.6565606001831652,0.8460475774560905,0.9347939002294944,0.9088213112787455,-0.6167442316063633,1,1.485488756542984,-0.41832558589072133
13964.0,0.9663961595288088,-0.5571872395918231,-0.5404464113598234,-0.5106857612406167,-0.5121324717856456,-0.3273335741709824,0,-1.353173017551613,0.3838570387335019
13965.0,1.1001800545869456,-0.2017513803877423,0.049586067788501,-0.1024269678570621,-0.4772168596026035,0.2340954239155211,0,-0.5794981578134122,0.8658428449949876
13966.0,1.0411983450016138,-1.058145946714099,-0.6237778183154477,0.2894692805292556,-0.5486003891756687,0.4544794555153346,0,-1.0280405134275468,1.2485417248959274
13967.0,0.3439433958320878,-0.5571872395918231,-1.2370862023627285,-1.3190441216122355,-1.7640984679528429,-1.6362635615196377,0,-2.7984981930166573,-1.0432880491011842
13968.0,1.0232997359133336,-1.058145946714099,-1.4490836836452543,-0.6875706191280061,-1.2818823689972492,-1.1021432624012215,0,-2.664026636449464,-0.08655131865658124
13969.0,-1.5229485149574664,2.5129551665095216,1.919649338892952,1.7213556543805106,1.9684089376959413,0.4229780084091208,1,4.229220117339843,-1.0630980044127318
13970.0,0.9647411258391284,-0.5571872395918231,-0.0678796847069515,-0.0377773744462167,-1.117253523671916,0.5624986930544196,0,-0.879712359407993,1.1777440282187115
13971.0,-0.9353081791524545,1.4312993642702228,1.1616383420850442,1.1997734021947684,1.1982735174240835,0.2389591234105509,1,2.5974554451257634,-0.6165312364780113
13972.0,-0.1138130260237924,-0.5571872395918231,-1.1406759795141204,-0.6404409748334174,-0.8098576192004525,-1.4554343565512684,0,-1.8379637735980223,-1.1228917547345958
13973.0,0.7752524807579259,-1.058145946714099,-0.9037547637312136,-0.9929541396007278,-1.0458699940988507,-0.0735895817171878,0,-2.052555071781273,0.5684180321747638
13974.0,-0.3476678433474425,-0.5571872395918231,-0.2279530869218131,-0.2186486021835564,0.0200527453205781,0.2609800252761939,0,-0.25314595668631,0.14347667115861465
13975.0,-0.6338830081757483,1.2544959545938104,1.2611387885084098,1.3598358598078293,1.899701546343745,0.6351453071984857,1,2.964811550485584,-0.09830043271286694
13976.0,0.5665508950955468,0.0739460908215904,0.1786916585962899,-0.062008188220434,0.1249263557760024,0.0872988126302048,0,-0.00941849981464697,0.3620572319005757
13977.0,1.0048872215498614,-1.058145946714099,-0.4187830021171123,-0.3243496716804167,-0.91940584661767,0.8411234881758075,0,-1.2415668913858073,1.4964488857221592
13978.0,-1.0784157615666077,-0.5571872395918231,-1.1164464748097604,-0.2988863263835296,-0.862804573858747,-1.4099684741696052,0,-1.3728814241781804,-1.5795554579563034
13979.0,-0.0962413734548695,0.654643185938614,0.9367970393810916,1.0057801019196295,1.7375834697941206,0.7555591061096424,1,2.1883113362148645,0.424517358770329
13980.0,-0.2201397768252409,0.2992073267345332,-0.1086571634654254,-0.026676335587522,0.2466890975132978,-0.7545953489010159,0,0.001221603641877645,-0.8112213242523578
13981.0,1.01262344562185,-1.058145946714099,-0.7429265035598621,-0.4936747887746049,-0.5121324717856456,0.2297511965113495,0,-1.4990023519933229,0.9706960001853682
13982.0,-0.4907754257615954,0.9303406571479472,1.1265344268856454,1.1210512912508708,0.8700553726182927,0.7719175672949278,1,2.2191487905459697,0.19886683426239035
13983.0,-0.6542442484349309,1.904492494064476,1.4646996980390852,1.396091613410512,1.4083825184101708,0.2595300669664627,1,3.043633026772058,-0.5617510718959083
13984.0,-0.7195200551006783,1.2544959545938104,0.568440172705773,0.6903768710605444,0.1880646595930938,-0.66687643388929,1,1.230503893563251,-1.1903306832810872
13985.0,-1.8243736859341724,1.959413366567396,1.7121109070109082,1.5090378667534263,1.0262202498700983,0.6619768429241556,1,3.569457751832203,-0.865398657091799
13986.0,-1.0028785328055103,-1.058145946714099,-0.7664779722943267,-0.0947521907076331,-0.9802035124500996,0.1853303910712735,0,-0.9024807737033004,-0.11201075488282311
13987.0,0.954720215728158,-0.5571872395918231,-0.2228538055602494,-0.0063537836028127,0.0741642041589574,0.2705837623548499,0,-0.5314482324293992,0.8859245750829735
13988.0,-0.9040178174155592,0.8001660338568091,1.1754324556258813,1.2610056604006317,1.3366868742976272,1.0237811912494654,1,2.653346121693174,0.20310732142143167
13989.0,-0.1599714449813229,0.2992073267345332,0.5604717204510539,0.9797890782215104,0.3014022381220454,0.5033678457890703,1,1.1886608446742453,0.3389036501573645
13990.0,0.5847888596192942,-1.058145946714099,-0.7873094952947223,-0.630028288668433,-0.7601216003714991,0.1460397191962363,0,-1.5799606163265072,0.6651878726924805
13991.0,-1.2115801184678894,0.4896629879592288,-0.0599149126278632,0.4581587384859318,0.2607132519567318,-0.9093232552312146,1,0.6012250957947561,-1.4825034484255408
13992.0,-0.6542442484349309,-0.2017513803877423,-1.0381238835954474,-0.7673921959311133,-1.117253523671916,-1.8079018379360303,0,-1.7645554474150054,-1.7899803944942907
13993.0,-0.4296506057480915,1.7867352234743037,1.4301593970145428,0.9579841773015588,0.7791957222855813,0.3301959152264841,1,2.4610506600207995,-0.36541033514543486
13994.0,-1.8243736859341724,0.4896629879592288,0.6559154809445685,0.4188193710897949,0.8634124775613803,0.4358426309828976,1,1.783617278342365,-0.7610375419508165
13995.0,-1.0784157615666077,1.4312993642702228,1.0325766742119526,1.0235765146943618,1.0096460890517032,-0.003726104021378,1,2.343856786917899,-0.9009283749382838
13996.0,0.9647411258391284,-0.5571872395918231,-0.0272105359420414,0.1380065926412373,-0.2941514393624997,0.6391175345334026,0,-0.4118561135747991,1.2206778380882157
13997.0,1.1541912309005586,-0.2017513803877423,-0.6396745154586503,-0.8022464926048176,-0.1220981718085144,-1.061579051806406,0,-1.509354077381232,-0.23957569926421454
13998.0,1.058610958462758,-0.2017513803877423,-0.3566622381632803,-0.5835033778764733,-0.2672508963742018,-0.5300783378956198,0,-1.1368182454506544,0.16667953757047813
13999.0,-1.3187161125298097,2.28769393059658,1.6738230474217763,1.523140428953885,1.15268439735128,0.2154529642262098,1,3.4549380809486543,-1.0415747176399264
14000.0,0.5787669825224744,0.2992073267345332,0.5676451692635144,0.8595148185202489,-0.321964036982949,0.5168712892471388,1,0.6503996371505122,0.7715805546857565
14001.0,-0.3873500989396135,0.9303406571479472,1.1400996063084148,0.8719149880447642,0.2880622196936218,0.7974575512415631,1,1.8423302262917933,0.27734383115543937
14002.0,0.2893295474663386,-0.5571872395918231,-0.405186760050105,0.3732415818313983,0.0914362748936436,-0.0727458271380937,0,-0.3319287262149878,0.27965091889782706
14003.0,1.3752433396257897,-1.058145946714099,-1.0718762412892795,-0.7889587489815226,-0.7601216003714991,-0.3906862150144723,0,-2.2036743946486403,0.6492429931775558
14004.0,-0.4296506057480915,1.15560189306089,1.3729447242869794,1.2687300115272098,0.8961017842882889,0.9636665100602704,1,2.5542608409368985,0.3417793076579445
14005.0,-1.3187161125298097,0.2992073267345332,0.8124751168978941,1.055932197842322,0.1880646595930938,0.9778853713226258,1,1.8063110304496428,0.09889393206972533
14006.0,0.1975553704657846,0.654643185938614,0.618703747625623,0.971998215188,0.217900422374825,0.1569195183185208,1,1.1117046827451609,0.1657962653913817
14007.0,1.1467483017274251,-1.058145946714099,-1.7644017923551978,-2.2210947581379226,-1.614523128595098,-1.696869838338296,0,-3.8972259192534957,-0.6391765293155872
14008.0,1.0367703053241684,-1.058145946714099,-0.433840616125107,-0.2763804593773598,-0.2159596295778201,0.8127230792763791,0,-0.9526965639974867,1.4644070457469114
14009.0,0.5381829940526488,-0.2017513803877423,0.1205860908098111,0.4264633349153768,0.4240770344914922,0.3677545333368917,1,0.2943405094381491,0.6780502122561893
14010.0,1.2085533323744282,-0.5571872395918231,-0.5302804344230906,-0.6763909572414488,-0.586765087019821,-0.308202545092729,0,-1.5268262104255566,0.5191252475477109
14011.0,1.1041925298164252,-0.5571872395918231,-0.5101018386589985,0.1704028931044524,-0.2159596295778201,-0.2702273067377725,0,-0.9205109883405104,0.5609783286073005
14012.0,0.7548912404987429,-1.058145946714099,-0.7480212100672574,-0.7424124492385259,-1.0458699940988507,0.2201419883090551,0,-1.7628070492694754,0.8201199551336248
14013.0,0.1637936176211079,0.2992073267345332,0.1104747882521445,0.29201694390368,0.2324210325411989,-0.3430591941189095,1,0.2578977517350291,-0.23437157557661606
14014.0,-0.0624796206101934,-0.2017513803877423,0.5322516313294786,0.9163564532213,0.4791576523996084,1.143130528778916,1,1.1722202682509053,1.0223048458067814
14015.0,-0.2983107883386734,-1.058145946714099,-0.0100752452183957,-0.1793166116278707,-0.586765087019821,1.61199378742301,0,-0.1943581926977994,1.4038666704568017
14016.0,0.4102035851912229,1.15560189306089,1.8052341807883363,1.6062064565394432,1.732974507912762,1.778036282872785,1,3.258088730185582,1.4590845549375135
14017.0,1.2153160509140626,-1.058145946714099,-1.005382163670504,-1.2536847648443734,-0.862804573858747,-0.2652706616100025,0,-2.3443738656647346,0.620783152666036
14018.0,1.2933400032205151,-1.058145946714099,-0.6687530416704603,-0.5222758574236794,-0.91940584661767,0.3696509605793304,0,-1.6903313522510313,1.2535099362086082
14019.0,-0.3738480170997701,-0.2017513803877423,0.3053145439248788,0.4833470070597297,-0.1002197270566499,0.7156164054332457,1,0.5838281378836194,0.48750957948773
14020.0,-1.0028785328055103,0.0739460908215904,0.2121118277322452,0.1744691869762233,0.3274486497920416,0.1501786686087097,1,0.7107435279884659,-0.4348729645776299
14021.0,0.3820531327806657,0.654643185938614,0.4410909482180513,0.37399026823985,0.5602500888610992,-0.1770448903675268,1,0.7266420091372773,-0.07849805556066208
14022.0,0.6197789110416514,-0.5571872395918231,-0.1156820157961026,0.2070901336643004,0.0565206627106016,0.4724477963675868,0,-0.22010994323187108,0.8874646623811603
14023.0,-1.5229485149574664,-0.5571872395918231,-0.3349447219775677,-0.239233298826501,-0.2672508963742018,0.0595013950806357,0,-0.12940695652550688,-0.6547811174509359
14024.0,0.2296283133843863,-0.2017513803877423,-0.2627320201609314,-0.4825737499159102,-0.1914684658752519,-0.3534982844286823,0,-0.6997282693502473,-0.13920666053214958
14025.0,1.0838742983222271,0.8001660338568091,1.060797949050729,0.8861496732211169,0.2880622196936218,0.8079113837115052,1,1.29982806741265,1.1300470236283224
14026.0,1.092078996990952,-0.5571872395918231,-0.1913265323855995,-0.0993463020900692,0.0200527453205781,0.3299628643178452,0,-0.6070052594940534,1.00255993971243
14027.0,-0.2097114950440718,-1.058145946714099,-1.5671532284224898,-1.3595320367867216,-1.4880589811139169,-1.3248361371463506,0,-2.8068394459303208,-1.0027007804534929
14028.0,1.1913278063103443,-0.2017513803877423,1.7386263467776284,1.754556710966445,-1.9471638881929467,3.417360943303295,1,1.4496309490500423,3.744600031854167
14029.0,-0.1893502547848894,-0.5571872395918231,-0.4948111526547438,-0.6030410799249616,-0.8098576192004525,-0.2414493578495949,0,-1.111516362293117,-0.17778506229339142
14030.0,-0.9682038613741812,1.847016261407861,1.573075416110309,1.4259334083927324,2.152514366176474,0.5295544847509847,1,3.575631219868665,-0.5304821233086267
14031.0,-1.5229485149574664,2.7886526377188545,2.727287956113608,2.218023129161129,1.5411968671369618,1.633226530486483,1,5.16502870071086,-0.08899580045704988
14032.0,-2.1519790306632065,1.5859404542672264,1.1893002642575592,1.3568203229670073,0.5105140700321456,0.1100637799014041,1,2.804475331700895,-1.384387864946232
14033.0,1.197121207936731,-1.058145946714099,-1.536360229406061,0.0971274856787354,-2.515817022689194,-1.2667569645203325,0,-2.954564553493128,0.00959369836847811
14034.0,-0.8456753236698794,-0.2017513803877423,-0.2559893713189648,-0.1055221309281067,0.5407159979871611,-0.3408198898032066,1,0.12422714621386494,-0.7147367501504872
14035.0,-0.6752731880764764,0.9303406571479472,0.8079505315001531,0.6894511553006836,0.4126028186801636,0.1723877539738816,1,1.5453519413170096,-0.4107866758998231
14036.0,0.7707832975232035,-1.058145946714099,-0.2843221965401666,-0.4047996776888514,-0.0789096183560038,1.0947321845671665,0,-0.714283670576181,1.5274659431394983
14037.0,0.4630484812852117,0.4896629879592288,-0.076088250851674,0.1128955236260603,0.6685909679263046,-0.939649112552814,0,0.06903619004384502,-0.6395734167405696
14038.0,-0.0543097623705864,0.2992073267345332,0.8597900474850774,0.8112949671851132,0.6935794902722501,1.067006844030669,1,1.5573150135110985,0.8188151461916822
14039.0,-0.5950029105353472,-0.5571872395918231,-0.8967914137413378,-0.6231769669374269,-1.117253523671916,-0.997471106012964,0,-1.5488916636676227,-1.0010874450317584
14040.0,-0.4594850640247002,2.5129551665095216,1.8797333597375985,1.5232708127265011,1.6878474509651678,0.347888223114068,1,3.6455500926092985,-0.5467881705382732
14041.0,0.7266965816295208,-1.058145946714099,-1.353158185700383,-1.0893783142783806,-0.5486003891756687,-0.9212166319225034,0,-2.3539201227605644,-0.17618823567959963
14042.0,1.3682150479281203,-1.058145946714099,-0.5518720577746451,-0.6653981508446892,-0.5486003891756687,0.5901020714556101,0,-1.5026864489212772,1.4421703700323585
14043.0,1.1186938201661043,-0.5571872395918231,-0.8037629078866803,-0.7716493042481812,-0.1002197270566499,-0.8226199679453639,0,-1.631772352253718,0.022006403536047013
14044.0,-0.7195200551006783,1.0480979277381186,0.8721713340519294,0.955207026354386,2.0679229850860814,0.1504281234918142,1,2.446266903734542,-0.531170885881339
14045.0,0.1579897300569208,1.5859404542672264,1.7995007278604052,1.460817937464632,-0.7601216003714991,1.258577553214842,1,2.253240748868685,0.8820356539836357
14046.0,0.7685369722885271,-1.058145946714099,-1.287525349301179,-0.0504941797187251,-0.862804573858747,-0.7974254794877944,0,-1.93908445562159,0.06532234069095948
14047.0,-1.3798409325433134,1.4312993642702228,1.0949719353905318,0.7881871810010919,0.6251737972068488,0.1135843117822029,1,2.2335980657491463,-0.9780867657156378
14048.0,0.8141325783983266,-0.2017513803877423,-0.1562892929462823,-0.0405821588194871,0.8896672959534744,-0.1533104501225132,0,-0.11191940375314317,0.3402217220006109
14049.0,-1.0028785328055103,1.3460575542855853,1.912778885852071,1.874840192406281,2.127182894035057,1.753871183715821,1,4.114385002719573,0.6216785098000737
14050.0,-0.6141483680629726,-0.5571872395918231,-0.1585323488400906,0.2147604356235464,0.1249263557760024,0.391731944164018,0,0.1511076622942338,0.14169499383594494
14051.0,-2.4120140217391843,2.579756093947218,2.292803448382646,1.6315694158561929,0.5407159979871611,1.0499902412053697,1,4.2725375103242715,-1.0074800862767306
14052.0,-0.9040178174155592,-0.5571872395918231,-0.474870692264575,-0.6404409748334174,0.8153422320095451,-0.203918317265459,0,-0.20990802731922104,-0.6164595742814757
14053.0,0.2399724924575698,0.0739460908215904,-0.3495888742995199,-0.0090274496374472,-1.9471638881929467,-0.905418497589802,0,-1.3040163887406295,-0.523374225216172
14054.0,-0.1696156146721137,-1.058145946714099,-1.656655222302231,-1.3595320367867216,-1.4880589811139169,-1.493647292894479,0,-2.9144871310742557,-1.1172960388860587
14055.0,0.140256106228435,-0.2017513803877423,0.3539587364336671,0.2436656526890497,-0.1914684658752519,0.8072404427569536,1,0.3245692514334597,0.8242306398862402
14056.0,-2.4120140217391843,2.0119964593872464,1.5689089886986547,1.4141894413611955,1.6503800698286364,0.3322556707198879,1,3.8191911224876742,-1.506794012361222
14057.0,-0.7922005967383016,1.959413366567396,1.5857431811779723,1.6885221160450836,1.428723884190206,0.4241772831724077,1,3.365127349158329,-0.49058116946359465
14058.0,1.081115906117918,-0.5571872395918231,-0.4924625165421963,-0.5614195452564948,-0.4772168596026035,-0.2370289739658879,0,-1.347348104328042,0.5133581353753829
14059.0,0.7290940618003953,-1.058145946714099,-1.166177879910244,-0.8881581216111365,-1.2818823689972492,-0.5685500582036761,0,-2.365900026859063,0.1634956181329692
14060.0,-1.7074462772723475,2.3282062876889484,1.675097311569847,1.83630158367668,0.7017426726202728,0.1719152998627299,1,3.5405597363786545,-1.2498217375155047
14061.0,1.139217978043039,-0.2017513803877423,-0.0100046284463058,-0.8631467072838476,-0.7132292345010023,0.1219348670592077,0,-1.1108113794045746,0.7306606761496727
14062.0,-1.3187161125298097,2.062432694683636,2.3880465637605264,2.135640259759351,0.9812559531764108,1.816986226897676,1,4.413410225750736,0.38467050083646687
14063.0,1.045596020739638,0.9303406571479472,2.301620594158099,1.345643539607747,-0.2672508963742018,2.986302182739605,1,2.621865051507111,2.908946377578892
14064.0,-0.6752731880764764,1.5110377522649707,0.9189036466834394,1.3669841673415206,0.921346639414674,-0.3107195724624126,1,2.2276372426992745,-0.9107859982527342
14065.0,0.9696934685856776,-0.2017513803877423,-0.0310294734989659,0.1039315560693431,0.0011923041824166,0.0823670007944103,0,-0.3285924881385487,0.6706680887073254
14066.0,0.7290940618003953,-1.058145946714099,-1.298885972955354,-1.5663808849782732,-1.3785107536966998,-0.8188529351895933,0,-2.8661312506257266,-0.10287159852542047
14067.0,-0.1794070292720186,-0.5571872395918231,-0.6541246483703089,-0.209500736516301,0.1571027565423948,-0.5412172750800537,0,-0.6969160749124349,-0.4186397977015934
14068.0,0.8448238506952722,0.0739460908215904,0.3574585911162962,0.0210824477624261,0.6428173386552047,0.423725018316438,1,0.34787920349843465,0.7725696322322502
14069.0,1.1492388881540097,-0.5571872395918231,-1.0044147358867452,-1.3916223493687232,-0.1002197270566499,-1.199648405610679,0,-2.1457725567204813,-0.32870760541954575
14070.0,1.331869618003757,-1.058145946714099,-0.7529541710055294,-1.147237218205978,-0.0378814165327151,0.2108378510362145,0,-1.719571596962314,1.044061346425201
14071.0,-1.8243736859341724,0.8001660338568091,0.313979599613162,0.456180628908269,1.51449093761349,-0.5964250334208805,1,1.7212406162597473,-1.703124252229522
14072.0,1.3148171310090695,-1.058145946714099,-0.6237962075961164,-1.3289348484300858,-0.6267921989603487,0.4544447711961533,0,-1.9070845383187809,1.2398991834702726
14073.0,-0.6141483680629726,-1.058145946714099,-1.306007308887664,-0.8780391383485852,-0.91940584661767,-0.8322846018720046,0,-1.9404011253925837,-0.8033534869273151
14074.0,1.271118639562384,-1.058145946714099,-1.038450757340041,-0.5106857612406167,-1.4880589811139169,-0.3276418700528047,0,-2.3072193976203144,0.7034681278034427
14075.0,-1.7074462772723475,0.4896629879592288,0.4487237629864476,0.7233036147875206,0.2745016951337471,0.0460307827190132,1,1.4257508560205943,-0.9554976651668843
14076.0,0.2651257241188405,-1.058145946714099,-1.4559954833628317,-1.186166978263674,0.0200527453205781,-1.115179719445872,0,-2.128607481642151,-0.6219455273515814
14077.0,-0.4594850640247002,0.4896629879592288,-0.2977294526919762,-0.1827966247136157,0.0200527453205781,-1.354789983070183,0,-0.28658838217128774,-1.483539158978788
14078.0,0.1158217147681432,0.9303406571479472,0.430972257367413,0.143340936064449,0.7567177940893411,-0.5360317029995585,1,0.784855851550333,-0.6197576728695892
14079.0,0.2450826804421367,-0.5571872395918231,-0.2934728555237782,-0.3265167937029618,-0.91940584661767,0.1375924472635324,0,-0.9485915013096041,0.40046129382658585
14080.0,-0.5950029105353472,0.2992073267345332,0.1308350057667555,-0.4047996776888514,0.457567115373851,-0.3047964726067437,1,0.2818603930273806,-0.7004228888714357
14081.0,0.8078140524230828,1.0480979277381186,1.2626510291755788,1.3216415400968196,1.95617707873042,0.8852838963307466,1,2.5106108561969553,0.9448968946546134
14082.0,0.9289607210324548,-0.5571872395918231,-0.5835467218193437,-0.4609184296153759,0.1083521949576072,-0.4084357754307346,0,-1.1060650622480224,0.27493264542330215
14083.0,-1.8243736859341724,1.15560189306089,0.2980089450223895,0.4367457893387224,1.1289032233573464,-1.056339828131364,1,1.5540603957808423,-2.1541300552708416
14084.0,1.1454993720263298,-1.058145946714099,-1.3085711931573485,-0.3178908216871508,-1.3785107536966998,-0.837120385389313,0,-2.4190146358740914,0.23653746023380132
14085.0,-2.1519790306632065,2.442335020593583,1.7181333588381342,1.6964848145049891,1.9804610986224889,0.1237110156468894,1,4.1992067732737475,-1.6350530049260874
14086.0,1.081115906117918,-1.058145946714099,-2.251275528536248,-3.628661084298931,-2.515817022689194,-2.6151702531711334,0,-5.430857860764813,-1.5195867377361247
14087.0,-1.9674812683483247,-0.2017513803877423,-0.0681603077354611,0.2500204938045738,1.1573590143130723,0.0124947020328415,1,1.0967861328578752,-1.037059732207447
14088.0,-1.3187161125298097,1.5859404542672264,3.048598514598657,2.2519932369901383,1.9034648238468983,3.613038661499088,1,5.51981802234053,1.9367625915410291
14089.0,-0.2524823540546596,-1.058145946714099,-1.2602837338414845,-0.8582565662530369,-0.91940584661767,-0.7460446287284683,0,-1.9952481401618045,-0.5328001161995038
14090.0,0.854736338582082,-1.058145946714099,-1.7932659093550376,-1.2626334870875635,-2.515817022689194,-1.7513109154492617,0,-3.760500560767381,-0.7072766178904244
14091.0,1.3022132067018704,-0.5571872395918231,1.6759294420663071,1.2474641572337717,-0.91940584661767,3.850065189608592,1,1.5551317389160038,4.144393524834808
14092.0,-1.4474112861963695,2.062432694683636,1.476860709134329,1.302591459947992,1.1289032233573464,0.1014800790396864,1,3.1553471022414303,-1.1649894275658368
14093.0,-1.2115801184678894,-1.058145946714099,-0.5340048567872201,-0.1324362491901478,0.6600894093898906,0.6238016877202934,0,0.07347691534540761,0.05118998585293915
14094.0,1.0485111402989251,-1.058145946714099,-0.734128680220243,-0.6763909572414488,-0.0181119525235737,0.2463449131611094,0,-1.3815339704549037,0.9634585870442978
14095.0,1.3664458738438814,-1.058145946714099,-3.93648079499012,-3.628661084298931,-2.515817022689194,-5.79366311541007,0,-7.3113050301195806,-3.9353638371090702
14096.0,-1.8243736859341724,1.6565606001831652,3.0611808666450537,2.296759656052814,2.675578380599917,3.55438950009752,1,6.037418160762539,1.5625324374254568
14097.0,1.1055244621722873,-0.5571872395918231,-0.567212279488956,-0.2260596207476965,-0.0581390644641013,-0.3777004610097723,0,-1.1024745038561363,0.4278604618275618
14098.0,-0.5236711079833221,-1.058145946714099,-1.323711776469787,-1.0235513279573645,-0.5486003891756687,-0.8656772840334683,0,-1.9018182329711208,-0.8118128793696002
14099.0,-1.0395356639262063,1.847016261407861,1.3138628628529696,1.3141592602090886,1.520501170041236,0.0419986630763905,1,3.0075749858747276,-0.9474121014219797
14100.0,0.3080557011550128,-1.058145946714099,-1.1233652765611497,-1.3389765845331374,-0.4437267787202448,-0.4878005157783119,0,-2.0529417133732024,-0.08521084176297823
14101.0,-0.0876328522714647,1.3460575542855853,1.7078612073287345,2.008053553676069,-0.6267921989603487,1.3677773995823346,1,2.5298014716981436,0.9484419799103851
14102.0,-1.7074462772723475,0.2992073267345332,0.2735596038450565,0.4333361345342196,-0.144576100004755,-0.0364732409941875,1,0.9242086153188696,-0.9835529289547916
14104.0,0.3820531327806657,0.2992073267345332,-0.1346168948903755,0.0159439767922851,0.8293663864529791,-0.803310685180283,0,0.0480782855018904,-0.5414356939299062
14105.0,0.6583250720961007,0.2992073267345332,1.34121751864789,1.2893297651945317,1.2663243691962696,1.974173103504268,1,2.309457718470147,1.967200254123116
14106.0,1.3787288112420826,-1.058145946714099,-1.0536495258420628,-1.967436469196142,-2.515817022689194,-0.3563085127224864,0,-3.469117212884861,0.6390225034925662
14107.0,-0.3102985242592435,1.15560189306089,1.1933040759696152,1.2809033318623366,0.7178293264081053,0.6254570083418058,1,2.2579290445012252,0.14277010234700865
14108.0,-0.6338830081757483,0.0739460908215904,0.0836902896561361,0.186519373292834,0.1249263557760024,-0.0914046015923144,1,0.3809016981093341,-0.41740626612396425
14109.0,-0.0962413734548695,-1.058145946714099,-1.339177322892367,-1.132288371569837,-1.1954453334565955,-0.8948471008464876,0,-2.3714069880546647,-0.58256153304439
14110.0,-1.8243736859341724,2.442335020593583,1.8989825387035528,1.6179385637237351,1.1666290909919852,0.4638610467454603,1,3.9139667279120944,-1.1511947087164478
14111.0,-1.1198059414673356,0.0739460908215904,-0.2120660777432925,-0.0533538404792291,-1.117253523671916,-0.6472643158588615,0,-0.41030485632028796,-1.1031475004111833
14112.0,-0.8183807704906293,1.3460575542855853,1.322418931879075,1.2902594062522048,1.2622326247684963,0.6419444284097143,1,2.795434701878363,-0.19708806716848312
14113.0,-1.8243736859341724,1.5859404542672264,1.4630924105462946,1.2714122445317744,0.4791576523996084,0.6251426177587709,1,2.9397865462414856,-0.7945297856288364
14114.0,0.7456300658619328,0.654643185938614,0.2755736090737411,0.176492945307664,0.435392980203531,-0.4880086668452915,1,0.2929395711296951,-0.14470963083553173
14115.0,1.1328744525473045,-0.5571872395918231,-0.2889061086306481,0.0159439767922851,-0.5121324717856456,0.1461920298534093,0,-0.8902480657551836,0.911546881680596
14116.0,-0.9040178174155592,0.2992073267345332,0.285351782773026,0.231698391536616,0.3014022381220454,-0.0142964561278709,1,0.7766789662824087,-0.5641923123030407
14117.0,0.3351579817503524,-1.058145946714099,-1.6758763463502246,-1.2626334870875635,-1.9471638881929467,-1.5299005653040267,0,-3.2374609752574046,-0.839004251680468
14118.0,1.0323114794921844,-1.058145946714099,-0.5091130798832219,-1.06892938416266,-0.8098576192004525,0.6707504700394283,0,-1.6508506595053307,1.2939835422967292
14119.0,0.9479515492166356,-0.5571872395918231,-1.1670762534783672,-0.6763909572414488,-1.0458699940988507,-1.5049645556497595,0,-2.31194519102322,-0.5725435807399509
14121.0,-1.8243736859341724,0.0739460908215904,0.7883795147151064,0.9414584396228464,1.0207326504320022,1.2352937799327353,1,2.227719034634382,0.03809838449733719
14122.0,0.9970565357545048,-0.2017513803877423,-0.6780712289412262,-0.9637172845910724,-0.9802035124500996,-1.133613663941596,0,-1.933521783071663,-0.3621803593376795
14123.0,1.3752433396257897,-1.058145946714099,-0.5449158318736779,-0.4936747887746049,-0.4437267787202448,0.6032223214420537,0,-1.3731401556089566,1.4692122133137426
14124.0,-0.0073625747303351,-1.058145946714099,-0.5728102081600415,0.7757124423500487,-1.7640984679528429,0.5506102879481263,0,-0.9232258326362915,0.8531350204335202
14125.0,-1.2629135238814884,-0.2017513803877423,0.7780139052484821,0.7845897922401581,1.0791672045283929,1.6062640811165716,1,1.9949295403271243,0.6974329549550413
14126.0,-1.4474112861963695,0.0739460908215904,0.1665740140285204,0.3806903696986337,-0.1002197270566499,0.0645013229891864,1,0.7203122992151078,-0.708752453101037
14127.0,0.2348212583467873,0.4896629879592288,0.5142353492780842,0.3354710107890296,0.6685909679263046,0.1692539679666691,1,0.8710435451928172,0.1551802267990721
14128.0,-0.2097114950440718,-0.2017513803877423,-0.0047046310138416,0.3242686802044462,0.1411722937225966,0.1319096361268607,1,0.22886435053249357,0.07846289589834038
14129.0,-2.1519790306632065,0.9303406571479472,0.7377192442971449,0.687131149583718,-0.0378814165327151,0.0403117443014323,1,1.742963848243669,-1.30941970339499
14130.0,0.8428228344109817,0.0739460908215904,0.5076057883484273,0.6003000470540513,1.2201519621759485,0.7064195039688407,1,1.0202661131893513,1.0326967255119528
14131.0,1.2972988133147116,-1.058145946714099,-1.1496996253442044,-0.9412289080697872,0.0565206627106016,-0.5374701562101781,0,-1.9944422959691328,0.4358697571701454
14132.0,-2.1519790306632065,1.15560189306089,0.9717416862189578,1.2576951409141883,0.7017426726202728,0.2085651210972502,1,2.579296111401434,-1.2084979228146575
14133.0,0.2700401175059993,0.0739460908215904,-0.0149566912458878,-0.1454931730396027,-0.1914684658752519,-0.2768941147634418,0,-0.2932285139882272,-0.09000557330227194
14134.0,0.9597502430728068,1.5110377522649707,1.787317551889661,1.6166955549649984,0.9151078788768328,1.3232230840397377,1,2.754689392596771,1.3359043017668746
14135.0,-2.1519790306632065,2.062432694683636,1.684485271099678,1.929492547152228,0.9637379981128577,0.4920048295434936,1,3.8216498334558335,-1.165743685446391
14136.0,0.9891290528763732,0.2992073267345332,0.3771826206647568,0.5501689643917594,0.5793298571111467,0.1584383513167535,1,0.5491807061278647,0.6356662884685441
14137.0,1.342071680121387,-1.058145946714099,-0.7395499344660406,-0.0476468984807828,-1.0458699940988507,0.2361197979970026,0,-1.6100818337998548,1.2255102708993237
14138.0,-2.1519790306632065,-0.5571872395918231,0.0392334491424677,0.1347850958883998,-0.0378814165327151,0.7643052504120482,1,0.7354145191153327,-0.40265746860587165
14139.0,-0.3873500989396135,0.0739460908215904,0.1119535270820428,0.4909071010866128,0.1083521949576072,-0.0382463690557257,1,0.47032350875404877,-0.20758051488880888
14140.0,-1.8243736859341724,-0.5571872395918231,0.003688949836603,0.3218431546327024,0.2880622196936218,0.6973340070882006,1,0.8189116298227047,-0.2725861527549914
14141.0,-1.9674812683483247,0.0739460908215904,-0.0118114542037838,-0.2204935429130606,-0.3507527121214226,-0.2709812372851045,1,0.30626343839955505,-1.3153517344209926
14142.0,0.942827752064887,-0.5571872395918231,0.0397974626616306,0.3378468867216029,0.0011923041824166,0.7653679651642905,0,-0.11713065140314215,1.317710387644463
14143.0,0.2893295474663386,-1.058145946714099,-1.49601372610751,-1.8259532106467025,-1.3785107536966998,-1.190658773217739,0,-3.060675073992471,-0.6715504986381453
14144.0,1.1121429440166524,-1.058145946714099,-2.438049448424981,-2.397537599248726,-2.515817022689194,-2.9674475591090297,0,-5.060014969132726,-1.6640590307980618
14145.0,-0.3738480170997701,0.654643185938614,1.5128796451260265,0.7905745554509653,-1.0458699940988507,1.8408059646039856,1,1.6292296609348942,1.2530280734150272
14146.0,-1.3798409325433134,1.2544959545938104,1.6698723237692394,1.612838608431294,1.692716266781489,1.4048586686338564,1,3.664531322878185,0.14944079570553934
14147.0,-0.0543097623705864,0.9303406571479472,0.7374022886209433,0.456180628908269,-0.4437267787202448,0.0397157686772428,1,0.8113791683646511,-0.1621251917235212
14148.0,0.6448229902562577,-0.5571872395918231,-0.4969206955383863,-0.5252055769172435,-0.8098576192004525,-0.2454197166050599,0,-1.3372218576385486,0.285265778197869
14149.0,0.6083263710119671,-1.058145946714099,-0.5279100865778518,-0.5400531812013325,-0.321964036982949,0.6352971322178222,0,-1.0871813969614763,1.0635950384630035
14150.0,-0.540774126845729,-0.5571872395918231,-0.2485003970737985,-0.0010388380035462,-0.4772168596026035,0.2222832468334496,0,-0.31900720033043684,0.050063246413927134
14151.0,1.320551820774439,-0.5571872395918231,-0.2261186926431372,-0.1340542596956857,0.0384893202353487,0.2644348222513607,0,-0.7238607850195024,1.0707748456474724
14152.0,-0.0791383545924629,0.654643185938614,0.5501891216254675,0.8616572338959887,0.7336066022127771,0.0280620449945514,1,1.2876061496183955,-0.12468406787025321
14153.0,1.108180056852143,-1.058145946714099,-0.9940730418354627,-0.305160341577133,-0.7132292345010023,-0.2439403443208159,0,-1.7906592266714163,0.6677195891261491
14154.0,0.6583250720961007,0.8001660338568091,1.3958596726236945,1.228555892336233,1.4014884185366627,1.4390063286234671,1,2.4120696803749313,1.3917104539955905
14155.0,0.7266965816295208,-1.058145946714099,-1.4780398514333055,-1.9416401849203373,-1.4880589811139169,-1.1567579579900773,0,-3.2778561913977273,-0.41046645605987814
14156.0,-1.3187161125298097,4.332533059721831,4.194162802975293,3.8210504600204738,2.8857333527122617,2.678973541013736,1,8.101477102464237,0.5518279314330322
14157.0,-0.9040178174155592,0.2992073267345332,0.054029053780845,0.0547551377532697,0.4684334074395972,-0.4491159056541677,1,0.5173927123853601,-0.9414480829358427
14158.0,-0.4749394310824503,-1.058145946714099,-0.435792945890069,0.2970828555111235,-0.0181119525235737,0.8090407585845345,0,-0.1315237514227442,0.6793547956085444
14159.0,-0.9040178174155592,1.847016261407861,1.5442270232045638,1.699383809581338,2.298153848691797,0.4752704140093369,1,3.7141184629355206,-0.5181978439491818
14160.0,1.2576165577225409,0.654643185938614,1.5868245649320163,1.471341696996224,0.5207054191909427,1.9801701188662708,1,2.1702101421115705,2.260897086349415
14161.0,0.5937169648127165,0.654643185938614,0.9159707127037844,0.7777405689610907,1.274447139088575,0.7163480866695221,1,1.6514038371018778,0.769742771570441
14162.0,0.4557606165093461,-0.5571872395918231,-0.8397994694629107,-0.8203916692661117,-0.4115503779538524,-0.8903615443354684,0,-1.6155965502643663,-0.38817671225255207
14163.0,0.0148821476427679,0.2992073267345332,0.7386304101009862,0.4257720884630957,0.0011923041824166,0.8388093853834915,1,0.9380467363409268,0.664317138571403
14164.0,-0.1138130260237924,-0.5571872395918231,0.4046012893469197,0.4808075408208088,-0.321964036982949,1.4528821905396534,1,0.5329315254512104,1.3222645920216356
14165.0,0.7502773702473149,-1.058145946714099,-1.4555870665183122,-1.448851553929116,-0.4772168596026035,-1.1144093978411609,0,-2.609585195649033,-0.35886923465449305
14166.0,1.1366880923212137,-0.5571872395918231,-0.9253652316617036,-1.1625337434223335,-0.0581390644641013,-1.0511605002129505,0,-1.932775507379073,-0.1942582166528748
14167.0,-0.4907754257615954,0.8001660338568091,0.2389755965778079,-0.2297966815900328,0.1083521949576072,-0.7371701550090861,1,0.3190904095281436,-1.0902786221648189
14168.0,1.0202674598207486,-0.5571872395918231,-0.6623226111657814,-0.7977873505159858,-1.0458699940988507,-0.5566383045750902,0,-1.8561448310740394,0.22282628960734405
14169.0,1.035287471833904,-0.5571872395918231,-0.2868754548852811,-0.5707933990113551,0.1411722937225966,0.1500159559710856,0,-0.8622195489275698,0.7729477220592512
14170.0,0.9462481612329638,-0.2017513803877423,-0.3187955497855378,-0.3530949931952531,0.8700553726182927,-0.4589016453728121,0,-0.4807242813191372,0.13492824454363156
14171.0,0.0904193764038643,-0.5571872395918231,-0.4484694814517193,-0.5614195452564948,0.3014022381220454,-0.1542238418981062,0,-0.6682699455162573,0.0011683603849779096
14172.0,1.252346805813942,-0.2017513803877423,-0.6022919388095005,-1.132288371569837,-0.0789096183560038,-0.9914278662245176,0,-1.6376214631538897,-0.16388910163372183
14173.0,-1.2629135238814884,0.4896629879592288,-0.3325715769415766,-0.616396278646906,-0.2672508963742018,-1.4199643367592083,0,-0.3962813257440239,-2.008591525696727
14174.0,-0.5950029105353472,-1.058145946714099,-1.3892122194055203,-1.0893783142783806,-0.3805884749031534,-0.9892187270191116,0,-1.9103697484571334,-0.9651140503245094
14175.0,-0.2201397768252409,0.8001660338568091,1.5203143840484818,1.1835858516147453,1.4049427101962726,1.6735090589818422,1,2.798469846982029,1.0940659052114383
14176.0,0.7971428378544745,0.2992073267345332,-0.0111196117614178,-0.2763804593773598,-0.1914684658752519,-0.5714835071594138,0,-0.5120070841431941,-0.10938445729224537
14177.0,0.0075526370213185,1.3460575542855853,0.6293370594930966,0.4902804017168488,0.9812559531764108,-0.6607874931960548,1,1.3095106212660217,-0.8656588004980957
14178.0,-1.3798409325433134,0.654643185938614,0.3998013024288723,0.7281253160395869,1.228742543886138,-0.2546429692170397,1,1.6764565019195496,-1.1039174762061548
14179.0,-0.4594850640247002,-0.5571872395918231,-0.1846272160892728,-0.2683837537127082,0.9458378031172426,0.3425809651463339,1,0.18897371707114843,0.10176784362039064
14180.0,-1.2629135238814884,2.442335020593583,1.3799102966189,0.37399026823985,0.8831819415705221,-0.511649752030582,1,2.485329443375249,-1.74466481202279
14181.0,1.0048872215498614,-0.5571872395918231,-0.7890421077130009,-0.9194840867058316,0.1083521949576072,-0.7949445739205876,0,-1.56355019008953,-0.04228432891021482
14182.0,1.054301926358555,0.0739460908215904,-0.226839169313071,-0.6875706191280061,0.0011923041824166,-0.6750068937806112,0,-0.9374469442120474,-0.04433666753506455
14183.0,1.0048872215498614,-0.5571872395918231,-0.8474589235355057,-1.370055796318314,-0.3507527121214226,-0.9047583173863912,0,-2.028209052948641,-0.1559373073433729
14184.0,-0.150470157144488,-1.058145946714099,-0.5178864774100929,-0.8932765983286024,-0.4437267787202448,0.6542028233094698,0,-1.0566797738580258,0.6318441521300069
14185.0,0.8664325630436192,-1.058145946714099,-1.1133200945876045,-2.804692648559184,-1.9471638881929467,-0.4688541358693586,0,-3.5303858145263507,0.1569444359904847
14186.0,1.0293216130101532,0.2992073267345332,0.3678712381774175,0.747490432378652,0.4684334074395972,0.1409208708612642,1,0.5735034115324039,0.6683336238515454
14187.0,1.096142317017561,-1.058145946714099,-1.4500091525894192,-1.4985144522516916,-1.2818823689972492,-1.103888804319353,0,-3.069155709745177,-0.12934631956598197
14188.0,-0.6338830081757483,0.4896629879592288,0.5704624186286834,0.5581345402494097,-0.1676872918813187,0.2750371107420337,1,0.9588661000725835,-0.17693462662288686
14189.0,-2.1519790306632065,1.5859404542672264,1.3199202585712024,1.46922206596803,1.2622326247684963,0.355733528859108,1,3.3082986893111577,-1.2077630487052655
14190.0,1.3138563440146451,-1.058145946714099,-1.7606510201466912,-3.361978192741088,-2.515817022689194,-1.6897954463161844,0,-4.856417135672733,-0.6159271197828758
14191.0,-2.1519790306632065,1.5110377522649707,1.1844401190550973,1.3237637928834527,1.0152080971839796,0.1883598741264478,1,2.9884496116146417,-1.3268253412200854
14192.0,0.9680469331528012,-1.058145946714099,-0.8290106915149313,-0.5400531812013325,-0.862804573858747,0.0673864197013477,0,-1.7441232286274861,0.8257771964319549
14193.0,-0.1411075792030422,-0.2017513803877423,0.1893784078745093,0.1795169549510284,0.1249263557760024,0.4972804095124566,1,0.33875026164744937,0.398130175550448
14194.0,-1.7074462772723475,2.546807042814728,2.160488765366204,1.975769820366844,1.8959209264867087,0.8380340898847675,1,4.634679806074617,-0.8088605854241413
14195.0,0.5509461058021287,0.4896629879592288,0.7444314415594377,0.9607496513357084,-1.117253523671916,0.6024552579836955,1,0.5690508238998635,0.8220845347961043
14196.0,0.1462219650521856,-1.058145946714099,-0.7334860011418182,-0.8203916692661117,-1.4880589811139169,0.2475570805475679,0,-1.7779769695311123,0.5196978566772441
14197.0,1.0048872215498614,-1.058145946714099,-0.625268872627984,-0.8158082295413044,-0.586765087019821,0.4516671539020241,0,-1.5540376421337363,1.1170471900142267
14198.0,-0.9682038613741812,0.9303406571479472,0.3766873266409113,0.1486323639510579,0.2607132519567318,-0.6379195209768741,1,0.8616936361471881,-1.2753575390394059
14199.0,0.5996007235020872,0.0739460908215904,0.1151921534666318,-0.439953437536103,-0.8098576192004525,-0.0321547057986416,0,-0.6532673566517017,0.2872898240770277
14200.0,1.264922212625839,-1.058145946714099,-0.6455449221711254,-0.8296554976039625,-0.5486003891756687,0.4134241694833411,0,-1.647322622872544,1.2259126465107277
14201.0,-0.2201397768252409,1.0480979277381186,0.179403832468882,0.3177806281973799,0.0914362748936436,-1.1499199906535729,1,0.4350791397870991,-1.2854211386234689
14202.0,0.9564012788108172,-0.2017513803877423,-0.0668516675773251,-0.7183468035229781,-0.3507527121214226,0.0149571416520077,0,-0.8954676193258341,0.5419453507186576
14203.0,0.982715747443508,-1.058145946714099,-0.7253522804667971,-1.1942372750823944,-0.7601216003714991,0.2628982224390844,0,-1.9035410605715415,0.921821172968455
14204.0,-2.1519790306632065,0.0739460908215904,0.0959855345183919,-0.0063537836028127,1.207095033142026,-0.0682801042835989,1,1.22614023476815,-1.3006699082637692
14205.0,-1.0028785328055103,0.9303406571479472,0.6867164941002838,0.6527825854490907,0.5105140700321456,-0.0555787233951423,1,1.5422572127638667,-0.7834448527817364
14206.0,0.6583250720961007,-0.2017513803877423,0.1742397435474707,0.4117923711423014,0.3145288070742748,0.4687746988040667,1,0.2614521199214787,0.8292704699766346
14207.0,1.3346681324029106,-1.058145946714099,-1.2746601340240196,-1.709582179172762,-2.183176263091345,-0.7731601892328772,0,-3.4308457272603077,0.2884605715749124
14208.0,0.0706847362910886,-0.5571872395918231,-0.3562181129365246,0.0412440551307057,-0.1676872918813187,0.0194467906994435,0,-0.4755690787488701,0.21234995716504884
14209.0,-1.2629135238814884,1.5110377522649707,1.2102340207497746,0.8231186251663872,0.9336836095984208,0.2368717164281376,1,2.4692840682255275,-0.8455570883915587
14210.0,0.140256106228435,1.5859404542672264,1.3257366657719432,1.0885403064838823,0.9927301689877396,0.3666758378111856,1,2.3087816695881034,0.03468601835499345
14211.0,-0.2983107883386734,1.7233615276208618,1.1194830470468526,1.0811772080750264,1.0583966506364906,-0.1806599209518512,1,2.259894680647821,-0.6899223135190546
14212.0,0.0363810947797576,-0.5571872395918231,0.6165594411774425,0.9299918277508208,-0.6688728615528973,1.85244787436876,1,0.7785152682664692,1.7888008956480255
14213.0,0.9954788591929878,-1.058145946714099,0.178595038435566,-0.4662657837754595,-1.614523128595098,1.967847855677032,0,-0.9591265012406286,2.4199942015910034
14214.0,-0.6338830081757483,0.2992073267345332,0.0551767466434205,0.2713538538233589,0.3401681767824983,-0.4469598086873899,1,0.4829780536622578,-0.7637699422510031
14215.0,-1.2115801184678894,0.9303406571479472,0.9368181261272072,1.002622805729363,1.1191943164689204,0.4148255456683646,1,2.29022853320962,-0.5093596734962856
14216.0,-1.9674812683483247,0.2992073267345332,0.6032497178948081,0.2363269886739557,0.3526935049184267,0.5838978324947356,1,1.4692450203128562,-0.6662196329329467
14217.0,-2.1519790306632065,2.0119964593872464,0.9369362005034988,0.6092559370975342,0.8634124775613803,-0.8546327694770571,1,2.3622942453325106,-2.3705716453995564
14218.0,-0.4296506057480915,-1.058145946714099,-1.2235178801187254,-0.7424124492385259,-0.9802035124500996,-0.6766999584036386,0,-1.8716973538760449,-0.5597000511255537
14219.0,-1.8243736859341724,-0.2017513803877423,-0.2761257662528874,-0.2058769205238143,-0.0581390644641013,-0.3786818384721609,1,0.11198848063646959,-1.2666185140780615
14220.0,0.6793540117376464,0.0739460908215904,0.3511313517879109,-0.0391782715441003,-0.3805884749031534,0.4118145763611165,0,-0.060780659490625964,0.7116110052168824
14221.0,-0.4443943630945455,1.6565606001831652,1.4021650882659102,1.338430861732213,1.114296432923324,0.4282913477850236,1,2.7450386187663463,-0.23598076498414627
14222.0,0.4666615905535427,-1.058145946714099,-0.2221899605618276,0.1315477426479715,-0.0181119525235737,1.2119207980276867,0,-0.2758798159481441,1.506307972033864
14223.0,0.0503234960319062,-0.2017513803877423,0.0456168451885599,0.1073073766820068,0.1411722937225966,0.2266240290005376,0,0.09917586664683085,0.27626609166608834
14224.0,0.1637936176211079,0.9303406571479472,0.5134085590023959,0.3626694906733145,1.2201519621759485,-0.3812381666522028,1,1.1530240270895364,-0.46672057291690566
14225.0,1.0411983450016138,0.0739460908215904,0.564357361148841,0.5615190465451568,0.4126028186801636,0.8132958769829254,1,0.6649503700265325,1.2603821192066467
14226.0,-0.6752731880764764,0.4896629879592288,0.8438102443337108,0.818186169281198,0.607142454731596,0.7895612459415621,1,1.7062665975151714,0.2083632357853836
14227.0,-0.7428435417295326,1.5110377522649707,1.385527448768937,1.3786197483926546,1.4353937831824446,0.5666748426413984,1,2.962960240054367,-0.2593614510165142
14228.0,1.045596020739638,-0.2017513803877423,-0.1593620252274336,-0.4246569123197467,-0.0789096183560038,-0.1590905272541957,0,-0.770406151986829,0.4674181382711298
14229.0,-0.3102985242592435,0.654643185938614,0.7384693731487881,0.4146121865602806,-0.0181119525235737,0.382244630988955,1,1.0369604248538307,0.023672665631441513
14230.0,1.042667590085983,-0.2017513803877423,0.0373404134575237,-0.4609184296153759,-0.3507527121214226,0.2110453031299076,0,-0.6906492284218175,0.7739402566108997
14231.0,0.4913989623501418,0.0739460908215904,0.204351255680623,0.1347850958883998,0.3650304751021734,0.1355765625241674,1,0.23357089559543526,0.36887975492725256
14232.0,-0.4296506057480915,0.2992073267345332,0.5682538125569163,0.8953582578375047,0.5307717179635321,0.5180170236511263,1,1.3365862159562234,0.18383734260494017
14233.0,-0.3476678433474425,0.654643185938614,0.819841921982942,0.6118669803789536,0.0011923041824166,0.5353878874980003,1,1.235813302993956,0.14605107577273263
14234.0,-0.8456753236698794,0.0739460908215904,-0.1310070367865315,0.434702118283372,0.8634124775613803,-0.4950002136135844,1,0.6426598211810488,-0.8686012199226526
14235.0,-0.0791383545924629,0.9303406571479472,1.1693789384426252,1.1846775048758158,0.7567177940893411,0.8525863889383639,1,2.1191526038972768,0.5018443086723612
14236.0,-0.0304066776915911,0.2992073267345332,0.4527681079002913,0.3226526574288026,-0.0581390644641013,0.3006577698768368,1,0.5754366413930454,0.19608363231739384
14237.0,0.942827752064887,-0.5571872395918231,-0.2780466368688667,-0.3855244245982789,-0.3805884749031534,0.1666417114479517,0,-0.9536441877377999,0.7774770616074863
14238.0,0.8567005826867328,-0.2017513803877423,-0.5481371589960458,-0.6334808999499925,-0.91940584661767,-0.8897708040423998,0,-1.5714233400205972,-0.21142961315079484
14239.0,-0.4296506057480915,1.904492494064476,1.096348811540734,0.8193277158890873,0.6770053294538549,-0.4326808307139356,1,2.007666421462717,-1.0240203034917068
14240.0,-0.6542442484349309,-0.2017513803877423,0.2112350602840326,0.18152526472149,0.0741642041589574,0.5384376532088677,1,0.5018038702743755,0.151900490325383
14241.0,0.4913989623501418,-0.5571872395918231,-0.737393759435379,-0.4716569691961637,-0.9802035124500996,-0.6978305934917804,0,-1.5902576332453966,-0.1523271301145912
14242.0,0.6475462436000934,-0.5571872395918231,-0.8620020116424153,-0.9141583819899256,-0.91940584661767,-0.9320921603628288,0,-1.9540474256694182,-0.303308932748547
14243.0,-1.3798409325433134,1.6565606001831652,1.4966773483016502,1.3171980632664388,1.3980195209492263,0.6061433180433127,1,3.2449253737375114,-0.62090573164069
14244.0,1.309030698983018,-1.058145946714099,-0.6701833152752767,0.3242686802044462,-0.7601216003714991,0.3669532984402107,0,-1.2323875655837098,1.3378309983446566
14245.0,0.6054309927359476,-0.5571872395918231,0.4313210604657874,0.4435125253493402,0.7567177940893411,1.503248500015281,1,0.7676927010929148,1.706434768583997
14246.0,0.1695454516810397,-0.2017513803877423,0.3314039465289776,0.3161485654770629,0.2466890975132978,0.7647562005830653,1,0.507608579073805,0.793660691520255
14247.0,0.7548912404987429,0.2992073267345332,-0.1336102714208422,-0.1724113414944718,0.5407159979871611,-0.8014218489431874,0,-0.2756149087063646,-0.3410274359904728
14248.0,0.8408155551547154,-0.2017513803877423,0.0753683718712003,0.2176138931958927,-0.0181119525235737,0.2826282657734387,0,-0.12998063356290818,0.7742292620701383
14249.0,1.0048872215498614,1.2544959545938104,1.2961210813897934,1.0583157271064825,1.1712251425483466,0.7009940611506521,1,2.046551312346046,0.8578910221939305
14250.0,-1.5229485149574664,-0.2017513803877423,0.51573858530688,0.57928136653745,0.6514988276797011,1.1120172985877828,1,1.5230715333260627,0.1529336106108702
14251.0,-2.1519790306632065,0.2992073267345332,0.8137219177984952,0.798077907818942,-0.1002197270566499,0.9802337190079232,1,1.82637249161935,-0.37017727168605397
14252.0,0.9564012788108172,-1.058145946714099,-0.7010988095015158,-0.9811029912456316,-1.117253523671916,0.3086430856211721,0,-1.917678923693094,0.981719884857954
14253.0,1.1212955486788323,-0.5571872395918231,-0.6761306894638159,-1.132288371569837,-1.0458699940988507,-0.5826113463775324,0,-2.059635731382842,0.22374049256979875
14254.0,1.0382497182035757,-1.058145946714099,-0.3143532106085824,-0.4171400197733095,-0.4772168596026035,1.0380902040545394,0,-1.0008845609428116,1.645154294949944
14255.0,1.1866551065949535,-1.058145946714099,0.0524839573841777,-3.628661084298931,-2.515817022689194,1.729987709527265,0,-3.0147095552867644,2.055275720306866
14256.0,0.7121203814881557,0.2992073267345332,0.704338063790747,0.563204791010395,0.7017426726202728,0.7742319608158332,1,1.039934986161895,0.9777687066042097
14257.0,-0.1794070292720186,0.9303406571479472,1.3370695939170192,1.250629136279653,1.1191943164689204,1.168392796270175,1,2.510149500904661,0.6928220401326842
14258.0,-1.3798409325433134,2.110890520920167,2.549873581721705,2.340932684381925,0.6770053294538549,2.066525697478928,1,4.57816381634584,0.5742119409995972
14259.0,0.3262505441323444,-1.058145946714099,-1.4705569892011974,-1.29969799342043,-1.614523128595098,-1.1426444107164433,0,-2.895649375628695,-0.5490308237332259
14260.0,1.092078996990952,-0.2017513803877423,-0.0870669993282343,0.0596002494519977,0.1411722937225966,-0.0230804219865375,0,-0.3889405842202586,0.6418678673805641
14261.0,-0.3225146116861712,-0.5571872395918231,0.1610198425733635,-0.1324362491901478,0.1727297634470911,0.9937938216973085,1,0.2562413852693326,0.7523221844333976
14262.0,-1.4474112861963695,0.8001660338568091,0.7451553612298168,0.7865907701717123,0.5887058798168258,0.2138583372493437,1,1.8319497311726913,-0.7654292715435776
14263.0,1.0232997359133336,-1.058145946714099,-0.7609623188467672,-0.6989435988405914,-0.7601216003714991,0.1957335540939848,0,-1.721084362678635,0.9394897417982888
14264.0,0.3820531327806657,0.4896629879592288,0.3522522472616454,0.0703729897301092,0.2745016951337471,-0.1353666163082348,1,0.36479774516838953,-0.01954620179478624
14265.0,0.1579897300569208,0.0739460908215904,0.2804452018473468,0.2390885921942279,0.457567115373851,0.2787689162676852,1,0.5058171449568944,0.3079039875256038
14266.0,1.0308182885991817,-1.058145946714099,-2.240620581625838,-1.967436469196142,-2.515817022689194,-2.5950737857695456,0,-4.622477627864596,-1.3641837591543604
14267.0,0.4141260756992679,-0.2017513803877423,0.35172051424469,0.042483868766071,-0.4115503779538524,0.8030244445833318,0,0.05074185904846192,0.9609573027142391
14268.0,1.092078996990952,-1.058145946714099,-0.6932396403097684,-0.7977873505159858,-0.6267921989603487,0.3234663915272014,0,-1.6616330625728386,1.0647997963115958
14269.0,1.0470552368386383,-1.058145946714099,-0.824161803846996,-0.9141583819899256,-0.7601216003714991,0.0765319850215667,0,-1.8969043072585445,0.8344600504334457
14270.0,0.8683613620879451,-1.058145946714099,-0.4573769108396426,-0.6063545425438546,-0.2941514393624997,0.7683308938002892,0,-1.1129031464081471,1.3062833208889457
14271.0,0.62261037347245,-0.5571872395918231,-1.0393340578049992,-0.7889587489815226,-0.0789096183560038,-1.265219530373917,0,-1.726292054099384,-0.6116739354705829
14272.0,-0.0876328522714647,0.0739460908215904,-0.0073575741364795,0.5203073447292799,0.3145288070742748,-0.2626080368691292,1,0.34973755304076726,-0.23074995882529767
14273.0,-0.3225146116861712,0.0739460908215904,-0.3652558030263991,-0.4146533591976824,-0.5121324717856456,-0.9348126450317352,0,-0.7398413159540219,-0.9610780637712751
14274.0,1.3328038136515803,-1.058145946714099,-0.92606422595223,-0.6727062364625485,-0.8098576192004525,-0.1156678186189188,0,-2.001417669787018,0.862402563538579
14275.0,0.9811023498659778,0.4896629879592288,0.1768899782718285,0.052319131491566,-0.862804573858747,-0.4648916771175131,0,-0.4890145900829787,0.09183056563961418
14276.0,0.0968649100434169,0.654643185938614,0.5872069693526077,0.683402034342131,0.4684334074395972,0.0976782613814803,1,1.0780086620697529,0.022343214894221617
14277.0,-1.0784157615666077,0.9303406571479472,2.1024549119096028,3.41708245594718,1.685402164334772,2.6108049280132097,1,4.857976670602065,1.558509242985319
14278.0,1.0033287148318906,-1.058145946714099,-1.084242202430031,-0.8730374341016977,-0.91940584661767,-0.4140098539817969,0,-2.206589502629489,0.4246335264186256
14279.0,1.1566531348790148,-0.5571872395918231,-1.134635200685342,-1.5522358034901935,-1.9471638881929467,-1.444099764187067,0,-3.1290409519749525,-0.4562665861192218
14280.0,0.5349521297947235,-1.058145946714099,-1.3914499226913102,-1.473214373913271,-1.2818823689972492,-0.993439295316206,0,-2.820036884401223,-0.3458339906994838
14281.0,1.0002002930243403,-1.058145946714099,-0.958827354361155,-1.5663808849782732,-1.3785107536966998,-0.1774628841016647,0,-2.5891505341648378,0.5652494701219595
14282.0,-1.9674812683483247,2.110890520920167,1.5361628812806225,1.5775491994937048,0.7017426726202728,0.1576808729268424,1,3.3359125146325503,-1.3716846398940206
14283.0,1.081115906117918,0.0739460908215904,-0.2822700560826611,0.0668016455411409,-0.1220981718085144,-0.779078563095624,0,-0.7009833198329579,-0.032628699358359305
14284.0,-0.6338830081757483,-0.2017513803877423,0.240728447079187,0.0172323629805716,0.2745016951337471,0.5939784297457009,1,0.5327383093404566,0.1826151310906831
14285.0,-0.8741833591389503,0.8001660338568091,0.9084519427771458,0.4285327260471559,0.1083521949576072,0.5211198912971947,1,1.4586145363548386,-0.21615910748936906
14286.0,-0.7922005967383016,0.654643185938614,1.5917944483988733,1.8888975003983448,1.5114692286462774,1.9895372463199283,1,3.4226034315372025,1.1396313714779067
14287.0,-1.4474112861963695,-0.2017513803877423,-1.193912492245088,-0.4221417240201969,-1.1954453334565955,-2.098791978400141,0,-1.5520634862032672,-2.4233914604812337
14288.0,0.5847888596192942,-1.058145946714099,-0.5608818922907631,-0.6369517309004904,-0.7601216003714991,0.5731084771027414,0,-1.3425091768931574,1.010151295731595
14289.0,-1.3798409325433134,0.4896629879592288,-0.0148618971447731,-0.3485900376463807,-0.1914684658752519,-0.8248259393773971,1,0.13410616531381908,-1.5673676306462399
14290.0,-1.2629135238814884,0.8001660338568091,1.1379446698950637,0.76835896395332,0.8499631098416093,0.9531814713316692,1,2.291486400044441,-0.07902422143312664
14291.0,-2.1519790306632065,2.0119964593872464,1.5411425519046813,1.6532144392924002,1.4186162443378565,0.280027532759542,1,3.724782959353581,-1.371824054882223
14292.0,-1.4474112861963695,1.5859404542672264,1.6525844035854782,1.2694974806210635,0.8499631098416093,0.9818832101221624,1,3.1766515318754625,-0.31531312025503033
14293.0,-1.9674812683483247,0.9303406571479472,0.904826074082332,0.8197077915649662,0.5979759564957379,0.3546289155890574,1,2.1893537672836363,-0.9686275598828735
14294.0,0.9986303407132076,-1.058145946714099,-0.6528981717674737,-0.630028288668433,-0.4772168596026035,0.3995550866947288,0,-1.4485623389621545,1.085192915794386
14295.0,-0.4749394310824503,0.2992073267345332,0.6712489103365872,0.4782582316648913,0.3650304751021734,0.711925020495733,1,1.1950423251369373,0.28143802825549474
14296.0,1.0202674598207486,-0.5571872395918231,-0.5123354574472327,-0.3009710220711328,-0.3507527121214226,-0.274430995028567,0,-1.1744330302824484,0.47014275884070544
14297.0,-0.9682038613741812,0.0739460908215904,0.2438684601300447,0.3641902334058461,0.1083521949576072,0.2099350657869002,1,0.7318596212977787,-0.33861578729328423
14298.0,-1.4474112861963695,3.545008616081317,3.303351190005717,3.489526778242954,2.841471467879104,1.8734367325711048,1,6.9539335751207325,0.011641340350103023
14299.0,-1.4474112861963695,2.202452120611942,1.978307916621889,1.8450718625421263,1.1044120596547775,0.8853044800498574,1,3.9432101914754436,-0.5125860980665472
14300.0,-0.9353081791524545,-1.058145946714099,-2.196241682598501,-1.7848322627584738,-1.9471638881929467,-2.5113700277761724,0,-3.6401632251004576,-2.3840385453396062
14301.0,0.2030134902092342,0.0739460908215904,0.5483260405112481,0.8027731396947311,-0.1002197270566499,0.7831038854672746,1,0.8096663591379094,0.8223944211087951
14302.0,1.035287471833904,-0.2017513803877423,-0.1618761745971761,-0.3352573999280677,-0.4115503779538524,-0.1638198122882123,0,-0.8660107700468943,0.4817446281024725
14303.0,0.9986303407132076,-0.5571872395918231,-0.8687131455992968,-0.5400531812013325,-0.5486003891756687,-0.9447051308845972,0,-1.7406086150628353,-0.09955937723888657
14304.0,0.6140782050718988,-0.2017513803877423,0.4446190177346365,0.29201694390368,0.4009658426149288,0.978025379914159,1,0.5420318239400599,1.2012957824542119
14305.0,-0.1138130260237924,-0.2017513803877423,0.4984780207992138,0.515497663780386,0.6685909679263046,1.079496423123711,1,1.042496730064542,0.8938853839350871
14306.0,-0.3225146116861712,0.4896629879592288,0.878669517611887,0.9360685536106192,0.0200527453205781,0.8552032104608145,1,1.4448428830658868,0.49340700996167114
14307.0,0.0292945563903604,1.0480979277381186,1.2213670961639136,1.2588654631781402,1.2864824609043526,0.8075516578865234,1,2.4017291194400054,0.4776938409804575
14308.0,1.190162819252791,-0.5571872395918231,0.1507801034167296,-3.361978192741088,-2.515817022689194,0.9744971741144732,0,-2.862290173597881,1.3638028477584323
14309.0,-1.4474112861963695,1.15560189306089,1.009845332954247,1.0832166544805917,0.8831819415705221,0.2802384031732808,1,2.3933883790280643,-0.7888667643104104
14310.0,1.0382497182035757,-1.058145946714099,-0.4581802070701443,-0.5049664126903386,-0.5121324717856456,0.7668157838099878,0,-1.209598473592851,1.4183325411690213
14311.0,0.6689257299564773,-0.5571872395918231,-0.4234469619381258,-0.4908819143496147,-0.2412044847042052,-0.1071210913497555,0,-1.0143174848112553,0.38853553164771815
14312.0,-0.3738480170997701,1.15560189306089,0.8645634828587171,0.8827061002303325,1.0207326504320022,0.0070203849574954,1,1.8673135562154963,-0.4463122711043024
14314.0,0.1462219650521856,-0.5571872395918231,-1.0052260390555283,-0.2644215674002995,-1.117253523671916,-1.201172019883069,0,-1.7262654573876677,-0.7226309755128859
14315.0,-0.4011425702790203,0.8001660338568091,0.8892030938431866,0.6537613370267374,0.5505411819726732,0.4848925535850246,1,1.5803435807002806,0.017368656237976732
14316.0,1.0217853899940603,0.2992073267345332,0.2788652811182987,1.4473487786039971,-0.5486003891756687,-0.0264953289560838,1,0.38802087901331594,0.6443084181267432
14317.0,-0.1696156146721137,-1.058145946714099,-0.4344908051660927,-0.4373791840002142,-0.4437267787202448,0.8114967472282792,0,-0.747620015931269,0.7944020133165781
14318.0,1.0769559442965295,-1.058145946714099,-1.2736625220424402,-0.7759341463654605,-1.1954453334565955,-0.7712785771670625,0,-2.499922038751687,0.19800192491493326
14319.0,1.024810514465536,-1.058145946714099,-0.4541726509934122,-0.270373833714497,-0.3805884749031534,0.7743745000319704,0,-1.0361538932860859,1.4347459172001198
14320.0,0.5665508950955468,0.2992073267345332,0.2663616721213143,0.2372488121448318,0.3891614223084505,-0.0500094021166905,1,0.33710507367774445,0.21174089820810846
14321.0,-1.2629135238814884,0.654643185938614,0.6256833946252077,1.2392836912486482,1.094407142278882,0.1700482725940665,1,2.0643297561705043,-0.638512242387288
14322.0,1.0323114794921844,0.0739460908215904,-0.4849766778618064,-0.7506340680270399,-1.117253523671916,-1.159314034702658,0,-1.698549979461916,-0.40500755770958186
14323.0,0.1920503993361995,-0.5571872395918231,-0.3095456197884739,-0.2297966815900328,-0.2159596295778201,0.107326732731215,0,-0.6113800272750142,0.3251322489659393
14324.0,1.0033287148318906,-0.5571872395918231,-0.2030253907757225,-0.1389323112681091,-0.0181119525235737,0.3079285660585421,0,-0.6262376520573336,0.9336767064601117
14325.0,1.214193871802146,-1.058145946714099,-0.9578619410587702,-0.2885608248606143,-0.6688728615528973,-0.1756420024845559,0,-1.7589809241442635,0.7809492755790495
14326.0,0.6662919472041413,-0.2017513803877423,0.0082396030486935,0.0925520172177983,0.2031181655606824,0.1562717722393221,0,-0.11376280192916871,0.5535966163489159
14327.0,0.4141260756992679,0.4896629879592288,0.5122806233030123,0.6298596872611718,0.6935794902722501,0.1655768121021181,1,0.9619154807438905,0.27918714621334817
14328.0,1.045596020739638,-1.058145946714099,-0.530441966178441,-3.628661084298931,-2.515817022689194,0.6305217132236393,0,-3.5904204603971377,1.0878719099111844
14329.0,-1.0028785328055103,1.5110377522649707,1.7053463387678471,1.628688072678792,1.7213375318475266,1.1688216528554771,1,3.6201133579212046,0.09750953452117324
14330.0,1.2721455816534404,-1.058145946714099,-1.1025905688381357,-1.0298453562635617,-0.91940584661767,-0.4486170041152791,0,-2.383662004913401,0.5286186892538007
14331.0,0.2399724924575698,-0.5571872395918231,-0.5025402592505733,-0.4451323693240469,-0.3507527121214226,-0.2559961444299077,0,-0.988561853782956,0.041753287491520234
14332.0,-0.8183807704906293,0.2992073267345332,0.5305120149802799,0.3851194836668946,0.0914362748936436,0.4469739893604407,1,0.9951826674298081,-0.11893321523976598
14333.0,-0.1411075792030422,-1.058145946714099,-0.5803539516905255,-1.4026767430063911,-0.8098576192004525,0.5363819114746416,0,-1.517720338889196,0.5068265860738791
14334.0,-1.0028785328055103,1.2544959545938104,1.1056354341722168,1.1785407771560248,1.0207326504320022,0.3425181965384601,1,2.464300021374935,-0.5169622843136855
14335.0,-1.0395356639262063,-0.5571872395918231,-0.4938892063191535,-0.1775834856216042,0.217900422374825,-0.23971416007898,0,-0.2183567586848803,-0.6467840304339174
14336.0,-1.0028785328055103,0.0739460908215904,0.3971217532186842,0.8306355177128244,0.4897435161402434,0.4983918409441288,1,1.2832552755372713,-0.09435226367532953
14338.0,0.4062569561281632,-0.2017513803877423,-0.0016812837902632,0.1475774784982984,0.0200527453205781,0.1375997457601397,0,-0.09339914068602745,0.4092635929771407
14339.0,0.6689257299564773,-0.5571872395918231,-0.2916844364547559,-0.056225988880909,-0.5486003891756687,0.1409601858802142,0,-0.797647241710881,0.6467136161174012
14340.0,0.6025224834477799,-1.058145946714099,-1.3879366448149917,-1.4026767430063911,-1.4880589811139169,-0.9868128451885968,0,-2.889849501166715,-0.28705190029383365
14341.0,-0.4011425702790203,1.7233615276208618,1.1300473104314488,1.1407003457684022,1.2026961322161416,-0.1608105675827342,1,2.3911105436093494,-0.7308303134725045
14342.0,-0.8741833591389503,0.4896629879592288,-0.0092126255707565,0.0312405020086414,-0.3507527121214226,-0.8142286127833029,1,0.0949214806947698,-1.235641525754062
14343.0,1.0202674598207486,0.0739460908215904,0.1133499040453012,0.1570110879448586,1.2372441024225518,-0.0356198764045442,1,0.34490366674641637,0.48425127385920047
14344.0,0.2551824986059697,1.847016261407861,0.9191802941502089,0.7961116255209985,0.9754580982530536,-0.6991672958464805,1,1.7152270432827528,-0.8636493736260651
14345.0,-0.4907754257615954,-1.058145946714099,-1.5393678814677068,-1.4985144522516916,-1.4880589811139169,-1.2724297456350957,0,-2.755044031794072,-1.1287066864242263
14346.0,0.2243929765656181,0.2992073267345332,0.6567277430974073,0.8736675095687282,0.8700553726182927,0.6845831473230125,1,1.357386869245439,0.6608077660823369
14347.0,1.3787288112420826,-1.058145946714099,-1.7369941658240935,-1.5248267984910486,-1.4880589811139169,-1.645175871416784,0,-3.5603791235176483,-0.4055847152574572
14348.0,0.7121203814881557,-1.058145946714099,-0.5901680528003423,-0.6545860563214968,-0.6688728615528973,0.5178713769137778,0,-1.383725478213251,1.0295808159183881
14349.0,-1.3187161125298097,-1.058145946714099,-1.394337218274193,-1.147237218205978,-0.2412044847042052,-0.9988850701331092,0,-1.6594864206778854,-1.3827102336607515
14350.0,0.7456300658619328,-0.2017513803877423,0.0316090669730309,0.0583923135040178,0.217900422374825,0.2002574038659542,0,-0.12360948253042718,0.6287179619710851
14351.0,0.4218998096527606,-1.058145946714099,-2.079131654021814,-2.397537599248726,-2.515817022689194,-2.290486912029164,0,-4.463258919523779,-1.4954929223871265
14352.0,0.3902229910202726,0.0739460908215904,0.1067412572851109,0.052319131491566,0.0384893202353487,-0.0480501797190409,0,-0.0129577237540674,0.17091187499952815
14353.0,0.5907547184430448,-0.2017513803877423,-0.6506804897060932,-0.2411369787048411,-0.6688728615528973,-1.0822290249676318,0,-1.3085954338190429,-0.4852193620371144
14354.0,-1.608585561882396,-0.5571872395918231,-1.2487229318810815,-0.5645293427226981,-1.1954453334565955,-1.6580803213127586,0,-1.6109278652382752,-2.083667230471914
14355.0,0.9307105862349312,-0.2017513803877423,0.0623583830597932,0.2335537409722953,0.2466890975132978,0.2581377188358986,0,-0.054311345341303434,0.7935916000379489
14356.0,-0.0382757972626953,-0.5571872395918231,-0.2034152222249504,-0.3831542564881224,-0.1914684658752519,0.3071943439430905,0,-0.4887982951210202,0.34384804062436325
14357.0,-0.4296506057480915,-1.058145946714099,-1.017919465269434,-0.7933582365477243,-0.0581390644641013,-0.2889174685819452,0,-1.294012189432718,-0.29210390248527474
14358.0,0.9696934685856776,-0.5571872395918231,-0.6070554388451083,-0.2526762385191352,-0.5486003891756687,-0.4526674389092185,0,-1.3187128647633939,0.3117365999605757
14359.0,-0.9353081791524545,-0.2017513803877423,-0.0141355563599509,-0.191578076103695,0.0384893202353487,0.1141604356719731,1,0.15978104186690872,-0.38189030402698887
14360.0,-0.6141483680629726,0.0739460908215904,0.5959061284546554,0.5518840134438602,0.7336066022127771,0.8727149375977563,1,1.3433946973326696,0.3834305975445063
14361.0,1.2242234885320706,-1.058145946714099,-1.0539501139402505,-0.4477372081299453,-0.862804573858747,-0.3568754567877479,0,-2.0196974920340764,0.6324499050721448
14362.0,-0.8456753236698794,-1.058145946714099,-1.2593946613565827,-1.0490970995891926,-0.1002197270566499,-0.7443677347598066,0,-1.5587817054458841,-0.9131725222767422
14363.0,0.9907224082272228,-0.5571872395918231,-1.012537626844883,-1.017316959584883,-1.2818823689972492,-1.214902729015818,0,-2.4198436920419684,-0.33786280129968427
14364.0,0.1579897300569208,0.8001660338568091,0.997650944277822,0.9041055706077212,0.3014022381220454,0.6890230856750204,1,1.5354222369234052,0.5261601053625368
14365.0,0.9794848831855826,-0.5571872395918231,-0.2751615797839191,0.0751048154541481,0.1411722937225966,0.1720747003299341,0,-0.5285758018425507,0.8249812276800361
14366.0,1.1615487708569847,-1.058145946714099,-1.3810662509666332,-2.2210947581379226,-2.515817022689194,-0.973854484422416,0,-3.8687821037829964,-0.005628936770199637
14367.0,-1.4474112861963695,1.5859404542672264,1.6553335293447498,1.4391032323832311,1.5114692286462774,0.9870599811749996,1,3.5341777562936643,-0.3236168308032451
14368.0,0.8448238506952722,-1.058145946714099,-1.28747915595153,-1.709582179172762,-1.2818823689972492,-0.7973383534651874,0,-2.91729748658073,-0.04054390018968658
14369.0,1.2903547758033207,-0.5571872395918231,-0.4925544758528878,-0.4373791840002142,-0.4437267787202448,-0.2372020517811976,0,-1.3404243053522171,0.6391714847684544
14370.0,1.0643116644325106,0.4896629879592288,0.168609866430454,-0.4097080656836057,-0.1002197270566499,-0.4804432312114698,0,-0.42423284221235097,0.04455093992869268
14371.0,0.7928241333268481,-1.058145946714099,-1.5971880837454104,-1.7461316338435953,-1.7640984679528429,-1.3814853627111197,0,-3.447860707698917,-0.5240647389381123
14372.0,1.0528591244028265,-0.5571872395918231,-0.0564672323770859,-0.1793166116278707,-0.1220981718085144,0.5839987361949331,0,-0.5481859461336015,1.1849536702839276
14373.0,0.9165761254464796,-1.058145946714099,-1.7911255781340631,-2.183500472526469,-1.7640984679528429,-1.7472740021757764,0,-3.898332786804589,-0.7960223181116063
14374.0,1.180765944929144,-1.058145946714099,-1.5458176577854816,-2.0821123426729526,-1.3785107536966998,-1.2845947728855882,0,-3.512036230176082,-0.2833755965649324
14375.0,0.4948562494227654,-0.2017513803877423,0.141919450408497,0.1855235806138911,1.1620071460508272,0.4079198294150397,1,0.5237593116370176,0.6296302099450173
14376.0,1.329997134341211,-1.058145946714099,-1.0514490360738733,-1.4985144522516916,-0.7132292345010023,-0.3521581334417843,0,-2.482115936235509,0.5822306265817053
14377.0,0.5152174896819478,-0.5571872395918231,-0.2954289337414718,-0.5370567252723396,-1.0458699940988507,0.1339090082478808,0,-1.1864613443016556,0.5304486366531858
14378.0,1.270090050410331,-1.058145946714099,-1.4064937172975305,-1.4139201097638212,-1.1954453334565955,-1.0218136392188204,0,-3.0014277568152106,0.03731797136812085
14379.0,-0.4152381970004986,0.0739460908215904,0.2234932223339365,0.2372488121448318,0.6428173386552047,0.1715943073774968,1,0.7001668753252077,-0.10234831241622373
14380.0,1.3290588383452664,-1.058145946714099,-2.107970536795234,-3.628661084298931,-2.515817022689194,-2.3448803944582504,0,-5.355817844168668,-1.164554897930183
14381.0,-0.3102985242592435,-0.5571872395918231,-0.2789577134609497,-0.0605578658272451,0.7336066022127771,0.1649260266943704,0,0.05184098371247948,0.07028716408319956
14382.0,-0.7428435417295326,-0.5571872395918231,0.2108367016867489,0.8085954344762845,1.3697273015336937,1.0876763039144215,1,1.3801547200850193,0.6383622549917454
14383.0,-0.5070123740010525,-0.2017513803877423,0.2113504853890138,0.3266852938434061,0.1249263557760024,0.5386550101991018,1,0.5453899885920034,0.2453011790892466
14384.0,1.131598183073706,-1.058145946714099,-1.9820442687011257,-1.8259532106467025,-1.9471638881929467,-2.107368827011184,0,-4.07621254161725,-0.9252343210595376
14385.0,-1.3798409325433134,-0.2017513803877423,-1.097320604778943,-0.74651041226979,-0.91940584661767,-1.9185081435473208,0,-1.5089184154921682,-2.285088122755472
14386.0,0.7971428378544745,-1.058145946714099,-1.3481661274857475,-1.448851553929116,-1.3785107536966998,-0.911801030322534,0,-2.8844545009313443,-0.128903222620549
14387.0,-0.5950029105353472,-0.2017513803877423,0.4633891205142699,0.3282914507803025,0.8831819415705221,1.013387527295417,1,1.1563416483319775,0.547546149922636
14388.0,-1.3187161125298097,1.5859404542672264,1.4221710856493666,1.427443328566434,1.1982735174240835,0.5481278128577188,1,3.110839634645414,-0.5954009206978159
14389.0,-0.1696156146721137,0.2992073267345332,0.5134503005114672,0.6749334074054485,0.1083521949576072,0.414860462372425,1,0.9181398490586313,0.23996414236293753
14390.0,-1.3187161125298097,1.3460575542855853,1.3890394229615788,1.1615894179635753,1.253987399012523,0.7673520927594029,1,2.9582272975908044,-0.3830964786524061
14391.0,1.22200820066849,-1.058145946714099,-1.383173250004652,-0.7105166998701326,-0.862804573858747,-0.9778285293274492,0,-2.492594052523746,0.10226689556872615
14392.0,1.0367703053241684,-1.058145946714099,-0.899158956114114,-0.9637172845910724,-0.862804573858747,-0.0649213547670592,0,-2.039396129064958,0.713925945834259
14393.0,0.5996007235020872,-1.058145946714099,-1.8758250241168148,-2.348795234230796,-1.614523128595098,-1.9070269947938647,0,-3.9051533361998123,-1.1227980325488738
14394.0,1.2085533323744282,-1.058145946714099,-1.646396950354697,-1.4026767430063911,-1.4880589811139169,-1.474299000545052,0,-3.3535569431895023,-0.3485441680341089
14395.0,-2.1519790306632065,1.847016261407861,1.5683263600381985,1.3825068078547351,1.6503800698286364,0.5206178295621855,1,3.710619162934738,-1.170254236694091
14396.0,-0.1696156146721137,0.654643185938614,0.5937708653344191,0.473773025222143,1.274447139088575,0.1100234810992386,1,1.4043255844473908,-0.17113361969476124
14397.0,-1.9674812683483247,1.7867352234743037,0.7437040371906484,0.8778546066090467,-0.6688728615528973,-0.9588168963921953,1,1.573220228263478,-2.197701852640159
14398.0,0.9891290528763732,-0.5571872395918231,-0.196714927159106,-0.4072492929554593,0.1411722937225966,0.319813991122562,0,-0.6751359520296105,0.9014471526893223
14399.0,0.9778633268252848,0.8001660338568091,0.5907878694495683,0.4381047173816584,0.8431548296299944,-0.0764315156181908,1,0.85376875417308,0.2861126458122283
14400.0,0.3568999011193944,-0.2017513803877423,0.4477267872768803,0.8105248020633823,0.4240770344914922,0.9838802245806422,1,0.8790023899670337,1.1157179340635153
14401.0,-1.8243736859341724,1.959413366567396,1.4323030841518127,1.679948351115749,1.1384985731749109,0.1355745690637284,1,3.3994554513190347,-1.2794030146155968
14402.0,1.3002519660332574,-1.058145946714099,-0.8491916929454245,-0.4770927103734043,-1.2818823689972492,0.0293227070625691,0,-2.013647881477923,1.0025686653002124
14403.0,0.2700401175059993,0.4896629879592288,0.5067790117315504,0.258993633508788,-0.586765087019821,0.1552275315585022,1,0.2946232368338634,0.21152734551330857
14404.0,-0.5764124726865254,1.3460575542855853,0.8185609509965854,0.7909716100593444,0.8700553726182927,-0.3055700641519519,1,1.7874500443348127,-0.8638240733105575
14405.0,0.9663961595288088,-1.058145946714099,-1.1229975331708768,-1.0490970995891926,-2.183176263091345,-0.4871069090323652,0,-2.844134304976904,0.3838974283051329
14406.0,0.2137923187052415,-1.058145946714099,-1.2794405831816866,-1.2190598790341067,-1.2818823689972492,-0.7821766715738767,0,-2.481289245509179,-0.32583252230061793
14407.0,0.1462219650521856,0.4896629879592288,0.605821255244971,0.6875958058650042,0.3771846686209953,0.3415700380199654,1,1.040454248964717,0.2943426149991605
14408.0,-1.2629135238814884,1.15560189306089,1.069948298901769,1.0468489860906776,0.3274486497920416,0.3933127125442879,1,2.151679241471873,-0.5747790562636064
14409.0,-0.1138130260237924,0.9303406571479472,1.0051196762411725,1.035178780865838,0.4791576523996084,0.5433631157077603,1,1.769892473272079,0.22984634264422135
14410.0,0.0503234960319062,1.15560189306089,0.7541530331570971,0.6697039397937106,1.6164639213921022,-0.2005010814819373,1,1.7652329151750503,-0.42917845738674715
14411.0,0.8265858861715248,-1.058145946714099,0.0960126249959458,-0.609684782260171,-0.862804573858747,1.8120878323199705,0,-0.7494080499298896,2.153157957684832
14412.0,-0.4296506057480915,-0.2017513803877423,0.3076307201500476,0.6936066541705707,0.4684334074395972,0.7199788596253622,1,0.9388377996370914,0.45610362936819976
14413.0,0.9236822945372614,0.0739460908215904,-0.1357463587968558,-0.3760945721938142,0.6428173386552047,-0.5039046081817168,0,-0.38702729688807186,0.025048939740481307
14414.0,0.0503234960319062,0.8001660338568091,0.6822662033487848,1.1540907045116746,0.6935794902722501,0.0955724095408811,1,1.5146645856371639,-0.005839947485081477
14415.0,-2.4120140217391843,2.0119964593872464,1.847456308260073,1.669906615012698,1.9201891572919485,0.8564640492540632,1,4.347320987075841,-1.0687986367111275
14416.0,-0.8456753236698794,-0.5571872395918231,-0.4609328013150688,-0.2763804593773598,-0.91940584661767,-0.1776837628880256,0,-0.7627806639982174,-0.4491885622179844
14417.0,0.9680469331528012,-1.058145946714099,-0.3105688686692594,0.0867875549134829,0.7490861757345402,1.0452279124879582,0,-0.22846466388643766,1.6082131628954877
14418.0,-1.8243736859341724,-0.2017513803877423,0.5281884528362935,0.8124485265667072,0.8082392174469527,1.135474779640112,1,1.8050684600289513,0.02267591550951944
14419.0,-1.2629135238814884,0.654643185938614,0.218939372181538,0.0739250466377289,0.8362895757000253,-0.5943411949099946,1,0.9774151255788626,-1.36286478151412
14420.0,0.0968649100434169,0.0739460908215904,0.4078597654892208,0.5339424266269587,0.5698454386786636,0.5186077259411344,1,0.8455112682813622,0.4930554189113564
14421.0,-0.2524823540546596,0.4896629879592288,0.7029916941203435,0.6527825854490907,0.435392980203531,0.5244485118988882,1,1.2757463180870665,0.21717244983241682
14422.0,-2.4120140217391843,1.7867352234743037,1.7299121964892965,1.6447067555192718,1.642676792037434,0.894338689808,1,4.07913539019973,-0.9677928443327084
14423.0,0.5996007235020872,-0.2017513803877423,-0.010648281556825,-0.1117564993005878,-0.9802035124500996,0.1207235016183362,0,-0.7007491843969377,0.5204647634506321
14424.0,-0.9682038613741812,-1.058145946714099,-0.7628556575473588,-1.5248267984910486,-2.515817022689194,0.1921624974011139,0,-2.2200782562454378,-0.16246601029149604
14425.0,1.0411983450016138,-0.2017513803877423,-0.2455025316069713,-0.2783949201827544,-0.144576100004755,-0.3211004676721789,0,-0.8189523526191423,0.35145649159622205
14426.0,-0.7922005967383016,1.6565606001831652,1.825453426193204,1.740933824816563,1.932965280678352,1.225183141093915,1,3.8324513334994355,0.2218322017771284
14427.0,-0.3349679194593694,0.0739460908215904,0.2204282310142895,0.052319131491566,0.0200527453205781,0.1658270312312877,1,0.3261679403074698,-0.053674868170233585
14428.0,-1.5229485149574664,0.2992073267345332,0.2096981455931815,-0.0856591296733116,0.7642790739473241,-0.1565544138165067,1,0.9323920967645665,-1.0720380919737935
14429.0,0.9938972919331752,-1.058145946714099,-0.4236837403013597,-0.3621985425239267,-0.5121324717856456,0.8318801267595983,0,-1.0919461838714437,1.4609517706118162
14430.0,1.1454993720263298,-0.2017513803877423,0.1957222772450689,-0.070777930661493,-0.2941514393624997,0.5092260450812967,0,-0.3474858201518789,1.1084764020061642
14431.0,0.8099271521892553,0.0739460908215904,0.7440457882681344,0.5803757443919417,0.435392980203531,1.1517681502667136,1,0.9462782787787057,1.4081366982728742
14432.0,-1.3187161125298097,0.4896629879592288,0.6377430176966087,0.9376584043697592,1.4679533363137638,0.4016420889923779,1,2.10187368778822,-0.4857115460788463
14433.0,1.0852490581173193,-1.058145946714099,-0.8392041019069265,-0.8582565662530369,0.435392980203531,0.0481604637790722,0,-1.401818297209709,0.7847460420471073
14434.0,-0.8456753236698794,0.4896629879592288,0.2801567705448543,-0.1969037808196001,-1.9471638881929467,-0.2708777318564944,0,-0.3776561242749815,-0.7316861141399202
14435.0,1.1328744525473045,-1.058145946714099,-1.6725581831995842,-0.3714298651318708,-1.9471638881929467,-1.523642124210825,0,-3.063457808723245,-0.3060511292919961
14436.0,0.0968649100434169,-0.5571872395918231,-0.8850161442999462,-0.3374608222193361,-1.0458699940988507,-0.9753433898726004,0,-1.5880612910075476,-0.5774316035959358
14437.0,0.9307105862349312,0.2992073267345332,0.021774187970444,-0.014407610016013,-0.1676872918813187,-0.5097053984331282,0,-0.3856619552889198,0.0392826563822884
14438.0,0.816224995258786,-1.058145946714099,-1.4029607247219371,-1.178194505634738,-1.1954453334565955,-1.0151500048785982,0,-2.7452915834435387,-0.18306097239544
14439.0,0.8448238506952722,0.2992073267345332,1.6693185886597777,0.9907193431217984,0.7413828979433381,2.592678043139372,1,2.24145570576845,2.5637711700748436
14440.0,-1.4474112861963695,1.3460575542855853,1.4154445724084852,0.8291389961597865,0.3274486497920416,0.8170637610701265,1,2.485080989185621,-0.4056104957167329
14441.0,-2.4120140217391843,1.15560189306089,1.1529612374239029,0.611345600297109,0.7257558910386418,0.5495258195892141,1,2.5587188810216652,-1.1413477284496254
14442.0,0.5603544681590024,0.654643185938614,1.262237694193521,0.6949860065226161,0.9024861982765124,1.3685119984486525,1,1.8361621148344554,1.2876102535532632
14443.0,-0.2865430233339383,0.2992073267345332,0.6783951768680593,0.7346439119023295,0.8431548296299944,0.7253810526039912,1,1.4631304444633937,0.40027292741421533
14444.0,1.071367018304198,-1.058145946714099,-1.402202034405449,-0.6653981508446892,-1.0458699940988507,-1.0137190268229206,0,-2.5206913122686214,0.0031272946010326872
14445.0,1.071367018304198,-1.058145946714099,-1.0311317254332408,-1.1703175140161766,-0.2159596295778201,-0.3138373258009253,0,-2.018915279311012,0.481864107008168
14446.0,-2.4120140217391843,0.2992073267345332,0.2076592815365457,0.5315913215718552,1.4774744457749929,-0.1603876234771565,1,1.7940536095150204,-1.5336194305280793
14447.0,-0.9353081791524545,0.4896629879592288,0.4390533019743355,0.3996714254474786,0.5307717179635321,0.0278439086239459,1,1.1289990041847904,-0.5897928356068353
14448.0,-1.3798409325433134,-0.5571872395918231,-0.6528790246243567,-1.0235513279573645,-0.586765087019821,-0.5388741154174689,0,-1.0132707787000097,-1.125015207715391
14449.0,-0.9353081791524545,0.8001660338568091,0.7068985401964804,0.83769786182438,1.6003245210805033,0.1418990400704187,1,2.0760069396986283,-0.5822562516201953
14450.0,0.4809138481706168,0.654643185938614,0.1390223400198399,0.0324992984480111,0.0914362748936436,-0.7443198538914286,0,0.020061739041759497,-0.49684013617498446
14451.0,-0.2201397768252409,1.2544959545938104,0.91377294887895,0.8298876825682382,1.4320656120576276,-0.0183039348560261,1,2.0235231162848986,-0.4322549494586206
14452.0,-1.2629135238814884,0.0739460908215904,-0.2409479087566789,-0.3553590950482323,0.7642790739473241,-0.7014995440705764,1,0.2433379977613218,-1.340001145787941
14453.0,0.5118685254199581,-1.058145946714099,-1.4709739819052,-1.5115390548677536,-0.5121324717856456,-1.143430907388191,0,-2.5956038416308926,-0.5181201919781605
14454.0,0.9479515492166356,0.2992073267345332,0.0355013201270547,-0.142204561494289,0.6428173386552047,-0.4839208692559537,0,-0.09985369135356233,0.02063309184882944
14455.0,1.0367703053241684,0.0739460908215904,-0.2825334119450418,0.2427527851742844,0.3526935049184267,-0.7795729262047205,0,-0.4074184779257883,-0.06092517226527615
14456.0,-1.7074462772723475,0.9303406571479472,0.8580326971553559,1.1611373760634407,2.137127174058685,0.2665937678365531,1,2.858658406949633,-0.9313967474702323
14457.0,0.8265858861715248,-1.058145946714099,-1.5094645247068776,-1.132288371569837,-1.7640984679528429,-1.2160285416314516,0,-3.076404147040749,-0.30996580287158076
14458.0,0.9564012788108172,-1.058145946714099,-0.9818195233862752,-0.2723699534220584,0.0741642041589574,-0.2208287853295413,0,-1.3877563414243617,0.5711617594317959
14459.0,0.3820531327806657,-0.5571872395918231,1.2634074352994265,1.0077814277722483,0.8010741670374462,3.0721109351889915,1,2.005569061940636,2.908176112092958
14460.0,0.1637936176211079,0.9303406571479472,0.1163782068467589,0.8740174542105597,-0.1914684658752519,-1.1258993645390374,1,0.3862867865916335,-0.9553918501360074
14461.0,0.3526100844636154,1.3460575542855853,1.4235138228872886,1.1875073527641242,2.039792467269007,0.8322560008728702,1,2.812420971537806,0.5555150781649465
14462.0,-0.1599714449813229,1.2544959545938104,0.64235862911689,0.5051587953623482,1.189356113787718,-0.5281651761591392,1,1.463291232671098,-0.8337718011775821
14463.0,0.0904193764038643,0.0739460908215904,-0.12076947786563,-0.5645293427226981,-1.3785107536966998,-0.4757647827135155,0,-1.0397641947619034,-0.33882733974475604
14464.0,1.2119436056379256,-0.5571872395918231,-1.5262528408424665,-1.3595320367867216,-1.7640984679528429,-2.177683940406771,0,-3.3943401432314984,-1.0088061375460977
14465.0,0.6793540117376464,1.15560189306089,1.040658376545012,1.0737307466405912,0.9024861982765124,0.3382053349023434,1,1.766580074827025,0.42508904314823726
14466.0,-0.6752731880764764,1.3460575542855853,1.1584408466802585,1.0985629147295854,0.4897435161402434,0.3333752315823706,1,2.165610877400114,-0.3530072335362867
14467.0,-0.9682038613741812,1.2544959545938104,0.6266342230365552,0.577087132846628,0.9984076522496488,-0.5576787077360074,1,1.6531083619664815,-1.2861203550176539
14468.0,1.376116485027959,-1.058145946714099,-1.0898031450212669,-0.7262712480428852,-0.9802035124500996,-0.4244984375896303,0,-2.2849542219661636,0.6384716054320291
14469.0,1.01262344562185,0.0739460908215904,0.5904639973914119,0.4461998465088715,0.8499631098416093,0.8624649428362157,1,0.8290558092628029,1.2533826659376335
14470.0,-1.2115801184678894,-0.2017513803877423,-0.1924070562591995,-0.3714298651318708,0.2324210325411989,-0.2212468891231223,0,0.0526351124498512,-0.8319662937251922
14471.0,1.2373568867177072,-0.5571872395918231,-0.6054581282938917,-0.6404409748334174,-0.0789096183560038,-0.4496622106034459,0,-1.3877182892688726,0.40138215634568486
14472.0,0.1281552717803115,0.9303406571479472,0.6289751115190891,0.6344079101101008,1.147982991607394,-0.1641113834221373,1,1.3845607046114408,-0.28000778605629656
14473.0,-0.0876328522714647,-0.5571872395918231,-0.9911890699689396,-1.132288371569837,-1.3785107536966998,-1.1748097816595529,0,-2.155218812594509,-0.9052803867395421
14474.0,-0.3873500989396135,-0.5571872395918231,0.2286779172615003,-0.0605578658272451,0.8634124775613803,1.1213002929069718,1,0.6691096473249161,0.7962895586179161
14475.0,-0.10496702096475,0.0739460908215904,0.153367784274274,0.05596976587096,-0.0378814165327151,0.0396569411234358,1,0.16091354072746714,-0.02645852547858583
14476.0,0.7047061347631505,-1.058145946714099,-1.0506505210885495,-0.8680734789258341,-0.7132292345010023,-0.3506520414352103,0,-1.9897821534379379,0.3030917166574879
14477.0,-0.9040178174155592,0.654643185938614,0.5401161148818366,0.5339424266269587,-1.3785107536966998,0.0091204556652106,1,0.5024457357161276,-0.5320025430123576
14478.0,0.9580779469522994,0.0739460908215904,0.2278774898508097,0.5933681854012492,0.2745016951337471,0.1798441151813821,1,0.291135773050062,0.7112769496231137
14479.0,0.6972051697365015,0.0739460908215904,0.2404292112322068,0.145462618352032,0.8961017842882889,0.2034631412758143,1,0.4333712785164154,0.5143162851168172
14480.0,-1.2629135238814884,0.0739460908215904,0.2406564201754732,0.196395248611044,0.1727297634470911,0.2038906973034523,1,0.7681556200973251,-0.5251964808146073
14481.0,0.4218998096527606,0.2992073267345332,0.655401509107422,0.7617527972924533,0.8082392174469527,0.6820860313632368,1,1.2160778657512499,0.7588564685343743
14482.0,-0.9682038613741812,1.2544959545938104,1.1121834652511324,1.1572824241696034,1.2026961322161416,0.354837313889243,1,2.526040502913464,-0.4981875488664692
14483.0,0.7640205789835691,-0.5571872395918231,-0.9246669147569696,-0.6197778847530964,-0.91940584661767,-1.0498484792700669,0,-1.9183792426040986,-0.3050815493973702
14484.0,-0.3349679194593694,0.0739460908215904,0.1013969077622045,0.2652027781678645,0.0914362748936436,-0.0581022164808019,1,0.32959661318081773,-0.21677157746841985
14485.0,-0.4907754257615954,-1.058145946714099,-1.239459060287024,-1.2717056438696923,0.0384893202353487,-0.7067668757039997,0,-1.6953160127285274,-0.7162304420802653
14486.0,1.1454993720263298,-0.5571872395918231,-1.1985112160568436,-1.1176717491805908,-1.7640984679528429,-1.5639276596704998,0,-2.912809791590246,-0.5239697696561457
14487.0,-0.7195200551006783,0.654643185938614,0.3213438582475023,0.3425730455396911,0.9088213112787455,-0.4020467407438021,1,1.0730926081797418,-0.8847899495766836
14488.0,-0.1411075792030422,-1.058145946714099,0.0968789829693769,0.3120506024457988,0.0741642041589574,1.8137218840818008,1,0.376039060821677,1.6733720816368725
14489.0,0.5665508950955468,0.0739460908215904,0.3790689553078211,0.4666624593327295,0.3526935049184267,0.4644060602510897,1,0.5466344017685942,0.7102485086031388
14490.0,0.9970565357545048,-0.5571872395918231,0.2260760977823332,0.4139083652637922,0.435392980203531,1.116396799717292,1,0.2800620750232294,1.6199084517723428
14491.0,0.4594149010336265,-0.5571872395918231,-0.4940888612836936,-0.669042043482492,-0.7132292345010023,-0.2400899316454995,0,-1.3039182506876728,0.16892956421141775
14492.0,1.033801201878248,0.654643185938614,0.5224627345567445,0.2713538538233589,0.4126028186801636,-0.0240735541160155,1,0.500171926213702,0.3998260258563706
14493.0,-1.5229485149574664,1.0480979277381186,1.2297178151061112,1.2205485773885911,1.5755040145163772,0.8232743458207175,1,2.99660666229844,-0.37941634403828756
14494.0,-0.7428435417295326,-0.2017513803877423,-0.6045444087737041,-0.5645293427226981,-0.7132292345010023,-0.9956553109677456,0,-1.014440115548196,-1.178532947535868
14495.0,-0.3225146116861712,-0.2017513803877423,-1.2013747748086052,-1.29969799342043,-1.3785107536966998,-2.112709196904447,0,-2.3994879474240927,-1.896371786155347
14496.0,0.8286381285590276,0.654643185938614,0.7587815327364892,0.4535338609952382,0.3401681767824983,0.4204685794282038,1,0.8705913275368372,0.6684789476969155
14497.0,0.8224615941517993,-0.5571872395918231,-0.2077070222804557,-0.2644215674002995,-0.0378814165327151,0.299111055794573,0,-0.6420588710584025,0.8154206293152666
14498.0,-0.4296506057480915,1.0480979277381186,1.0342842766937466,0.9539689630451876,1.5294347580327998,0.4554051996716602,1,2.3036827963897193,-0.10105833858009718
14499.0,-0.7428435417295326,0.654643185938614,0.5995317195907134,0.606108940955952,1.2622326247684963,0.1208586202465493,1,1.6463304099457143,-0.4635691388547748
14500.0,0.0221288371626836,-0.2017513803877423,-0.6892009963761722,-0.9467793286780029,-1.4880589811139169,-1.154489918432988,0,-1.8443854055377948,-0.8905273468865283
14501.0,0.4913989623501418,-0.5571872395918231,-0.9413018315143644,-0.7383398607540069,-1.1954453334565955,-1.0811013675997323,0,-2.02147894078469,-0.47979870750933307
14502.0,-0.9040178174155592,1.15560189306089,0.7033707971330615,0.7250610532113828,1.7647063716554765,-0.2959095568073058,1,2.0965315594102094,-1.0319776709205064
14503.0,-1.9674812683483247,0.4896629879592288,0.9630980498252114,0.9163564532213,0.8010741670374462,1.0142072472092392,1,2.3625987895560945,-0.31876898501655754
14504.0,-0.3738480170997701,0.0739460908215904,-0.2327038698217613,-0.3136198914928544,0.5698454386786636,-0.6860195998791111,0,-0.08625710242515539,-0.8259807952333642
14505.0,-1.0028785328055103,1.7867352234743037,1.8420875960872176,1.5660449958351903,2.49525522382829,1.105571761541231,1,4.076158311427318,-0.06830621819620956
14506.0,-1.0028785328055103,0.654643185938614,0.909821456829906,0.5088263937438549,1.451835076066769,0.7047708888137025,1,2.0898670223002993,-0.15201122370000195
14507.0,-0.7922005967383016,1.15560189306089,0.908454136079861,0.7415266006218392,1.189356113787718,0.0895442662167481,1,2.0479768142741324,-0.6311214568462727
14508.0,-0.8456753236698794,0.2992073267345332,-0.0441377536618397,-0.2131446291541037,0.9870131210634252,-0.6334828250940824,1,0.4845289020725637,-1.1087010841802858
14509.0,1.1724291954243062,-1.058145946714099,-1.5265746060443293,-1.6749572933624948,-0.4115503779538524,-1.248300142299931,0,-2.8957359551501956,-0.26085862249052566
14510.0,0.9479515492166356,-0.2017513803877423,0.0572522922685876,0.3298936950289469,0.3771846686209953,0.24852603666455,0,0.034421372228495985,0.7991345374194637
14511.0,-1.2629135238814884,0.2992073267345332,0.2490789011420882,0.2996012540141724,0.1880646595930938,-0.0825090933694278,1,0.8349275268429883,-0.8047853166984992
14512.0,0.5051176715181148,0.654643185938614,0.1972362960535987,0.2634347100633524,0.217900422374825,-0.6350790745859743,1,0.23539251464317917,-0.37754063924274905
14513.0,0.1095648339314894,0.4896629879592288,-0.119453141954357,0.1162257633423767,-0.8098576192004525,-1.020940381800182,0,-0.4793742860311495,-0.8333587334484442
14514.0,-0.2097114950440718,0.9303406571479472,1.1509729441617127,1.060690649826981,1.3138967127742598,0.8179300548368953,1,2.313482291894941,0.364715044153277
14515.0,-0.9682038613741812,1.2544959545938104,1.003808520474016,0.8871792392108516,0.7717713000569296,0.1509847127949631,1,2.1049234599699487,-0.6711058397215329
14516.0,1.1504805636606206,-1.058145946714099,-1.247410933295176,-1.29969799342043,-0.144576100004755,-0.7217650317749374,0,-2.304698676839759,0.1790026126753693
14517.0,-0.5950029105353472,-0.5571872395918231,-0.7444250477149453,-1.110483470649885,-0.7132292345010023,-0.711052722062447,0,-1.4485648416106185,-0.8361539734876039
14518.0,-0.1794070292720186,-1.058145946714099,-1.2031394768767116,-0.3807925988742401,-0.7601216003714991,-0.6382639230209183,0,-1.6665271609545178,-0.36457707689408475
14519.0,1.3309340595609251,-0.5571872395918231,-1.0833369345250394,-1.178194505634738,-0.0789096183560038,-1.3478271053183517,0,-2.176870322793278,-0.3283542775265057
14520.0,-2.1519790306632065,-0.5571872395918231,-0.8879287055804338,-0.8022464926048176,-1.9471638881929467,-0.9808167072754276,0,-1.4830827550048473,-1.8242371397444932
14521.0,1.1186938201661043,-1.058145946714099,-1.1068200871782978,-0.5614195452564948,-0.7132292345010023,-0.4565943669461008,0,-2.0343287320047105,0.4756536969009514
14522.0,-0.7922005967383016,0.8001660338568091,0.458516010057124,0.4381047173816584,-0.1676872918813187,-0.3250081946668042,1,0.8453323018906282,-0.8428345315645543
14523.0,0.1521328382198956,-1.058145946714099,-0.9708119343089904,-0.4477372081299453,-0.9802035124500996,-0.200067193843281,0,-1.6458374201952433,0.17539899395907316
14524.0,-0.6141483680629726,1.3460575542855853,0.8271071668184594,0.5660047992357687,1.448573071542019,-0.2895169403582419,1,1.9428171468996727,-0.9199696612593007
14525.0,-0.9040178174155592,1.6565606001831652,1.5711849687336956,1.547711850569603,1.6999657371393233,0.7463865081780834,1,3.4095641993227415,-0.23620274667025717
14526.0,0.9696934685856776,-1.058145946714099,-0.9100196463697764,-0.669042043482492,-0.0181119525235737,-0.085405878014041,0,-1.5404878560566495,0.6523686500670272
14527.0,-1.9674812683483247,4.030991185973982,2.4471348629940204,1.7160283810723251,2.1743928109283392,-0.2767709257355559,1,5.136856240092741,-2.2950592092505513
14528.0,-0.5236711079833221,-1.058145946714099,-0.6745109788253638,-0.3807925988742401,-0.6688728615528973,0.3587908223443055,0,-0.9593150522359081,0.24913821278010834
14529.0,-0.2201397768252409,-0.2017513803877423,-0.291951256214947,-0.2335550971816399,1.1666290909919852,-0.4084357754307346,0,0.0908568243615956,-0.4664798801564143
14530.0,-0.7428435417295326,1.5859404542672264,1.3658820988040383,1.1846775048758158,1.5084363488256922,0.4422068164820313,1,2.8862066506444797,-0.4028710434441436
14531.0,1.1041925298164252,-1.058145946714099,-0.6509859714159731,-0.4246569123197467,-0.2941514393624997,0.4031617186519175,0,-1.3067864268233633,1.1585761533946926
14532.0,0.6502579820962507,1.15560189306089,1.024625479385723,0.5310022297825363,1.3022597367090245,0.3080427037276218,1,1.6694449544724792,0.31235084897581655
14533.0,-0.7670473650770303,1.15560189306089,0.9472932714764188,1.641555860383506,0.457567115373851,0.1625829607689689,1,2.2006625658333063,-0.4351485941556969
14534.0,-1.9674812683483247,2.1575193073054413,1.374400682280842,1.1492738949397223,1.9053400087938743,-0.1994692056721363,1,3.466402348416681,-1.770106855499855
14535.0,-0.2201397768252409,0.9303406571479472,1.34624065633813,1.2322189515873527,2.1497380756855766,1.185667427081612,1,2.9520839103593746,0.6365792623447306
14536.0,0.7121203814881557,-1.058145946714099,-1.213777717108082,-1.6420643925920622,-0.6688728615528973,-0.6583288796854241,0,-2.5111341105690577,-0.02154441338022535
14537.0,-0.2415192631816249,-0.5571872395918231,-0.2675839154076552,-0.5106857612406167,-0.4772168596026035,0.1863447246384886,0,-0.6722949946628748,0.1342716012867862
14538.0,-0.1696156146721137,0.2992073267345332,0.2791279664563302,-0.3667980083921493,0.0565206627106016,-0.0260013146043687,1,0.1578562140407583,-0.2192085709381004
14539.0,-1.0395356639262063,-0.5571872395918231,-0.3947403654661789,-0.0978113633798804,-0.2412044847042052,-0.0530795015813453,0,-0.2662886147123692,-0.4672023743731684
14540.0,-1.3187161125298097,1.15560189306089,1.0126086014064,0.7761185682899702,1.253987399012523,0.285436529661248,1,2.3658068111767108,-0.7613092895475752
14541.0,-0.2307404346856175,1.4312993642702228,0.7117791532192745,0.5392018846386105,0.6935794902722501,-0.6062596670471481,1,1.3801776880279792,-0.9574357935656446
14542.0,0.4982949986740278,-1.058145946714099,-1.5779244220444886,-2.1142026552549544,-1.614523128595098,-1.3451518593475746,0,-3.4465372384154227,-0.7001548235514452
14543.0,-0.6752731880764764,2.6431297898006605,1.998268427491829,1.1116118958900565,0.7490861757345402,0.4241945612982835,1,3.2653289357170694,-0.638209869266914
14544.0,-0.7922005967383016,-0.2017513803877423,0.8389717363475666,1.045232963315034,1.0207326504320022,1.721157258154613,1,2.011268009520156,1.0779032320141726
14545.0,1.3215026366622098,-1.058145946714099,-0.7046697671802828,-0.4881008491540746,-0.4772168596026035,0.301907844686872,0,-1.5375064406398595,1.1978550295792083
14546.0,-1.7074462772723475,1.15560189306089,1.239170022294977,1.111368069774639,1.8531419296390843,0.7117940434056275,1,3.1341704788691085,-0.6228805518977574
14547.0,-1.8243736859341724,0.8001660338568091,1.0518014042261563,1.1045039797879803,1.258120370257919,0.7909722516989213,1,2.7027257164498755,-0.5033700621023932
14548.0,0.3653943987983962,0.9303406571479472,0.7476984464420791,0.4731297773089598,0.3650304751021734,0.0590761704163847,1,1.0354324154794772,0.049820734452426955
14549.0,0.8265858861715248,0.0739460908215904,-0.0106954007066231,-0.1504571282154663,0.8293663864529791,-0.2688830961128082,0,-0.04044142937901612,0.1762937563965788
14550.0,-1.2629135238814884,0.0739460908215904,0.2698605584533818,0.2928639767816046,0.4897435161402434,0.2588488528958616,1,0.9762454048729486,-0.4851686874693358
14551.0,-0.9682038613741812,0.654643185938614,-0.0399543987854201,-0.0130584383864058,0.4009658426149288,-1.0798673868596296,1,0.3893926148397654,-1.5833710418528435
14552.0,0.3695998250074675,-0.2017513803877423,-0.4306828352812982,-0.4221417240201969,0.8766449105123539,-0.6691736989002318,0,-0.4493867703365794,-0.35945898748383576
14553.0,-0.9353081791524545,0.9303406571479472,0.4916972913296323,0.5455735155569927,1.3910374102343397,-0.4220137390175975,1,1.629699036202464,-1.0930509900662493
14554.0,-1.3187161125298097,0.0739460908215904,0.6767544118685962,0.7162265222834185,1.0152080971839796,1.0250012242650517,1,1.8432421224203668,0.12341242249772294
14555.0,-0.2524823540546596,0.4896629879592288,0.6566904177845982,0.3526980201478962,0.6514988276797011,0.4373011023459815,1,1.175217489518136,0.10685286362692145
14556.0,1.242750738519486,-0.2017513803877423,-0.0774740983946053,-0.2663996769779623,1.074023657541187,-0.005030549196484,0,-0.19150460594667357,0.6649264524307755
14557.0,0.0001383902963132,-1.058145946714099,-0.119115304698424,0.0172323629805716,-0.7601216003714991,1.4063315706862416,0,-0.38289934392095926,1.4289020261946204
14558.0,1.3022132067018704,-0.2017513803877423,-0.2519387346485393,-0.7342923345111426,-0.91940584661767,-0.3332031878839979,0,-1.4435094085219649,0.47391773705020923
14559.0,0.9713357875339578,-1.058145946714099,-1.800007474554377,-1.2626334870875635,-2.183176263091345,-1.764026290420472,0,-3.66582070349765,-0.6683318443076092
14560.0,-1.5229485149574664,2.7886526377188545,1.3561241727721918,1.459813673648268,0.2880622196936218,-0.9448485830814572,1,2.8326264466634545,-2.1963949680233883
14561.0,-0.070754899282162,-0.2017513803877423,0.1079412905766109,0.4686093406915149,0.3771846686209953,0.3439486008688991,1,0.47110633886491377,0.3304390170364994
14562.0,-1.8243736859341724,2.1575193073054413,1.4252181771847738,1.0885403064838823,1.4320656120576276,-0.1039889726405516,1,3.250499593040304,-1.599127363829067
14563.0,1.1429941922828974,-0.5571872395918231,-0.2261292826710985,-0.2585226853594002,0.6600894093898906,0.2644148775399131,0,-0.4688071459735451,0.932938195894602
14564.0,1.0411983450016138,-0.5571872395918231,0.7416777652967481,0.6293523822311577,0.7567177940893411,2.088336737989738,1,1.0490855546589641,2.4381596802566614
14565.0,0.0773306527470905,0.2992073267345332,1.0246329462854438,0.8950194883534217,0.9696189771111754,1.3775581204869425,1,1.8454647288997046,1.1386273068225299
14566.0,0.1695454516810397,0.0739460908215904,1.066826573052048,1.034904901645222,-1.1954453334565955,1.7600078059187465,1,1.0251392985307601,1.6669396434461154
14567.0,-0.2524823540546596,-0.5571872395918231,0.3583956097920271,-0.1228108929382556,-0.1914684658752519,1.36578800097387,1,0.29736137962555514,1.1091333491784963
14568.0,1.0411983450016138,-1.058145946714099,-0.008225801176443,0.1714218258238153,0.0914362748936436,1.6154820536915022,0,-0.16328051571181812,2.1478121391233156
14569.0,-2.4120140217391843,0.0739460908215904,-0.3168111226148371,-0.4297163291046267,-0.2412044847042052,-0.8439105029308138,1,0.0684470793503471,-2.049435374335575
14570.0,0.7617503989180828,-0.2017513803877423,-0.2992867583680246,-0.093227923655073,0.3401681767824983,-0.4222267451561094,0,-0.5004175377000009,0.1129606952983814
14571.0,1.0263177424185734,-1.058145946714099,-1.2573982499153893,-1.4139201097638212,-0.2672508963742018,-0.740602270906683,0,-2.3812968587919556,0.08952533237420855
14572.0,-1.9674812683483247,1.15560189306089,1.294803166796883,1.1667656915897076,1.6902854707597983,0.8165307368100185,1,3.2327215131251785,-0.6681776381226774
14573.0,0.4773803670621637,1.3460575542855853,0.7460324485807621,0.3410014296454213,1.193826931703096,-0.4417743246963561,1,1.3048491055557379,-0.4545804757035955
14574.0,1.3752433396257897,-1.058145946714099,-1.3416629864733216,-1.3491740126569909,-1.0458699940988507,-0.8995353510598381,0,-2.8726958832736336,0.19390267450379056
14575.0,1.11477132965806,-1.058145946714099,-0.5055772255175244,-0.6800964371201603,0.4240770344914922,0.6774195020481728,0,-0.9772567649688056,1.3286688112509
14576.0,0.94111068223374,-1.058145946714099,-1.8466389318238423,-1.967436469196142,-2.515817022689194,-1.8519786348839364,0,-4.175679558933622,-0.812043699171763
14577.0,-1.1640528084915374,0.654643185938614,0.2809169314552905,0.0936988718044614,0.7336066022127771,-0.4779744805195964,1,0.9789553232496143,-1.207742537302426
14578.0,-1.9674812683483247,-1.058145946714099,-1.2271196881172584,-0.4770927103734043,-0.4437267787202448,-0.6834933866241557,0,-1.0483846389165212,-1.4076749421728711
14579.0,1.0367703053241684,-1.058145946714099,-1.5621316529957308,-1.4253590231077382,-0.4437267787202448,-1.3153648626560124,0,-2.78720750276575,-0.36320076677093704
14580.0,1.1529567258055489,-1.058145946714099,-2.9352498064204275,-3.172763669970543,-2.515817022689194,-3.905225182078753,0,-5.965931989862454,-2.478471095771644
14581.0,-1.0028785328055103,-0.5571872395918231,-0.5488494449700869,-0.3114947816027251,0.2745016951337471,-0.3431465144594915,0,-0.3276120989122565,-0.7263397147265116
14582.0,-0.4594850640247002,-1.058145946714099,-1.5065162830832115,-1.2536847648443734,-1.4880589811139169,-1.210467815502997,0,-2.6147183643086915,-1.0367795962594506
14583.0,-1.608585561882396,0.8001660338568091,0.4676353234759092,0.5541638110082504,1.7306602805470743,-0.3078758357179956,1,1.952816980163729,-1.3507060420998267
14584.0,0.4371701786605239,0.8001660338568091,0.4541166880110939,0.434702118283372,0.8961017842882889,-0.3332728485615513,1,0.8977396462666785,-0.2216970309850906
14585.0,-0.3349679194593694,0.2992073267345332,0.1484224377185869,0.1559695660505654,0.5979759564957379,-0.2717415044017338,1,0.541545297739594,-0.4807161794520382
14586.0,0.752588454545872,-1.058145946714099,-0.9820008883331448,-0.0737273568542482,-0.6267921989603487,-0.2211708606841348,0,-1.52219251542456,0.5100975833787221
14587.0,-0.9353081791524545,0.9303406571479472,0.3909548954379016,0.2800424998431318,1.133714926635295,-0.6111442589414119,1,1.291072312097724,-1.2613653612676141
14588.0,1.2231168011153777,-1.058145946714099,-1.3842818956909069,-1.3595320367867216,-0.7601216003714991,-0.979919563856394,0,-2.7567274560927797,0.03144260768599476
14589.0,0.94111068223374,-1.058145946714099,-1.764222740755916,-2.5074125686447046,-1.9471638881929467,-1.6965321262259392,0,-4.1057942175148545,-0.7658188311244355
14590.0,1.0263177424185734,1.847016261407861,0.8447908309001376,0.393162863870899,0.8766449105123539,-0.8386373483661371,1,1.1653982636740294,-0.5888311848964333
14591.0,-1.0784157615666077,0.0739460908215904,0.3181315626998305,0.630366601304611,0.9637379981128577,0.3496989195162162,1,1.3256526281431167,-0.29749533527847877
14592.0,-0.5583457794146515,-0.2017513803877423,-0.3519053293674753,-0.1180505276067852,0.9275383145186272,-0.5211376496073226,0,0.08767865309985239,-0.7213318767701973
14593.0,-0.8456753236698794,1.2544959545938104,0.9966153416091612,0.872616557112676,1.9034648238468983,0.1374574180063598,1,2.522413452788408,-0.6666850202658751
14594.0,-1.5229485149574664,-0.5571872395918231,-0.2749915630728562,-0.2663996769779623,0.1083521949576072,0.1723948679914695,0,0.0775411271853961,-0.5828848574277042
14595.0,-0.9040178174155592,0.8001660338568091,0.6080609353310577,0.5944393923787606,0.8431548296299944,-0.0439587463448979,1,1.5323593191371443,-0.7061587734101777
14596.0,1.2752165780985596,-1.058145946714099,-1.0062570871730203,-1.202407826598178,0.1411722937225966,-0.2669208689545391,0,-1.9227466470934873,0.6127101215331557
14597.0,-1.2629135238814884,0.4896629879592288,0.6202988033663231,0.7022940921404748,0.5105140700321456,0.3688139033532758,1,1.55746860028351,-0.4625193115566949
14598.0,-0.4152381970004986,-0.5571872395918231,-0.6364295664919314,-0.2223436733560928,0.5505411819726732,-0.5079298175919016,0,-0.4471872550442956,-0.5401491795190942
14599.0,0.9713357875339578,-0.5571872395918231,-0.484309630373829,-0.3418899361875976,0.4897435161402434,-0.2216841352009739,0,-0.7994709995625627,0.44433241252617195
14600.0,0.816224995258786,-0.5571872395918231,-0.0522202156864067,-0.0130584383864058,0.1880646595930938,0.5919998383376243,0,-0.2628349153987387,1.0642287997682736
14601.0,-1.2629135238814884,-1.058145946714099,-1.0564599029413049,-0.7105166998701326,-1.3785107536966998,-0.3616092103454749,0,-1.5847901717297816,-0.7416459054474083
14602.0,1.3041684679689238,-1.058145946714099,-1.0858815399267912,-1.1942372750823944,-0.2412044847042052,-0.4171018349030387,0,-2.171439375786472,0.5249542456993219
14603.0,0.7479579275786754,-1.058145946714099,-0.2470162575039419,-0.142204561494289,-2.183176263091345,1.1650955185218952,0,-1.4182376816318671,1.692145363315449
14604.0,1.2813148034334256,-1.058145946714099,-1.3408666408665368,-1.132288371569837,-0.586765087019821,-0.8980333507531533,0,-2.5498097633295895,0.14478178603179276
14605.0,0.9445402369244064,0.0739460908215904,0.0053114491348671,-0.1039727287067449,0.5979759564957379,-0.238789626297868,0,-0.1345001639530072,0.2804771488747978
14606.0,-2.4120140217391843,4.587598438742236,2.52260446753733,2.2672704622950777,2.774157760409393,-0.7482723309397753,1,5.912373147581821,-3.043853710513272
14607.0,-1.0395356639262063,1.959413366567396,2.345544542406354,2.26516386598136,0.7490861757345402,1.855043186421078,1,4.23814499306488,0.6199735267375518
14608.0,-1.8243736859341724,1.15560189306089,0.9233259053930314,0.4096695475497316,-0.8098576192004525,0.1175099026277724,1,1.398878984947332,-1.1198447821379516
14609.0,-0.10496702096475,1.0480979277381186,0.337310281495681,2.13156830959065,-1.4880589811139169,-0.8540915815367307,1,0.7633292894422454,-0.7299580958237339
14610.0,0.9811023498659778,-0.5571872395918231,-2.5968526087424544,-2.2609688413137667,-1.117253523671916,-4.156456789137208,0,-4.603253308367828,-2.859487801680305
14611.0,1.054301926358555,-0.5571872395918231,-0.3104140982615068,0.1039315560693431,-0.1002197270566499,0.1056913814199155,0,-0.6760751848335657,0.8260301640138447
14612.0,1.011083648486406,-1.058145946714099,-0.0418708057348938,-0.8582565662530369,-0.862804573858747,1.5520236673644383,0,-1.0704276287799492,2.0191106007857753
14613.0,1.3271781179392863,-1.058145946714099,-1.7932659093550376,-1.2626334870875635,-2.515817022689194,-1.7513109154492617,0,-3.907797103073717,-0.44762886810053604
14614.0,0.9647411258391284,-1.058145946714099,-0.8256203473215815,-0.6334808999499925,-0.6267921989603487,0.0737810026246326,0,-1.6853787328849799,0.8092233434309365
14615.0,0.9778633268252848,0.2992073267345332,0.0164392273310405,-0.0023635533331493,-0.0378814165327151,-0.519725840069515,0,-0.346427141942443,0.05250005171323594
14616.0,0.6689257299564773,0.2992073267345332,-0.4078392281606594,-0.7027787172215069,-1.9471638881929467,-1.3154158817212862,0,-1.822422133951626,-0.7467328539175951
14617.0,0.9923118147379644,-0.5571872395918231,-1.1398475382926876,-1.186166978263674,-1.3785107536966998,-1.453879943168999,0,-2.6748909061972777,-0.5431321038064351
14618.0,-1.3798409325433134,0.654643185938614,0.2639892101848036,0.2289055171116263,-0.0378814165327151,-0.5097618040851954,1,0.7713526741841866,-1.3040701282131477
14619.0,0.6767627952879732,-0.5571872395918231,0.2360539643922917,0.1173321066458016,0.2607132519567318,1.13520156175012,0,0.17845489555106897,1.4371209980200559
14620.0,0.5634601652637944,-0.5571872395918231,-0.5845560779662358,-0.5521774127817789,-0.3805884749031534,-0.4103349517479735,0,-1.2392427508951427,0.08517953358329165
14621.0,-2.4120140217391843,0.9303406571479472,0.8433398566169189,0.8105248020633823,0.939783214329445,0.2389542848456802,1,2.400364725612688,-1.3227582226773018
14622.0,0.4948562494227654,-1.058145946714099,-0.7662090273455956,-0.8022464926048176,-0.5486003891756687,0.1858376524814373,0,-1.522615749542072,0.6212436436501717
14623.0,-0.6141483680629726,1.0480979277381186,0.5722901898301015,0.4971414694590939,1.2372441024225518,-0.413168999866333,1,1.5346707618857995,-0.9384801872806794
14624.0,-0.2524823540546596,0.4896629879592288,-0.0960374643535399,0.1714218258238153,-0.0581390644641013,-0.9770493633484252,0,-0.00341567072810465,-1.024797935552114
14625.0,0.5317049066607064,1.15560189306089,1.1349588574363028,0.9641139601483418,1.1191943164689204,0.5156456151921878,1,1.9512063109816242,0.4669121714088935
14626.0,-0.7922005967383016,1.15560189306089,1.2681067833528714,1.2105576874792807,1.1848607981176718,0.76626942913826,1,2.6485570702269885,-0.03599276539724013
14627.0,0.9530347346034082,-1.058145946714099,-0.5024004001065322,-0.3667980083921493,-0.2941514393624997,0.6834113637485968,0,-1.074487869532111,1.3081375137649895
14628.0,0.0433901831118387,0.2992073267345332,0.5504270756090351,0.549596286132849,0.3526935049184267,0.4844600510037858,1,0.9335553949275767,0.38988366712309047
14629.0,-1.8243736859341724,-0.5571872395918231,0.021901802979025,-0.1758549144852563,0.9336836095984208,0.7316493631238961,1,0.8723965289339174,-0.3235895919692449
14630.0,1.1095037419429616,-1.058145946714099,-0.7268146827062315,-0.9811029912456316,-0.5486003891756687,0.2601399619634656,0,-1.7564966454251927,1.0012276785244212
14631.0,-0.3225146116861712,0.4896629879592288,0.5603401783139945,0.683869331654012,0.3526935049184267,0.2559920470197471,1,1.1263813058579406,-0.03182909624350906
14632.0,0.7194498921096045,-1.058145946714099,-1.503704757247313,-1.0756752990814846,-1.2818823689972492,-1.2051649512292535,0,-2.809907580137348,-0.37589044686006684
14633.0,0.7266965816295208,-1.058145946714099,-0.7136753580264475,-1.0756752990814846,-0.586765087019821,0.28492225438842,0,-1.683517037946431,0.8031086308916345
14634.0,1.045596020739638,0.0739460908215904,0.5946291202988866,0.8833962586764551,0.7413828979433381,0.8703097437233134,1,0.9837283198275264,1.3265926674020125
14635.0,1.0685541839756287,-1.058145946714099,-1.052248436903866,-0.9412289080697872,-0.8098576192004525,-0.3536658962542913,0,-2.179475084125678,0.4975863147653858
14636.0,-0.540774126845729,-0.5571872395918231,-0.303872794269312,-0.4743692243337022,-0.3507527121214226,0.1180087843290035,0,-0.5479151915312491,-0.08750988652344431
14637.0,1.324346655508488,-1.058145946714099,-1.554597376586939,-1.0490970995891926,-1.3785107536966998,-1.301154342273607,0,-3.080247017613237,-0.11415782385410349
14638.0,-0.3225146116861712,-1.058145946714099,-0.5327882548477134,-0.7183468035229781,-0.7601216003714991,0.6260963402815479,0,-1.0680521472833613,0.5462245932422672
14639.0,-0.3102985242592435,0.9303406571479472,1.2081663533387927,1.03763857531784,1.2784785627150907,0.9256234138044316,1,2.380030316273274,0.39587710408216364
14640.0,-0.7922005967383016,1.0480979277381186,0.987838548307826,0.7889839357185202,1.1093691324834083,0.3680108287762857,1,2.115283164938681,-0.3688774959508552
14641.0,-0.8456753236698794,-1.058145946714099,-1.5297355318166992,-1.1176717491805908,-1.3785107536966998,-1.2542620154352353,0,-2.4095086512987165,-1.2757043594910356
14642.0,-0.2307404346856175,-1.058145946714099,-1.6289745080426838,-1.2275467185765694,-2.183176263091345,-1.4414382507990988,0,-3.0927177816381994,-1.06435996375648
14643.0,0.4409316275594932,0.2992073267345332,0.4255312462340128,0.6697039397937106,0.2466890975132978,0.2494055734909802,1,0.6894496175540386,0.4348727624999415
14644.0,-0.1411075792030422,0.654643185938614,0.6352510577780072,0.2877653393202686,0.1411722937225966,0.1880456559962467,1,0.8811444417226533,-0.06039973315451637
14645.0,0.3902229910202726,-0.2017513803877423,-0.0425353666159493,0.1095483360519587,0.0565206627106016,0.0607144868135178,0,-0.134514554850815,0.33276499885321215
14646.0,-2.1519790306632065,4.292545226599931,4.569601422588638,4.343244513431921,2.550821607423074,3.431084153382624,1,8.863362608976132,0.7808771002934424
14647.0,0.5477790613471053,-0.5571872395918231,-0.4185616599793809,-0.6653981508446892,0.0011923041824166,-0.0979245571354278,0,-0.9527373435707799,0.30106109703786815
14648.0,1.01262344562185,1.5110377522649707,1.1427616676693593,1.249444053186417,1.5585297595388092,0.1099838993303827,1,2.1483368599988046,0.3172371280107797
14649.0,-1.7074462772723475,0.9303406571479472,1.00879658986301,1.052207231112776,1.7779388046064493,0.5502835037540963,1,2.8182590264132794,-0.6966441761036191
14650.0,1.235186579405105,-1.058145946714099,-1.9351598885263188,-2.0222782993066613,-1.7640984679528429,-2.0189394405722827,0,-4.0749542363061195,-0.8246112110005324
14651.0,-0.150470157144488,0.9303406571479472,0.5633312630966513,0.3799492756046707,1.3291602796973223,-0.2874598574764941,1,1.3573742828605955,-0.5666369522708227
14652.0,-0.0624796206101934,-1.058145946714099,-1.506078213496294,-1.4609201666402376,-0.2941514393624997,-1.2096415653820785,0,-2.339481503976948,-0.8920097638073866
14653.0,-2.4120140217391843,1.2544959545938104,0.9774463772447184,0.9071065838999358,1.51449093761349,0.1014107481543391,1,2.845036278250579,-1.5358850181643104
14654.0,1.3795972273515245,-1.058145946714099,-0.9538387135607694,-0.3926866108572838,-0.3507527121214226,-0.1680537281418891,0,-1.7230825478432803,0.8533435030627031
14655.0,-1.4474112861963695,0.654643185938614,1.0282248728233867,1.0185407704444234,0.435392980203531,0.9277187307632248,1,2.1716728860992767,-0.11931011891006697
14656.0,0.4371701786605239,0.2992073267345332,-0.0955248759888517,-0.292671594109595,1.0207326504320022,-0.7299483082243302,0,0.006682848339722234,-0.49126434739369673
14657.0,-0.9682038613741812,0.4896629879592288,0.3249314138831426,0.3792073455329857,0.9927301689877396,-0.1867245114129747,1,1.2004459706641952,-0.8042572773655341
14658.0,-1.7074462772723475,-0.5571872395918231,-0.9529961013573242,-1.5383885354275355,-0.3507527121214226,-1.1030703024041084,0,-1.3737061433363598,-1.824061300694483
14659.0,-1.3798409325433134,0.9303406571479472,0.7204436584750865,0.5765374287287081,1.0152080971839796,0.0078294350828286,1,1.8693951123607446,-0.9694613022205743
14660.0,0.0148821476427679,-0.5571872395918231,-0.8488397794418522,-0.5106857612406167,-0.4437267787202448,-0.9073537292267956,0,-1.355428193033214,-0.6117056884445914
14661.0,-0.7195200551006783,-1.058145946714099,-1.5461482809422795,-1.7276030581980808,-1.7640984679528429,-1.285218366559839,0,-2.9133725156103365,-1.27545285616836
14662.0,-0.6752731880764764,0.654643185938614,0.3026350955872685,0.4153152555089004,1.2622326247684963,-0.4371867957955785,1,1.220498022394331,-0.8973935234558392
14663.0,1.033801201878248,-0.5571872395918231,-0.4603755773808113,-0.1471436655965733,0.2880622196936218,-0.176634908206923,0,-0.7857218230000538,0.5436833601498247
14664.0,-0.9040178174155592,-0.5571872395918231,-0.2715319495141741,-0.0419890490645959,0.5001945244425666,0.1789098790738569,1,0.15659651184480464,-0.23241231271531582
14665.0,-0.2097114950440718,0.654643185938614,0.7804333438417197,0.5478752534749721,0.6514988276797011,0.4612161782976184,1,1.3910349084402536,0.12637950405487114
14666.0,-0.7922005967383016,-1.058145946714099,-1.1220789949233658,-0.7383398607540069,-0.862804573858747,-0.485374439213095,0,-1.6001357321342444,-0.6089292169555157
14667.0,-1.2629135238814884,3.0365845316001647,2.2763368167841667,2.146393985661696,2.134298229679239,0.506195981827989,1,4.837824685931052,-0.9591734835603314
14668.0,1.0557414896988655,-1.058145946714099,-1.522210861769411,-1.5115390548677536,-1.117253523671916,-1.2400696137663652,0,-3.0710441677779716,-0.27042608559088094
14669.0,0.6662919472041413,0.654643185938614,0.8995160692494009,0.9325572954161476,1.685402164334772,0.6853693497922265,1,1.8548573500569914,0.7817542964993871
14670.0,0.7594721542528383,-0.2017513803877423,-0.313193114156474,-0.0886762034903892,1.0791672045283929,-0.448369868486053,0,-0.2052970830596249,0.05801951841630988
14671.0,1.190162819252791,-0.5571872395918231,0.1383904338846954,0.0914031593906646,0.1083521949576072,0.9511493316994174,0,-0.16088356836843817,1.574497335173954
14672.0,0.6475462436000934,0.0739460908215904,0.1291940778467604,0.1724391824671909,0.6428173386552047,-0.0058170619556213,1,0.23822294702059163,0.3316132903831679
14673.0,-1.9674812683483247,0.654643185938614,0.9356532136795996,0.9264478905325816,0.5793298571111467,0.7534055023035819,1,2.2519812162985726,-0.5619082373012971
14674.0,1.1417379231273606,-1.058145946714099,-1.206062779699721,-1.0298453562635617,-0.862804573858747,-0.6437776116747937,0,-2.4294861909384298,0.29646434401274535
14675.0,-1.0395356639262063,-0.5571872395918231,0.0986490680275962,0.249116409897541,1.2498335012412511,0.8762607281432856,1,1.0404827835443864,0.25335802916872846
14676.0,-0.6338830081757483,1.2544959545938104,1.5812694428707392,1.8886731371218024,0.4897435161402434,1.237950050270136,1,2.967783156455211,0.5056826483983283
14677.0,1.2395198742615607,-1.058145946714099,-1.161082303704364,-0.8343368051868192,-0.862804573858747,-0.5589392096490275,0,-2.320195890179146,0.43849831678178114
14678.0,1.2242234885320706,-1.058145946714099,-0.6010970580971783,-0.669042043482492,-0.4437267787202448,0.4972580035646295,0,-1.4682656195198642,1.2828427260505308
14679.0,0.9580779469522994,-0.2017513803877423,0.2350495287721658,0.3079269466885488,0.1249263557760024,0.5832838401987427,0,0.10495717951973538,1.0847385957692517
14680.0,-0.7670473650770303,3.1233230300705346,2.9699174060291686,2.6353895556943847,1.3515360227957012,1.7153156940962948,1,5.331812129683146,0.35264691619581234
14681.0,-0.1138130260237924,0.4896629879592288,-0.0439650175993991,-0.6951307131548892,-0.6267921989603487,-0.8794124980463399,0,-0.6353157824775759,-0.9311415794346055
14682.0,0.5051176715181148,0.4896629879592288,0.3510410343207061,0.4250801147655964,0.5105140700321456,-0.137643600118633,1,0.5900375811875064,0.07132328673867269
14683.0,1.2340986653209314,-1.058145946714099,-1.3275593649053954,-0.1655778157249051,-0.5486003891756687,-0.8729342827047034,0,-2.050385486786343,0.23449761210131295
14684.0,-0.7428435417295326,0.4896629879592288,0.3287071731481097,0.4846130727804154,1.5175015577155206,-0.179627202175517,1,1.4017913532659827,-0.6874935475483183
14685.0,1.2208976805661906,0.8001660338568091,1.154225507465927,0.9189755544972747,0.7717713000569296,0.9838420457892576,1,1.5727421207254144,1.3294756514239505
14686.0,1.0095401454577722,0.2992073267345332,-0.0352343126926931,-0.0294340794130107,1.2026961322161416,-0.6167657704613206,0,0.09157470644735792,-0.06674526012498169
14687.0,0.1462219650521856,-0.2017513803877423,0.2953432302031706,0.3526980201478962,-0.1676872918813187,0.6968359359845077,1,0.32160810631046993,0.7480251757085241
14688.0,-1.4474112861963695,2.245808014503504,1.5235619724908498,1.5896811050734432,1.253987399012523,-0.0195136009795671,1,3.4057747495528075,-1.2890840679085256
14689.0,0.5726880251711707,-1.058145946714099,-1.514763955459112,-1.2275467185765694,-0.91940584661767,-1.2260238835373976,0,-2.6967460572008344,-0.5048555618272038
14690.0,-0.4152381970004986,0.0739460908215904,-0.113704157630066,-0.2411369787048411,0.4009658426149288,-0.4624890906040575,0,0.016799266298690954,-0.652929451782508
14691.0,-0.6338830081757483,0.2992073267345332,0.5911865435289012,0.231698391536616,0.1411722937225966,0.5611878706787371,1,0.9505925886713392,0.05729960660955857
14692.0,0.3034251741878168,1.2544959545938104,0.4529538421481945,0.3938892261079541,0.7098254282188435,-0.8834365094917027,1,0.8665082971333979,-0.8565528199470682
14693.0,0.7242901052643254,0.654643185938614,0.1622008339361016,-0.1621874941005139,0.0200527453205781,-0.7008298806899294,0,-0.15247704242018786,-0.34422798103477703
14694.0,1.264922212625839,-1.058145946714099,-0.9612906223455816,-0.6197778847530964,-0.8098576192004525,-0.1821088936188064,0,-1.9928064769997242,0.7766338255489288
14695.0,1.1541912309005586,-0.2017513803877423,0.3994191191849227,0.2041905509866509,0.4791576523996084,0.8928749490248613,1,0.3167936006073111,1.4169019429632286
14696.0,-1.8243736859341724,0.8001660338568091,0.7851985413850722,0.9628925652963132,0.9578145568046976,0.2891885943408924,1,2.228261979768183,-0.9103912752444077
14697.0,0.5996007235020872,-0.5571872395918231,-1.146881829866988,-0.6617743348522026,-0.5121324717856456,-1.4670781655223537,0,-1.9533090502461496,-0.7556663408163049
14698.0,-2.1519790306632065,0.2992073267345332,0.2131199445707077,0.1401455244085946,1.0207326504320022,-0.1501211100309589,1,1.3448966360133592,-1.4013117638415076
14699.0,0.5877787261013253,0.0739460908215904,-0.2020107665817731,-0.0171142843658956,0.0565206627106016,-0.6283799145819419,0,-0.4273219112539759,-0.19813666982824232
14700.0,-0.6141483680629726,0.2992073267345332,0.8705919157292482,0.782180555338229,0.7865535568710715,1.0873541162840137,1,1.7682678766437974,0.5205334279284504
14701.0,-1.2629135238814884,1.5110377522649707,1.145170778467334,0.8391750571422436,1.9383804360299408,0.1145138405489026,1,2.825193933049437,-0.987841985376436
14702.0,-2.4120140217391843,2.28769393059658,1.4278706532839311,1.1974240149502269,1.6951398817114138,-0.2468185486207815,1,3.607006159529967,-2.0736124163639795
14703.0,-1.0784157615666077,-1.058145946714099,-0.7716296678422379,-0.6545860563214968,-0.5121324717856456,0.1756136949195218,0,-0.953263598160995,-0.23848383116323613
14704.0,-1.2629135238814884,1.15560189306089,0.4806747168860479,0.5841917903818861,1.64782033902464,-0.7139584486282856,1,1.857476525170636,-1.5766471498125771
14705.0,0.5413976634342754,-1.058145946714099,-1.1843616671771733,-1.0490970995891926,-2.515817022689194,-0.6028467929617073,0,-2.9150633824665104,0.07149222478587544
14706.0,1.2669943475426584,-1.058145946714099,-0.6240904999278895,-0.4171400197733095,-0.4115503779538524,0.4538897016775774,0,-1.3741917723295876,1.2951018062811046
14707.0,1.042667590085983,-0.5571872395918231,-1.3644284404057585,-1.0756752990814846,-2.515817022689194,-1.8748857342550824,0,-3.3490765075357674,-0.7945427118298639
14708.0,-1.9674812683483247,0.2992073267345332,0.6238040122619947,0.7298699349373117,-0.3507527121214226,0.6225946762574288,1,1.4309607562311248,-0.5539509021917054
14709.0,-1.0784157615666077,2.110890520920167,1.6255373748920212,1.393555818698147,0.7413828979433381,0.325768284376,1,3.083510399955671,-0.7672273028438379
14710.0,-1.1198059414673356,1.3460575542855853,0.5227175133698331,0.5518840134438602,1.6244160972942283,-0.8607249623234259,1,1.8441935820305735,-1.6696652861578727
14711.0,-1.3187161125298097,1.15560189306089,0.8109901640989678,0.4448575584127773,1.3478488567818283,-0.0936869235210646,1,2.03501254736467,-1.1056901527801022
14712.0,-0.6752731880764764,0.0739460908215904,0.2563042915762984,-0.1244053687223093,-0.4437267787202448,0.2333372061057384,1,0.19455107065208935,-0.18309470502065756
14713.0,-1.3798409325433134,1.904492494064476,1.2691645432672682,1.27465460457337,1.3515360227957012,-0.1080839013457948,1,2.9816202954989213,-1.2678059711682743
14714.0,-0.7922005967383016,0.0739460908215904,-0.0188381398815537,0.1683602798515559,0.3401681767824983,-0.2841909140089251,1,0.4023336643311518,-0.6719230511821483
14715.0,-0.7670473650770303,0.8001660338568091,0.4912708805279178,0.4814433271813896,0.7178293264081053,-0.2634680385718583,1,1.260520243325142,-0.8143528283406275
14716.0,-0.4296506057480915,-0.2017513803877423,-0.3582506379547007,0.2722279017111986,0.5698454386786636,-0.5330637153406985,0,0.07578493541486456,-0.605112668508459
14717.0,1.3752433396257897,-1.058145946714099,-1.7482875989681297,-1.7848322627584738,-1.0458699940988507,-1.666476598012557,0,-3.5098812025642845,-0.4705782665277029
14718.0,1.0033287148318906,-1.058145946714099,-1.015856954548335,-0.589951674024074,-1.0458699940988507,-0.285027333809758,0,-2.053280513684896,0.5630932519785712
14719.0,-2.1519790306632065,0.2992073267345332,0.391400029388371,0.480171139282231,1.1666290909919852,0.1851866325782426,1,1.7546761500788841,-1.1022287401934474
14720.0,-1.608585561882396,-0.2017513803877423,-0.2428746874629108,-0.5370567252723396,-0.1676872918813187,-0.3161589415227258,0,-0.121287034305517,-1.1257662699882878
14721.0,0.9530347346034082,-1.058145946714099,-1.4961988337398846,-1.3916223493687232,-0.4437267787202448,-1.191007907711893,0,-2.6751412536631367,-0.3051823683028864
14722.0,0.3482913799359889,-0.2017513803877423,-0.4277489400300097,-0.5281484048190704,0.435392980203531,-0.6636615081719915,0,-0.672815627810557,-0.35765713221849504
14723.0,-1.3187161125298097,1.15560189306089,0.5839041834193168,0.6359170219128273,1.5613833034839868,-0.5202502521501621,1,1.9727257124524393,-1.4414118352900596
14724.0,1.2362726511275437,-1.058145946714099,-0.7129465922194491,-0.6404409748334174,-0.0378814165327151,0.2862967913435902,0,-1.4088597877772915,1.1034773702874092
14725.0,-0.7670473650770303,0.0739460908215904,0.2493143488429493,0.6518023752247377,0.5698454386786636,0.2201831981872948,1,1.0019396207796527,-0.2114872152777658
14726.0,1.3031915824809857,-1.058145946714099,-1.4428103598757176,-1.110483470649885,-0.8098576192004525,-1.0903110451509488,0,-2.7474339222285646,0.013325734695249296
14727.0,0.7456300658619328,-0.2017513803877423,-0.494396130826588,-0.0391782715441003,0.0200527453205781,-0.7888558435300977,0,-0.8099566251889534,-0.17302373485560357
14728.0,1.0079929186546537,-1.058145946714099,-1.1394336745698577,-1.29969799342043,-0.862804573858747,-0.5181073807015183,0,-2.4438838554472953,0.29758199693449977
14729.0,0.9445402369244064,-0.2017513803877423,-0.0179332409405666,0.0948437301245163,0.8896672959534744,0.1070132561742213,0,0.05800818682321268,0.6362324999830911
14730.0,-2.4120140217391843,0.8001660338568091,0.5529675583793889,0.5409457326035286,1.642676792037434,-0.1475233429684451,1,2.251067264016148,-1.6598327596098739
14731.0,-0.3738480170997701,-0.2017513803877423,-0.6439924495146335,-0.4348149665659621,-0.0789096183560038,-1.069680777594561,0,-0.8467556939331835,-1.050964970624972
14732.0,-1.4474112861963695,1.7867352234743037,1.2821037529151325,0.9991611085867488,1.094407142278882,0.0517667746526247,1,2.7715515729873155,-1.160103283502474
14733.0,-1.0395356639262063,1.5110377522649707,2.0575460521154185,1.6891302722962775,0.9754580982530536,1.8323711008069727,1,3.7242709879671017,0.6538313696291926
14734.0,1.0278214364224063,0.0739460908215904,0.091542488783089,-0.1793166116278707,0.1083521949576072,-0.0766365694443887,0,-0.3078054394403137,0.47181157346229213
14735.0,-1.8243736859341724,3.0807148010694942,1.8562550018887267,1.4501230524113753,1.258120370257919,-0.3327432958715042,1,3.879240787905285,-1.9897135209242407
14736.0,1.1108247005950005,-0.5571872395918231,-0.6052251093485678,-0.7262712480428852,0.4126028186801636,-0.4492238003404879,0,-1.1841872870189805,0.30164420143774673
14737.0,-1.8243736859341724,0.0739460908215904,0.9653127846808498,0.504545535701317,-0.321964036982949,1.5686915952061369,1,1.6523672814828416,0.32402285401232134
14738.0,-0.4296506057480915,0.9303406571479472,0.483975116062386,0.2765808027005175,0.2607132519567318,-0.4365153563002073,1,0.8677269135676042,-0.8034511927882036
14739.0,-1.8243736859341724,2.110890520920167,1.8590363631006293,1.984556485776528,0.9088213112787455,0.7651610079693852,1,3.9115423567770864,-0.769629090227952
14740.0,0.5349521297947235,1.15560189306089,1.078883499215702,0.9411426072331972,1.147982991607394,0.4101248927565065,1,1.8918130573468113,0.3796826755587094
14741.0,-1.2115801184678894,0.654643185938614,0.5132909108298648,0.5339424266269587,0.1083521949576072,-0.0413185260518375,1,1.1876031424225795,-0.8082262412340186
14742.0,1.0411983450016138,-1.058145946714099,-0.3401610599840891,-0.1862951485943219,-0.1676872918813187,0.9894136026560648,0,-0.7920616368055022,1.6167393054925843
14743.0,1.2395198742615607,-1.058145946714099,-2.086373857269436,-1.6420643925920622,-1.9471638881929467,-2.3041465485065,0,-4.13427577721143,-1.0067271300906782
14744.0,-1.0395356639262063,1.4312993642702228,1.0294441744282916,1.073988929544321,0.2466890975132978,-0.0096147062112094,1,2.0351430465032228,-0.8452170743418517
14745.0,0.1808966364835151,1.2544959545938104,0.7322699344278677,0.9074391861516784,0.457567115373851,-0.3593507312665512,1,1.3375465463466327,-0.4367005517239805
14746.0,0.9970565357545048,0.0739460908215904,-0.3234230009362145,-0.1454931730396027,-1.3785107536966998,-0.856318943598816,0,-1.3402536293034952,-0.10661172629999545
14747.0,0.6845052458484283,-1.058145946714099,-0.7493333679247037,-1.1625337434223335,-0.6688728615528973,0.2176671061881371,0,-1.7832369411123372,0.7204303393799419
14748.0,-0.6752731880764764,1.0480979277381186,0.8788797856573105,1.1248850124951375,0.9088213112787455,0.1630448643611835,1,2.0378387996566327,-0.42787525132204585
14749.0,1.1041925298164252,-1.058145946714099,-0.7899678739011669,-0.1373022709324161,-0.6688728615528973,0.1410257083846672,0,-1.4750564141283935,0.9919824791127302
14750.0,1.377859217618911,-1.058145946714099,-1.5196562436277414,-1.3289348484300858,-0.2159596295778201,-1.2352513072427158,0,-2.708414388173681,-0.11138524856128333
14751.0,1.3309340595609251,-0.5571872395918231,-1.4331340030381137,-1.3289348484300858,-1.3785107536966998,-2.003509817317034,0,-3.1583082901973607,-0.8164711747317299
14752.0,-0.4152381970004986,-1.058145946714099,-0.6260247815476557,-0.4246569123197467,-1.614523128595098,0.4502414218837905,0,-1.3550916773809503,0.42054838225575386
14753.0,0.0148821476427679,-0.5571872395918231,-0.0486186531483767,-0.1228108929382556,0.0565206627106016,0.5987849896247968,0,-0.1154428319585787,0.624165554898941
14754.0,-0.4011425702790203,0.4896629879592288,0.3678015732453175,0.4666624593327295,0.7791957222855813,-0.1061340140561456,1,1.0215603728958356,-0.40905114193025244
14755.0,-1.3187161125298097,2.110890520920167,1.708628915575885,1.4335980142373237,1.3404244345531768,0.4820898691227252,1,3.51435278495865,-0.795456398951113
14756.0,-1.0784157615666077,-0.2017513803877423,0.7548645424096936,0.6913012857437157,0.7178293264081053,1.5626340410267163,1,1.7188067101239695,0.7702753049114189
14757.0,-0.0791383545924629,-1.058145946714099,-0.5712356642479123,-0.7424124492385259,-0.6267921989603487,0.5535800606432446,0,-1.1407296799852185,0.6129217654766801
14758.0,0.3395657324261091,0.654643185938614,0.8100278269746418,0.344923450442901,0.6251737972068488,0.5169157742505999,1,1.1448098309297197,0.45414457803833075
14759.0,-1.7074462772723475,-0.2017513803877423,0.4020370083155595,0.0890994059362388,0.6340429977198944,0.897806518682165,1,1.2219827133632504,-0.17029122830110538
14760.0,0.7971428378544745,-1.058145946714099,-1.6822392411817195,-1.6420643925920622,-1.614523128595098,-1.541901723980466,0,-3.4285305104923114,-0.6477555084615269
14761.0,-0.2307404346856175,-0.2017513803877423,-0.5258203376287373,-0.5771176875341992,-0.5486003891756687,-0.8478682891463417,0,-1.0281517323372946,-0.7860343428874136
14762.0,0.7218745649366273,-0.5571872395918231,-0.576262260872369,-0.0978113633798804,-0.321964036982949,-0.3947293479393119,0,-1.041756100751254,0.22787565072813837
14764.0,-0.3738480170997701,-1.058145946714099,-0.8677837475887725,-0.630028288668433,-1.4880589811139169,-0.0057440673859756,0,-1.66905958560023,0.0479705419030195
14765.0,-0.6752731880764764,-0.2017513803877423,-0.9330634694593112,-0.853402515152758,-0.0789096183560038,-1.6114041262916707,0,-1.2558875104153109,-1.6973543389966903
14766.0,-1.4474112861963695,1.15560189306089,1.4064239762820208,1.3810518512704533,1.451835076066769,1.0267138484017204,1,3.1908534140291396,-0.18005745198707884
14767.0,1.096142317017561,-1.058145946714099,-0.6387351666479767,-0.9467793286780029,-0.6688728615528973,0.4262681593252829,0,-1.6925205637921834,1.1371578549138779
14768.0,-1.0028785328055103,-0.5571872395918231,-1.1318755899192243,-1.473214373913271,-1.7640984679528429,-1.4389216156797404,0,-2.3395978013476113,-1.6391601373982907
14769.0,-1.9674812683483247,1.6565606001831652,2.0389166955086315,2.051094277327296,2.4346681221559217,1.6273248745643591,1,4.779981707704931,-0.08982090100133533
14770.0,0.639341544931368,0.8001660338568091,0.9820356645810128,0.7675368126727622,1.0424661878166923,0.6596267986178739,1,1.6124125970190744,0.7201246219503086
14771.0,1.2690598089055165,-0.5571872395918231,-0.3220667266533393,0.1475774784982984,0.0741642041589574,0.0837497129784677,0,-0.6624288786474926,0.9228960250743693
14772.0,0.1752461576507922,-1.058145946714099,-1.3641201212863432,-1.178194505634738,-1.1954453334565955,-0.9418921156216584,0,-2.5041588376882813,-0.4760414007061814
14773.0,1.2395198742615607,-1.058145946714099,-1.3575229695452071,-1.4609201666402376,-1.117253523671916,-0.929449121205654,0,-2.9294585945123117,0.08706628376218528
14774.0,1.1664073183274863,-1.058145946714099,-0.9697411720005368,-1.0556416405393652,-0.91940584661767,-0.1980476117648703,0,-2.2216007984068566,0.670720940420256
14775.0,-0.2415192631816249,-0.2017513803877423,0.3037172086193421,0.7508742131607385,0.2466890975132978,0.7126078798002957,1,0.8108355523895309,0.5691770467378907
14776.0,-0.3225146116861712,1.5110377522649707,0.9958949726573544,1.4709183169115656,0.3891614223084505,-0.1660811263599305,1,2.027107995588764,-0.5656217871979637
14777.0,0.9938972919331752,-1.058145946714099,-0.7959911659081914,-0.5583243821854503,-0.7601216003714991,0.1296650800786599,0,-1.6830139107600395,0.8839740256649934
14778.0,0.2551824986059697,-0.5571872395918231,-0.1736343657922968,-0.3178908216871508,-0.1676872918813187,0.3632862493659998,0,-0.5080795352901682,0.5560246187719959
14779.0,0.7617503989180828,-0.2017513803877423,-0.6324915322083984,-1.1625337434223335,-0.0378814165327151,-1.0481010858830764,0,-1.5138610024800667,-0.4842721592996034
14780.0,-0.2749873017098188,-0.5571872395918231,-0.5262056815724663,-0.3093765158786823,-0.3805884749031534,-0.3005342272031755,0,-0.8016786603487384,-0.26235585285735263
14782.0,0.8448238506952722,-1.058145946714099,-1.1044871973187966,-0.9637172845910724,-1.4880589811139169,-0.4521942657154554,0,-2.457599032086458,0.3228900799909696
14783.0,1.3070902279146166,-1.058145946714099,-0.7965986108132622,-0.4196361174135791,-0.7132292345010023,0.1285193684354523,0,-1.6965908094780735,1.0670044232625162
14784.0,-0.7428435417295326,-0.2017513803877423,-0.5226011463064646,-0.2058769205238143,-0.4115503779538524,-0.8418233911973524,0,-0.6335203051095708,-1.0314301777956552
14785.0,-1.3187161125298097,-0.5571872395918231,-1.7832703649323292,-1.1625337434223335,-2.183176263091345,-2.657303893433572,0,-2.958429245931925,-2.7497002764238223
14786.0,1.1913278063103443,-1.058145946714099,-1.668314302407405,-0.975256544405366,-1.3785107536966998,-1.515637672127359,0,-3.124932052113621,-0.3534472371997897
14787.0,1.092078996990952,-1.058145946714099,-1.5285082203287217,-1.3916223493687232,-0.862804573858747,-1.2519471634216943,0,-2.926950106930065,-0.2593853609032362
14788.0,-1.5229485149574664,-0.2017513803877423,0.1565940421152894,0.2427527851742844,0.1880646595930938,0.4355495764623183,1,0.7907319319606304,-0.40775122056304497
14789.0,-0.6752731880764764,-1.058145946714099,-1.113356370011489,-0.9523769874762636,-1.4880589811139169,-0.4689225555320472,0,-1.9877620642076053,-0.5249360646031048
14790.0,-1.0028785328055103,1.0480979277381186,0.7195006357938564,1.0980653950849806,0.3526935049184267,-0.136605536732555,1,1.7271781856592257,-0.8283936438645988
14791.0,1.2544599055801144,-1.058145946714099,-0.8052280089282569,-0.8932765983286024,-0.6267921989603487,0.112243321321236,0,-1.8762251786908049,0.9734969151753257
14792.0,-0.1794070292720186,-1.058145946714099,-3.503861561743505,-3.361978192741088,-2.183176263091345,-4.977692994550443,0,-6.105803488085228,-4.1125901732313626
14793.0,-0.8741833591389503,-0.5571872395918231,-0.2851837722965484,-0.209500736516301,-0.0581390644641013,0.1532015782981872,0,-0.17796254025478284,-0.22872615692860943
14794.0,-1.9674812683483247,1.0480979277381186,0.5343520731560916,0.2987628588225038,0.5698454386786636,-0.484405219864328,1,1.5457887666048864,-1.730064963282147
14795.0,0.4257516242273519,-1.058145946714099,-1.4054047965650376,-2.183500472526469,-1.4880589811139169,-1.0197598082436448,0,-3.220573552760267,-0.4892608373036963
14796.0,-2.4120140217391843,2.202452120611942,1.7720174174090553,1.7974291138885026,1.9940216231823635,0.4970227188087076,1,4.372089019141306,-1.401526620006272
14797.0,1.139217978043039,-1.058145946714099,-0.8131244779636435,-1.0556416405393652,-0.7601216003714991,0.0973496635778788,0,-1.9804530129838798,0.8877564147245864
14798.0,-0.2983107883386734,0.8001660338568091,-0.1801125625316459,0.1250248368991558,-0.2672508963742018,-1.52187783792903,0,-0.17381909260879336,-1.5676476018762
14799.0,-0.3225146116861712,-0.5571872395918231,-0.7278762520755961,-0.0023635533331493,-0.586765087019821,-0.6799325923518407,0,-0.9422015582536346,-0.5555966636098817
14800.0,-0.360624348634749,1.6565606001831652,1.529214208726472,1.7356690207515224,1.692716266781489,0.6673827095290188,1,3.2809729255071325,0.017677922558670452
14801.0,-0.2097114950440718,-1.058145946714099,-1.1298684688758425,-0.6838229113311526,0.2324210325411989,-0.5000662918030421,0,-1.3093559531950398,-0.344097062466327
14802.0,1.045596020739638,-0.5571872395918231,0.3453951710897094,-3.361978192741088,-2.515817022689194,1.34128381043706,0,-2.6104148763792843,1.5812384477646473
14803.0,0.4102035851912229,-0.2017513803877423,-0.0687303939228114,-0.1933485238451358,-0.144576100004755,0.0114219865907891,0,-0.3945741619233829,0.2824068579432666
14804.0,-1.3798409325433134,-1.058145946714099,-0.6964462506511132,-0.9248532670431824,-0.9802035124500996,0.3174183519887343,0,-1.100949399660186,-0.295614523701358
14805.0,-1.0784157615666077,0.654643185938614,0.1236754482738321,-0.1086319283943098,0.5979759564957379,-0.7731112832258129,1,0.6340236945374604,-1.4139161768435184
14806.0,-0.0791383545924629,-0.5571872395918231,-0.8057012583181367,-0.1055221309281067,-0.7132292345010023,-0.826263968163632,0,-1.2017360326252604,-0.5450223447490848
14807.0,0.972973911537828,-0.5571872395918231,-0.4195028339740178,-0.4582609676615375,-0.1002197270566499,-0.0996963174933989,0,-1.0310069138371938,0.5586299084909576
14808.0,-0.4749394310824503,0.8001660338568091,0.7782083902363958,0.9616688980804592,1.1620071460508272,0.2760377655169004,1,1.8843772675539376,-0.1886420347649543
14809.0,1.2690598089055165,-0.5571872395918231,-0.218418725381634,-0.4992963694822978,-0.6688728615528973,0.2789366561657241,0,-1.1653047572557222,1.049114065563038
14810.0,-0.4594850640247002,1.3460575542855853,0.7224594640439466,0.6045297782794461,0.8831819415705221,-0.4860298526968326,1,1.5668377961939761,-0.964982437776611
14811.0,0.9663961595288088,-1.058145946714099,-1.2192193410209995,-1.244856163309911,-0.321964036982949,-0.6685924144075728,0,-2.2652384225844826,0.1342912638352559
14812.0,1.2459654079011129,-1.058145946714099,-1.157640865968594,-0.848584025185672,-0.1220981718085144,-0.552448258370432,0,-2.0175128179284356,0.41280736301572213
14813.0,0.9376626889884035,0.0739460908215904,0.1146445927571214,-0.0308172995627917,0.7791957222855813,-0.0331846401417654,0,0.09338372282824078,0.4424090482995965
14814.0,1.226431150604787,-1.058145946714099,-1.2626897232473182,-1.0756752990814846,-0.321964036982949,-0.7505826041937108,0,-2.3129476467276033,0.22782737830017366
14815.0,-0.5236711079833221,-0.5571872395918231,-0.1281912754732962,0.2652027781678645,0.1880646595930938,0.448883848407748,1,0.2050880195345177,0.23992915148476462
14816.0,0.5349521297947235,-1.058145946714099,-0.8846198873982366,-2.9060807784127,-1.7640984679528429,-0.0374989825154812,0,-3.1555459722575874,0.3055460946922957
14817.0,0.5445962994855142,0.654643185938614,1.0431788500291177,1.0516733666850842,0.9870131210634252,0.9558805627144886,1,1.8112557654570005,0.9769758445911917
14818.0,-0.0876328522714647,0.4896629879592288,0.1653140581679121,0.0620094863539268,0.5887058798168258,-0.4866331479233666,1,0.4395205954083752,-0.5769414791746833
14819.0,-0.1794070292720186,0.0739460908215904,-0.490977467176365,-0.6913398038775899,0.1727297634470911,-1.1705609058744004,0,-0.7632923111993738,-1.1316770599327095
14820.0,-0.8741833591389503,0.9303406571479472,0.2268051028152811,0.2473045053389683,0.1571027565423948,-0.9190233450089677,1,0.6769012461300982,-1.4367861659327232
14821.0,0.932455689893557,0.654643185938614,0.233377948908481,-0.0157595548677755,0.3526935049184267,-0.5672359568219468,0,0.06515923588000277,-0.12179339516294323
14822.0,1.1108247005950005,-1.058145946714099,-1.2751140509886991,-1.0893783142783806,-1.1954453334565955,-0.7740163293488637,0,-2.6594558459356405,0.18293133588439167
14823.0,0.4773803670621637,-0.2017513803877423,-0.7643068688709593,-1.132288371569837,0.2324210325411989,-1.2953187575414105,0,-1.4383706567607577,-0.8497760552564305
14824.0,-1.3187161125298097,1.0480979277381186,1.0545591009064443,0.8997464558983241,0.5602500888610992,0.4935593244387215,1,2.174236335756755,-0.5209803674085657
14825.0,-1.8243736859341724,2.062432694683636,1.2003275111357623,1.1474296008779876,1.211470473151452,-0.4180791349911008,1,2.940845069451666,-1.8120865122467922
14826.0,1.2275321383409905,-0.5571872395918231,-0.6342619177881775,-0.7759341463654605,-1.117253523671916,-0.5038519552097698,0,-1.9103560976675358,0.38484974705618935
14828.0,0.5349521297947235,1.3460575542855853,1.69894837279832,1.954528618260299,0.435392980203531,1.3509871073726336,1,2.7423468409820564,1.2242379997357895
14829.0,-0.6752731880764764,0.654643185938614,0.4310616010742444,0.549596286132849,0.4897435161402434,-0.1958950943944281,1,1.0989557825462086,-0.6540754509195831
14830.0,-0.2983107883386734,-1.058145946714099,-1.1152088422889923,-0.7066363290939456,-0.0581390644641013,-0.4724165334045055,0,-1.3975957511289852,-0.3597341846287879
14831.0,1.3271781179392863,-0.2017513803877423,0.4241065634552804,0.3792073455329857,0.3771846686209953,0.9393819298985936,1,0.32904205530208885,1.5717406970637626
14832.0,1.2782729390801475,-1.058145946714099,-0.7614964047790771,-3.628661084298931,-2.515817022689194,0.1947262059937493,0,-3.908590384815825,0.8630263487867795
14833.0,1.1290379992392874,-1.058145946714099,-1.6388355676730464,-1.4026767430063911,-1.3785107536966998,-1.4600373545837522,0,-3.275214475959675,-0.38559069976177923
14834.0,-0.9682038613741812,0.654643185938614,0.6218087208691908,0.3694853126909775,0.217900422374825,0.1627599474594814,1,1.195060381018146,-0.5306512463444442
14835.0,1.1664073183274863,-0.5571872395918231,-0.8210842570570274,-0.6653981508446892,-2.515817022689194,-0.8551820782969066,0,-2.6186418435896046,0.140338058431584
14836.0,-1.3187161125298097,-0.2017513803877423,-1.5834754800791535,-1.5663808849782732,-1.614523128595098,-2.822745199313514,0,-2.7152993031173516,-3.035553699196729
14837.0,0.0363810947797576,0.9303406571479472,0.9460348547449828,1.1881586691455934,1.1384985731749109,0.4321690236426068,1,2.0062169484041816,0.20830906817840925
14838.0,1.0232997359133336,-0.5571872395918231,-0.1326701627974774,-0.2076863327758596,0.4009658426149288,0.4404470038218719,0,-0.4159553079238283,1.0263168894510053
14839.0,1.0156919930971386,-0.2017513803877423,-0.0116934795432208,0.4096695475497316,0.3014022381220454,0.1187564273177452,0,-0.05387071297895844,0.7427036278772281
14840.0,0.7314826127879408,-0.5571872395918231,-0.6774964430658416,-0.669042043482492,-0.586765087019821,-0.5851802599049022,0,-1.5309179814029974,0.0334436881351808
14841.0,-0.2983107883386734,1.4312993642702228,1.4702076233308985,1.3971979567139372,1.2498335012412511,0.8196413707731071,1,2.8407601950585954,0.221156483116667
14842.0,-0.4152381970004986,0.0739460908215904,0.7998283502048099,0.5603928117857174,0.9024861982765124,1.2568645291087903,1,1.5721820808941214,0.7970207417116185
14843.0,1.0441334768929462,-1.058145946714099,-1.0637373222872202,-0.8680734789258341,-1.1954453334565955,-0.3753352684743973,0,-2.3098625273925664,0.49117907812107875
14844.0,-0.1794070292720186,1.0480979277381186,1.4223248215935744,1.4287992993706649,1.074023657541187,1.18599525672081,1,2.6719097321003407,0.6958807885720553
14845.0,1.2470333934915163,-1.058145946714099,-1.3109533214675462,0.1239313687523604,-2.515817022689194,-0.841613356056817,0,-2.7178957153276153,0.38381612022111455
14846.0,1.0293216130101532,-1.058145946714099,-0.5429077361629472,-0.6197778847530964,-0.9802035124500996,0.6070098231846046,0,-1.5453544044655243,1.293445595396287
14847.0,0.3568999011193944,-0.2017513803877423,0.2675369735248509,0.0461893486447824,0.2324210325411989,0.6444662160306536,1,0.24844788463044606,0.7727904024266063
14848.0,0.9954788591929878,-1.058145946714099,-0.7890189787900925,-0.4246569123197467,-1.0458699940988507,0.1428154347744439,0,-1.7319410631299523,0.921658982628305
14849.0,-0.8456753236698794,2.760887060390832,2.038531463121284,2.094670132796883,1.5382721116074227,0.3675888784159256,1,4.1609030011236365,-0.7460494638898066
14850.0,0.8286381285590276,0.654643185938614,0.4728649771778673,0.6843362971963857,0.9088213112787455,-0.1173194861957962,1,0.9119141445327079,0.2308951711474162
14851.0,-0.8183807704906293,-0.2017513803877423,-0.0826016045647635,0.1570110879448586,-0.0789096183560038,-0.0146784673313074,1,0.16582018165159831,-0.38169219522328285
14852.0,-0.2415192631816249,1.7233615276208618,1.360020007771305,1.4291002469571583,1.0424661878166923,0.2715364460978339,1,2.6544677868847995,-0.2569677873918301
14853.0,-0.7922005967383016,0.2992073267345332,0.2822884333461238,-0.239233298826501,-0.3805884749031534,-0.0200575996609546,1,0.23371731921412112,-0.5242466274644485
14854.0,-0.0543097623705864,1.15560189306089,1.106365753308212,1.181397094390842,1.133714926635295,0.4618377073130014,1,2.2117873115192572,0.12245317988034017
14855.0,0.2137923187052415,0.654643185938614,1.4024756556606612,1.284849105648861,1.124063132285242,1.6327486994627272,1,2.4627160994319484,1.3603610319654955
14856.0,-0.540774126845729,-0.2017513803877423,0.2471980356538015,0.238169345449477,0.3526935049184267,0.6061621742100468,1,0.6469863434438129,0.2623406873816455
14857.0,-0.2201397768252409,0.654643185938614,0.984844517346192,0.9411426072331972,1.133714926635295,0.8460285631715532,1,1.9966830225404943,0.45011938657948375
14858.0,1.137954282661102,-1.058145946714099,-1.1773897370430282,-1.017316959584883,-1.0458699940988507,-0.5896969229675081,0,-2.4679890529421042,0.34758415604508447
14859.0,-1.1640528084915374,0.2992073267345332,0.4364865034296266,0.3814306296966477,0.1571027565423948,0.2700197765394799,1,1.0286665962809243,-0.4554607662159285
14860.0,-0.9353081791524545,-1.058145946714099,-1.2199760458823703,-0.4992963694822978,-1.0458699940988507,-0.6700196476642963,0,-1.6232098199506444,-0.8048574124626439
14861.0,-0.3102985242592435,1.0480979277381186,0.2843042989805245,0.5076061319118196,0.3145288070742748,-0.9534431173768744,1,0.7562525103418059,-1.166748511192214
14862.0,-0.7428435417295326,-0.5571872395918231,-0.072442710332401,0.2894692805292556,0.0914362748936436,0.553902471364526,1,0.3039140198019093,0.21123211194470348
14863.0,-0.6752731880764764,-1.058145946714099,-0.8981894756751196,-0.8680734789258341,-1.0458699940988507,-0.0630928020579234,0,-1.5356593408709565,-0.20773833548157472
14865.0,-1.5229485149574664,0.0739460908215904,-1.4148788560713752,-0.3308725774292323,-1.7640984679528429,-2.8909336170150417,0,-1.9548539288653415,-3.141446508511396
14866.0,-1.2629135238814884,1.7867352234743037,2.2400489820573948,1.9208596147655748,-0.0378814165327151,1.855309250912912,1,3.6944925944056166,0.5443336254756469
14867.0,0.4982949986740278,1.5859404542672264,0.8315988257165473,0.4568406600111304,0.3771846686209953,-0.5619124097031409,1,1.1200428170996648,-0.5563078810162989
14868.0,-1.9674812683483247,1.2544959545938104,1.0828460045354265,0.9866049002391734,0.9275383145186272,0.2996456095677837,1,2.611851150601957,-1.0969135144610966
14869.0,-1.3798409325433134,0.4896629879592288,0.7945943320726186,0.9589072945601872,1.211470473151452,0.6968939730806109,1,2.190928932824315,-0.2667141173933496
14870.0,0.7170160174661255,0.4896629879592288,0.4906836638189388,-0.0184718100053139,0.0200527453205781,0.1249511988035906,1,0.259782539746134,0.37773095324544903
14871.0,-1.9674812683483247,0.9303406571479472,0.2178307143536461,-0.0591107344650019,0.8700553726182927,-0.9358439462838396,1,1.1603385970012765,-2.1138507713338632
14872.0,1.1095037419429616,-0.2017513803877423,-0.0938041873924945,0.1885064471269017,-0.1676872918813187,-0.0357566772271023,0,-0.46921308510808374,0.6679078397562017
14873.0,0.5757347064298897,-0.5571872395918231,-0.0614637613171317,-0.3072650503773302,0.1083521949576072,0.5745856719703262,0,-0.36917600487116947,0.891982776597696
14874.0,1.1736268151912543,-1.058145946714099,-1.4936731359661617,-0.7933582365477243,-1.4880589811139169,-1.186244148361173,0,-2.8937135174454505,-0.07342195879630152
14875.0,0.1521328382198956,-0.2017513803877423,0.8093813598973739,0.6478668604832499,0.5979759564957379,1.6653845379580237,1,1.3228575810035283,1.5307256747587459
14876.0,1.1566531348790148,-0.5571872395918231,-0.9257845468656224,-0.7342923345111426,-0.9802035124500996,-1.0519483211542555,0,-2.1211007111972653,-0.09977951724130243
14877.0,1.0156919930971386,-0.5571872395918231,-0.5435655117974858,-0.6989435988405914,0.2466890975132978,-0.3332031878839979,0,-1.1451411247448475,0.35343234500054177
14878.0,-1.1640528084915374,2.110890520920167,1.0691537794026733,1.0436129601837068,1.0791672045283929,-0.7193805019122907,1,2.4957871380036822,-1.7107189593341612
14879.0,1.331869618003757,-1.058145946714099,-1.160501133290088,-1.0235513279573645,-0.3507527121214226,-0.5578430547471336,0,-2.224631163341489,0.4482912495452675
14880.0,-0.0624796206101934,-0.2017513803877423,-0.1983434099665748,-0.1880514138269199,0.0565206627106016,-0.2324120951520755,0,-0.2987554611327939,-0.1832143077804873
14881.0,-0.9040178174155592,-1.058145946714099,-0.9294288693769888,-0.2968082174231356,-0.7132292345010023,-0.1220139269076012,0,-1.0906523002748199,-0.33863509598445224
14882.0,-0.7195200551006783,1.4312993642702228,0.9801538179805548,0.7845897922401581,-0.2159596295778201,-0.1022612698914703,1,1.5547349912601534,-0.752756500080354
14883.0,-0.9353081791524545,0.4896629879592288,-0.1439954357174407,0.3046093056627695,-0.0581390644641013,-1.0669335172768537,1,0.2213130217560672,-1.459488925461892
14884.0,1.3167343976054071,-1.058145946714099,-1.4669926299588096,-1.2626334870875635,-1.2818823689972492,-1.1359216151995355,0,-3.045037174278012,-0.01035686061488063
14885.0,0.2797573518734662,-0.2017513803877423,0.3895953107859012,0.6359170219128273,-0.4437267787202448,0.8743690933848726,1,0.3986286170280501,1.0058753726067013
14886.0,0.6946852246521797,-1.058145946714099,-0.6733675241480435,-0.7424124492385259,-0.6688728615528973,0.3609475106733208,0,-1.5080462102694665,0.8841711091557994
14887.0,-0.0462426723707365,-1.058145946714099,0.4996548283319174,0.5221019459485301,-1.4880589811139169,2.573403909204484,0,0.2243953869628964,2.431183660310796
14888.0,0.5665508950955468,-1.058145946714099,-0.6647516337503101,-0.6510211644571734,-0.586765087019821,0.3771980806639163,0,-1.381838210612251,0.8324139495053675
14889.0,0.8760190673835795,-1.058145946714099,-1.381592423430757,-1.1176717491805908,-1.117253523671916,-0.9748469068025356,0,-2.6802649012256,-0.11499198312123725
14890.0,0.6972051697365015,-0.2017513803877423,-0.0932315363828168,0.1621941008875446,0.217900422374825,-0.0346792255098874,0,-0.19223901316831513,0.4223364127986702
14891.0,0.3526100844636154,0.0739460908215904,0.1250363053804121,0.3029441884726516,0.217900422374825,-0.0136379837819857,1,0.21061110747901332,0.19525429125107205
14892.0,1.33745448812043,-1.058145946714099,-1.0964696360345507,-1.202407826598178,-0.91940584661767,-0.4370722139263795,0,-2.4786831407533794,0.5565310743633325
14893.0,-1.3187161125298097,-0.2017513803877423,0.479100422622537,0.4896531046365794,0.6853342645162757,1.0429878123484295,1,1.3923705170791363,0.19879271359651232
14894.0,0.0001383902963132,-0.2017513803877423,0.3405059289964166,0.127206334550111,-0.0581390644641013,0.7819004973105791,1,0.35457952158998496,0.7090695714676813
14895.0,-1.4474112861963695,2.611849228042442,2.374276304020135,2.018697120354935,1.9127981788600887,1.1672333259068892,1,4.813007695484904,-0.4134800231358906
14896.0,0.5603544681590024,0.8001660338568091,0.5836839174720382,0.5321798862096141,1.031671386584256,-0.0897859588075118,1,1.098970769990555,0.046874970094740565
14897.0,-1.4474112861963695,0.8001660338568091,0.8761827924579002,0.5581345402494097,0.6514988276797011,0.4603888618846166,1,1.8896866376601869,-0.5915894208883928
14898.0,-0.8183807704906293,1.4312993642702228,0.9558543268647104,0.9915976707913504,1.2026961322161416,-0.1479265652386643,1,2.246542552999329,-0.8865908271515927
14899.0,0.9794848831855826,-1.058145946714099,0.2864653432355777,0.1084288107794422,0.8896672959534744,2.1713037792250613,1,0.4712425054237819,2.5218150376897075
14900.0,1.1578805519021536,-1.058145946714099,-2.9788218448193704,-1.5248267984910486,-2.515817022689194,-3.987407107213409,0,-5.238665521048104,-2.376834688991817
14901.0,-1.2629135238814884,1.2544959545938104,0.6485636233794048,0.4934079441710827,0.7257558910386418,-0.5165180090123064,1,1.6156068941294803,-1.4109932403764784
14902.0,-0.7428435417295326,-0.2017513803877423,0.0772267826442736,0.2400065559703205,0.1571027565423948,0.2861266859595476,1,0.44906925155686395,-0.0988682351943815
14903.0,-0.8741833591389503,0.2992073267345332,0.7962338901409179,0.7415266006218392,1.3697273015336937,0.9472955635042029,1,1.9935162726768132,0.23414074638072888
14904.0,-2.1519790306632065,0.0739460908215904,0.4085053068292224,1.0745049915078742,0.8961017842882889,0.5198230699210079,1,1.9371404780317674,-0.702185616641354
14905.0,0.3942692202075933,0.8001660338568091,0.5407703705815543,0.4653613294547838,0.0565206627106016,-0.1704479811155245,1,0.6686511683117007,-0.07289765555111236
14906.0,1.0557414896988655,-1.058145946714099,-1.870722168090161,-3.628661084298931,-2.515817022689194,-1.897402415651716,0,-5.018392594049557,-0.9525892863490585
14907.0,-1.9674812683483247,1.5859404542672264,1.362197885406569,1.1402337115247738,1.0478107868958555,0.4352747804493904,1,3.0518322950527,-1.0654325129580378
14908.0,-0.0876328522714647,-0.5571872395918231,-0.6404456962649949,-0.6581703754853391,-0.862804573858747,-0.5154850281345442,0,-1.345777041774481,-0.3468978381571351
14909.0,1.0441334768929462,-0.2017513803877423,0.296687572947958,0.3814306296966477,0.3014022381220454,0.6993679166791594,1,0.25149142247986983,1.2255049365969661
14910.0,-1.9674812683483247,0.0739460908215904,-0.5479385071100393,-0.4825737499159102,-0.4115503779538524,-1.2772888992528348,0,-0.4106982781444111,-2.1537773532639837
14911.0,-2.4120140217391843,5.484918302069179,4.151680234898583,3.754363918370485,3.3508904663851315,1.3270488594862748,1,8.658645952155581,-1.4841745272701157
14912.0,-1.0028785328055103,0.4896629879592288,0.5101185643382022,0.8526840941917745,0.0384893202353487,0.1615096598957089,1,1.2340522726661771,-0.45126610624850244
14913.0,-0.540774126845729,0.8001660338568091,1.0634967332968053,1.3633366004800664,1.1620071460508272,0.8129928571072439,1,2.3967626927409285,0.2501800387920581
14915.0,0.0433901831118387,1.15560189306089,0.4797528203741409,0.231698391536616,0.3526935049184267,-0.7156877165210184,1,0.7453492636781707,-0.8377096475554473
14916.0,-0.1138130260237924,0.8001660338568091,0.8534429538792804,1.0390011632068874,0.8010741670374462,0.417595757509801,1,1.738079838180716,0.14829778201091715
14917.0,1.2438240863831336,-0.5571872395918231,0.1360238467378727,0.383646423837706,-0.2941514393624997,0.9466896320257472,0,-0.20989436903594125,1.6476821800436614
14918.0,0.1975553704657846,0.9303406571479472,1.3372341314100886,1.0750206488755696,0.5105140700321456,1.1687027168214204,1,2.057313433891678,0.909780523430875
14919.0,1.1783950542480568,-1.058145946714099,-0.684184315311997,-0.8830791702047491,-0.91940584661767,0.340545786212002,0,-1.8406056603960035,1.1305575192323625
14920.0,0.5847888596192942,-0.2017513803877423,0.3936619124240575,0.3799492756046707,0.6162076636214244,0.8820296224465649,1,0.6278128375218313,1.106716195400935
14921.0,-0.6542442484349309,-0.5571872395918231,0.2497686002152636,0.4278436521875796,0.5001945244425666,1.1610491448008626,1,0.8535531767564986,0.747025361142353
14922.0,0.9778633268252848,-0.5571872395918231,-0.0702727362924674,-0.1827966247136157,0.1249263557760024,0.557990447812655,0,-0.438478269565596,1.1113106618968978
14923.0,-0.3225146116861712,-1.058145946714099,-0.1558953135198611,-0.113324368788697,0.0384893202353487,1.3369602022012483,0,-0.051019077612043495,1.1466806552860762
14924.0,0.6767627952879732,-0.2017513803877423,0.0005721325015948,-0.305160341577133,-0.2672508963742018,0.1418408354136347,0,-0.5076569652537204,0.5287321466019097
14926.0,0.9580779469522994,-0.5571872395918231,-0.6840843370728359,-0.5835033778764733,-2.183176263091345,-0.5975715677507077,0,-2.231572579557173,0.22777894457184775
14927.0,0.982715747443508,-1.058145946714099,-0.794498094858402,-0.609684782260171,-0.586765087019821,0.1324811854926654,0,-1.630075274417354,0.8672150686016227
14928.0,1.2762369843581085,-1.058145946714099,-1.023854245863303,-0.4047996776888514,-0.5486003891756687,-0.3001111540825026,0,-1.8531841673033513,0.6972677165986575
14929.0,-0.6141483680629726,-0.5571872395918231,-0.0763118719426957,-0.0130584383864058,-0.1676872918813187,0.5466134611831418,0,0.009726690601361434,0.25725283006777533
14930.0,0.1579897300569208,0.4896629879592288,1.2458927827263242,0.9774017037716368,1.3177393102307873,1.5469693233398971,1,2.243731773278175,1.263680625960038
14931.0,-1.7074462772723475,0.2992073267345332,0.2170925687164293,-0.1148959846829668,-0.2672508963742018,-0.1426520811059446,1,0.555447894526803,-1.1190799519410781
14932.0,0.9307105862349312,-0.5571872395918231,0.0730718088445746,-0.2546192855417444,-0.2941514393624997,0.828064988471589,0,-0.4793749442388326,1.3155002374939881
14933.0,1.054301926358555,0.0739460908215904,0.4631613009873645,0.1239313687523604,-2.515817022689194,0.6227295225974344,0,-0.869091201861034,1.200081536116018
14934.0,-0.0226329437380984,0.2992073267345332,0.9549686517982336,0.9471176413141816,0.8153422320095451,1.2463059658860447,1,1.7630259422087942,0.9895619385655772
14935.0,0.7971428378544745,-0.5571872395918231,0.8062110742766033,0.8919626853044812,-0.4115503779538524,2.2100094048225456,1,0.8319158823770104,2.48101493926128
14936.0,-0.5764124726865254,1.2544959545938104,1.8662311781008585,1.666769625256145,1.502336744094668,1.774837356795461,1,3.5689386842201425,0.9043832988323588
14937.0,-0.2524823540546596,-0.2017513803877423,0.4002232460984739,-0.0171142843658956,-0.1914684658752519,0.8943897579222171,1,0.37350407728186114,0.6527498194918477
14938.0,1.2051450416307885,-0.5571872395918231,0.6588024753785082,0.6658744038583051,0.4240770344914922,1.9320878417128096,1,0.7888670665277847,2.4203061553731704
14940.0,1.0156919930971386,-0.5571872395918231,-0.4028010917673699,-0.1689857038609805,-0.2159596295778201,-0.0682546279836238,0,-0.9386111509467949,0.6417669171756071
14941.0,1.2242234885320706,-1.058145946714099,-1.172057106085795,-1.1942372750823944,-1.3785107536966998,-0.5796389616188664,0,-2.7106325413696197,0.4002203747604393
14942.0,0.9907224082272228,0.0739460908215904,-0.1583395376764431,-0.2223436733560928,-0.9802035124500996,-0.5463502735284975,0,-1.0338808434132314,0.11539583226206059
14943.0,1.3109653164344783,-1.058145946714099,-1.5483342066155017,-1.5522358034901935,-1.614523128595098,-1.289341276265871,0,-3.4041267803596864,-0.15193108784580553
14944.0,-0.6542442484349309,1.7867352234743037,1.694925022125372,1.499375193967213,1.1982735174240835,0.8284670866654053,1,3.2409549991006497,-0.049826708945376275
14945.0,1.0095401454577722,-1.058145946714099,-1.1827621256600067,-0.7589597607014165,-1.0458699940988507,-0.5998298718801189,0,-2.3121430885198935,0.29474612754146007
14946.0,-1.1198059414673356,-1.058145946714099,-1.5943538887147657,-2.0222782993066613,-1.9471638881929467,-1.37613974170315,0,-3.054478220286739,-1.590448404611561
14947.0,-0.10496702096475,0.4896629879592288,0.0870101619418078,-0.1164713649302792,0.0914362748936436,-0.6336604613977691,0,0.07134040763316124,-0.7012417469446638
14948.0,-0.8183807704906293,0.4896629879592288,0.1219331898687134,0.1993293245792594,0.2324210325411989,-0.5680961115545761,1,0.5379115705458487,-1.0148235617090577
14949.0,1.0893557436471168,0.0739460908215904,-0.425469044794884,-0.4503524041750327,-0.7601216003714991,-1.0477518766341911,0,-1.3636680899762792,-0.269104352733721
14950.0,-0.9353081791524545,-1.058145946714099,-0.6608691181208309,-0.848584025185672,-0.6267921989603487,0.3845209560794426,0,-1.0190207037527692,-0.005109149171832089
14951.0,-0.0462426723707365,-1.058145946714099,-0.786410180528274,-0.3072650503773302,-0.586765087019821,0.1477359312974936,0,-1.1584257790636066,0.344421671800195
14952.0,-0.2201397768252409,2.4054512011867506,2.1191402158715293,1.736612260464029,1.4152191667836551,0.9199698753817134,1,3.8038071327726612,0.11047578650448941
14953.0,-0.7670473650770303,0.0739460908215904,0.0618756734367058,0.4776193574633178,1.274447139088575,-0.1324300340195722,1,1.0137695430271851,-0.5458811130978657
14954.0,-1.2115801184678894,-0.5571872395918231,-0.441796145401779,-0.5370567252723396,0.7865535568710715,-0.1416621728983612,0,-0.04222851568687029,-0.7234300830972106
14955.0,1.3752433396257897,-1.058145946714099,-1.2480666339903637,-1.244856163309911,-0.2672508963742018,-0.7230017594430184,0,-2.4006430191991406,0.3125089711162842
14956.0,1.0202674598207486,-1.058145946714099,0.2546378782766618,1.0617434246636863,-1.7640984679528429,2.111273483682519,0,-0.22944658871858883,2.7097840551071006
14957.0,0.6946852246521797,-0.5571872395918231,-0.7382770109985001,-1.017316959584883,-0.3507527121214226,-0.6994915429810961,0,-1.6497180802636293,-0.1248218717117841
14958.0,0.3482913799359889,0.4896629879592288,0.0210982023030918,-0.4529780401521651,0.1727297634470911,-0.7573617044135943,0,-0.264358454754558,-0.5897132703428517
14959.0,-0.1794070292720186,0.0739460908215904,-0.2094019527539143,-0.0036909421566538,-0.1002197270566499,-0.642261059347198,0,-0.2547758281571639,-0.6226683476088454
14960.0,-1.4474112861963695,-0.5571872395918231,-1.0323626229719896,-0.5311044589581426,-0.4772168596026035,-1.2521297716207984,0,-1.117711326078851,-1.6950683491067176
14961.0,-1.2629135238814884,1.959413366567396,2.067501885537076,1.856481836090315,1.670575380230482,1.3311785992892229,1,4.202999102354479,-0.008988760133601535
14962.0,0.7385953496372302,0.0739460908215904,-0.6692229554382321,-0.9141583819899256,-0.862804573858747,-1.5043414832835262,0,-1.7732776834150141,-0.8736356751205713
14963.0,-1.3187161125298097,1.2544959545938104,0.8816532311258453,1.0117659025901675,1.6084339089262203,-0.0786802535976912,1,2.4907743298686884,-1.0745107882673834
14964.0,0.6793540117376464,-1.058145946714099,-1.0829195018369864,-0.8158082295413044,-0.91940584661767,-0.411515087037044,0,-2.0772572174151804,0.25434610102514166
14965.0,0.0773306527470905,-0.5571872395918231,-0.3167871024425784,-0.2022729611569515,0.5207054191909427,0.0936910676754678,0,-0.2643017854635754,0.22093288133714406
14966.0,-1.0784157615666077,0.4896629879592288,0.130938246306722,0.520906089366719,0.8831819415705221,-0.5511877017174887,1,1.0501570084623453,-1.1408021336651755
14967.0,-0.3349679194593694,0.4896629879592288,0.5448578715457436,0.1785104957817125,-0.5121324717856456,0.2268632587653737,1,0.5168251914510195,-0.07439469115635682
14968.0,-0.6542442484349309,-0.5571872395918231,-0.4395853633181552,-0.4297163291046267,0.5505411819726732,-0.1375006183234529,0,-0.26121112711070865,-0.39244740972877473
14969.0,1.349390734723095,-1.058145946714099,-0.0188460826213908,0.1914758469280886,-0.91940584661767,1.5954509693840293,0,-0.6811919794142521,2.3481036134146898
14970.0,-0.1411075792030422,1.2544959545938104,1.1994888316835866,0.4475394008187635,0.4240770344914922,0.5191149403676911,1,1.7035412404753048,0.05285666538159414
14971.0,-0.5583457794146515,-0.2017513803877423,0.1314090936657698,0.1704028931044524,0.9984076522496488,0.3881312324622122,1,0.765879695815028,0.040568566589200876
14972.0,0.2601733813722913,-0.5571872395918231,-1.3348726027941378,-1.6420643925920622,-0.586765087019821,-1.8195268596783285,0,-2.5387702594868977,-1.322711432757666
14973.0,0.1462219650521856,-0.2017513803877423,0.2488817229549424,-0.1951237501287851,-0.2941514393624997,0.6093329775121653,0,-0.03795775517648253,0.6278381492343883
14974.0,-0.5236711079833221,-1.058145946714099,-1.5047656003641523,-1.5808368721392685,-0.7132292345010023,-1.2071658245602062,0,-2.4248119854982875,-1.1368070663503635
14975.0,-0.2524823540546596,-0.5571872395918231,-0.4875749459184689,0.0133596082852886,-0.4115503779538524,-0.2278299463877495,0,-0.6287384785169396,-0.15734803885459833
14976.0,-0.2524823540546596,0.654643185938614,-0.1168549615548685,-0.4936747887746049,0.0914362748936436,-1.2238758276854549,0,-0.26984417780020215,-1.3410883923337256
14977.0,1.369097808148474,-1.058145946714099,-2.4083415717582413,-2.183500472526469,-1.7640984679528429,-2.911415053267053,0,-4.695561277246346,-1.489548325411863
14978.0,-0.10496702096475,1.0480979277381186,0.8765497002645251,0.2616618762708548,1.1573590143130723,0.1586625805526324,1,1.5547905931755515,-0.21574633612641025
14979.0,1.3769884432844162,-1.058145946714099,-0.5395296677034028,-0.5552437164184574,0.0011923041824166,0.613381252648156,0,-1.2120708350077662,1.45235635380017
14980.0,1.3787288112420826,-1.058145946714099,-1.307715551072724,-1.202407826598178,-0.4437267787202448,-0.8355065450383786,0,-2.518493662931634,0.23550353844673422
14981.0,0.6767627952879732,-0.5571872395918231,-0.657546804212619,-0.4743692243337022,-0.586765087019821,-0.5476546832796672,0,-1.4011150864028266,0.05329424506632478
14982.0,1.2164362698867952,-1.058145946714099,-0.9807322912574036,-0.9036346224583336,-0.0581390644641013,-0.218778139256919,0,-1.8195614079513223,0.6582613276103914
14983.0,1.3355982633836874,-1.058145946714099,-1.1677409893249049,-1.1176717491805908,-0.2672508963742018,-0.5714982641084992,0,-2.243068656590973,0.42611241601334915
14984.0,-0.9353081791524545,0.4896629879592288,0.2249104188116979,-0.2297966815900328,0.1083521949576072,-0.3746860934471561,1,0.4301975043759511,-0.9600316900056505
14985.0,0.5381829940526488,-0.5571872395918231,-0.8216890352357091,-0.4246569123197467,0.5001945244425666,-0.856318943598816,0,-1.057144238192058,-0.3162766019243665
14986.0,0.9479515492166356,-0.5571872395918231,-0.356408418802572,-0.2449609484229135,0.5887058798168258,0.0190884825847484,0,-0.5696492457894119,0.6317036427285218
14987.0,-1.0395356639262063,0.8001660338568091,0.4399446933868883,0.1973747289689879,-1.7640984679528429,-0.3598952656898208,1,0.12626864527810006,-0.9599362740003309
14988.0,0.5817849890277144,0.654643185938614,0.5747409399632629,0.6196384879529337,1.1384985731749109,0.0742333321534138,1,1.1619852028974091,0.23356277943125955
14989.0,1.3099987372027848,-1.058145946714099,-0.7189023732391803,-0.5964638157260045,-0.6688728615528973,0.2750634966007438,0,-1.6796453057264766,1.167479612588112
14990.0,1.2597123935708792,-0.5571872395918231,-0.8010062089391119,-0.8780391383485852,-0.0181119525235737,-0.8174374590330794,0,-1.6887421132160516,0.08935868197886786
14991.0,1.033801201878248,-1.058145946714099,-0.7795752969935784,-0.6265937067707593,-0.5486003891756687,0.1606273154877289,0,-1.6222358766141327,0.9146708948327503
14992.0,1.0514130692268566,-1.058145946714099,-1.0681529434804675,-0.8067360727591756,-0.3507527121214226,-0.3836636429012241,0,-1.9370378508678232,0.4568997802450489
14993.0,1.2074192468466634,-1.058145946714099,-2.321840724728276,-2.051515154316317,-1.1954453334565955,-2.748264409048547,0,-4.254863010077833,-1.458482082071994
14994.0,0.9580779469522994,0.2992073267345332,0.0231167664392579,0.0982663966798622,1.3910374102343397,-0.5071836388052647,1,0.30781785108273524,-0.0018862593673461528
14995.0,-0.4907754257615954,-0.5571872395918231,-0.9945958459332184,-1.0298453562635617,0.1880646595930938,-1.181208104870175,0,-1.3341036583375914,-1.191651749807202
14996.0,1.1055244621722873,-0.5571872395918231,-0.534914594194742,-0.1356762603668062,-0.1002197270566499,-0.3169234985387062,0,-1.0431534387605899,0.4880138648903403
14997.0,-0.3873500989396135,0.0739460908215904,-0.1299498364892274,0.6843362971963857,-0.1220981718085144,-0.4930138800117277,1,0.20886128447683708,-0.5460594208049833
14998.0,0.4409316275594932,0.0739460908215904,-0.1354101349080057,-0.1986886419931085,0.7865535568710715,-0.5032729071050717,0,-0.09299860722324087,-0.2283568588617154
14999.0,1.2395198742615607,-1.058145946714099,-1.416203070516196,-1.132288371569837,-1.1954453334565955,-1.0401266070909336,0,-2.869750405252765,0.03396966209924832
15000.0,-0.360624348634749,-1.058145946714099,-0.4604928518798254,-0.5400531812013325,0.4791576523996084,0.7624538670946825,0,-0.380579886449287,0.5982371284578848
15001.0,0.9778633268252848,-0.5571872395918231,-1.001924132326867,-1.186166978263674,0.0384893202353487,-1.194971046131727,0,-1.9354340256771942,-0.4046696462545528
15002.0,0.1975553704657846,0.9303406571479472,1.1843832907672736,1.0664601687419977,1.344145044363842,0.8808389393988941,1,2.2372710662150572,0.6386972600334102
15003.0,1.0947907354871098,0.4896629879592288,0.0944532658114419,0.0632108034711044,1.4583204304497217,-0.6196880461108188,1,0.3575792038386101,-0.0735196968137208
15004.0,0.3482913799359889,-1.058145946714099,0.2105594527208352,0.1559695660505654,1.0531207928583963,2.0281364535551805,1,0.6776110335558401,2.0565217021988818
15005.0,-1.0395356639262063,3.0807148010694942,1.9584936681282816,1.89344303225769,2.152514366176474,-0.1407136751134684,1,4.3230910460954375,-1.3983037825380151
15006.0,-0.3225146116861712,-0.5571872395918231,-0.0863164813842134,-0.1164713649302792,1.1093691324834083,0.5277662617078552,1,0.3901007743305659,0.3348995380533128
15007.0,0.3982900810201226,-1.058145946714099,-1.2787100825475233,-1.2902342195152068,-0.9802035124500996,-0.7807988625331802,0,-2.446176192759312,-0.24392891003644993
15008.0,1.1041925298164252,-0.5571872395918231,-0.6828856789240842,0.7259380145930437,-1.4880589811139169,-0.5953170097730778,0,-1.3711532152728887,0.41034749067609305
15009.0,-1.2115801184678894,-0.2017513803877423,0.2194360003393926,0.1683602798515559,1.0207326504320022,0.5538809796957235,1,1.0713501004005817,-0.185468343060677
15010.0,-0.540774126845729,-1.058145946714099,-0.7927755791413152,-0.6510211644571734,-0.586765087019821,0.1357300501982544,0,-1.1726977537064722,0.02840473520557234
15011.0,0.9811023498659778,-0.5571872395918231,-0.5779341115161716,-0.3553590950482323,-0.7132292345010023,-0.3978751281654419,0,-1.4080480884948519,0.3594019581139755
15012.0,-0.2865430233339383,-0.2017513803877423,-0.0560154760435987,-0.0239301063835586,1.1093691324834083,0.0353477688921724,1,0.43680924788141606,-0.12009966201585472
15013.0,1.11477132965806,1.0480979277381186,0.4087949537109681,0.8261356989834648,1.1666290909919852,-0.7200355014598662,1,0.9476982081585223,-0.2005844437770251
15014.0,-0.4296506057480915,-0.5571872395918231,-0.9161463117207552,-0.7802470860088049,-0.2941514393624997,-1.0338392940954308,0,-1.352889479973311,-0.9921602328577056
15015.0,1.131598183073706,1.3460575542855853,0.6718918169603194,0.7654769270591997,1.074023657541187,-0.5809414378224427,1,1.1721514133342752,-0.15975469722316363
15016.0,0.4520853904121776,0.2992073267345332,-0.2801438377576064,-0.4582609676615375,0.6428173386552047,-1.076225635036785,0,-0.428528704075407,-0.7632314048302767
15017.0,-0.5764124726865254,-1.058145946714099,-1.438069786199197,-1.3491740126569909,-0.586765087019821,-1.0813697725987648,0,-2.1759605128852586,-1.0463627944911091
15018.0,-0.4907754257615954,-0.2017513803877423,-0.3066977031969991,-0.5645293427226981,-0.2672508963742018,-0.4361590871178698,0,-0.5918133198152693,-0.606899248501475
15019.0,0.7290940618003953,-1.058145946714099,-0.900237688587427,-0.74651041226979,0.3401681767824983,-0.0669559695020972,0,-1.3426616791256778,0.5113042811951298
15020.0,0.9530347346034082,-1.058145946714099,-1.0926879137484613,-0.975256544405366,-0.3507527121214226,-0.4299394464632213,0,-2.011713168540856,0.348459117437728
15021.0,-1.3798409325433134,1.2544959545938104,0.7893323687341159,0.5885260461905456,1.7352822254882323,-0.252164947237435,1,2.2655127919118265,-1.2967165832222838
15022.0,-1.2115801184678894,0.2992073267345332,0.1748956288147894,0.1825271246848983,0.8153422320095451,-0.2219807821869138,1,0.9457420857209058,-0.9292379012898492
15023.0,-1.9674812683483247,1.847016261407861,1.8521533121409937,1.5243129534694744,1.9923387650392004,1.0549262685548233,1,4.163279652978904,-0.6373528342543513
15024.0,-1.3187161125298097,1.5859404542672264,1.0639175620326669,0.9779993602769184,1.124063132285242,-0.1256265737471849,1,2.4883628606775003,-1.182669741250607
15025.0,-0.5950029105353472,-0.5571872395918231,0.0613926402402148,0.0236367070456399,0.9275383145186272,0.8060582460559063,1,0.622344520236694,0.43258873669442544
15026.0,-0.0382757972626953,0.2992073267345332,0.0950706331575703,0.1993293245792594,0.7717713000569296,-0.3720054134467995,1,0.4850391444203563,-0.402238074272688
15027.0,-0.6338830081757483,1.0480979277381186,0.8887028243146406,1.1320135606585675,0.4009658426149288,0.1815198837614774,1,1.8277189457308318,-0.3667903468196753
15028.0,-1.4474112861963695,0.4896629879592288,0.157458991713806,0.3095795127308114,0.3526935049184267,-0.5013854031988377,1,0.8735300161642664,-1.3008143989670113
15029.0,1.2680279097306315,-1.058145946714099,-0.6727767932848463,-0.4936747887746049,-1.117253523671916,0.3620616976922873,0,-1.7554625959680816,1.2451572581441377
15030.0,-0.10496702096475,0.8001660338568091,0.5438763646665641,0.5928319269624064,-0.4115503779538524,-0.1646103885171322,1,0.6930882409744644,-0.3088581956542338
15031.0,-1.8243736859341724,1.4312993642702228,0.8798526191097897,0.7744925577243597,1.4049427101962726,-0.2907166777263311,1,2.461473770645222,-1.5859039614910153
15032.0,0.7022155483365661,0.8001660338568091,1.941669757604361,1.8475449504341093,-0.0581390644641013,2.4676861462406467,1,2.663104818242029,2.3757596300820643
15033.0,-1.7074462772723475,1.0480979277381186,0.7364199529993641,0.8062726977286697,1.6375007934350612,-0.104805649056117,1,2.3613396690145,-1.2765025668567853
15034.0,-1.0395356639262063,1.4312993642702228,1.577518692945253,1.4890193157774354,1.865031892206953,1.021701843793819,1,3.484611651892722,-0.04088097706077376
15035.0,0.0363810947797576,-1.058145946714099,-0.9369720497421328,-0.4635866723774432,-0.3805884749031534,-0.1362412411858453,0,-1.3321121648053262,0.13509134486142854
15036.0,-0.10496702096475,-0.2017513803877423,-0.4980627306798209,-0.2743721496068976,0.7567177940893411,-0.7957420320728723,0,-0.3532177465623458,-0.7025649802740477
15037.0,0.9479515492166356,-0.5571872395918231,-0.602666861858718,-0.3286910797782772,-0.0378814165327151,-0.4444105979784205,0,-1.1308450626704867,0.2760476795204755
15038.0,-0.2307404346856175,0.9303406571479472,0.2463629601577476,-0.0781764444309413,1.2244584972993122,-0.8823617590418963,1,0.7873648813100387,-1.1337808066401518
15039.0,-1.3187161125298097,3.698773764039586,2.710075624820512,2.366564052715784,2.111308478563333,0.5852766759594734,1,5.4650153470072285,-1.0822528195689096
15040.0,1.1819481115290005,-1.058145946714099,-3.385102063143995,-3.628661084298931,-2.515817022689194,-4.753698786761186,0,-6.667629755416408,-3.1950408872182874
15041.0,0.4409316275594932,-0.5571872395918231,-0.82832646030465,-0.6063545425438546,0.6853342645162757,-0.8687958008040271,0,-1.0424110641797153,-0.40633032210595244
15042.0,0.5413976634342754,-0.5571872395918231,-0.7777969544377437,-0.4825737499159102,-1.1954453334565955,-0.7738022437551016,0,-1.7432850337021164,-0.1778446942034556
15043.0,-0.6338830081757483,0.4896629879592288,0.8122445479369487,0.4795341213740282,-0.0581390644641013,0.7301258179987506,1,1.2241495461478256,0.17868920217010775
15044.0,-0.9353081791524545,2.5129551665095216,2.0584074368200995,1.5532158235990552,1.7095331115410488,0.6840877735405565,1,4.006691061606144,-0.5340875130052958
15045.0,0.3695998250074675,-0.5571872395918231,-0.1689236918152943,-0.9637172845910724,-1.0458699940988507,0.3721590435311582,0,-1.2073700395063005,0.6004426738284255
15046.0,-1.3798409325433134,2.110890520920167,1.5327338118299734,1.4769608763160018,1.4420098920812563,0.1512330082050494,1,3.4093008551158,-1.097081073772106
15047.0,0.736233191538285,-1.058145946714099,-0.716346852836662,-0.5281484048190704,-0.5121324717856456,0.2798835048931476,0,-1.4007891846714797,0.8559103665717084
15048.0,-0.1696156146721137,0.0739460908215904,-0.4719750615282859,-0.5135641944509618,0.5793298571111467,-1.134943979980451,0,-0.4936679797519686,-1.0977504682091102
15049.0,0.7456300658619328,-1.058145946714099,-1.463622741552478,-1.3491740126569909,-1.9471638881929467,-1.1295656142664232,0,-3.1805018659678477,-0.29808169873837953
15050.0,-0.7670473650770303,0.2992073267345332,1.0845280027408977,1.0945721800667036,0.8223842757380923,1.4904149383985377,1,2.205051308920722,0.7925248626073507
15051.0,-0.8183807704906293,0.9303406571479472,1.0386711473681491,1.1931307820904242,1.3661211723993998,0.6065137025770923,1,2.467981423168815,-0.12997902099290534
15052.0,0.8428228344109817,-1.058145946714099,-1.0503845459420025,-1.178194505634738,-0.3507527121214226,-0.350150381416896,0,-2.0278339218324453,0.3320931793095153
15053.0,-1.7074462772723475,-0.2017513803877423,-0.206953851857092,0.4502103524641729,0.1249263557760024,-0.2486063151254715,1,0.5336002794718313,-1.0393505812872323
15054.0,-1.2115801184678894,-0.5571872395918231,-0.8088562973471882,-0.6030410799249616,0.7413828979433381,-0.8321952123893063,0,-0.4816907463149688,-1.287065338454466
15055.0,1.0974910561031592,-0.2017513803877423,-0.3651273596269647,-0.5049664126903386,0.4897435161402434,-0.5459881595495385,0,-0.8064787052121295,0.1492678261537183
15056.0,1.1554233642263942,-1.058145946714099,-1.3946051465753275,-1.186166978263674,-1.4880589811139169,-0.9993904140278266,0,-2.9674831442739626,0.0283718607693682
15057.0,0.7479579275786754,0.2992073267345332,0.9021826002359332,0.6777684158413487,0.3145288070742748,1.1468631053960603,1,1.1319346989224872,1.3278825534731193
15058.0,-0.7670473650770303,1.5859404542672264,0.9354884545278744,0.792557435875949,1.3875239442341725,-0.3668870239043436,1,2.2023698284080417,-1.1051944512028005
15059.0,-0.4594850640247002,1.7867352234743037,0.9590836610314016,0.7753060654827457,1.6191232205022017,-0.5549895094447174,1,2.2336242936481,-1.1543139496114962
15060.0,-1.4474112861963695,0.0739460908215904,-0.8065064962694922,-0.4171400197733095,0.5307717179635321,-1.760969044682256,0,-0.4242062389678682,-2.2952020534303927
15061.0,-1.8243736859341724,4.08022145124404,3.6009126107354543,3.346795281384585,0.921346639414674,1.840135153862172,1,6.567970884714746,-0.29643762733135104
15062.0,-0.1138130260237924,0.8001660338568091,0.736127498256446,0.8715639226834505,0.6853342645162757,0.1968764095220821,1,1.4866944568508165,-0.0420307084297243
15063.0,0.5847888596192942,-1.058145946714099,-0.661643949547745,-1.4253590231077382,-1.614523128595098,0.3830595340147781,0,-2.1754319074889374,0.8153082240802798
15064.0,1.0033287148318906,0.0739460908215904,0.2152180606804176,0.321032654297476,0.4684334074395972,0.1560233877015636,1,0.21606305645980706,0.680866005170323
15065.0,-0.5070123740010525,0.2992073267345332,0.9177007250567616,0.7018397080541435,1.0636387966331442,1.1760965722388432,1,1.8622405852508759,0.6308158695448107
15066.0,-0.2983107883386734,-1.058145946714099,-0.0289563565989352,-0.2947366536986517,0.0011923041824166,1.5763818183953626,0,-0.024444898384106576,1.3372159163091801
15067.0,-0.0543097623705864,0.2992073267345332,1.0281078450147083,0.966549966410046,1.133714926635295,1.3841054150429166,1,1.992019810903459,1.0714371964303024
15068.0,-0.3873500989396135,0.0739460908215904,0.1692647758911386,0.3410014296454213,1.1712251425483466,0.0695634948597793,1,0.9022351026729745,-0.1827859692301164
15069.0,0.4738273097812196,-1.058145946714099,0.126855444627251,0.0299792917682934,0.4126028186801636,1.8702609724121064,0,0.22411714417017892,2.013670623677454
15070.0,0.942827752064887,-0.2017513803877423,-0.0706908449338813,-0.1845435605050292,-0.3805884749031534,0.0077330753161014,0,-0.65662831042933,0.5835605709827045
15071.0,0.0639692278216899,0.0739460908215904,0.3223092136664408,-0.1164713649302792,-0.0181119525235737,0.3575622118089779,1,0.21471592465690104,0.3055487312453701
15072.0,1.1028578254869597,-1.058145946714099,-1.151036214429603,-0.7262712480428852,-0.91940584661767,-0.5399911184646012,0,-2.239594210272376,0.39210214031940915
15073.0,-1.3187161125298097,0.8001660338568091,0.7904157441026919,0.6852692348546585,0.8153422320095451,0.2990041198059827,1,1.8863736867424874,-0.6460563275711242
15074.0,0.1342342291316152,-0.2017513803877423,0.3751258410768719,0.4996187640593305,0.3274486497920416,0.8471124270853633,1,0.6849130958145168,0.8557343304542654
15075.0,-0.0543097623705864,-1.058145946714099,-0.1332657328202288,-0.0693081625888552,-0.3507527121214226,1.3796422197341018,0,-0.2515943486775848,1.3504185427137128
15076.0,0.4520853904121776,-0.2017513803877423,0.3184300603253746,0.3649492882377048,0.3891614223084505,0.7403193777371075,1,0.48788298588714757,0.9277010674453711
15077.0,1.1238867651285056,-0.5571872395918231,0.6908458426919769,0.0400019000139965,-0.321964036982949,1.9924999225630204,0,0.2439214995471548,2.3950050364726527
15078.0,-1.5229485149574664,3.0139138736317976,2.124536765297845,1.9033193502583936,0.8362895757000253,0.245980289116052,1,4.102291425796767,-1.2730824288851674
15079.0,0.5847888596192942,1.15560189306089,1.0072760644416427,0.7276884372863565,0.8431548296299944,0.2754052671136724,1,1.5732119086055303,0.2901835508211806
15080.0,1.0308182885991817,-0.5571872395918231,-0.383098908674954,-0.3599108152129162,-0.2412044847042052,-0.0311627361246934,0,-1.0226952139572532,0.6620647583653244
15081.0,-0.8456753236698794,1.2544959545938104,0.5386959090786408,0.3177806281973799,0.4684334074395972,-0.7226718553479009,1,1.179539030606725,-1.3547646546798984
15082.0,1.3167343976054071,-1.058145946714099,-1.6498256316415092,-1.5956177399879288,-1.4880589811139169,-1.4807658916793038,0,-3.481681746710293,-0.3136939278376885
15083.0,0.7047061347631505,-1.058145946714099,-1.690272692919973,-1.6749572933624948,-1.614523128595098,-1.557053747011411,0,-3.423722432062862,-0.714123472262861
15084.0,0.954720215728158,-0.5571872395918231,0.0265331640456466,0.1239313687523604,-0.2412044847042052,0.7403755874349666,0,-0.336255133283442,1.2933578464235036
15085.0,1.3726167481092917,-1.058145946714099,-0.7081964826716394,-0.7066363290939456,-1.1954453334565955,0.2952560496565774,0,-1.9583786183102478,1.2306762110967988
15086.0,1.2085533323744282,-0.5571872395918231,-1.041300832871935,-1.0824911210991477,-1.117253523671916,-1.268912298273109,0,-2.480519421424988,-0.27576726268581997
15087.0,0.7640205789835691,-1.058145946714099,-0.7974405346294597,-0.036379454815185,-0.8098576192004525,0.1269314023320921,0,-1.3880464179504042,0.8100450856004998
15088.0,-0.8741833591389503,-0.5571872395918231,0.1589251656084264,-0.0504941797187251,0.1880646595930938,0.9898464125195608,1,0.4709265916108832,0.4534794522836239
15089.0,-1.3187161125298097,0.4896629879592288,0.6886948699549187,0.6610559138912184,0.9696189771111754,0.4975380513671001,1,1.8188342023182207,-0.4136111292558568
15090.0,0.8203894592349804,-1.058145946714099,-0.6415380464687104,-0.5707933990113551,-0.4772168596026035,0.420981602440339,0,-1.3530526696744192,1.0105231052929777
15091.0,-0.1411075792030422,-0.2017513803877423,0.0848261283968684,0.1039315560693431,0.217900422374825,0.3004324788678506,1,0.23078694249483053,0.2270438874668266
15092.0,0.5907547184430448,-0.2017513803877423,-0.1300795845919843,-0.5049664126903386,-0.0581390644641013,-0.1040050679768678,0,-0.6266573309752071,0.2530487026862689
15093.0,-0.9682038613741812,2.0119964593872464,1.969639976999631,2.074174573137494,0.7336066022127771,1.086531642595436,1,3.724115648930959,0.0044807218021975445
15094.0,1.081115906117918,-0.5571872395918231,-1.733554573815608,-1.869817524092209,-1.7640984679528429,-2.5646757771426487,0,-3.8127091320035356,-1.4454436728714566
15095.0,0.1281552717803115,1.0480979277381186,0.8764350616422516,0.9874887359002432,0.6162076636214244,0.1584469762022209,1,1.598557884902433,0.009220907305769256
15096.0,-0.4296506057480915,-1.058145946714099,-1.0384834528711433,-0.9302666386620904,-1.0458699940988507,-0.3277035376219162,0,-1.7906339854178597,-0.29316050831813106
15097.0,-1.8243736859341724,-0.2017513803877423,-0.0171641768559997,-0.1039727287067449,0.2745016951337471,0.1084606153790446,1,0.5730157180624463,-0.8768607579898525
15098.0,0.4844279676415962,-0.2017513803877423,2.708003882452505,-0.9248532670431824,-2.515817022689194,5.2455262522953054,1,1.2039427952213613,4.592157171943198
15099.0,-0.0073625747303351,-1.058145946714099,-0.5885726752898017,-0.2430461845122031,-0.4772168596026035,0.5208804441952375,0,-0.8845139302671376,0.6693616158234017
15100.0,0.8722016442145482,0.654643185938614,0.8174643600323213,-0.2604831068966469,-1.0458699940988507,0.5309127868126065,0,0.007628939992170921,0.7720008163442537
15101.0,-1.3798409325433134,0.4896629879592288,0.3332969073003609,0.2022503698192664,0.1727297634470911,-0.1709996914596003,1,0.9137491911019489,-0.9989269241216774
15102.0,1.1688228586551843,-0.5571872395918231,-0.3720962751840792,-0.2507389147655574,-0.3805884749031534,-0.010448056248967,0,-1.0605957282086111,0.7718597585097453
15103.0,-0.6338830081757483,-0.5571872395918231,-0.2012328313379217,-0.270373833714497,-0.144576100004755,0.3113047421362981,0,-0.22825409174255118,0.029067436283536655
15104.0,0.5349521297947235,-0.5571872395918231,0.0715180062806348,0.1632258202187932,0.3650304751021734,0.8251371801451621,0,0.11276483044292439,1.1081584443735277
15105.0,-0.9682038613741812,0.9303406571479472,0.8656396210171261,0.8261356989834648,0.9088213112787455,0.2809041351143302,1,1.9683691624414879,-0.49234925512567834
15106.0,-0.9682038613741812,0.2992073267345332,0.3057753379123371,0.5687929379544485,0.6162076636214244,0.0241152623991916,1,1.107713689005857,-0.5485772049210939
15107.0,0.8265858861715248,0.9303406571479472,0.0077575062242157,-0.2186486021835564,-0.2159596295778201,-1.3291670824687216,0,-0.4594534446197592,-0.8643699209802134
15108.0,0.3262505441323444,0.0739460908215904,0.2410607856796131,0.0029193741762231,0.1411722937225966,0.2046516228222082,1,0.16900591550988403,0.330787214558428
15109.0,0.6767627952879732,-0.2017513803877423,0.0397608518064163,-0.4297163291046267,0.0741642041589574,0.2156012562856313,0,-0.38278517840451715,0.5607011369292136
15110.0,-0.7922005967383016,0.4896629879592288,0.3467689470841696,-0.2546192855417444,-0.4772168596026035,-0.1456746830892138,1,0.2599110128848273,-0.6723259101218472
15111.0,-0.6752731880764764,0.2992073267345332,0.7754966386662544,0.5592646452332911,0.7717713000569296,0.9082390701101218,1,1.5753163151500225,0.3202312912016032
15112.0,1.2586653317891858,-1.058145946714099,-1.0719104891996298,-1.2626334870875635,-1.3785107536966998,-0.390750810551148,0,-2.6470788173058875,0.5651636786609876
15113.0,-1.3187161125298097,-0.2017513803877423,0.9764072522669144,1.0310585694040475,0.4897435161402434,1.98021849413017,1,2.094205096619322,1.0205002029898105
15114.0,-0.6542442484349309,1.2544959545938104,0.9333918820127644,1.2889575405446383,1.0370865419358446,0.0185787260596618,1,2.231514625220444,-0.577256464370012
15115.0,-0.9682038613741812,-0.5571872395918231,-0.4023140856536215,-0.4635866723774432,-0.144576100004755,-0.0673377990843775,0,-0.42847161521971416,-0.48057630727465295
15116.0,-0.9682038613741812,0.0739460908215904,0.2695625353859399,0.1744691869762233,-0.1002197270566499,0.258287989430245,1,0.5832498122873373,-0.30921141228102494
15117.0,-1.0784157615666077,0.8001660338568091,0.7078176254163817,1.2016894056371947,0.607142454731596,0.1436276729078487,1,1.8801772481283776,-0.5786393532692613
15118.0,0.2893295474663386,-1.058145946714099,-0.9598526929025244,0.6991067916340292,-2.515817022689194,-0.1793967916795699,0,-1.7755228771747855,0.4512011939561865
15119.0,0.6767627952879732,-1.058145946714099,-0.899158956114114,-1.132288371569837,-0.862804573858747,-0.0649213547670592,0,-2.006442918492194,0.4991467185438985
15120.0,0.2893295474663386,-1.058145946714099,-0.6852449383384415,-0.3396716509860114,-0.5486003891756687,0.3385453279970963,0,-1.1548907335661107,0.678327234510194
15121.0,-0.3349679194593694,-0.5571872395918231,-0.510258909339395,-0.5997442262109776,-0.321964036982949,-0.2705229159324876,0,-0.8782667605866001,-0.30279339616026923
15122.0,0.1864977655259916,1.15560189306089,1.1348931840558465,0.9296704395505312,1.0583966506364906,0.5155220223007173,1,2.017304330360903,0.27634615628570647
15123.0,-1.5229485149574664,0.2992073267345332,1.1598766017644957,1.0680249298419846,1.0262202498700983,1.6324025917246778,1,2.5929844216145894,0.4802597751965349
15124.0,-0.8183807704906293,0.0739460908215904,-0.5211803141424215,-0.0476468984807828,-0.2672508963742018,-1.2271589498829916,0,-0.4760977203653204,-1.4444238771816875
15125.0,-0.7670473650770303,2.062432694683636,2.094000236237028,1.861256174572798,1.0370865419358446,1.2629951900001453,1,3.8231473769212823,0.20939183187820556
15126.0,1.1760153661788,-0.5571872395918231,-0.5233046164192318,-0.3926866108572838,-0.4115503779538524,-0.2950746250584302,0,-1.303036961931807,0.5325335171770949
15127.0,-0.1599714449813229,-0.5571872395918231,-0.1929529831693054,-0.0448118900448825,-0.3507527121214226,0.3268994838669631,0,-0.3467771546604734,0.3339933696478885
15128.0,-0.2201397768252409,0.2992073267345332,0.468706098626688,0.7613377004413101,0.5887058798168258,0.3306506995001504,1,1.1265922444298957,0.13126370908583285
15129.0,-0.3349679194593694,2.0119964593872464,1.4390858925945942,1.371104722973918,0.5793298571111467,0.0881105975034088,1,2.568579782774877,-0.5194588517262699
15130.0,0.4409316275594932,-1.058145946714099,-0.7451646084946182,-0.6063545425438546,-0.5121324717856456,0.225529870657655,0,-1.3761410914081438,0.6417725122632743
15131.0,0.9794848831855826,-1.058145946714099,-1.7572742054840855,-1.132288371569837,-1.3785107536966998,-1.683426381659283,0,-3.2273160058655255,-0.6214425545813425
15132.0,-0.9682038613741812,0.2992073267345332,0.0359652142069199,0.2051584995628302,0.1249263557760024,-0.4830494728957123,1,0.44627298144972266,-0.9737684884269021
15133.0,0.2601733813722913,0.2992073267345332,0.4780210790130387,0.4326520773339149,0.0565206627106016,0.3481807970893169,1,0.611029010011174,0.40018052799899556
15134.0,-1.0784157615666077,1.0480979277381186,0.3887702066080977,0.4958993143423847,0.0914362748936436,-0.7575957788843545,1,1.0082290070253412,-1.4215164266642408
15135.0,0.6583250720961007,-0.5571872395918231,-0.800395038714981,-1.1625337434223335,-0.7132292345010023,-0.8162884691379915,0,-1.9232042000551504,-0.23776571675972194
15136.0,-1.9674812683483247,0.0739460908215904,0.233517861760133,0.2928639767816046,0.3014022381220454,0.1904576878687313,1,1.079078022562208,-0.9193495136700965
15137.0,1.1566531348790148,-0.5571872395918231,-0.0878357811996711,0.1195392259612697,-0.1676872918813187,0.5249041538845974,0,-0.4922428793799139,1.2262013645635113
15138.0,0.9778633268252848,-1.058145946714099,-0.4431115664285839,-0.3308725774292323,-0.2412044847042052,0.7952369902210196,0,-0.9803054959068715,1.4135356052453387
15139.0,0.6609917087814282,-0.5571872395918231,-1.184521816785033,-0.5707933990113551,-0.91940584661767,-1.5376892536061508,0,-2.138758260959532,-0.7517945353847747
15140.0,-0.3102985242592435,0.8001660338568091,0.8994627711031596,0.9183217562935336,0.7257558910386418,0.5042015419052569,1,1.7601476808916412,0.10166777183243374
15141.0,1.0741675694743047,0.654643185938614,0.2883295627960823,0.5776363779213901,0.0384893202353487,-0.4640538192125666,1,0.22782024993818192,0.11323248323369656
15142.0,-0.3873500989396135,0.4896629879592288,0.7456201580308885,0.9641139601483418,0.8153422320095451,0.6046930427077957,1,1.6673552875311215,0.22230987511539405
15143.0,0.62261037347245,-0.5571872395918231,-0.3605696263175127,-0.2885608248606143,-0.3507527121214226,0.0112537977027292,0,-0.8834517474839936,0.4841075899719265
15144.0,-1.4474112861963695,2.28769393059658,1.8515391211602128,1.5497186284461777,1.2622326247684963,0.5497731719756064,1,3.741731686826215,-0.8438722666073527
15145.0,-1.8243736859341724,0.0739460908215904,0.1801213295954749,0.2757125241073478,0.2031181655606824,0.0899885830469341,1,0.9288705116946884,-0.9193695342599626
15146.0,0.4218998096527606,-0.5571872395918231,0.2558107401719775,0.7139992226987668,0.6162076636214244,1.1724367125396986,1,0.7072514836284068,1.3712287013464506
15147.0,0.6609917087814282,-1.058145946714099,-0.2879477577506155,-0.2004783599377006,-0.321964036982949,1.0878939550301374,0,-0.6887829563579039,1.492951437789513
15148.0,-1.2629135238814884,-1.058145946714099,-0.8107845776489998,-0.6404409748334174,-0.586765087019821,0.1017629873411589,0,-0.9617195093597349,-0.3949033823205145
15149.0,0.2893295474663386,0.2992073267345332,0.3697172251856272,-0.1758549144852563,0.3145288070742748,0.1443936755582081,1,0.30793050179559267,0.1786235500824932
15150.0,-1.0028785328055103,1.3460575542855853,1.6347818607548623,1.6571615235144197,2.007361641610787,1.2301157718594384,1,3.666865689628017,0.18121650778189552
15151.0,1.0232997359133336,-0.5571872395918231,0.5813359708090313,0.3087537487318148,0.2324210325411989,1.7860433770140431,1,0.5156299208714169,2.1748568419258163
15152.0,-1.3187161125298097,1.4312993642702228,1.2482507871078876,1.1802999783085908,1.3215639934150147,0.4018927604089719,1,2.8509993333061945,-0.7027997928308726
15153.0,-0.6338830081757483,-1.058145946714099,-0.7470386573177366,-0.6030410799249616,-0.5121324717856456,0.2219951969141393,0,-1.0414721934175966,0.04854039628345492
15154.0,-0.0791383545924629,-0.2017513803877423,0.2882984455190043,-0.2316732047996185,1.114296432923324,0.6835676599418145,1,0.6421386167487508,0.4975482878611955
15155.0,0.9597502430728068,-1.058145946714099,-0.636560581728541,-0.6231769669374269,-0.4437267787202448,0.4303696790524929,0,-1.4019360041127604,1.0879587049956791
15156.0,-2.4120140217391843,-0.2017513803877423,0.0237609156158197,0.1206400144003198,0.1571027565423948,0.1854854077006714,1,0.8565576570273332,-1.1096769594955607
15157.0,-1.8243736859341724,0.2992073267345332,0.7549595381837997,1.2765544352958187,1.0424661878166923,0.8695611601697787,1,2.361612016666718,-0.2826757896347777
15158.0,-0.4011425702790203,-0.5571872395918231,-0.3084051021380163,-0.5370567252723396,-1.0458699940988507,0.1094743407325013,0,-0.914543476483929,0.007049646091651417
15159.0,-2.1519790306632065,2.478149591821275,2.282540263349821,2.171293347983036,1.8591084508987927,1.145403693801629,1,4.974193568740618,-0.7645429782693373
15160.0,0.9147872115980474,0.0739460908215904,-0.3285685093611479,-0.3157518899197936,-0.7132292345010023,-0.8659750684407621,0,-1.1237422814953857,-0.20642853193412639
15161.0,0.9680469331528012,-1.058145946714099,-1.4710335719947605,-0.8112565093766205,-0.1914684658752519,-1.1435433012182474,0,-2.275285358347542,-0.21150671135989854
15162.0,1.3734934744233138,-1.058145946714099,-0.7836271204586226,-1.244856163309911,-0.9802035124500996,0.1529851058299135,0,-2.2025714795771942,1.052366560821411
15163.0,-0.9682038613741812,-0.5571872395918231,-0.803243748528776,-0.6439488281553082,-0.2941514393624997,-0.8216439693212928,0,-1.0010807041094454,-1.1026592797099404
15164.0,-0.1318797192956659,0.9303406571479472,0.5755490454471475,0.4124984591744786,1.4253684886861164,-0.2645051744654719,1,1.4198196037197486,-0.5388604190311014
15165.0,0.942827752064887,-1.058145946714099,0.0341742605298864,-0.2885608248606143,-0.3507527121214226,1.695453494663585,0,-0.4876063448855195,2.1320295863156913
15166.0,1.0879897682663244,-1.058145946714099,-1.233391505688454,-0.8296554976039625,-0.9802035124500996,-0.6953227630094186,0,-2.3963947877907588,0.2505433399435489
15167.0,0.8468186429686271,0.2992073267345332,0.4168104263270314,0.3694853126909775,1.48688632403703,0.2329963803246066,1,0.9276891355334376,0.5591700902567357
15168.0,-0.7428435417295326,-1.058145946714099,-1.5554008628150675,-1.473214373913271,-1.614523128595098,-1.3026698106215002,0,-2.734140057554668,-1.2835315950165418
15169.0,0.9580779469522994,-0.5571872395918231,-0.3534706293933657,-0.2186486021835564,0.2607132519567318,0.0246197745453066,0,-0.6935786280483727,0.6590260109884836
15170.0,0.9986303407132076,-1.058145946714099,-1.7496021505475297,-1.7651973438095343,-1.7640984679528429,-1.668955994971101,0,-3.6830206202053875,-0.6455418553835944
15171.0,0.8664325630436192,-1.058145946714099,0.2350830325261964,-0.3530949931952531,-1.614523128595098,2.074390773381697,0,-0.8056113580712587,2.4466670678721836
15172.0,-1.3798409325433134,0.2992073267345332,0.4011861285403124,0.7728625173886673,0.7490861757345402,0.2035987223840619,1,1.4885270608030114,-0.6149470045741013
15173.0,0.9564012788108172,0.654643185938614,0.3413688831621285,0.344923450442901,0.3891614223084505,-0.3644302429545583,1,0.35702594299806417,0.09015852693797807
15174.0,0.8507897095190223,-0.5571872395918231,-0.4738992099548825,-0.1724113414944718,-0.1676872918813187,-0.2020897813775086,0,-0.9442549817998447,0.4402990507713395
15175.0,-0.10496702096475,-1.058145946714099,-1.0231177212963576,-0.0591107344650019,-0.4772168596026035,-0.2987219832049234,0,-1.2295183722657395,-0.029179313848704723
15176.0,1.3157764807748435,-1.058145946714099,0.0433690475109225,-0.0678416715937903,0.1727297634470911,1.7127959308467624,0,-0.2728041960100834,2.349830905166735
15177.0,1.0278214364224063,-1.058145946714099,0.014295651509631,-0.0157595548677755,-0.3805884749031534,1.657960129232158,0,-0.4193188910981054,2.177114503292129
15178.0,0.7121203814881557,-1.058145946714099,-2.241661650659703,-1.8259532106467025,-1.9471638881929467,-2.5970373628833303,0,-4.221419890185843,-1.5520989347305312
15179.0,-0.9682038613741812,1.3460575542855853,1.5025551153858077,1.570064041945144,1.3624991221135656,0.981085143978044,1,3.2067182780171946,0.01872332454041299
15180.0,0.932455689893557,-0.2017513803877423,-0.0202772038576066,0.2157129643038685,0.0741642041589574,0.1026019980473422,0,-0.22267166609861613,0.6745493705769249
15181.0,-0.1599714449813229,0.2992073267345332,0.1834102461801742,0.2138065254653223,-0.8098576192004525,-0.2059748408762452,0,-0.033586835352946945,-0.26265860356815596
15182.0,0.3779288407609402,1.15560189306089,0.8429513152578285,0.5715693073737764,0.5001945244425666,-0.03360924988461,1,1.2473828645885003,-0.07404580604261758
15183.0,1.188995712108433,-0.2017513803877423,-0.269234733833086,-0.3374608222193361,-0.1914684658752519,-0.365725175719934,0,-0.9374830475277831,0.39271889295505386
15184.0,-0.6752731880764764,0.0739460908215904,-0.2150841644155805,-0.014407610016013,0.435392980203531,-0.6529322201453672,1,0.11128368147623692,-0.928809545882056
15185.0,-0.1227827554391228,-1.058145946714099,-0.7888802208402556,0.1924626752284485,-0.5486003891756687,0.1430771483840054,0,-0.8862808212001978,0.3470529923489087
15186.0,-1.1198059414673356,0.2992073267345332,0.2959284814765274,0.2400065559703205,-0.2941514393624997,0.0055953444548853,1,0.6116607226390306,-0.6392698952516225
15187.0,-2.1519790306632065,1.5859404542672264,1.178361079701173,0.8768103286355493,0.3014022381220454,0.0894952896972303,1,2.4802110201924457,-1.439898776849999
15188.0,1.3682150479281203,-1.058145946714099,-0.7893197127082866,-0.4964795731478753,-0.4772168596026035,0.142248215675714,0,-1.6459999581557583,1.0934619497661757
15189.0,-2.4120140217391843,2.842379197713229,2.114837026118844,1.729504768144664,0.6162076636214244,0.4197182410460051,1,4.181997286586623,-1.582242886328719
15190.0,1.0397257262171895,-1.058145946714099,-0.078249958740456,0.3046093056627695,-0.0378814165327151,1.4834083595059504,0,-0.22834252722326964,2.0592484830435733
15191.0,1.081115906117918,-0.2017513803877423,-0.3300594091438693,-0.3599108152129162,-0.1914684658752519,-0.4800752606146572,0,-0.97895404761783,0.23859720546981203
15192.0,0.2191145500704246,0.2992073267345332,0.5444145413994992,0.7861910612935304,0.2324210325411989,0.473142454412589,1,0.9336996202645493,0.506418409945304
15193.0,-0.2097114950440718,-1.058145946714099,-0.4477057366450875,-0.8112565093766205,-0.6267921989603487,0.7865718515985922,0,-1.0010806575133855,0.7228264118899396
15194.0,-1.9674812683483247,2.245808014503504,1.867210515422777,1.916285140763528,1.5234898547932807,0.6268483615837632,1,4.198276569761749,-1.0308687361316942
15195.0,-1.9674812683483247,-1.058145946714099,1.0249651450167008,0.6824664425217746,-2.515817022689194,3.5642001791191578,1,1.030268539294264,2.2391886692186143
15196.0,1.0382497182035757,-0.5571872395918231,-0.7759775609318972,-0.8730374341016977,-0.1676872918813187,-0.7703814525474958,0,-1.6529248184197858,0.012919843669636475
15197.0,-1.2629135238814884,0.4896629879592288,0.5056291349056149,0.4965206851385348,0.0384893202353487,0.1530644830716594,1,1.1428349789058996,-0.6367721821589314
15198.0,0.0503234960319062,0.2992073267345332,-0.3507839402561831,-0.2743721496068976,-0.321964036982949,-1.2085799813400244,0,-0.6924283492835247,-1.0297028475142973
15199.0,-0.2307404346856175,1.0480979277381186,0.8720098565929681,0.3858547782530404,-0.7132292345010023,0.1501244332272254,1,0.8704419045455918,-0.19583211268887477
15200.0,1.1238867651285056,-1.058145946714099,-0.379421399843325,-0.6130319698342725,-0.2672508963742018,0.915364041753466,0,-1.1016627430489598,1.5638506464784734
15201.0,0.0148821476427679,0.654643185938614,0.4922485128990723,0.792557435875949,0.0384893202353487,-0.0808800652669701,1,0.8755063674676757,-0.13712613511303834
15202.0,1.0187459283862368,-0.2017513803877423,1.3427389444877886,-3.172763669970543,-2.515817022689194,2.670862691921267,0,-1.4712206190734156,2.5762359798542205
15203.0,-0.7428435417295326,1.5110377522649707,1.119137665305159,1.400034323567289,1.031671386584256,0.0655652900522626,1,2.5225220382833506,-0.6448739232416056
15204.0,0.9147872115980474,-1.058145946714099,-0.7752283973339983,-0.4297163291046267,-1.1954453334565955,0.1688260731203335,0,-1.7566455583969292,0.9045316355773718
15205.0,0.0001383902963132,-0.5571872395918231,-0.2544236548463248,-0.1793166116278707,-0.1002197270566499,0.2111282751020457,0,-0.4211694289143975,0.30358867807974677
15206.0,-1.3187161125298097,0.0739460908215904,-0.5715776638545218,-0.7342923345111426,-1.9471638881929467,-1.3215649285142392,0,-1.3943900889488934,-1.7898220204351045
15207.0,1.01262344562185,-0.2017513803877423,-0.2214004654632407,-0.0978113633798804,-0.6267921989603487,-0.2757757601830144,0,-0.8998662009302824,0.4120967508217237
15208.0,-2.4120140217391843,0.4896629879592288,0.0304899433848656,-0.2186486021835564,-0.3507527121214226,-0.739739079677727,1,0.49892930857208756,-2.045582850587863
15209.0,1.3726167481092917,-1.058145946714099,-1.1844417375320084,-1.0893783142783806,-0.91940584661767,-0.6029978149507711,0,-2.5300018279881806,0.4529075692000477
15210.0,0.6197789110416514,-0.2017513803877423,0.1688608833912512,0.3457050559285902,0.3650304751021734,0.4586466868532382,1,0.25765390523393317,0.7909987247313441
15211.0,-0.2201397768252409,-0.5571872395918231,0.2283398169608286,-0.2168088221341602,0.1727297634470911,1.120663094756939,1,0.2561714901544452,0.9028074991921924
15212.0,0.6636473034612838,-0.5571872395918231,-1.0757565921946777,-1.1625337434223335,-1.3785107536966998,-1.3335980486509529,0,-2.493357128214731,-0.6239932938700875
15213.0,0.8428228344109817,-0.5571872395918231,-0.749005104389636,-0.3950914432943594,-0.5121324717856456,-0.7196651739874282,0,-1.4816678543194337,0.009931343920077091
15214.0,-2.1519790306632065,0.8001660338568091,0.4175780506365289,0.6082086105405562,0.7717713000569296,-0.4019071703651389,1,1.6961767359416176,-1.677262021055406
15215.0,-0.3738480170997701,0.654643185938614,0.6891678025930217,0.2928639767816046,0.5698454386786636,0.2894781358209594,1,1.191439957529783,-0.12481455451319784
15216.0,0.0221288371626836,-0.5571872395918231,-0.467016900262069,-0.5430633509352029,-0.4437267787202448,-0.1891356682588994,0,-0.9676127514586059,-0.029528139383449573
15217.0,1.206283152308942,-1.058145946714099,-0.561488821194586,-0.630028288668433,-0.321964036982949,0.5719637386978188,0,-1.3516277105771735,1.331930604995412
15218.0,-1.2629135238814884,1.959413366567396,1.8123490098004056,1.6953818444581314,0.9696189771111754,0.8506684284035416,1,3.5649862065733715,-0.38284500143185396
15219.0,0.4630484812852117,-0.5571872395918231,-0.2197925726428216,-0.3975051008243698,-0.3805884749031534,0.2763491864226097,0,-0.7478185208237079,0.6014001583834988
15220.0,-0.3102985242592435,0.4896629879592288,0.4667977983822676,0.6772967622257227,0.7791957222855813,0.080023816917801,1,1.1973777668467867,-0.18726640479627857
15221.0,0.9307105862349312,0.0739460908215904,0.7018473438011307,-0.3599108152129162,-0.5486003891756687,1.0722709003537143,0,0.012705856583070396,1.3596810488311297
15222.0,0.8428228344109817,1.15560189306089,0.964651716039852,1.4420599509556802,0.6853342645162757,0.1952299733715699,1,1.7179603271255122,0.4458515410399983
15223.0,0.62261037347245,0.2992073267345332,0.3034582590565015,-0.1672795526090386,-0.3805884749031534,0.0197572480083577,0,-0.15107448116564123,0.29277183837104503
15224.0,0.9165761254464796,0.2992073267345332,-0.0470888800244665,-0.0752070446297544,-0.4437267787202448,-0.6390236380442653,0,-0.5975683221389568,-0.06697731418465565
15225.0,0.6448229902562577,-1.058145946714099,-0.5904664823130967,-0.5164552801556334,-0.4772168596026035,0.5173085041913544,0,-1.2184641000664975,0.9974539533810467
15226.0,0.8265858861715248,-1.058145946714099,-1.29020964290881,-1.2717056438696923,-1.2818823689972492,-0.8024883690015227,0,-2.7085549084047607,-0.010774479112870848
15227.0,-0.5236711079833221,0.9303406571479472,0.7085474192507006,0.5885260461905456,0.5793298571111467,-0.0145369691806575,1,1.4143844680644448,-0.4963733766258049
15228.0,-0.1599714449813229,0.4896629879592288,1.290310002971807,1.259060314590854,1.1982735174240835,1.6306680187057288,1,2.4729065604853093,1.1902914198885846
15229.0,1.2319172849905398,-1.058145946714099,-1.2625112260560167,-0.9637172845910724,-1.1954453334565955,-0.7502459377591966,0,-2.6247063105129937,0.28133722919742377
15230.0,0.6583250720961007,-0.5571872395918231,-0.5558439331241369,-0.2279254970027644,-0.4772168596026035,-0.3563085127224864,0,-1.1259666719994448,0.21791871428956744
15231.0,1.2690598089055165,-1.058145946714099,-0.9440212162330748,-0.630028288668433,-0.862804573858747,-0.1495367879196511,0,-2.0025567545835297,0.8066046623515936
15232.0,0.1808966364835151,-0.5571872395918231,-0.301270458134955,0.211894544645614,-0.3805884749031534,0.1229090848958541,0,-0.45975705334229544,0.38330722726065697
15233.0,0.9891290528763732,-1.058145946714099,-1.9712261532289992,-2.397537599248726,-2.515817022689194,-2.086964604750837,0,-4.5253971392180965,-1.0190254966010408
15234.0,0.752588454545872,-1.058145946714099,-1.1156818037604843,-0.609684782260171,-0.862804573858747,-0.4733085936722822,0,-2.01445092937087,0.26274864471354203
15235.0,0.5996007235020872,1.5859404542672264,0.8281131844794304,0.8216048824065979,1.0893585536871893,-0.5684534284786872,1,1.552214165038828,-0.5010904408485931
15236.0,0.8014326545102536,-1.058145946714099,-0.7651566250515093,-0.4023591519246488,-0.8098576192004525,0.1878226054403111,0,-1.5375324351222357,0.8431471464953461
15237.0,-2.1519790306632065,0.0739460908215904,0.300593458157723,0.504545535701317,0.6514988276797011,0.3166892399392155,1,1.4528376598153365,-0.9129307903108634
15238.0,-0.6752731880764764,-0.2017513803877423,0.1020755178527564,0.2176138931958927,0.1249263557760024,0.3329055723313011,1,0.43049022439319445,-0.024676678369333592
15239.0,-1.3187161125298097,-0.5571872395918231,-0.1262618023497755,0.1173321066458016,0.1083521949576072,0.452518402382517,1,0.3523448084662537,-0.20536319704136785
15240.0,-0.4011425702790203,1.2544959545938104,1.1288626363879986,1.2269212945671453,0.939783214329445,0.3862178863770703,1,2.29047559770299,-0.14240911313546176
15241.0,-0.150470157144488,1.15560189306089,0.8551477562830525,1.249839318185575,0.8499631098416093,-0.0106811306632536,1,1.8894137415165642,-0.29339811497319274
15242.0,1.0217853899940603,-1.058145946714099,-0.8089989561045619,-0.609684782260171,-1.7640984679528429,0.1051308769666163,0,-2.146809140849434,0.9190931533847551
15243.0,-0.0876328522714647,-0.5571872395918231,-0.0023175417747592,0.0583923135040178,0.2324210325411989,0.6860172067605329,0,0.12402075874213936,0.6487770026450774
15244.0,-0.1696156146721137,-0.2017513803877423,-0.0142144709896663,-0.0335924975147533,0.0384893202353487,0.1140119188065507,0,-0.004718269394624593,0.054665088846505554
15245.0,0.2893295474663386,0.8001660338568091,1.1528284384226113,1.1862027818792895,0.435392980203531,0.9812110009260022,1,1.847640039438705,0.8572089396911486
15246.0,0.6556473011960866,-0.2017513803877423,-0.1264369956659432,-0.2131446291541037,0.0565206627106016,-0.0971523062989835,0,-0.4581247335684643,0.3184411623208249
15247.0,0.2296283133843863,-0.2017513803877423,0.0345873854703125,0.0223608173365031,-0.91940584661767,0.2058633595730427,0,-0.4490247554104916,0.39680716018297846
15248.0,1.0048872215498614,-0.2017513803877423,0.511900449319106,0.500853921114919,0.7257558910386418,1.104785740573397,1,0.7248342672856871,1.5251573201073154
15249.0,-0.6141483680629726,1.7233615276208618,1.6556819741408326,1.514873702843016,1.6084339089262203,0.8279273850276732,1,3.3600469642685598,-0.027988529779827166
15250.0,1.2893566040861313,-1.058145946714099,-1.964103263361499,-1.5248267984910486,-1.9471638881929467,-2.073530007166174,0,-3.9646880361190044,-0.7809122176031332
15251.0,-1.3798409325433134,1.904492494064476,2.221649186040433,2.099139251498394,1.193826931703096,1.6847433577000943,1,4.315325684962386,0.27333648534047067
15252.0,-0.540774126845729,0.2992073267345332,0.5874569796947464,0.6945265437454221,0.7490861757345402,0.5541667910968683,1,1.3878632009298635,0.12212323129793157
15253.0,-1.0395356639262063,0.8001660338568091,0.5707183054863983,0.7634105699125021,0.7178293264081053,-0.1141583745788751,1,1.5623938656579888,-0.8149148038232932
15254.0,0.2551824986059697,-0.2017513803877423,0.1129795653274442,0.2354038714153275,0.3401681767824983,0.3534338966047116,1,0.24976794896745197,0.4954873854371227
15255.0,-0.150470157144488,0.9303406571479472,0.9999862471599492,0.9854246021408116,0.9578145568046976,0.5337015181983422,1,1.9513320176218198,0.1755219149235426
15256.0,0.3568999011193944,-0.5571872395918231,-1.2196396345048313,-1.1033729047604708,-1.4880589811139169,-1.6035504953952353,0,-2.5679236315693306,-1.0003431663341245
15257.0,0.7662827513425954,-0.5571872395918231,-0.2193203449768586,-1.2717056438696923,-1.0458699940988507,0.27723856744847,0,-1.529445640757534,0.7106978745568298
15258.0,0.4371701786605239,-0.5571872395918231,-0.2883401811158857,-0.8203916692661117,-0.2159596295778201,0.1472577267959084,0,-0.9430715379729184,0.43287719422922966
15259.0,1.1467483017274251,0.0739460908215904,0.1726400400095818,0.1570110879448586,0.1411722937225966,0.0759134992820257,0,-0.08696797654939896,0.6929726549386687
15260.0,0.1032463079562461,2.110890520920167,1.6496091346118429,1.4798918391959583,1.207095033142026,0.3710501564721903,1,2.974742674879889,-0.09325915431181418
15261.0,0.294062596246371,0.0739460908215904,0.3477963692379924,0.3177806281973799,0.5887058798168258,0.4055368636333878,1,0.6264067931851585,0.4873571799860404
15262.0,0.8527660599238526,-0.2017513803877423,-0.5741135183672501,-0.5400531812013325,-0.5121324717856456,-0.9385370527150844,0,-1.3845896679395482,-0.26187455066900994
15263.0,0.1462219650521856,-1.058145946714099,-1.280537724533164,-1.12493945781088,-0.9802035124500996,-0.7842460075912487,0,-2.2917821772211875,-0.36865730763442134
15264.0,-0.1794070292720186,-0.5571872395918231,-0.0663085154094499,-0.0752070446297544,0.1727297634470911,0.5654586123148772,0,-0.0029901081570379443,0.49000352876151027
15265.0,0.3653943987983962,0.0739460908215904,0.9217557929157002,0.7559174655160901,1.175795589227843,1.4866094502725065,1,1.663863075837009,1.4194442022974796
15266.0,0.8798139021176289,0.2992073267345332,-0.0630835084929061,-0.4881008491540746,-0.0789096183560038,-0.6690521370389473,0,-0.6457076527255173,-0.16922965030527579
15267.0,-0.8456753236698794,0.2992073267345332,0.441418114974504,0.4216092838150984,-1.2818823689972492,0.2792996928137958,1,0.3556942764654871,-0.20471879356857808
15268.0,1.1028578254869597,-0.2017513803877423,0.0240678074134109,-0.0978113633798804,-0.5486003891756687,0.1860630412407579,0,-0.6349165954679602,0.8320804923621661
15269.0,-0.7922005967383016,-0.2017513803877423,0.1983476920605379,-0.1898123812478129,-0.1914684658752519,0.5141698051551549,1,0.246105202324538,0.031010903170744373
15270.0,-1.0395356639262063,1.904492494064476,1.5956163515862074,1.3724178672859333,0.3650304751021734,0.5058205256716729,1,2.8581275030642996,-0.529929494631043
15271.0,-1.5229485149574664,2.062432694683636,1.1680874607525131,1.0680249298419846,1.7669266519203308,-0.4785986311353769,1,3.0061057058136798,-1.7281917515758967
15272.0,-0.2524823540546596,0.4896629879592288,0.5812910750073506,0.212851229816185,1.4711393327727598,0.2954120196348515,1,1.3699138821368901,-0.05863080905248492
15273.0,1.2470333934915163,-1.058145946714099,-1.0078534325921902,-0.5460873605785668,-2.515817022689194,-0.2699317618240918,0,-2.710829139479138,0.7792533482989477
15274.0,-1.8243736859341724,-0.5571872395918231,-0.1878435513013117,0.1444026327256631,0.0384893202353487,0.336523006883012,1,0.4282869684603459,-0.5713249729960214
15275.0,-0.5070123740010525,-1.058145946714099,-0.2976592775779705,0.0016026151001768,-0.0181119525235737,1.0695769006823934,0,-0.11366039505020809,0.8429341715522206
15276.0,-0.1599714449813229,0.0739460908215904,-0.2585215538163284,-0.2663996769779623,1.0842787042858788,-0.7344951568909027,0,0.055620854679464544,-0.7659051776431678
15277.0,-0.3738480170997701,-0.5571872395918231,-0.481587211545675,-0.1880514138269199,-0.4772168596026035,-0.2165600919740421,0,-0.7065587735153842,-0.23221605415266744
15278.0,1.2051450416307885,0.0739460908215904,-0.4522714061236269,-0.0533538404792291,-0.2941514393624997,-1.0980065631093052,0,-1.0478447056221785,-0.22710255048094963
15279.0,0.911194343944402,0.2992073267345332,0.3816295698935286,0.3145124428950506,0.457567115373851,0.1668045889077535,1,0.41676889457895916,0.5813824391273243
15280.0,0.4483889813387123,-0.2017513803877423,-0.5960717703336207,0.0210824477624261,0.1083521949576072,-0.9797534911537854,0,-0.760072769754501,-0.4888440308195419
15281.0,-0.2307404346856175,1.5859404542672264,1.5971959606971156,1.5474605722709198,1.8863924447270344,0.877590400075623,1,3.2998336099686814,0.2505807773236146
15282.0,1.214193871802146,-1.058145946714099,-0.7060289110560588,-0.1504571282154663,-0.3507527121214226,0.2993443414781499,0,-1.2941401163349615,1.1650589009954873
15283.0,0.9713357875339578,-0.2017513803877423,-1.3189671927175393,-1.892897819902408,-1.1954453334565955,-2.3317948880832144,0,-3.1300144603840914,-1.4305282628276437
15284.0,1.1303193686941886,-1.058145946714099,-2.585571076435872,-2.9060807784127,-2.515817022689194,-3.245690483571976,0,-5.461705256954239,-1.9303279058978748
15285.0,1.0002002930243403,-1.058145946714099,-1.6379335106085329,-0.9302666386620904,-1.4880589811139169,-1.4583359701898368,0,-3.0573977582700933,-0.40270408540398717
15286.0,-0.3349679194593694,-1.058145946714099,-0.9724210669977792,-1.437000405574019,-1.9471638881929467,-0.2031022049885249,0,-2.3627252583813894,-0.1509257275212344
15287.0,-0.8456753236698794,0.2992073267345332,-0.0598644626984888,0.4660122161371026,-0.4772168596026035,-0.6630089113189906,1,0.17896768967507912,-0.9990774764809108
15288.0,-0.4296506057480915,1.0480979277381186,1.029082496510496,0.6824664425217746,0.9024861982765124,0.4456166376962578,1,1.9099829276276412,-0.10826058146951739
15289.0,-0.6752731880764764,0.2992073267345332,0.3873251271270497,0.7793585794666286,0.3771846686209953,0.1775200767870108,1,1.1026882440226422,-0.23158832222206466
15290.0,-1.7074462772723475,2.1575193073054413,1.7455085759099915,1.6967853037840173,0.7490861757345402,0.4983098229141331,1,3.5563188884929904,-0.9557063777752677
15291.0,-0.7428435417295326,2.6736379125253507,1.945107741181141,1.5197413467695544,0.8223842757380923,0.2898797550078671,1,3.4548218015860326,-0.7546251954025749
15292.0,0.5477790613471053,-1.058145946714099,-1.1766368281788868,-1.4253590231077382,-0.4437267787202448,-0.5882768494024487,0,-2.2249439991929636,-0.043457477042257005
15293.0,1.3138563440146451,-1.058145946714099,-0.951980466012869,-0.6727062364625485,-0.6267921989603487,-0.1645488574386881,0,-1.9470042569475683,0.8042562985860516
15294.0,1.0048872215498614,-1.058145946714099,-0.9942267683763344,-1.06892938416266,-0.8098576192004525,-0.2442302904316093,0,-2.1580092470011687,0.5383495519548632
15295.0,1.3022132067018704,-1.058145946714099,-1.045547665061896,-0.7802470860088049,0.1411722937225966,-0.3410274622930614,0,-1.7743651063985013,0.6099503862813237
15296.0,-0.3225146116861712,1.2544959545938104,1.7348971431938072,1.5758664330159715,1.7047633710291312,1.527366692168593,1,3.3915798275234255,0.825448389666713
15297.0,-1.3187161125298097,-0.2017513803877423,-0.2669784408592899,-0.3485900376463807,-0.2672508963742018,-0.3614827627118359,0,-0.1899607907633384,-0.979786976326437
15298.0,-2.1519790306632065,2.0119964593872464,1.6705635139645585,1.668026217146993,1.2622326247684963,0.5235102533428779,1,3.804170271526232,-1.1662451054595708
15299.0,-0.150470157144488,1.0480979277381186,1.5490694267229346,1.5745412323978885,-1.1954453334565955,1.424756352886907,1,1.9232078914858963,1.0209669044680467
15300.0,-0.1794070292720186,-1.058145946714099,-0.4518656830400587,-0.3485900376463807,-0.321964036982949,0.7787257095368978,0,-0.6706873863535219,0.7659767364674664
15301.0,-0.3225146116861712,1.6565606001831652,1.5132009515547884,1.416800362702153,1.3839953665057922,0.6372425630813611,1,2.97384281645119,-0.00401199335113422
15302.0,1.3726167481092917,-1.058145946714099,-0.7949643473221619,-1.0362001973790858,-0.8098576192004525,0.1316017791926954,0,-2.045434936242962,1.0479235594354095
15303.0,0.7818983972139277,-0.2017513803877423,0.1976540056498456,0.0223608173365031,0.3274486497920416,0.5128635633161384,0,0.0699883065962274,0.8932003638119828
15304.0,-0.2097114950440718,0.9303406571479472,-0.0083432094304872,-0.8631467072838476,-1.2818823689972492,-1.3592761424245774,0,-0.8993918570925238,-1.4754276912354647
15305.0,1.197121207936731,-1.058145946714099,-1.6479187949701926,-1.6420643925920622,-1.614523128595098,-1.4771693762459113,0,-3.516749650495795,-0.37553998596442273
15306.0,-0.1794070292720186,0.9303406571479472,0.9510988031450572,1.1976379427253467,0.8700553726182927,0.441698271149941,1,1.971801975073161,0.11036094456666914
15307.0,0.0773306527470905,-1.058145946714099,-1.0860910857502806,-1.6920419146655814,-0.9802035124500996,-0.4174970626640313,0,-2.3303350834977743,-0.16661668525834744
15308.0,0.7456300658619328,-1.058145946714099,-0.7892271658264637,-0.6838229113311526,-0.6267921989603487,0.1424227698437742,0,-1.6020552974369375,0.7393055550340145
15309.0,1.2586653317891858,0.0739460908215904,-0.1104227500037648,-0.0796661867185862,0.1249263557760024,-0.456323179757255,0,-0.5403391160258184,0.3005481922997779
15310.0,1.1028578254869597,-1.058145946714099,0.4058667994229881,0.7153365073454374,0.0565206627106016,2.396508793585849,1,0.4990330195972195,2.8700074948100074
15311.0,-2.4120140217391843,4.685999968399436,3.481495684012979,3.262572491594508,2.463626177507059,0.945541744347947,1,7.277474628797171,-1.5854701035263363
15312.0,-0.0791383545924629,1.2544959545938104,0.8262423419086544,0.8054966257344327,0.8362895757000253,-0.1828154818276954,1,1.627695523186458,-0.4638153756838509
15313.0,0.1637936176211079,-1.058145946714099,-2.065405655061287,-1.9416401849203373,-2.515817022689194,-2.2645980837709088,0,-4.153760270491815,-1.5706206357192776
15314.0,0.5413976634342754,-0.2017513803877423,-0.0904189474558392,0.2704786428641341,0.1249263557760024,-0.0293872657361028,0,-0.1283704202304897,0.3560113873848478
15315.0,-0.1794070292720186,-0.5571872395918231,-0.3518548923857511,0.3619077987076936,-0.144576100004755,0.0276619131534946,0,-0.23253338782288283,0.11271490925821392
15316.0,0.858658829090127,-1.058145946714099,-1.2427074196162766,-1.0490970995891926,-2.515817022689194,-0.7128936586826355,0,-3.076003661317275,0.1567856497381125
15317.0,1.324346655508488,-1.058145946714099,-1.4147135002384086,-1.5663808849782732,-1.614523128595098,-1.0373171045395244,0,-3.27290414116362,0.05798491579134885
15318.0,-1.8243736859341724,-1.058145946714099,-0.7842701791580057,0.1683602798515559,-0.1914684658752519,0.1517722224342362,0,-0.2138248775937011,-0.5994393234135957
15319.0,0.7685369722885271,-1.058145946714099,-1.088890868418062,-0.6838229113311526,-0.7601216003714991,-0.4227777779587854,0,-1.9831533614578845,0.3003863322244253
15320.0,-0.4152381970004986,-1.058145946714099,-0.8971944225460117,-0.2763804593773598,-0.1220981718085144,-0.0612160162850701,0,-0.9535742471123064,-0.04513041239964053
15321.0,-0.1138130260237924,1.2544959545938104,1.4231091167816108,1.3111063520767765,1.421999313285038,0.9400796931213417,1,2.7532906461569877,0.4507959125692634
15322.0,0.0075526370213185,-0.5571872395918231,0.2895679761239216,0.4401378594606127,0.4791576523996084,1.2360599817318914,1,0.6865550572990647,1.1736290901135915
15323.0,1.206283152308942,-0.2017513803877423,-0.5475248248220828,-0.6369517309004904,-0.2941514393624997,-0.888621151392209,0,-1.4216288698045147,-0.0466253777910388
15324.0,1.3466558683234804,-1.058145946714099,-1.3592048725049533,-1.244856163309911,-1.2818823689972492,-0.932621385533892,0,-2.931418566562922,0.1724183523534527
15325.0,0.1281552717803115,0.8001660338568091,0.3913460884007958,0.6725615298302748,1.1044120596547775,-0.4511724358041655,1,1.1259304262845933,-0.47240390373322655
15326.0,0.8722016442145482,0.2992073267345332,0.4343214409076774,0.657175543115032,0.6514988276797011,0.265945780097253,1,0.7266122689075213,0.6659592233700203
15327.0,-0.2983107883386734,-1.058145946714099,-1.0741401020813208,-0.9523769874762636,-1.117253523671916,-0.3949561194064448,0,-1.9095451314071443,-0.27444445350176255
15328.0,1.0002002930243403,-1.058145946714099,-1.5508595748728893,-1.132288371569837,-1.2818823689972492,-1.2941044141105105,0,-2.9741963707883237,-0.2992627904696581
15329.0,-0.4907754257615954,1.15560189306089,0.8394305006623268,0.5896051620007948,0.6853342645162757,-0.0402277989710735,1,1.5998908212825442,-0.5632844023372594
15330.0,-0.6141483680629726,-0.5571872395918231,-0.1894621508025811,0.6379237997894005,-1.117253523671916,0.3334743935289788,0,-0.1987883358925345,0.19245764159035647
15331.0,1.1303193686941886,-0.2017513803877423,-0.1380480970196649,0.2261007327383554,-0.0181119525235737,-0.1189958304852014,0,-0.442846726175862,0.6090602737269873
15332.0,0.9307105862349312,0.4896629879592288,1.4061612803178698,1.172346252293763,0.8010741670374462,1.848996306538344,1,2.0501508778781052,1.975458636468985
15333.0,0.5696268012260529,-1.058145946714099,0.072302325441169,-0.2411369787048411,-0.7601216003714991,1.7673674535052344,0,-0.4784891463616172,2.0081592622120734
15334.0,0.3902229910202726,-0.2017513803877423,-0.6997080579354523,-0.3902905392135271,0.3771846686209953,-1.1741965111613455,0,-0.9335967119742825,-0.7315592483512602
15335.0,-0.2865430233339383,-1.058145946714099,-1.2047849492080922,-1.1942372750823944,-0.1676872918813187,-0.6413674749527906,0,-1.7713507122336531,-0.5340755596276185
15336.0,0.9907224082272228,-1.058145946714099,-0.972570242685632,-1.1625337434223335,-0.8098576192004525,-0.2033835676619618,0,-2.174598258600634,0.5542275448243453
15337.0,1.0048872215498614,-1.058145946714099,-0.6573541167879875,-0.5964638157260045,-0.5486003891756687,0.3911506568462299,0,-1.4691198717951877,1.08838475995409
15338.0,1.324346655508488,-1.058145946714099,-0.854668444356744,-0.7845884941066654,0.2324210325411989,0.0189929177985189,0,-1.5424798395287063,0.9089977570362769
15339.0,-0.1599714449813229,0.654643185938614,0.4863193832507696,0.5473005737190528,1.094407142278882,-0.0920266730300655,1,1.2470650336409372,-0.31399450861861045
15340.0,1.2051450416307885,-1.058145946714099,-1.5625375066576004,-1.2275467185765694,-1.3785107536966998,-1.316130349800543,0,-3.135458931316163,-0.20970627926312124
15341.0,-0.0304066776915911,-0.5571872395918231,0.6832831832760254,0.4647097980109116,-0.5121324717856456,1.978241769217461,1,0.7165233180506551,1.8002059323264816
15342.0,0.2700401175059993,-1.058145946714099,-0.5963018476046453,-0.3691098594149052,-0.4437267787202448,0.5063023274976549,0,-1.0245996824911054,0.7958684103256372
15343.0,0.0148821476427679,-1.058145946714099,-0.6739587396804018,-1.1625337434223335,-0.5486003891756687,0.3598324095120244,0,-1.444366758369311,0.46211172555976465
15344.0,-2.4120140217391843,-0.2017513803877423,-0.3601741061028033,-0.9523769874762636,-0.5486003891756687,-0.536678818552197,0,-0.34887592938236767,-1.7705511840118633
15345.0,-0.3873500989396135,-1.058145946714099,-0.6188663301701939,-1.186166978263674,-0.586765087019821,0.4637430926065658,0,-1.2873650519886224,0.32448339897520706
15346.0,0.8702843776182111,-0.2017513803877423,-0.3202542774921822,-0.4246569123197467,-0.1220981718085144,-0.4616437999416242,0,-0.9044504197877423,0.12805321769605832
15347.0,0.9307105862349312,0.0739460908215904,0.2753149052275048,0.1983527528500262,-0.2941514393624997,0.2691137320026747,0,-0.0720179346449359,0.75422330159313
15348.0,-0.10496702096475,-1.058145946714099,-1.273571898492349,-1.1625337434223335,-1.1954453334565955,-0.7711076506260354,0,-2.3131696801547172,-0.4902420078232039
15349.0,0.3942692202075933,-0.5571872395918231,-0.4854166606437467,-0.2743721496068976,0.3526935049184267,-0.2237677379487545,0,-0.6459118409053588,0.1383923834681061
15350.0,0.942827752064887,-0.5571872395918231,-0.2434819319697605,-0.2824424464256186,-0.3805884749031534,0.2317343769607178,0,-0.868445006517609,0.8405175488992432
15351.0,-1.2115801184678894,1.0480979277381186,1.0016976025705728,0.7219824474089629,1.27039580711652,0.39408724470468,1,2.2961354213949803,-0.5921658983900071
15352.0,1.190162819252791,-1.058145946714099,-1.501276943353257,-1.5956177399879288,-0.1676872918813187,-1.2005858122443982,0,-2.7357378195518005,-0.21541155890356523
15353.0,0.6997152519968288,0.654643185938614,0.8842595547362518,0.7479143582320683,1.5234898547932807,0.6566474654932208,1,1.674117705566714,0.7655612134441838
15354.0,1.2502267205812954,-0.2017513803877423,-0.8522151651751871,-3.172763669970543,-2.515817022689194,-1.4600373545837522,0,-3.8739881466563797,-0.6406321174407485
15355.0,-0.6752731880764764,-0.5571872395918231,-0.871015982117291,-1.5663808849782732,-1.1954453334565955,-0.949033007764295,0,-1.9726489267993046,-1.0971900968731207
15356.0,-0.6338830081757483,1.3460575542855853,0.9469981048612618,0.9199550348552192,1.569884862020401,-0.0642373130851039,1,2.2930444481301997,-0.718298468657831
15358.0,-1.7074462772723475,2.7324831383346417,2.095080366616624,2.2563700495765966,1.7444487237240909,0.5058753929126208,1,4.649046852475194,-1.0930026742321652
15359.0,1.3109653164344783,0.8001660338568091,-1.1750148055081453,-0.8067360727591756,-1.117253523671916,-3.3602359790383467,0,-2.512841811506015,-2.229451814025698
15360.0,-0.4749394310824503,-1.058145946714099,-0.558644049670254,-0.5252055769172435,-0.91940584661767,0.5773293082012992,0,-1.0233469365529262,0.44948236062512864
15361.0,0.9236822945372614,0.0739460908215904,-0.2160025031282918,-0.1880514138269199,-1.117253523671916,-0.6546568208907977,0,-1.1149487468284218,0.0004179111900455603
15362.0,1.0614676455862315,-0.5571872395918231,-0.3000725423469877,-0.1969037808196001,-0.0789096183560038,0.1251648167981523,0,-0.7999723800188699,0.8145782139444416
15363.0,0.942827752064887,-0.5571872395918231,0.0549832016332771,0.0387573945550787,-0.2159596295778201,0.7939812627174969,0,-0.3318938416463642,1.320535065504595
15364.0,0.0773306527470905,-0.5571872395918231,-0.0133390026644356,-0.0050210152869876,-0.2941514393624997,0.6652519929295869,0,-0.18771864143915173,0.7397639970265678
15365.0,-0.7428435417295326,1.3460575542855853,1.1443870801432072,0.9567513354433071,0.8896672959534744,0.3069371237715785,1,2.271209784805031,-0.44363152559605
15366.0,-0.0791383545924629,0.654643185938614,0.6791825044013939,1.0476555109480925,0.5793298571111467,0.270691539846812,1,1.447918896331937,0.09730003962725434
15367.0,-0.2524823540546596,1.15560189306089,1.2228289533501475,1.1692269737022365,1.3215639934150147,0.6810327342963423,1,2.469556736716158,0.18137900087247094
15368.0,-0.8741833591389503,-0.5571872395918231,-0.1816740430880443,-0.1324362491901478,-1.2818823689972492,0.348143291124798,0,-0.5401850682674639,-0.008574012838240426
15369.0,1.1199960037583183,1.15560189306089,1.3721165296799305,1.241888530054546,0.0384893202353487,0.9621069318302418,1,1.7013061740598407,1.2277612552118402
15370.0,-0.4594850640247002,0.8001660338568091,1.0018363393708287,0.6791813507323218,0.6162076636214244,0.6969024366167345,1,1.757376197197586,0.15655175366343133
15371.0,1.3099987372027848,-1.058145946714099,-1.9712261532289992,-2.397537599248726,-2.515817022689194,-2.086964604750837,0,-4.62543696866864,-0.842679764382991
15372.0,0.3034251741878168,0.8001660338568091,1.3446056879793018,1.6808723329190385,0.0565206627106016,1.3424437774115956,1,2.122234176598641,1.223933800563977
15373.0,-1.4474112861963695,1.6565606001831652,0.937884310720332,0.2869117104674071,0.7567177940893411,-0.4443888574750833,1,1.9219703810838031,-1.5833744173434225
15374.0,0.2651257241188405,-0.5571872395918231,-0.7965518660980176,-0.3530949931952531,-1.2818823689972492,-0.8090632958233949,0,-1.6520625207609987,-0.3413708083417116
15375.0,1.3365270473241957,-1.058145946714099,-1.952851092125518,-1.1625337434223335,-1.4880589811139169,-2.052307105321395,0,-3.6062844374147724,-0.7219270581560991
15376.0,-0.4749394310824503,-0.2017513803877423,0.2030331219925459,0.1444026327256631,0.7017426726202728,0.5229927280810139,1,0.6804633220786336,0.20620673138216508
15377.0,0.9597502430728068,0.0739460908215904,0.1903059271044073,-0.4425378060430995,-0.8098576192004525,0.1091501799334743,0,-0.6870319296997139,0.5993585055931167
15378.0,1.081115906117918,-0.5571872395918231,-0.9548860875207444,-0.8780391383485852,-1.2818823689972492,-1.1066207095390352,0,-2.321368776864273,-0.18652773730791636
15379.0,0.4371701786605239,0.8001660338568091,1.1933838371097656,1.1816162981718437,1.1666290909919852,1.0575904640042828,1,2.1462687059156536,0.9671933848538089
15380.0,-1.3798409325433134,1.15560189306089,0.949925708892732,0.480171139282231,-0.3507527121214226,0.1675337911870613,1,1.5124178160485917,-0.8484480678759294
15381.0,0.5877787261013253,0.2992073267345332,0.510621593571037,0.3145124428950506,-0.586765087019821,0.4095364289146472,1,0.22067588103255129,0.6467452962299644
15382.0,-1.0784157615666077,1.2544959545938104,1.9392028493197253,1.916930351829412,1.6375007934350612,1.912354496991853,1,3.9768107699559927,0.7588829958349435
15384.0,0.4409316275594932,0.0739460908215904,0.5610864504032234,0.833618384225835,0.5505411819726732,0.8071356479870769,1,1.0339178992823526,0.9466586092159256
15385.0,-0.4749394310824503,-0.2017513803877423,0.0090805869572484,-0.0978113633798804,-0.6688728615528973,0.1578546068735638,0,-0.20887832256292999,-0.05252381641648874
15386.0,0.4982949986740278,-1.058145946714099,-0.6177713145239575,-0.070777930661493,-0.2412044847042052,0.4658084192969614,0,-0.8941244380516188,0.9094526187988051
15387.0,1.1199960037583183,-1.058145946714099,-0.4932905731218776,-0.2585226853594002,-0.586765087019821,0.7005935555108422,0,-1.187499847589325,1.4377333474148015
15388.0,0.736233191538285,-1.058145946714099,-1.35757387866654,-1.132288371569837,-1.117253523671916,-0.929545141721374,0,-2.618024572643826,-0.1566178133281963
15389.0,0.4483889813387123,0.2992073267345332,0.7762690789832828,1.3608379741796566,-2.183176263091345,0.909693853313686,1,0.3751629022629712,1.1513082588810293
15390.0,0.9811023498659778,-0.5571872395918231,0.1932174664885088,0.3858547782530404,0.4897435161402434,1.054471318749131,1,0.2595059403573232,1.5557737640292892
15391.0,1.2297284596616558,-1.058145946714099,-0.8385349008594599,-0.9929541396007278,-0.9802035124500996,0.0494226546795618,0,-2.097635201607438,0.9148243743736014
15392.0,-1.7074462772723475,0.654643185938614,0.8216626379215728,0.9607496513357084,0.7017426726202728,0.5388149006503034,1,2.1168466814139886,-0.5947289685354039
15393.0,-1.0395356639262063,0.2992073267345332,-0.0307710168950249,-0.1793166116278707,-0.1002197270566499,-0.6083851596716247,1,0.12335206400347346,-1.1430049699627445
15394.0,-1.3187161125298097,1.15560189306089,1.2513878346442189,1.0271896115490002,0.9088213112787455,0.7347943887007191,1,2.5940245919372167,-0.3569282050785589
15395.0,0.8567005826867328,-1.058145946714099,-1.549462882727694,-2.183500472526469,-1.3785107536966998,-1.2914700905045853,0,-3.462563984773193,-0.4772213003528471
15396.0,0.1808966364835151,-0.5571872395918231,-0.1118491849246365,-0.3807925988742401,-0.7601216003714991,0.4796678816740073,0,-0.6950044981726347,0.6295295698781247
15397.0,0.7818983972139277,-1.058145946714099,-1.6448783130010425,-2.0821123426729526,-1.4880589811139169,-1.4714346741125357,0,-3.538499805186081,-0.6489223828713278
15398.0,-1.0395356639262063,-0.5571872395918231,0.265709086857453,0.2869117104674071,0.2880622196936218,1.1910921939624175,1,0.8361955672316419,0.5549101071842222
15399.0,-2.4120140217391843,-0.2017513803877423,-0.0945360808709907,0.1358606822913158,0.0565206627106016,-0.0371337430663556,1,0.6963261218010887,-1.283878000084768
15400.0,0.0503234960319062,0.8001660338568091,0.2421951208070837,0.1885064471269017,-0.7601216003714991,-0.7311302710591829,0,-0.010264729859877053,-0.7072523739230707
15401.0,1.0657289582664145,-0.5571872395918231,-1.0465058348800689,-1.0963383891618057,-0.862804573858747,-1.2786848596041067,0,-2.3423088158445933,-0.3749203568363691
15402.0,0.3568999011193944,0.4896629879592288,0.4873824433037623,0.9261247655254412,0.5105140700321456,0.1187416264967576,1,1.0166217480194997,0.24773402591324223
15403.0,1.1199960037583183,-0.5571872395918231,-1.2176244577332729,-0.0063537836028127,-1.4880589811139169,-1.5997716540660534,0,-2.2877114455266305,-0.46775924598396823
15404.0,0.9479515492166356,-1.058145946714099,-0.9247785999955068,-0.2604831068966469,-0.7601216003714991,-0.113242978744336,0,-1.665506608986829,0.6920213699267566
15405.0,0.5085019812125491,-0.5571872395918231,-0.2471907035878533,-0.2335550971816399,-0.2941514393624997,0.2247497451013052,0,-0.6780656765168079,0.5972144654720523
15406.0,-0.6338830081757483,0.0739460908215904,0.0344472446255784,0.0632108034711044,0.7642790739473241,-0.184007816143379,1,0.5362653705615575,-0.533289477119797
15407.0,-0.5764124726865254,0.0739460908215904,0.0915561179246421,0.0762824718812258,0.9870131210634252,-0.0766109360241874,1,0.6776461024840779,-0.4233855496412443
15408.0,0.7218745649366273,-1.058145946714099,-0.8970600612326499,-1.0111411307468456,-0.1676872918813187,-0.0609625952425523,0,-1.6724988829328133,0.5082843602998367
15409.0,1.3646718057725404,-1.058145946714099,-1.4064937172975305,-1.3916223493687232,-1.1954453334565955,-1.0218136392188204,0,-3.020428236791959,0.09153745855514393
15410.0,-0.0073625747303351,1.0480979277381186,1.164434360641298,0.8820152168277247,0.5207054191909427,0.7003678121900933,1,1.8572894551002281,0.3671228294715972
15411.0,-0.7428435417295326,0.0739460908215904,0.2728181329211472,0.042483868766071,0.5793298571111467,0.2644148775399131,1,0.7366910251463191,-0.223974498365287
15412.0,0.4446711436871723,-1.058145946714099,-1.1396217649777542,-0.9989607652635912,-1.117253523671916,-0.5184621410567435,0,-2.2327124581749507,0.029249149602998067
15413.0,1.3383805896515115,0.2992073267345332,1.432601992664895,1.1108801462071545,-0.586765087019821,2.146426799953928,1,1.3407226818963793,2.545160054360088
15414.0,-1.3187161125298097,-0.2017513803877423,-0.1315269318956049,-0.0752070446297544,-0.1002197270566499,-0.1067279215704783,1,0.15179372799903618,-0.7535513835839434
15415.0,0.8306838247077005,-1.058145946714099,-0.3489481292365522,0.095986599115472,0.0741642041589574,0.9728401694637244,0,-0.5025154260399165,1.5051757015135923
15416.0,-0.1696156146721137,0.654643185938614,1.1468632473951177,1.0403609340836106,1.2201519621759485,1.151165854288972,1,2.2356087304970678,0.7309925684569724
15417.0,0.0001383902963132,-1.058145946714099,-0.4341797719946878,-0.3667980083921493,-0.321964036982949,0.8120833919147811,0,-0.7164284954553266,0.8898233687841501
15418.0,1.0263177424185734,-0.5571872395918231,-0.5187919748227757,-0.4097080656836057,0.3401681767824983,-0.2865820518339643,0,-0.9472688126376545,0.4218797699132808
15419.0,-0.7670473650770303,-1.058145946714099,-1.381803000041724,-0.5049664126903386,-1.2818823689972492,-0.9752440787484324,0,-1.948423912759121,-0.9494607118666233
15420.0,1.0397257262171895,0.4896629879592288,-0.1617793141685612,0.3480443148454563,0.1727297634470911,-1.1002547850709414,0,-0.29694731824136444,-0.4069641422398036
15421.0,-0.2307404346856175,1.0480979277381186,1.0145042318239967,0.8905995326117603,1.133714926635295,0.418184548095038,1,2.0264534248018538,-0.010573225594316588
15422.0,0.8507897095190223,0.654643185938614,0.3993746661147681,0.2344794567321561,0.5207054191909427,-0.2554446881831849,1,0.4541909504427521,0.10339703070908593
15423.0,-0.5070123740010525,-0.2017513803877423,-0.8978397058167145,-0.6030410799249616,-0.91940584661767,-1.5454724744157342,0,-1.502492406728094,-1.4888358545747076
15424.0,0.6972051697365015,-0.2017513803877423,-0.3182538001782437,0.3702382846550766,-0.1914684658752519,-0.4578832455530632,0,-0.5033002803478133,0.11887595803753731
15425.0,0.9875317290149478,0.0739460908215904,0.5309047209225546,0.4865076135204111,0.8082392174469527,0.7502952364387638,1,0.7752389015170308,1.1547023202091342
15426.0,-0.9353081791524545,0.9303406571479472,0.7443736067219253,0.5901440566960836,1.6680779869560265,0.052824208802427,1,2.033838689946415,-0.716494947722504
15427.0,-0.5950029105353472,-0.2017513803877423,0.3358260919772946,0.4679610203444869,1.3910374102343397,0.7730856214250091,1,1.2975145655681173,0.3443883208745032
15428.0,-1.0784157615666077,0.0739460908215904,-0.1429001512804895,-0.2354423895492016,-0.0581390644641013,-0.5173449593604499,0,0.0045284776884070965,-1.0407561493666053
15429.0,-0.7195200551006783,-0.5571872395918231,-0.6119410793494038,-0.1758549144852563,0.4897435161402434,-0.4618593274900318,0,-0.32971522653516133,-0.662701237256992
15430.0,1.0879897682663244,-0.5571872395918231,0.0186970884939267,-0.3114947816027251,-0.1220981718085144,0.7256112030819248,0,-0.5414534409084084,1.305619445742541
15431.0,1.134148187223855,-1.058145946714099,-1.2956551330211503,-1.1625337434223335,-2.183176263091345,-0.8127591958248256,0,-3.1333382482207495,0.20112852060518518
15432.0,-0.8183807704906293,-0.5571872395918231,-0.7658057980368237,-1.1033729047604708,-0.7601216003714991,-0.7512561873516871,0,-1.417749429088581,-0.9886612857270537
15433.0,0.5877787261013253,-0.5571872395918231,-0.4003558591221351,0.0474198839687432,-0.0378814165327151,-0.0636512655341903,0,-0.6268277618868933,0.4240968074134852
15434.0,-1.4474112861963695,1.15560189306089,0.7309383238356355,0.6913012857437157,0.5407159979871611,-0.2441195764347065,1,1.770791087700197,-1.2374519910574282
15435.0,-0.8456753236698794,-1.058145946714099,-1.314349531689944,-1.448851553929116,-0.2941514393624997,-0.8480190029922017,0,-1.8858017881611497,-1.0285440817176172
15436.0,-1.2115801184678894,-0.2017513803877423,0.135241805587695,0.1380065926412373,1.4253684886861164,0.3953472927429452,1,1.1357618598708084,-0.33490603198503477
15437.0,0.7170160174661255,-0.5571872395918231,-0.6190307261307643,-0.6763909572414488,0.2324210325411989,-0.4751975757542424,0,-1.127460009470821,0.07723403411654294
15438.0,0.2749171387187454,-1.058145946714099,-1.2802175523800523,-1.3916223493687232,-0.4115503779538524,-0.7836421257237928,0,-2.220748828012216,-0.34959138275964297
15439.0,0.9954788591929878,0.0739460908215904,0.2235726590511809,0.0925520172177983,0.1249263557760024,0.1717437811592354,0,-0.022801611755265554,0.6816698099814715
15440.0,-0.2749873017098188,-0.2017513803877423,-0.6371036130430185,-0.6063545425438546,0.1411722937225966,-1.0567551560878892,0,-0.8595251852027145,-1.0132097681449268
15441.0,0.9811023498659778,-0.2017513803877423,0.2151032534759626,0.1095483360519587,0.0565206627106016,0.5457218772529179,0,-0.045136444208748704,1.0501230380070066
15442.0,0.6845052458484283,-1.058145946714099,-0.3228172058962467,-0.9302666386620904,-2.183176263091345,1.0221261258835308,0,-1.8497081002146396,1.4624385606625852
15443.0,-2.1519790306632065,1.4312993642702228,1.2361184196121122,1.1208109400920454,1.849140004351645,0.3790665461809275,1,3.2891183222028917,-1.2087464192905597
15444.0,-1.3798409325433134,-0.5571872395918231,0.3036156708616495,0.2826268683501283,1.228742543886138,1.2625367272461712,1,1.3713779439407947,0.38330059538465844
15445.0,0.7218745649366273,-0.5571872395918231,-0.8519627240594152,-0.9412289080697872,-0.9802035124500996,-0.9132234505352405,0,-2.0045613718429576,-0.24718695882143352
15446.0,0.949650424908974,-0.2017513803877423,-0.5947811606554764,-0.4072492929554593,0.6162076636214244,-0.9773311377796524,0,-0.9054611795278176,-0.2770635388961962
15447.0,0.8664325630436192,0.2992073267345332,-0.4570412523194055,-0.5106857612406167,-0.3507527121214226,-1.4074957397480103,0,-1.182481934091301,-0.7647240049211446
15448.0,0.8306838247077005,-0.5571872395918231,-0.1187228819178519,-0.0130584383864058,0.1249263557760024,0.4667196070133459,0,-0.36422453424866585,0.9735835702773532
15449.0,-0.7428435417295326,-0.2017513803877423,0.0334507214741605,0.3226526574288026,0.0914362748936436,0.2037238621729188,1,0.41417427529259815,-0.15434668430245146
15450.0,-0.6542442484349309,-1.058145946714099,-0.5554424138951747,-0.1827966247136157,-0.2672508963742018,0.5833679651300144,0,-0.5320394771976089,0.3610981662899852
15451.0,1.0397257262171895,-0.5571872395918231,-0.9946573772420764,-1.202407826598178,0.2324210325411989,-1.1813236666752938,0,-1.8740820622161616,-0.3699062778380346
15452.0,-0.6542442484349309,0.4896629879592288,0.4749094305307286,0.516703385362417,1.074023657541187,0.0952806802804552,1,1.3601755796069936,-0.3932235284970383
15453.0,-2.1519790306632065,0.654643185938614,0.2882776999210756,0.3488222226106565,1.1289032233573464,-0.4641512180164943,1,1.5790049106191617,-1.7315293673634138
15454.0,0.9236822945372614,-0.5571872395918231,-0.795687635371543,-0.7933582365477243,-0.144576100004755,-0.8074385228992484,0,-1.5910422936140196,-0.07307829729404072
15455.0,1.2448956408493488,-1.058145946714099,-2.2818289422065314,-3.172763669970543,-2.183176263091345,-2.672797540007462,0,-5.1617659813088865,-1.4452925741285485
15456.0,0.7662827513425954,1.0480979277381186,0.5928674066003007,1.1423309634166523,0.9024861982765124,-0.3745243800480261,1,1.29049888933441,-0.06880954775977433
15457.0,0.7170160174661255,-1.058145946714099,-0.9828781296551136,-0.8680734789258341,0.2324210325411989,-0.2228254397053637,0,-1.5286915501688032,0.371113734526288
15458.0,-0.7670473650770303,-0.5571872395918231,-0.66234201089273,-0.3308725774292323,-0.91940584661767,-0.5566747964702505,0,-1.0267629888659768,-0.7182553482490751
15459.0,1.014159554616912,-0.5571872395918231,-1.0947707074237665,-0.9248532670431824,-1.4880589811139169,-1.3692880713626163,0,-2.5565168495410844,-0.4315041296841295
15460.0,0.9093903337567484,-1.058145946714099,-1.0471342928389058,-0.9929541396007278,0.1880646595930938,-0.3440200265608363,0,-1.734145248050561,0.3681903565109347
15461.0,1.0783455985755337,-0.5571872395918231,-0.5556766062552557,-0.5049664126903386,-2.515817022689194,-0.3559936459565264,0,-2.2340116333651014,0.5121771001592818
15462.0,0.0639692278216899,0.0739460908215904,-0.1675652894369488,-0.0023635533331493,-0.2159596295778201,-0.5636811161194624,0,-0.33374241554732137,-0.41998946002822596
15463.0,-0.6752731880764764,-1.058145946714099,-1.43488885585446,-1.0111411307468456,-1.3785107536966998,-1.0753701685165276,0,-2.311700056822499,-1.0265678753367087
15464.0,0.8798139021176289,-1.058145946714099,0.0863652559956616,-0.2297966815900328,1.0583966506364906,1.7938917738829383,0,0.2006109504858798,2.120082960999613
15465.0,-0.9040178174155592,2.4054512011867506,1.8803074826684223,1.128934004445698,0.6514988276797011,0.4704407475173031,1,3.1602946297412395,-0.6562032963466343
15466.0,0.0001383902963132,0.0739460908215904,0.3772743044327297,0.4216092838150984,1.3100360324395852,0.4610275796782123,1,1.097871432666409,0.34897290549509086
15467.0,-1.3798409325433134,-0.2017513803877423,-0.4118020700694412,-0.3093765158786823,-0.0181119525235737,-0.6336990810579043,0,-0.20261927467864385,-1.240953726868068
15468.0,-0.3225146116861712,-0.2017513803877423,0.3097935070172108,0.6805912568216348,0.5207054191909427,0.7240524268995759,1,0.9233278126910441,0.5146420870490738
15469.0,-0.3349679194593694,-0.2017513803877423,-0.0447056067268699,-0.3599108152129162,-0.0789096183560038,0.0566304800670042,0,-0.1878012592572294,-0.11018426161544477
15470.0,1.2208976805661906,-1.058145946714099,-1.9247947050430432,-0.4992963694822978,-1.7640984679528429,-1.9993895006491087,0,-3.3431324031992844,-0.6637396760720728
15471.0,-2.1519790306632065,-0.2017513803877423,0.2500366383468381,0.209016111435269,0.8634124775613803,0.6115079778748461,1,1.3508102199012668,-0.6445483362840662
15472.0,0.1808966364835151,-1.058145946714099,-0.660172481467572,-0.4477372081299453,0.4791576523996084,0.3858348937189902,0,-0.7182651396395657,0.6002923044532245
15473.0,-1.1198059414673356,0.8001660338568091,0.5675254910374031,0.2928639767816046,-1.614523128595098,-0.1201599157608379,1,0.39370256219149646,-0.807040956456455
15474.0,1.242750738519486,-1.058145946714099,-1.251002736909726,-1.4253590231077382,-0.6267921989603487,-0.7285395905652952,0,-2.5967330440770318,0.23313461738179528
15475.0,-0.0624796206101934,-1.058145946714099,-0.5159522107871316,-0.2906129979414018,-0.2941514393624997,0.6578510748175406,0,-0.7364459225267523,0.7369850910872565
15476.0,0.954720215728158,0.0739460908215904,0.6230547957097189,0.5648862259409839,0.3771846686209953,0.9238497706375344,1,0.7411323051098607,1.3042641860169566
15477.0,1.298284709279553,-1.058145946714099,-0.666310516256816,-0.5460873605785668,-2.183176263091345,0.3742578471988116,0,-2.225525137713272,1.3139657135154699
15478.0,-0.4749394310824503,-0.2017513803877423,0.560087692349368,0.393162863870899,0.1880646595930938,1.1955797831857489,1,0.963364306985003,0.7985417081026124
15479.0,1.3752433396257897,-1.058145946714099,-1.3234689481077253,-1.6749572933624948,-1.1954453334565955,-0.8652192815390974,0,-3.0687323134852087,0.19564519705621763
15480.0,0.1975553704657846,0.2992073267345332,1.3753065826851985,0.8645029752258055,1.2622326247684963,2.038427127966483,1,2.2878202446604803,1.7235075575403964
15481.0,0.9891290528763732,-1.058145946714099,0.5487452926210289,0.7036553639726696,-0.0789096183560038,2.6659942265106205,1,0.624620122594369,3.030489573783474
15482.0,-1.0395356639262063,1.7867352234743037,1.982918194939576,1.6932710243206155,0.457567115373851,1.370833290226311,1,3.4504478226784627,0.22998091626802594
15483.0,0.4062569561281632,1.0480979277381186,-0.0546952947986368,0.4216092838150984,1.3291602796973223,-1.5875624799034924,1,0.555185691643818,-1.3404689348354153
15484.0,-2.4120140217391843,0.4896629879592288,1.159850297577047,1.3831524235520274,1.1803407147432114,1.3848472749935368,1,3.0873462885392033,-0.23312087685029861
15485.0,-0.6542442484349309,0.654643185938614,1.3145872516185977,1.0860106074469305,0.5207054191909427,1.4671430103137548,1,2.2957709645300013,0.7562154351298037
15486.0,1.1639826455004636,-1.058145946714099,-1.586616845392446,-1.6420643925920622,-2.515817022689194,-1.361546779371282,0,-3.815703151250905,-0.2599471838391914
15487.0,1.3271781179392863,-1.058145946714099,-1.000495923610394,-0.8112565093766205,-0.862804573858747,-0.2560546453398141,0,-2.16595546143085,0.7341383019222788
15488.0,0.0571826544512456,0.2992073267345332,-0.5519719205521604,-0.4477372081299453,-1.117253523671916,-1.585009318035783,0,-1.3194636564455158,-1.3127336513999306
15489.0,-0.8183807704906293,0.8001660338568091,0.6883288033551969,0.613428645391542,0.4684334074395972,0.1069740665203602,1,1.44409660824622,-0.5182701453238338
15490.0,1.033801201878248,-1.058145946714099,-1.0443599826360082,-1.1548410131689797,-0.5121324717856456,-0.3387873552933754,0,-2.137034747490757,0.45579603097965327
15491.0,0.0706847362910886,0.4896629879592288,0.8668442921243461,0.786990236287123,0.7642790739473241,0.8329350724733342,1,1.548769845842868,0.6432978414605156
15492.0,-0.6970151074455184,-0.5571872395918231,-0.2476051823700196,-0.0184718100053139,-0.2159596295778201,0.2239691715018391,0,-0.16900121441454016,-0.04784970943311856
15493.0,-0.5950029105353472,0.9303406571479472,1.1050513133055342,0.611345600297109,1.567060786745896,0.7314717827501368,1,2.278664104339694,0.026565069886876118
15494.0,-0.8741833591389503,0.2992073267345332,1.0097005065786118,1.2025391744101874,1.6164639213921022,1.3494232626527607,1,2.5396441069138365,0.5949201323585468
15495.0,0.9530347346034082,-1.058145946714099,-0.9548860875207444,-0.616396278646906,-0.586765087019821,-0.1700291970786086,0,-1.7944815692871994,0.6053848174861733
15496.0,1.279288497801991,-1.058145946714099,-1.3296133135385777,-1.0622519568722428,-0.5121324717856456,-0.8768082683846274,0,-2.4732656838743656,0.164547831401536
15497.0,-0.9682038613741812,0.9303406571479472,1.6067314255264715,1.1676617693016154,0.3650304751021734,1.6764370308015788,1,2.690220592855184,0.6958757489500437
15498.0,-1.9674812683483247,2.7886526377188545,2.400196221728889,2.1264817428877096,2.160787307445943,1.0171112865081386,1,5.170514441690932,-0.8688728677897899
15499.0,1.3673310709462236,-1.058145946714099,-1.2576198004652055,-1.3807506813715704,-0.0378814165327151,-0.7410201409758277,0,-2.3769566713684482,0.26969720510446293
15500.0,-1.4474112861963695,0.0739460908215904,0.1410101844738447,0.0925520172177983,0.3401681767824983,0.0164101253188296,1,0.7406109047403323,-0.7962668991878189
15501.0,0.9954788591929878,-0.5571872395918231,-0.6026847202039088,-0.5771176875341992,0.3401681767824983,-0.4444441976221637,0,-1.105466304152051,0.26032805234201584
15502.0,-1.0395356639262063,1.4312993642702228,1.952712310479698,1.62199024556396,1.3839953665057922,1.728499139072982,1,3.7458938095267516,0.5660615188085597
15503.0,0.9254466015614758,-0.5571872395918231,-0.8971406750142793,-0.848584025185672,0.7938459876173184,-0.9981274064198036,0,-1.3353362925799017,-0.27391926045063897
15504.0,-0.0304066776915911,0.0739460908215904,-0.5655311692166947,-0.7933582365477243,0.0011923041824166,-1.310240836760774,0,-1.00796638433984,-1.165495168265097
15505.0,-0.2983107883386734,0.2992073267345332,0.9767325138852732,1.0321598186170422,0.6162076636214244,1.2873090367780824,1,1.8293656974996424,0.8886681163965332
15506.0,-0.8183807704906293,0.4896629879592288,0.5654208371043034,0.7873894599344671,1.1803407147432114,0.2655512592289638,1,1.6789225547237268,-0.32315552919272683
15507.0,0.4483889813387123,-1.058145946714099,-0.4578003554282841,-0.7342923345111426,-0.0181119525235737,0.7675322281247524,0,-0.9279082267448083,1.0496619805207876
15508.0,0.5085019812125491,0.4896629879592288,0.0522249194496531,-0.0796661867185862,0.5001945244425666,-0.6989511740576257,0,0.030329136622425173,-0.43150170312175345
15509.0,0.954720215728158,-1.058145946714099,-1.2361822593327103,-1.2626334870875635,-0.3805884749031534,-0.7005864485171208,0,-2.3123488215504118,0.10281071381615722
15510.0,0.8664325630436192,-1.058145946714099,-0.9447672610612974,-3.361978192741088,-2.515817022689194,-0.1509439151157378,0,-3.8495807081221765,0.3836816874715829
15511.0,-1.2115801184678894,0.2992073267345332,-0.0164671786167042,-0.3975051008243698,0.8293663864529791,-0.5815256724575734,1,0.47574171873003007,-1.2792017152356634
15512.0,0.3861510713168414,0.0739460908215904,-0.7419725348643167,-0.4908819143496147,-0.2941514393624997,-1.640388367080745,0,-1.3050255890967828,-1.1604130318091377
15513.0,-0.5950029105353472,2.5129551665095216,2.446051602529892,2.0258400271328187,1.5353368918139898,1.4140452584876182,1,4.462249397125969,0.2990564944713145
15514.0,-1.2115801184678894,1.7233615276208618,1.4110706907523258,1.410021262794945,1.1384985731749109,0.367567620772051,1,3.042025692940708,-0.7185582395727266
15515.0,0.9663961595288088,-1.058145946714099,-1.2137360173217453,-0.8730374341016977,-1.3785107536966998,-0.658250229045133,0,-2.523476215043992,0.22714312273715748
15516.0,-0.4011425702790203,-0.2017513803877423,-1.9359546813435524,-1.892897819902408,-0.8098576192004525,-3.471394565992266,0,-3.1903714441313626,-3.126108368299181
15517.0,0.6420881238566438,-1.058145946714099,-0.8974632203548585,-0.3463490782764294,-0.3507527121214226,-0.0617230001723225,0,-1.4114178251567926,0.5387317294699658
15518.0,-0.1794070292720186,1.5110377522649707,1.0888354426415814,1.141632622237468,1.448573071542019,0.0085968573103566,1,2.366364539246899,-0.4258867884554312
15519.0,0.9597502430728068,-0.5571872395918231,-0.7142797513915617,-0.9523769874762636,-0.1676872918813187,-0.6543627000947544,0,-1.6002876946694822,0.05573970598278979
15520.0,-2.1519790306632065,-1.058145946714099,-0.7165978140039072,-0.3009710220711328,-0.6688728615528973,0.2794101629836088,0,-0.45884226583626425,-0.7019931769970671
15521.0,-0.4749394310824503,1.5859404542672264,1.4645212874777689,1.4505600279155262,1.207095033142026,0.6278319644078678,1,2.9072752080222144,-0.06522248086470574
15522.0,-0.5950029105353472,-0.5571872395918231,-0.6092507799170198,0.0936988718044614,0.0914362748936436,-0.4567977928535107,0,-0.4043753426658649,-0.5453327258294642
15523.0,-0.0073625747303351,1.5859404542672264,2.108045881843572,2.2772063912300635,0.3526935049184267,1.839902618707325,1,3.4789329408175034,1.2940133010018275
15524.0,-0.7670473650770303,-0.5571872395918231,-0.3259729161944903,-1.869817524092209,-1.1954453334565955,0.0763945680668775,0,-1.5081401813211444,-0.34795317358592115
15525.0,-2.1519790306632065,0.0739460908215904,0.2385367169181831,0.2061250257305973,1.0424661878166923,0.1999019055353852,1,1.4090144076701403,-1.0548823570020591
15526.0,-0.5950029105353472,-0.5571872395918231,-1.318436582208334,-1.967436469196142,-1.7640984679528429,-1.7887350317607582,0,-2.896916609396924,-1.7478915719314185
15527.0,-0.9353081791524545,2.0119964593872464,1.2897119794152123,0.9842421821570864,1.3661211723993998,-0.1926257047686825,1,2.7421838936964122,-1.1506424891197105
15528.0,0.6972051697365015,-1.058145946714099,-1.0066949476121183,-0.9141583819899256,-0.3805884749031534,-0.2677467245983786,0,-1.8241925595362996,0.3465987424452005
15529.0,-0.8183807704906293,1.2544959545938104,1.2271573541057368,1.4464702554028477,1.931152256609813,0.5711867813765548,1,3.040066454350467,-0.2441797527278424
15530.0,-0.8456753236698794,0.2992073267345332,0.4807342816900192,0.6518023752247377,0.7865535568710715,0.3532869363144875,1,1.3650684892615155,-0.21402412881694766
15531.0,-1.4474112861963695,-0.5571872395918231,0.5538219671057639,0.5250821093562177,1.2498335012412511,1.7341741092113276,1,1.7811479860844825,0.7513162651131648
15532.0,-0.7670473650770303,1.0480979277381186,1.0081456017902075,0.6562018627909401,1.8669969064568752,0.4062198487545326,1,2.381310658129028,-0.37126418636780406
15533.0,-0.9353081791524545,-0.2017513803877423,-0.101807069126857,-0.3553590950482323,0.4465549626877331,-0.0508140033991892,1,0.1591987718049371,-0.5500979865280651
15534.0,1.369097808148474,-1.058145946714099,-1.2547449428699806,-1.3491740126569909,-1.2818823689972492,-0.7355978256482687,0,-2.8764342612555467,0.33374487060965685
15535.0,0.4520853904121776,0.4896629879592288,0.1126288907877472,-0.2824424464256186,0.5979759564957379,-0.5855653947968946,0,0.0572113911098962,-0.395419138470319
15536.0,1.00176641150428,-1.058145946714099,-0.9191323138073036,-0.4716569691961637,-0.7601216003714991,-0.1025934272003114,0,-1.775609955183149,0.7090157676737736
15537.0,0.4141260756992679,-1.058145946714099,-1.5267677341531196,-1.8475197636971112,-0.4437267787202448,-1.2486644043441504,0,-2.7540540492346226,-0.6937954063369534
15538.0,1.1772063139654854,0.4896629879592288,0.9244980311927083,0.4699040673670961,-1.9471638881929467,0.941508483834642,0,-0.010626500124630534,1.4284892627786532
15539.0,-1.5229485149574664,-1.058145946714099,-0.3934301228014468,-0.1260037192994412,-0.0181119525235737,0.8889419631985082,0,0.04125357271365263,0.12557665701877993
15540.0,-1.2629135238814884,-0.5571872395918231,-0.505624048192094,-0.0737273568542482,-0.2412044847042052,-0.2617999842728039,0,-0.30306400660600263,-0.7565127365042936
15541.0,0.1864977655259916,-1.058145946714099,-1.7155102121160506,-1.5115390548677536,-0.2941514393624997,-1.6046546394499623,0,-2.66355645783829,-1.0799704814451927
15542.0,1.1454993720263298,-0.2017513803877423,-0.0092047883085206,-0.0377773744462167,1.3138967127742598,0.1234401822574666,0,0.1184933265311008,0.7277277376019194
15543.0,0.777475447277631,-0.5571872395918231,-0.9656217074138016,-0.7066363290939456,0.1411722937225966,-1.126787244622345,0,-1.5662418381809846,-0.41603319276448636
15544.0,-1.3798409325433134,1.847016261407861,1.5643141638137614,1.740559161782333,1.1573590143130723,0.5130678847951552,1,3.4292058324602372,-0.6940595405680761
15545.0,-0.2865430233339383,-0.5571872395918231,-0.5584424804507476,-0.4825737499159102,0.5001945244425666,-0.3611982985417145,0,-0.5478359602140764,-0.3745127864041847
15546.0,1.2544599055801144,-0.5571872395918231,0.1068346649147183,-0.6030410799249616,-1.4880589811139169,0.8916853524397294,0,-1.204345614651628,1.5632276437481927
15547.0,-1.5229485149574664,2.1575193073054413,1.7216486001122504,1.7719352395295955,2.232970718884709,0.4534158452304979,1,4.125310745874696,-0.9493313239502505
15548.0,1.242750738519486,-1.058145946714099,-1.2733453894666258,-1.3389765845331374,-0.4772168596026035,-0.7706804282954232,0,-2.5177111709612916,0.20102403936886007
15549.0,-0.0624796206101934,0.8001660338568091,0.6660634109576425,0.4188193710897949,0.9696189771111754,0.0651019277667701,1,1.3014796690763861,-0.17864098088359032
15550.0,-1.8243736859341724,1.2544959545938104,0.6259236540348602,0.5478752534749721,1.114296432923324,-0.559012318085569,1,1.9536965231479675,-1.7658445125250397
15551.0,-0.5236711079833221,0.654643185938614,0.4383587664702703,0.3242686802044462,0.8293663864529791,-0.1821801295597278,1,1.0945478085341516,-0.5974318127250494
15552.0,0.5966655916107547,-0.5571872395918231,-0.9375686966489496,-0.7183468035229781,-0.2941514393624997,-1.0740879774882386,0,-1.6664812497173942,-0.4544832593881807
15553.0,-0.2201397768252409,-1.058145946714099,-0.5431872174454216,-0.0634617157485895,0.1571027565423948,0.6064826890252486,0,-0.4219221132607303,0.6114272064062287
15554.0,0.7548912404987429,-1.058145946714099,-1.045679750692841,-1.244856163309911,-0.862804573858747,-0.3412765911342302,0,-2.239510404520809,0.3071088746163783
15555.0,-1.2115801184678894,2.546807042814728,1.848691732747252,1.9067485980427408,2.2516027019158176,0.251324725385474,1,4.264350718440831,-1.0341073913869319
15556.0,-0.7922005967383016,-1.058145946714099,-0.8640010976554064,-0.4881008491540746,-0.2412044847042052,0.0013904497276888,0,-0.94982794645138,-0.21757224084288537
15557.0,-0.6752731880764764,-1.058145946714099,-0.4856595248113949,-0.5370567252723396,-0.7601216003714991,0.7149865989394978,0,-0.8226976576457322,0.4424994454285395
15558.0,1.2873555878018408,-1.058145946714099,-1.0558902508072314,-1.147237218205978,-0.4772168596026035,-0.3605347802578448,0,-2.2102620386862375,0.576749518499823
15559.0,1.2119436056379256,-1.058145946714099,0.1267710861732749,0.0375105298426944,0.3145288070742748,1.8701018625700176,0,-0.04330396959991575,2.4243337899078385
15560.0,0.9843250963403034,-0.5571872395918231,-1.2943481882132872,-1.2626334870875635,-1.117253523671916,-1.743598567552532,0,-2.7635491188671586,-0.8014686780888073
15561.0,-1.2115801184678894,0.8001660338568091,0.5271243907111515,0.6488529490319831,0.3526935049184267,-0.1960939992523583,1,1.3641955138570583,-0.9710108690073928
15562.0,0.9057670179108388,-0.2017513803877423,-0.2325756351866616,0.0798028421345739,-0.2159596295778201,-0.2967915826827113,0,-0.6241839100809159,0.3358527453024139
15563.0,-0.8456753236698794,0.654643185938614,0.8105380508408444,1.1857673492657,1.175795589227843,0.5178761059491076,1,2.1391435216238848,-0.13662683848449417
15564.0,1.081115906117918,-0.5571872395918231,-1.8472413505499703,-1.6107384274973675,-1.7640984679528429,-2.7763724316697656,0,-3.810863603806504,-1.5909689847865542
15565.0,-0.3349679194593694,-0.5571872395918231,-1.20812858341259,-1.3807506813715704,-1.2818823689972492,-1.5819642561977802,0,-2.3848250905881847,-1.400153301872033
15566.0,0.9762376600515654,-0.5571872395918231,-1.0112771320858964,-0.7716493042481812,-1.1954453334565955,-1.2125356410500672,0,-2.2625276161575325,-0.3231003307258515
15567.0,-0.9353081791524545,-1.058145946714099,-1.1568312323097003,-0.5252055769172435,-1.3785107536966998,-0.5509211952541172,0,-1.7064688540564288,-0.696218116100502
15568.0,-1.9674812683483247,-0.2017513803877423,-0.1471204667934931,-0.0490689983619504,-0.3507527121214226,-0.1360627005953437,1,0.24571775147663796,-1.120047323073365
15569.0,0.1281552717803115,1.0480979277381186,0.9718059676789824,0.8219836448350352,0.8700553726182927,0.3378463610080807,1,1.7274125166384215,0.12651148589773853
15570.0,-1.5229485149574664,2.110890520920167,1.6591757584696367,1.4151121269539078,1.9146521752584529,0.3890472269260487,1,3.755402090982067,-1.0105054266238076
15571.0,-1.2115801184678894,1.4312993642702228,1.059683949596126,1.0633194340570669,1.9146521752584529,0.0472347801601077,1,2.808829068808735,-0.9692544618381198
15572.0,-1.7074462772723475,1.0480979277381186,1.0627074590503336,0.9619750283809846,1.4774744457749929,0.508893969550877,1,2.714426998859286,-0.7568942315580045
15573.0,-0.6141483680629726,0.2992073267345332,0.1875853902513546,0.2962412419109327,1.1848607981176718,-0.1981260950102262,1,0.9799494392663246,-0.5866588813458304
15574.0,0.4702544582071883,0.4896629879592288,0.3528879127151263,0.4250801147655964,1.228742543886138,-0.1341716108825936,1,0.9012636998289631,0.0229204536540851
15575.0,1.2680279097306315,-1.058145946714099,-2.449542405887865,-2.804692648559184,-1.9471638881929467,-2.9891246117440846,0,-5.076089254098376,-1.662186417180737
15576.0,-0.5070123740010525,-1.058145946714099,0.0080024211084466,-0.1356762603668062,0.0200527453205781,1.6460903657625237,0,0.16256443584968175,1.2940639147356718
15577.0,0.3653943987983962,0.2992073267345332,-0.6108023443619761,-0.9248532670431824,0.2607132519567318,-1.694912275145756,0,-1.1296940786840732,-1.3417694444437787
15578.0,0.4102035851912229,-1.058145946714099,-1.4294682893810784,-1.473214373913271,-0.91940584661767,-1.065146350571079,0,-2.670963979598899,-0.48860875868720605
15579.0,-0.1318797192956659,0.2992073267345332,0.2423056921066108,0.2463966778120865,0.9754580982530536,-0.0952452524391774,1,0.7772155914862109,-0.23397686683800728
15580.0,0.949650424908974,0.8001660338568091,0.2845441560354012,0.4319673079448295,1.031671386584256,-0.6516695545434938,1,0.613173843806577,-0.20417372304193648
15581.0,0.2243929765656181,2.611849228042442,1.5310903266355067,1.2128607076030802,2.081634608837307,-0.4186782303463625,1,3.087894465927494,-0.8670275108769926
15582.0,-0.7670473650770303,-0.2017513803877423,-0.2224638542277417,-0.0605578658272451,-0.0581390644641013,-0.2777755909861647,0,-0.09235783569181057,-0.5892438083670467
15583.0,0.9479515492166356,-1.058145946714099,-1.5467437851695884,-1.3491740126569909,-0.1002197270566499,-1.2863415566979255,0,-2.5646090299202458,-0.39620517641454267
15584.0,-0.7922005967383016,0.4896629879592288,0.2283510895270218,-0.0130584383864058,1.15268439735128,-0.3682219295734348,1,0.92505491655516,-0.9009952017414541
15585.0,0.4666615905535427,-1.058145946714099,-0.5140704970801738,-0.2885608248606143,-0.2412044847042052,0.6614002054222224,0,-0.8764569486369483,1.028509763029804
15586.0,1.2395198742615607,-0.2017513803877423,0.1457916232665696,0.6508207019995073,-0.2672508963742018,0.4152103734323619,0,-0.07924334595487725,1.1552887197695667
15587.0,-0.3349679194593694,0.654643185938614,0.3544888210124624,0.0400019000139965,-1.9471638881929467,-0.3397825026116305,0,-0.340514767069187,-0.5259510091917409
15588.0,1.325291865994738,-1.058145946714099,-0.3404712727219297,-1.0756752990814846,-1.7640984679528429,0.9888285054025552,0,-1.962541477045239,1.7543549246394985
15589.0,0.7022155483365661,-0.2017513803877423,-0.4782887451487311,-0.468955852714794,-0.321964036982949,-0.7586030409840416,0,-1.1235817901571425,-0.20027314309278854
15590.0,0.9580779469522994,0.2992073267345332,0.3423318569224395,0.3386369419983482,0.4684334074395972,0.0928767071769063,1,0.3762965072171076,0.5492371165218367
15591.0,1.2286312392078274,-0.2017513803877423,-1.043371740436407,-1.4026767430063911,-1.4880589811139169,-1.817710612231632,0,-2.8100115645181574,-0.8103538178337684
15592.0,-0.3738480170997701,-1.058145946714099,-0.6279827657495677,-0.2223436733560928,-0.4437267787202448,0.4465484362671187,0,-0.7884962877818302,0.40836748321022726
15593.0,-0.1138130260237924,-1.058145946714099,-1.1055629773010374,-1.3807506813715704,-1.614523128595098,-0.4542233117094114,0,-2.4085580070284274,-0.2418309077287649
15594.0,-1.0395356639262063,0.2992073267345332,0.4638851923849106,0.4482081562793331,0.5698454386786636,0.3215783124945882,1,1.2218234431621782,-0.35700507768680934
15595.0,1.11477132965806,-1.058145946714099,-0.687692321477391,-0.8112565093766205,-1.7640984679528429,0.3339292791434844,0,-2.141653867588838,1.1351435625373965
15596.0,0.1095648339314894,0.9303406571479472,0.8737703129926819,0.6692264654070016,0.5407159979871611,0.296200260662997,1,1.4142394215499343,0.11303615128465735
15597.0,-0.5583457794146515,-0.5571872395918231,-0.3609015204260834,-0.1537873679317828,-0.144576100004755,0.0106289138346239,0,-0.3665586508576038,-0.161106752838506
15598.0,-0.2983107883386734,-0.5571872395918231,-0.3807720165822296,-0.1356762603668062,-0.2159596295778201,-0.0267819395780859,0,-0.4898730028305643,-0.04347510556171388
15599.0,-0.7195200551006783,-0.2017513803877423,0.2127168670633574,0.520906089366719,0.4897435161402434,0.5412280474627492,1,0.8560174920752222,0.13381038033961717
15600.0,1.0308182885991817,0.0739460908215904,0.1828761422708626,0.1835274609063298,0.217900422374825,0.0951715009716937,0,0.0043929102893179575,0.6440873119601277
15601.0,-1.2629135238814884,2.3282062876889484,2.000842589828645,2.03965946452633,1.6244160972942283,0.7848067879338361,1,4.226777663234577,-0.5301081976521875
15602.0,-1.4474112861963695,1.5859404542672264,0.896529745276478,1.0207836402693722,0.3145288070742748,-0.4400371426924596,1,2.034737307980611,-1.4675436661712433
15603.0,-0.0462426723707365,-0.5571872395918231,-1.6880142840405998,-0.8881581216111365,-1.7640984679528429,-2.479761105706498,0,-2.951382138661986,-1.8976729778902084
15604.0,-0.3102985242592435,-1.058145946714099,-1.048359707213561,-0.74651041226979,-0.7132292345010023,-0.3463313003983094,0,-1.6137133616175008,-0.23903986814467745
15605.0,-0.540774126845729,0.9303406571479472,0.5280211346012978,0.2363269886739557,0.5207054191909427,-0.3537916186899015,1,1.038171117998311,-0.8131880819186323
15606.0,-0.2097114950440718,1.6565606001831652,1.2437419250898374,0.7744925577243597,0.5602500888610992,0.1303049102905309,1,2.0082690091526145,-0.380133804491043
15607.0,0.8779192915851238,0.9303406571479472,0.4378911565651213,0.7126592135314093,0.6600894093898906,-0.5230429155019148,1,0.7822261178106419,-0.12893214271902764
15608.0,-0.6970151074455184,0.2992073267345332,0.4696341626034245,0.6123879474864333,0.6428173386552047,0.3323972239886758,1,1.2286778869514996,-0.14677566267500783
15609.0,0.4913989623501418,-1.058145946714099,-0.8175143298476937,-0.7933582365477243,-0.7601216003714991,0.0890698930611981,0,-1.6597772573879392,0.551354429063445
15610.0,-0.3102985242592435,-1.058145946714099,-1.5169200925389106,-1.3190441216122355,-1.4880589811139169,-1.2300906084964105,0,-2.7030336226616454,-0.9772326525341682
15611.0,-1.3187161125298097,2.1575193073054413,0.8425495862847866,0.2678460005014682,0.0200527453205781,-1.19672317011963,1,1.5026991634259275,-2.225478046475508
15612.0,-0.540774126845729,-0.5571872395918231,-1.122446269731317,-1.473214373913271,-1.7640984679528429,-1.4212276218458115,0,-2.473675390558463,-1.3708661541371496
15613.0,1.2576165577225409,-1.058145946714099,-0.5489820410064534,0.2251631403646062,-0.3507527121214226,0.5955529787440604,0,-0.9640505059713435,1.4663778902283473
15614.0,1.045596020739638,0.0739460908215904,0.8777454396417161,0.7813755112489762,0.4465549626877331,1.403677471518732,1,1.11403196364875,1.7612463122596038
15615.0,-1.3187161125298097,2.868391025713604,2.25792556634633,2.098160823475108,1.5755040145163772,0.6598066862219201,1,4.567109438490673,-0.7998583013303342
15616.0,1.045596020739638,-1.058145946714099,-0.7740268227865907,-0.8438005790920419,-0.91940584661767,0.171092382274719,0,-1.876235622678177,0.9243650986426506
15617.0,0.9811023498659778,-0.2017513803877423,-0.0833482613167121,-0.0157595548677755,-0.0181119525235737,-0.0160833633129121,0,-0.45201527230232275,0.5860837982863444
15618.0,-0.5950029105353472,0.0739460908215904,-0.1297172751496192,-0.0591107344650019,-0.0581390644641013,-0.4925769278145407,0,-0.04926489169424092,-0.737322389528245
15619.0,-1.2629135238814884,-1.058145946714099,-0.7316041091098208,-0.848584025185672,-1.9471638881929467,0.2511065474939862,0,-1.54064140066605,-0.23421277148971906
15620.0,-0.2524823540546596,0.0739460908215904,0.530085723897806,0.6055829745634238,0.8082392174469527,0.7487528925186199,1,1.2169851652582593,0.4839131781360863
15621.0,-1.8243736859341724,0.0739460908215904,0.23705143330162,0.0055450101533554,-1.0458699940988507,0.1971069610798798,1,0.34332839783188185,-0.8040356349112137
15622.0,-0.4296506057480915,1.6565606001831652,1.5364336038089448,1.38556785387892,1.678022266979655,0.680971503840087,1,3.139381885209198,-0.0437505846354505
15623.0,0.3217499979517362,0.8001660338568091,0.693501916370645,0.514289727832406,0.6251737972068488,0.1167031244407184,1,1.1126094640974131,0.09925884680865507
15624.0,0.2030134902092342,0.0739460908215904,-0.3299615506626582,-0.2168088221341602,-0.3805884749031534,-0.8685892071303786,0,-0.7185659218860125,-0.6046384646141246
15625.0,0.1281552717803115,0.9303406571479472,0.8978419585770634,1.18598510160631,0.7490861757345402,0.3414883775454246,1,1.7636299385955014,0.20249760292287294
15626.0,-0.0791383545924629,-0.2017513803877423,0.0990673076717242,0.5444196188771608,0.4465549626877331,0.3272423166299656,1,0.5287748128086387,0.3168228947000612
15627.0,1.072768822575603,-0.5571872395918231,-0.356408418802572,-0.2411369787048411,-0.4772168596026035,0.0190884825847484,0,-1.049616319562443,0.7482559564456088
15628.0,-1.7074462772723475,1.6565606001831652,1.2995451399043434,1.3403275547039315,0.951848035544989,0.2352474411149835,1,2.963295406055296,-1.0789781172650155
15629.0,1.062891231517784,0.0739460908215904,0.6330622958194115,0.7337784894895687,-0.0581390644641013,0.9426996781911632,1,0.6166173105754494,1.4153559145265988
15630.0,-0.4011425702790203,-0.2017513803877423,0.3349807757246831,0.4508763990414005,0.4791576523996084,0.7714934036951343,1,0.8492879624264512,0.4886230989750321
15631.0,1.2903547758033207,-1.058145946714099,-0.3195908533512457,0.036261296914809,-0.0581390644641013,1.0282114015110695,0,-0.6976808569068804,1.8025291375222936
15632.0,-1.0395356639262063,0.8001660338568091,0.9086471205809156,0.949929086321279,0.7567177940893411,0.5214872367346,1,2.0249895851297324,-0.2833266102346438
15633.0,1.1417379231273606,1.3460575542855853,1.1112819348475398,0.9338362864634282,0.4897435161402434,0.2446647407690068,1,1.4715676353964524,0.5572433149807067
15634.0,-1.0028785328055103,-0.5571872395918231,-0.3721222116616975,-0.5135641944509618,-0.1676872918813187,-0.0104968875783,0,-0.4187062533722419,-0.4576061742959745
15635.0,0.9811023498659778,-1.058145946714099,-1.5982537874017206,-2.9060807784127,-2.183176263091345,-1.3834954035840463,0,-4.2273977351103404,-0.5199678676997759
15636.0,0.0363810947797576,0.0739460908215904,0.3168565817308956,0.0786314777309225,-0.0581390644641013,0.3472991331780403,1,0.29266589478820265,0.3034523721801025
15637.0,-0.2983107883386734,0.2992073267345332,-0.1107565354540849,0.1775024941456337,-0.1002197270566499,-0.7585353024745312,0,-0.02472232668755221,-0.8213926327062744
15638.0,0.9530347346034082,0.4896629879592288,0.6408307939994877,0.5421057345599555,-0.586765087019821,0.4074531450776452,1,0.3571628826755374,0.8195038807464071
15639.0,0.2893295474663386,-0.2017513803877423,0.0974199282373307,0.3519246856216433,0.3014022381220454,0.3241409792423542,1,0.2612983128267908,0.5039696401508785
15640.0,-1.8243736859341724,2.28769393059658,2.340149493334645,2.114280924671357,1.6057396764320917,1.4698109164245214,1,4.786472494121356,-0.2649319289906848
15641.0,0.1342342291316152,1.2544959545938104,1.2593498217356132,1.436728250109387,1.4452980450086004,0.6317780273379138,1,2.570810067523547,0.3491197675501443
15642.0,1.3726167481092917,-1.058145946714099,-1.5606454755244037,-0.3999276484574282,-1.4880589811139169,-1.3125617593316474,0,-2.8418966316394587,-0.02679910244975351
15643.0,0.5185490566485405,-0.2017513803877423,-0.2426687742860271,-0.4609184296153759,-0.2412044847042052,-0.315771730067283,0,-0.7789917125845651,0.054517187611816
15644.0,0.4257516242273519,0.0739460908215904,-0.0969840593918254,0.0751048154541481,1.114296432923324,-0.4310701916585566,1,0.21744530349445929,-0.16538002555904435
15645.0,-0.9353081791524545,-0.2017513803877423,0.0906901554998907,-0.1487983103404511,0.2745016951337471,0.3114717254799323,1,0.3892698743861932,-0.2284009738138401
15646.0,0.3942692202075933,0.2992073267345332,0.0335171992426641,0.4921587112431972,0.3526935049184267,-0.4876478919205725,1,0.24851014203816665,-0.21004571309553532
15647.0,1.011083648486406,-1.058145946714099,-1.2255496290895491,-0.9088754544805528,-1.0458699940988507,-0.6805320729419544,0,-2.428624512737909,0.2152251858212759
15648.0,0.5572336581134208,-0.5571872395918231,-0.249910977533649,-0.5311044589581426,-0.4772168596026035,0.2196267593748796,0,-0.9121602571354418,0.598146943323762
15649.0,0.8760190673835795,0.0739460908215904,0.6100215986094074,-0.0157595548677755,-1.2818823689972492,0.8993012592034639,0,-0.21056668609818008,1.2568868262075528
15650.0,1.1578805519021536,-0.5571872395918231,-0.3731214765537198,-0.5645293427226981,-0.1914684658752519,-0.0123782290374553,0,-1.1272948463031358,0.7243400931223839
15651.0,-0.5236711079833221,0.2992073267345332,0.2178821846807546,0.3687314777215735,0.1727297634470911,-0.1411674890358737,1,0.5974855788977143,-0.4383722480828638
15652.0,0.0433901831118387,0.2992073267345332,0.3046709648387587,0.1855235806138911,0.6428173386552047,0.0220381276045492,1,0.6219307679990035,-0.03396636150803231
15653.0,0.0571826544512456,-0.5571872395918231,-0.0420840547899986,0.57928136653745,-1.7640984679528429,0.6110959228179723,0,-0.5478518119832978,0.8091171788641347
15654.0,-1.3798409325433134,-0.5571872395918231,-0.0060142763268655,-0.0294340794130107,-0.8098576192004525,0.6790522583818764,0,0.048636890674214964,-0.0293433802244827
15655.0,0.6689257299564773,-1.058145946714099,-0.3643571796463467,-0.2804155698175485,-0.1676872918813187,0.9437769106925992,0,-0.7459880403591114,1.3657567193167015
15656.0,-0.4011425702790203,0.0739460908215904,-0.156471941844257,-0.2430461845122031,0.0741642041589574,-0.5428418322165233,0,-0.16963587387655968,-0.695847346242
15657.0,-0.8183807704906293,-1.058145946714099,-2.451863158803984,-1.967436469196142,-2.515817022689194,-2.993501821289854,0,-4.270504877822001,-2.7029565325288196
15658.0,0.5118685254199581,0.8001660338568091,0.6894769743562186,0.2166641155018866,0.5105140700321456,0.1091334108924663,1,0.8614351840401983,0.1728538557267917
15659.0,-0.4152381970004986,-0.2017513803877423,-0.4014491088615289,-0.7383398607540069,-0.862804573858747,-0.6142456491209615,0,-1.0450816032495789,-0.7004393834667643
15660.0,-0.7670473650770303,1.5110377522649707,0.7968384812621447,0.8788972291874401,0.4465549626877331,-0.5398998020423006,1,1.6999763745887277,-1.1746037667335103
15661.0,0.8388019735984524,0.8001660338568091,0.192797176457333,0.2953985500098703,-0.3507527121214226,-0.8237854295481676,0,-0.08809383191938451,-0.35648230863029906
15662.0,1.309030698983018,-0.5571872395918231,-0.8539088057057488,-0.8067360727591756,-0.9802035124500996,-0.9168811576506032,0,-2.1264281942597645,0.08604745983575947
15663.0,0.140256106228435,-1.058145946714099,-1.3698972770444262,-1.0111411307468456,-1.1954453334565955,-0.9527885023744426,0,-2.4208162207386943,-0.4873192343715827
15664.0,-0.3225146116861712,0.0739460908215904,0.2149999113504361,0.042483868766071,0.2031181655606824,0.1556129137686921,1,0.3879527631565841,-0.06425681558017551
15665.0,0.4333865381942647,0.2992073267345332,1.0531627323719288,1.1348434865968149,1.0994248524597794,1.4313139965524613,1,1.9314996605301333,1.396107755434548
15666.0,1.0934362995056883,-0.5571872395918231,-0.277136710735267,-0.0377773744462167,0.3145288070742748,0.1683552331414168,0,-0.5472732045398064,0.865527006551635
15667.0,-0.4749394310824503,-1.058145946714099,-0.8107130677674377,-0.4770927103734043,-0.91940584661767,0.1018978632833657,0,-1.2686831350363763,0.0695106717396319
15668.0,0.5996007235020872,-1.058145946714099,-1.7932659093550376,-1.2626334870875635,-2.515817022689194,-1.7513109154492617,0,-3.680955110803969,-0.8474957755544905
15669.0,-0.4749394310824503,0.0739460908215904,-0.2209587257413338,-0.2449609484229135,-0.2412044847042052,-0.6639642300224258,0,-0.34694944900196084,-0.8205923454725697
15670.0,0.7971428378544745,-0.5571872395918231,-0.7559302387547436,-0.8680734789258341,-0.6267921989603487,-0.732687053012279,0,-1.744883556754769,-0.0680845975193939
15671.0,-0.9353081791524545,0.654643185938614,0.7557786962004928,0.807822099950031,0.1727297634470911,0.4148176099287007,1,1.5144394307374267,-0.262495612410897
15672.0,1.3682150479281203,-1.058145946714099,-2.1627937860539754,-2.5074125686447046,-1.9471638881929467,-2.448283410056662,0,-4.662663719458343,-1.1395361493736342
15673.0,0.0221288371626836,0.9303406571479472,1.3907216259969244,1.256327127771583,1.1666290909919852,1.2694559323141743,1,2.5266980779030384,0.883845809105847
15674.0,-0.0962413734548695,1.3460575542855853,1.4482744810929156,1.3102057344654203,1.48688632403703,0.8788755758796739,1,2.8066602852387077,0.38356453823737746
15675.0,-0.0304066776915911,0.0739460908215904,-0.3886638726225187,0.1496855602350355,-0.2159596295778201,-0.9787242930816484,0,-0.4672342303856386,-0.7926576932923338
15676.0,-0.9353081791524545,-0.2017513803877423,0.9409036174345086,0.9930589487503656,1.228742543886138,1.9132925184659624,1,2.2260888764196864,1.140249867072737
15677.0,-0.3476678433474425,-0.2017513803877423,0.2440339260753555,0.2012781287866438,0.3274486497920416,0.6002033968847372,1,0.5555789737904933,0.36106872487737507
15678.0,-0.2983107883386734,-0.2017513803877423,0.5118852381870181,0.5020867629731707,0.4897435161402434,1.104757080860722,1,1.0336511143314735,0.8195703805117261
15679.0,-0.7922005967383016,0.0739460908215904,-0.12562593196284,0.5626433561160352,0.6853342645162757,-0.4848897431423234,1,0.6178896328890351,-0.8102341523534198
15680.0,-1.3798409325433134,1.0480979277381186,1.1365108501913497,1.1976379427253467,1.0583966506364906,0.6478037493059925,1,2.627390262470655,-0.4220334972532628
15681.0,-0.7670473650770303,1.4312993642702228,0.8407255364294947,0.6768247701431739,0.1083521949576072,-0.3642039827550663,1,1.5057016012996791,-1.016252871743031
15682.0,1.2459654079011129,-0.5571872395918231,-0.7714716455016286,-0.5281484048190704,-0.4115503779538524,-0.7619093940588841,0,-1.6519982200808576,0.1794453096875798
15683.0,0.2030134902092342,-0.5571872395918231,-0.4122681096770657,-0.2644215674002995,-0.4115503779538524,-0.0860768329352729,0,-0.8214399203129948,0.1798498693278543
15684.0,1.187826477146772,-0.2017513803877423,-1.2048673215398693,-1.2190598790341067,-1.1954453334565955,-2.119222269443505,0,-2.7600820588093877,-1.0716592844055175
15685.0,1.062891231517784,-1.058145946714099,-2.013228646286567,-1.709582179172762,-0.7132292345010023,-2.1661861850753823,0,-3.520553128943045,-1.0539854202079129
15686.0,1.0187459283862368,-1.058145946714099,-1.6758763463502246,-1.2626334870875635,-2.515817022689194,-1.5299005653040267,0,-3.686841910796737,-0.4379352540279808
15687.0,-1.3798409325433134,0.9303406571479472,0.8415442829204114,0.6369211762129198,0.8431548296299944,0.2355766378782003,1,1.9548492932196821,-0.7713407093561645
15688.0,1.0172207785620295,-1.058145946714099,-1.1394712887239884,-1.0824911210991477,-0.3805884749031534,-0.5181783253649394,0,-2.1442931774832186,0.3028822309060338
15689.0,0.2191145500704246,-0.2017513803877423,-0.4170969830665645,-0.5739479419351734,-0.586765087019821,-0.6436479256612809,0,-1.0674515149012018,-0.3714277981745705
15690.0,-1.8243736859341724,-0.5571872395918231,-0.974781661236335,-0.1292121204849814,-0.6267921989603487,-1.143992969506613,0,-0.8122241272230849,-1.7676618124753345
15691.0,0.6921553389303546,0.0739460908215904,-0.350846893399769,-0.5583243821854503,-0.9802035124500996,-0.9077789052500994,0,-1.3029614379530388,-0.3750730111223392
15692.0,-0.6970151074455184,-1.058145946714099,-1.1377055425049718,-0.8390516708165107,-0.9802035124500996,-0.5148479229116643,0,-1.7425699760734648,-0.5853433449297528
15693.0,1.3070902279146166,-1.058145946714099,-2.2957314922294625,-1.8259532106467025,-2.515817022689194,-2.699019364075098,0,-4.700651647663238,-1.2822748906803727
15694.0,-2.4120140217391843,2.062432694683636,1.76678256065925,1.1020350544459463,0.217900422374825,0.6468780639307893,1,3.2910335348026005,-1.2330681007616573
15695.0,0.7290940618003953,0.0739460908215904,0.1406792576447905,-0.0171142843658956,0.217900422374825,0.0157876082266668,0,-0.04070511118942654,0.3938542320373977
15696.0,-0.5950029105353472,1.3460575542855853,1.0334180727180795,0.6801216238571579,1.0994248524597794,0.0982307015253101,1,2.0643632101692266,-0.5684777831519492
15697.0,1.3365270473241957,-1.058145946714099,-0.954158583009076,-0.8932765983286024,-0.862804573858747,-0.1686570390729249,0,-2.158189371708036,0.8017792433254611
15698.0,1.2721455816534404,-1.058145946714099,-2.148920975944967,-1.3807506813715704,-2.183176263091345,-2.4221176789208543,0,-4.186082564227209,-1.047511563154996
15699.0,-0.9682038613741812,-1.058145946714099,-0.7911267566816651,-0.96946160877935,-0.6688728615528973,0.1388399208611471,0,-1.2215760709494028,-0.2322937470257983
15700.0,0.4483889813387123,-0.5571872395918231,-0.2080993953680709,-0.2168088221341602,0.5698454386786636,0.298372053518591,0,-0.25096580441837457,0.5868952882213377
15701.0,-2.1519790306632065,0.0739460908215904,0.3639175671417591,0.4068284159664377,1.2372441024225518,0.4358836535737982,1,1.7174736456324737,-0.8523919885228074
15702.0,1.0988369646744305,-0.5571872395918231,-1.3583379474027446,-1.0298453562635617,-0.2672508963742018,-1.8634793719991736,0,-2.4043886110021826,-0.8501838729226133
15703.0,0.7242901052643254,-1.058145946714099,-1.0647539128498091,-1.3190441216122355,-1.614523128595098,-0.3772526763482808,0,-2.597452360654689,0.28727263411616105
15704.0,0.3172176455272237,0.4896629879592288,1.016889421639977,0.8170426379491432,0.9088213112787455,1.1155262928091718,1,1.7054750440747377,1.0041068302274578
15705.0,0.5477790613471053,-1.058145946714099,-1.3446571451756504,-1.3595320367867216,-1.4880589811139169,-0.9051826821317313,0,-2.8064792093224797,-0.24673724220141482
15706.0,-0.1794070292720186,0.0739460908215904,0.0943582392558522,-0.2865150349101377,0.1411722937225966,-0.0713407324855412,0,0.03478327985061241,-0.1996048387545584
15707.0,-0.5583457794146515,0.0739460908215904,0.0117499337558022,0.1293806206254263,0.8896672959534744,-0.2266844334442464,1,0.5718444978703149,-0.525278733987758
15708.0,-0.4594850640247002,0.9303406571479472,1.115615484218912,0.7984704598680793,0.9458378031172426,0.751360439840604,1,2.077553080485879,0.16365466292181885
15709.0,0.7685369722885271,-0.5571872395918231,-0.7500998982155407,-0.7066363290939456,-0.3805884749031534,-0.7217238268941812,0,-1.5515554670973188,-0.06971031553110071
15710.0,1.014159554616912,-1.058145946714099,-0.0247158130903502,0.1673365894677739,0.7791957222855813,1.584379975974358,0,0.11143604013226158,2.076674972800969
15711.0,1.199423993889602,-0.5571872395918231,-0.5716631891240548,-0.5997442262109776,-0.4115503779538524,-0.3860755732399558,0,-1.459070606065624,0.4509421495281627
15712.0,-1.3798409325433134,1.2544959545938104,0.9485474197913258,0.6201533380291686,0.5793298571111467,0.0470726371025179,1,1.9690637831566624,-0.9996823777866408
15713.0,0.3307197273670667,0.0739460908215904,0.0597564475984431,0.0172323629805716,0.1083521949576072,-0.1364153408462261,0,-0.03175375509570961,0.0600307050420729
15714.0,-1.2115801184678894,0.2992073267345332,-0.1223816052428156,-0.2076863327758596,0.0565206627106016,-0.7803513751656631,1,0.1316326441051739,-1.3866450692753116
15715.0,1.198273634480128,0.2992073267345332,-0.2491780058442683,-0.4609184296153759,-0.1914684658752519,-1.0181804706634767,0,-0.9762295328111876,-0.26916428769853507
15716.0,0.3439433958320878,1.15560189306089,0.8567165793058588,0.853406467618376,1.215822701168371,-0.0077318039624161,1,1.7024668088934338,-0.07541519564049998
15717.0,0.6448229902562577,0.2992073267345332,-0.3072426826756436,-0.5222758574236794,-0.7132292345010023,-1.127009305302389,0,-1.110822612830895,-0.6443402525689392
15718.0,1.1795815951948991,-1.058145946714099,-0.8288884597100483,-1.0824911210991477,-0.6688728615528973,0.0676169630820818,0,-1.9845141443558802,0.8791069681665746
15719.0,-0.5950029105353472,2.3674323185913275,1.7265047978419243,1.564210006440338,1.9275141439641943,0.2241587237913289,1,3.6326054069751095,-0.6887432351447967
15720.0,-0.7922005967383016,-0.5571872395918231,-0.1628260964393826,-0.270373833714497,1.0424661878166923,0.3836442914247604,1,0.35507495503657494,-0.05236078976576429
15721.0,-1.2115801184678894,-1.058145946714099,-0.4366150716581977,-0.1276059635480851,0.5207054191909427,0.8074901338992946,0,0.12137207739898465,0.20656814013696004
15722.0,-0.540774126845729,1.15560189306089,1.2474660994102185,1.002047119969366,0.6251737972068488,0.7274115406591257,1,2.2176445244079623,0.0747764758320725
15723.0,0.9289607210324548,0.0739460908215904,0.0133240207313907,-0.0737273568542482,0.7642790739473241,-0.223724892034429,0,-0.03782087187641488,0.2797259310869812
15724.0,0.5477790613471053,-0.2017513803877423,-0.7883485627532058,-0.9467793286780029,-0.7132292345010023,-1.340379959686204,0,-1.791415697000709,-0.7867501691270467
15725.0,-1.0784157615666077,-1.058145946714099,-0.5802673887547978,-0.5311044589581426,-0.2159596295778201,0.5365451792253555,0,-0.5687032198273847,0.05282418745437812
15726.0,0.9713357875339578,-1.058145946714099,-0.763234922983728,-0.9141583819899256,-0.4772168596026035,0.1914471587379908,0,-1.6909910881027435,0.8732294396717437
15727.0,-1.0028785328055103,1.5110377522649707,1.669507028393869,1.6310162908224954,1.8844733957651465,1.1013221401359998,1,3.6509157132316528,0.035823467129061606
15728.0,0.954720215728158,-0.5571872395918231,-0.3852748333004429,-0.8680734789258341,-1.117253523671916,-0.0352592856793053,0,-1.604264416748917,0.6050052990061273
15729.0,0.5847888596192942,-0.2017513803877423,-1.132061717560089,-1.5383885354275355,-1.117253523671916,-1.983379489276392,0,-2.6128404047882166,-1.3285770607366456
15730.0,-0.1599714449813229,0.2992073267345332,0.4452741802382151,0.4983812830944592,0.7178293264081053,0.2865558340282093,1,1.012916435016869,0.09647268221795331
15731.0,1.195966706816979,-1.058145946714099,-1.4396655325340806,-0.9194840867058316,-1.2818823689972492,-1.0843795355257733,0,-2.816930659389712,-0.0005615172063705336
15732.0,0.5817849890277144,1.0480979277381186,0.4264652010393466,0.6620224400589856,0.1880646595930938,-0.6868868121903473,1,0.6488518833008774,-0.4394687335280105
15733.0,0.7662827513425954,-1.058145946714099,-1.2545242743159362,-1.3595320367867216,-1.117253523671916,-0.73518161912559,0,-2.624730662888379,-0.005604474876758306
15734.0,0.1920503993361995,0.0739460908215904,0.6402263895939222,0.0249101264924206,-0.1220981718085144,0.9561940231298994,1,0.5357408664773942,0.8793634142141955
15735.0,1.0202674598207486,-1.058145946714099,-0.7504725073421862,-0.5771176875341992,-0.6267921989603487,0.2155185569403756,0,-1.596292374994357,0.9601172676597653
15736.0,1.0411983450016138,-0.5571872395918231,0.4815280089502332,0.6155051141684996,0.6600894093898906,1.5978906833731468,1,0.7259399586238098,2.0441112745454633
15737.0,-1.0784157615666077,0.8001660338568091,0.1863556986099722,0.1228360796752538,0.2880622196936218,-0.8358650106580721,1,0.6870617522544805,-1.4657755706368192
15738.0,-0.9353081791524545,2.703410827734218,1.9200319904131868,1.9245530897866656,0.4126028186801636,0.2092601794639884,1,3.5107577093149143,-0.8747889983704438
15739.0,-0.1599714449813229,-1.058145946714099,-0.523896702856896,-0.0335924975147533,-1.2818823689972492,0.6428668400536677,0,-1.003968680745869,0.7411617522862743
15740.0,-0.3476678433474425,-1.058145946714099,-1.2880336716830882,-0.7759341463654605,-1.1954453334565955,-0.7983842345396434,0,-2.0710344316322735,-0.6068910802479662
15741.0,1.0741675694743047,-0.5571872395918231,-1.074586853701555,-1.2809046880716817,-1.0458699940988507,-1.3314022695450614,0,-2.537584858323933,-0.42332804811580793
15742.0,1.2669943475426584,-1.058145946714099,-1.2788926382917642,-1.4857427705919497,-0.0181119525235737,-0.7811431838699228,0,-2.4094589406622204,0.17065583991959754
15743.0,-1.0395356639262063,0.0739460908215904,-0.1227026291398307,-0.5460873605785668,0.2745016951337471,-0.4793970758910593,0,0.005917583547469299,-1.0346964296932812
15744.0,-0.0543097623705864,-1.058145946714099,-2.3481260714036623,-0.9302666386620904,-1.9471638881929467,-2.797841625813956,0,-3.6743493384309285,-2.045921268699813
15745.0,-0.9353081791524545,0.0739460908215904,0.1170954802068827,-0.1086319283943098,0.2466890975132978,-0.0285746266150475,1,0.42209762666092054,-0.5672661613882268
15746.0,0.2893295474663386,-1.058145946714099,-1.116118659280139,-0.6727062364625485,-0.321964036982949,-0.4741325539213351,0,-1.6754257349070514,-0.02298319007062525
15747.0,-1.1640528084915374,0.9303406571479472,0.7296885784875938,0.6663543170053218,0.8223842757380923,0.0252118350264171,1,1.774063615298064,-0.8191715712280753
15748.0,-0.4749394310824503,-0.2017513803877423,-0.2981038354293758,-0.4196361174135791,-0.1676872918813187,-0.4200028443058055,0,-0.47811432618693406,-0.5750124635997887
15749.0,0.6475462436000934,-0.2017513803877423,2.78688527622988,2.360933623417504,-1.614523128595098,5.394298662213052,1,3.1568926943630453,5.091874428417572
15750.0,-1.9674812683483247,1.7233615276208618,1.4324399402816117,1.4616775162480178,1.810115205372841,0.4077704679760614,1,3.6037121266579693,-1.1262322316960292
15751.0,1.0783455985755337,1.15560189306089,0.2841530437074353,-0.0752070446297544,0.6162076636214244,-1.0822876301429958,1,0.18057940956647772,-0.6083658669202325
15752.0,-0.4749394310824503,0.9303406571479472,1.086886154749566,1.1743437191400288,1.7444487237240909,0.6972743771247082,1,2.5604491657630706,0.1134735182789612
15753.0,0.8141325783983266,-1.058145946714099,-1.766913197487865,-0.8112565093766205,-2.515817022689194,-1.701606640107952,0,-3.5075173684847,-0.6440460942256848
15754.0,-0.3225146116861712,0.9303406571479472,0.8521777075191335,0.8317556785378892,0.8082392174469527,0.2555794581431616,1,1.713622825116404,-0.1529357800618704
15755.0,-1.3187161125298097,1.6565606001831652,1.3417334328127786,1.3763416429129682,1.544111232749301,0.3146013203706434,1,3.1498824356512216,-0.823910784698097
15756.0,-0.2097114950440718,0.0739460908215904,-0.4008145521029765,-0.4716569691961637,1.0842787042858788,-1.001514912593792,0,-0.17626305743335455,-1.0300643454062997
15757.0,-0.1599714449813229,0.4896629879592288,0.8287381707186277,0.8298876825682382,1.094407142278882,0.7611813063979449,1,1.7375433269660108,0.4480217832039047
15758.0,-0.7670473650770303,-1.058145946714099,-1.0862657538295757,-1.5383885354275355,-1.1954453334565955,-0.4178265069485654,0,-2.0844156167960333,-0.6059102186045457
15759.0,0.5996007235020872,0.654643185938614,-0.0812838213136763,0.0337556903081912,-1.117253523671916,-1.15727689887927,0,-0.7519248230617119,-0.711962488870097
15760.0,1.279288497801991,-0.5571872395918231,1.9487298033104457,-3.361978192741088,-2.515817022689194,4.364553417307717,0,-0.9790696611051045,4.156686941424724
15761.0,1.0528591244028265,-1.058145946714099,-1.344907220887895,-1.8050714269853785,-1.614523128595098,-0.9056543539702968,0,-3.226321917327119,-0.008620159363521377
15762.0,-0.1696156146721137,-0.5571872395918231,-0.3353389532544884,-0.4477372081299453,-0.1002197270566499,0.0587590981829027,0,-0.5804404343622666,0.06000454643932473
15763.0,-0.6141483680629726,-0.5571872395918231,0.1120330144967834,-0.3975051008243698,0.2607132519567318,0.901481006941946,1,0.20699143420956714,0.4867842545628093
15764.0,0.0221288371626836,0.8001660338568091,1.135791269184485,1.1694502705771723,1.211470473151452,0.9491262005598298,1,2.2274017667008486,0.6480698268399949
15765.0,1.3148171310090695,-1.058145946714099,-0.6619735053604707,-0.2585226853594002,-0.4115503779538524,0.382437953475416,0,-1.3547669712260244,1.279477908151527
15766.0,-0.1794070292720186,-0.2017513803877423,-0.0811712279559295,-0.2604831068966469,-0.5486003891756687,-0.0119870865384076,0,-0.42338943752070624,-0.049295066713257917
15768.0,0.1975553704657846,2.478149591821275,2.031071504198166,1.4120314611869142,1.9053400087938743,0.6719497319479804,1,3.6366768053088747,0.06517836079191161
15769.0,-1.5229485149574664,2.842379197713229,3.2834011511174883,3.019956382732812,-0.3805884749031534,2.620969857368793,1,5.339051780675018,0.8622527362245223
15770.0,1.260757748649645,-1.058145946714099,-0.7642621726076025,-1.3092999294811465,-0.6688728615528973,0.1895096466365162,0,-2.04780239795725,0.9996064237334684
15771.0,1.2512876392662955,-0.2017513803877423,0.0567232381262758,0.0198015886647239,-0.3805884749031534,0.2475301552365049,0,-0.5213943025964954,0.9677240893326472
15772.0,1.0156919930971386,-1.058145946714099,-0.8611579111536247,-0.9870018732865308,-0.7601216003714991,0.0067530296945457,0,-1.9607179220778879,0.7534327327218392
15773.0,-1.608585561882396,-0.5571872395918231,-0.1318799316060178,-0.1260037192994412,0.0741642041589574,0.4419355511598754,1,0.3080922455105069,-0.3961422530078336
15774.0,-0.1318797192956659,0.4896629879592288,0.2573174527499035,-0.0322034348256864,0.5979759564957379,-0.3137966310770101,1,0.5104454466781175,-0.47119262239849374
15775.0,0.6741610667752455,-0.5571872395918231,-1.3085711931573485,-0.4246569123197467,-1.1954453334565955,-1.7702506105725004,0,-2.3202494105977784,-0.9058955013108647
15776.0,0.2845613084095361,-1.058145946714099,-0.969236086788887,-0.8390516708165107,-0.6688728615528973,-0.1970949623921146,0,-1.7401624673221368,0.19740496245431624
15777.0,0.6636473034612838,0.654643185938614,0.4601481305420087,0.1228360796752538,-0.2941514393624997,-0.1412243224364418,1,0.18596429569156744,0.11817913791397998
15778.0,1.035287471833904,-1.058145946714099,-0.7950809575914675,-1.0426170379233035,-0.7132292345010023,0.1313818386809788,0,-1.9032601293450366,0.8573972387869475
15779.0,1.081115906117918,-0.5571872395918231,-1.4466599676885137,-2.0821123426729526,-1.2818823689972492,-2.02882088601233,0,-3.4088561201869867,-1.0541966890901115
15780.0,0.4913989623501418,-0.2017513803877423,-0.4831891684292145,-0.5340738587593296,-0.3805884749031534,-0.767807289005417,0,-1.118036662556426,-0.3275088383462947
15781.0,-0.7670473650770303,-0.2017513803877423,-0.712509686248027,-0.6653981508446892,-0.586765087019821,-1.198204502570563,0,-1.1162368227422108,-1.3716210561431774
15782.0,-1.3187161125298097,0.0739460908215904,1.0529796954174675,0.8616572338959887,0.1571027565423948,1.7339102998035916,1,1.95487495654348,0.7501312576557734
15783.0,-1.2629135238814884,-1.058145946714099,-0.9554686204203758,-0.5583243821854503,-0.862804573858747,-0.1711279217861298,0,-1.1915881785549118,-0.5952108986078813
15784.0,1.0879897682663244,-0.5571872395918231,-0.0663679027412339,-0.1741308743400447,-0.1914684658752519,0.5653467326310986,0,-0.5960388080940195,1.1927795198124236
15785.0,-0.5950029105353472,1.5859404542672264,1.3389402014850902,1.445150266455122,0.7178293264081053,0.3915162610833653,1,2.605559191963685,-0.3012223151943433
15786.0,-0.3873500989396135,0.2992073267345332,1.5947672855153323,1.6353183802257494,1.7421666831507694,2.4521283444442314,1,3.2653662222427053,1.7928746316812079
15787.0,-0.7428435417295326,-0.2017513803877423,0.0136277961092787,0.0547551377532697,1.0636387966331442,0.166413078576754,1,0.671030460587956,-0.25483432117562926
15788.0,1.1417379231273606,-1.058145946714099,-1.0305494017579826,-0.958022695435433,-0.862804573858747,-0.3127389957148723,0,-2.209121111212355,0.5716092252378808
15789.0,0.9165761254464796,0.4896629879592288,0.5373353059792096,1.061480388891812,0.7791957222855813,0.2127106870229571,1,1.0704470959718333,0.6329967506850466
15790.0,-1.3187161125298097,-1.058145946714099,-1.0337255393748317,-0.9637172845910724,-0.1676872918813187,-0.3187295601556582,0,-1.159267850561015,-0.8170660828327834
15791.0,-0.4152381970004986,0.2992073267345332,0.9762096290430008,0.9051074305711296,0.8567153541898691,1.2863239065951972,1,1.9054270917835254,0.8001199051920544
15792.0,0.9875317290149478,-0.5571872395918231,0.0027568609994537,0.1304650741914777,0.2466890975132978,0.695577856625844,0,-0.16597180064788572,1.2540111581411988
15793.0,-1.0784157615666077,0.8001660338568091,0.6823382491560159,0.8023831480208053,-0.9802035124500996,0.0957079011912486,1,1.0058339232864655,-0.5866821060052506
15794.0,1.377859217618911,-0.5571872395918231,-0.1295792563022992,-0.3576310176485259,-0.8098576192004525,0.4462693127072344,0,-1.0967944252301318,1.2648743769600768
15795.0,0.3611612137995771,0.8001660338568091,0.5438618137695909,0.6857352079090798,0.7865535568710715,-0.1646377365572993,1,1.089209378872997,-0.09684483245052884
15796.0,-2.4120140217391843,1.6565606001831652,1.236104500163377,0.8216048824065979,0.9637379981128577,0.1159439906513035,1,2.876584737166782,-1.6153937772858067
15797.0,0.1808966364835151,0.4896629879592288,0.7989071577153107,0.6222087176356097,-0.9802035124500996,0.7050140333624647,1,0.6399803213650381,0.6616276128039201
15798.0,1.1212955486788323,-0.2017513803877423,0.3607492556012485,0.401109067416159,0.4465549626877331,0.8200314209875718,1,0.3650466884764439,1.3610835062532898
15799.0,-0.070754899282162,0.0739460908215904,0.3066707644610177,0.6527825854490907,0.9927301689877396,0.3281275678803847,1,1.021906009844511,0.239795839195377
15800.0,0.1462219650521856,0.654643185938614,0.2083955598028981,0.1106659589866475,1.258120370257919,-0.6141332525924355,1,0.7194354982734479,-0.6195854992008791
15801.0,-0.3873500989396135,-0.2017513803877423,0.0966557246884306,0.0902522913125902,0.3014022381220454,0.3227023030240487,1,0.34838006491820833,0.10463997841495883
15802.0,0.3307197273670667,-1.058145946714099,-0.5202240282935011,-3.628661084298931,-2.515817022689194,0.6497939308463765,0,-3.3566760180677355,0.7105837986123725
15803.0,-0.3225146116861712,0.0739460908215904,0.5253611401913122,0.478896485901106,0.1083521949576072,0.7398555590071407,1,0.8834366527124282,0.4567381793398135
15804.0,-2.4120140217391843,1.3460575542855853,1.0866892229460947,1.0786189748272563,1.133714926635295,0.1984097289914972,1,2.889088060900891,-1.4475024047194218
15805.0,-0.8183807704906293,2.3282062876889484,1.7241165013263804,1.6616134791791315,1.692716266781489,0.2640997122480144,1,3.644942342330425,-0.7483357141434074
15806.0,-0.3873500989396135,-0.2017513803877423,-0.1225925476917703,0.1261164901602268,-0.4437267787202448,-0.0899196935430642,0,-0.17712019439662138,-0.19253547267795476
15807.0,-0.3349679194593694,0.2992073267345332,0.4822416167393664,0.739812668866803,0.5698454386786636,0.3561236990402933,1,1.1588044728119258,0.0874575785756914
15808.0,0.816224995258786,1.904492494064476,2.150358229141777,1.759946024556804,1.7189901967493495,1.5504192646606627,1,3.6135412035392074,1.3140460377557184
15809.0,-0.540774126845729,0.654643185938614,0.2266243331291405,0.2251631403646062,0.1571027565423948,-0.5799146951507056,1,0.5493769270725951,-0.9088104817131875
15810.0,-0.0462426723707365,0.8001660338568091,0.8429724526853035,0.789779726425166,0.607142454731596,0.3978928166754297,1,1.508101387520815,0.15311729054512807
15811.0,-0.8456753236698794,0.654643185938614,1.0304522045189637,0.8888916091934528,1.2864824609043526,0.9319132598476776,1,2.2790450097889683,0.16379234422190947
15812.0,0.1462219650521856,1.2544959545938104,1.2396646720716216,1.2735120664653228,0.5887058798168258,0.5947268286638827,1,2.1135179698515585,0.3475564149591275
15813.0,0.5696268012260529,-0.5571872395918231,0.2430847386914502,0.127206334550111,-0.0378814165327151,1.1484522145172362,0,0.09991814237035271,1.4032830879554201
15814.0,-1.0028785328055103,0.4896629879592288,0.7496012549351231,0.8189474204527596,0.5505411819726732,0.6121875957184204,1,1.6851955814332096,-0.11266597435053453
15815.0,-0.1794070292720186,0.2992073267345332,0.5864941350633153,0.8659212419506803,-0.1914684658752519,0.5523542019100002,1,0.9640268644170732,0.3784413377492127
15816.0,1.1819481115290005,-0.5571872395918231,-1.3394255037653555,-1.448851553929116,-1.0458699940988507,-1.8280555869219668,0,-2.930841856248077,-0.7831363964721715
15817.0,1.0202674598207486,-0.2017513803877423,0.7848080676886147,0.7667136324166158,0.9336836095984208,1.619069362450802,1,1.2214545781014836,1.967301948403628
15818.0,1.2340986653209314,-1.058145946714099,-0.7229004182431988,-0.3667980083921493,-1.0458699940988507,0.2675227193665713,0,-1.7088342890321406,1.1595449536901445
15819.0,-0.3476678433474425,1.0480979277381186,1.0386034082517914,1.1656438749459173,1.189356113787718,0.4635329418601194,1,2.2409815870473215,-0.01299348741343325
15820.0,0.8448238506952722,-1.058145946714099,-1.0802467141133618,-0.8881581216111365,-0.7132292345010023,-0.4064738989569134,0,-2.0743774077701316,0.33290136009572174
15821.0,-0.4152381970004986,-0.5571872395918231,-0.3512751206921581,-0.589951674024074,0.2466890975132978,0.028753520599646,0,-0.44355050001882185,-0.1290355746818409
15822.0,-1.9674812683483247,0.4896629879592288,0.4911182502119022,0.4257720884630957,0.0741642041589574,0.1257686584677345,1,1.328644009274741,-1.0547860376738134
15823.0,0.94111068223374,-0.2017513803877423,1.031682534779128,0.8365877840270219,1.0583966506364906,2.0844185320648485,1,1.5931698231478069,2.301909693523621
15824.0,1.0671431268633091,-0.5571872395918231,-0.0310941021371044,-0.0253017876707187,-0.4437267787202448,0.6318008586670883,0,-0.5868651143554467,1.2613139178651616
15825.0,0.4483889813387123,-1.058145946714099,-0.400841543138006,-0.5340738587593296,-0.586765087019821,0.8749631636375641,0,-1.009436456160831,1.1820930708290933
15826.0,-0.2636361169073439,0.0739460908215904,0.7396457795568722,0.8544885423436139,0.7017426726202728,1.1434787609734334,1,1.5159057737242219,0.8270436918742623
15827.0,-0.0962413734548695,2.245808014503504,1.0123674990766114,0.8544885423436139,0.8766449105123539,-0.9787989667168951,1,1.9400081607315336,-1.3802373834667765
15828.0,0.9462481612329638,-1.058145946714099,0.126394597319994,-0.1986886419931085,0.457567115373851,1.869391760865088,0,-0.012537802406065562,2.247639319861749
15829.0,0.0968649100434169,-0.5571872395918231,-0.2735084529136402,0.4568406600111304,0.0384893202353487,0.1751877979527675,0,-0.11474726768921364,0.3853323162936919
15830.0,-0.5070123740010525,-1.058145946714099,-0.3449532072940756,-0.1180505276067852,-0.0581390644641013,0.980375056241098,0,-0.23684671959081544,0.7605101347355484
15831.0,-0.2415192631816249,-0.2017513803877423,-0.1070036016678055,0.5250821093562177,0.3274486497920416,-0.0605909965008844,1,0.3020135988136694,-0.08300744055336962
15832.0,0.6972051697365015,-1.058145946714099,-0.0762258556180058,-0.0433989551539095,0.2031181655606824,1.4872260530861998,0,-0.1829632456063132,1.8283995835869915
15833.0,1.3795972273515245,-1.058145946714099,-1.7562111221967038,-1.967436469196142,-1.614523128595098,-1.6814212831065,0,-3.841805235751415,-0.4732358971975303
15834.0,-0.1227827554391228,0.654643185938614,1.0083537528424282,0.8526840941917745,1.6829495674195714,0.890298170035638,1,2.1778781310530015,0.5060689132950954
15835.0,-0.4152381970004986,0.0739460908215904,0.0181993058402994,-0.0811593109439519,0.0914362748936436,-0.2145584281552649,0,0.10340706344491801,-0.42232505835889284
15836.0,-0.3349679194593694,-1.058145946714099,-1.3738961106379772,-1.9168175809686256,-1.117253523671916,-0.9603307669800648,0,-2.6704104413772627,-0.8490164640634641
15837.0,-0.1696156146721137,-0.5571872395918231,-0.1295699942389753,-0.1340542596956857,0.1727297634470911,0.4462867596092346,0,-0.10092816787599587,0.39301167141981475
15838.0,-1.2629135238814884,2.478149591821275,3.1543854260148403,3.2010001447035643,0.3014022381220454,2.7883832315454047,1,5.460559097087333,1.2268586823831498
15839.0,-0.5950029105353472,-0.2017513803877423,0.0861181178100614,0.2012781287866438,0.2324210325411989,0.3028646817840036,1,0.42549375085487573,-0.011316912727286306
15840.0,-0.2307404346856175,-0.5571872395918231,-0.691803328884367,-0.1487983103404511,-0.3805884749031534,-0.6120899821346102,0,-0.915745174382089,-0.4741376638508422
15841.0,-0.0962413734548695,0.9303406571479472,0.7785341663733382,1.0324348430570962,0.2880622196936218,0.117063154982527,1,1.4431837361126771,-0.09735575214845416
15842.0,0.9762376600515654,-0.5571872395918231,-0.3797489868642877,-0.3396716509860114,-0.4437267787202448,-0.0248558923751281,0,-1.0767412504974498,0.6482435694875248
15843.0,0.8120333123706301,-1.058145946714099,-1.4768373594436148,-1.892897819902408,-1.2818823689972492,-1.154489918432988,0,-3.1945989241934747,-0.36603862909167567
15844.0,-0.3873500989396135,-1.058145946714099,-1.4092779361510896,-0.8582565662530369,-1.0458699940988507,-1.0270649993522785,0,-2.1641314970659162,-0.8287284318007941
15845.0,-0.9682038613741812,1.15560189306089,1.1233983259880156,0.9558251851769614,0.9088213112787455,0.4938898583216832,1,2.315268253727318,-0.3664733927328743
15846.0,0.9630818100393996,-1.058145946714099,-1.55239239789016,-1.202407826598178,-0.3507527121214226,-1.296995496352214,0,-2.6103853579809124,-0.3705971729696616
15847.0,-0.5070123740010525,0.2992073267345332,-0.0885616346695519,0.1693823794182505,-0.0581390644641013,-0.7168786122854552,0,0.07754090925273785,-0.905055026544564
15848.0,1.270090050410331,-1.058145946714099,-1.3606350266753378,-1.5522358034901935,-0.1676872918813187,-0.9353188224058012,0,-2.5907403031626655,0.04757106689833036
15850.0,-0.9353081791524545,0.4896629879592288,0.0931081527585374,0.6706578499519347,1.5084363488256922,-0.6222131825031623,1,1.295630687364974,-1.1325311590756777
15851.0,1.1639826455004636,-1.058145946714099,-1.5344705324719026,-1.3092999294811465,-1.2818823689972492,-1.2631927766219309,0,-3.0910962438019105,-0.2020023432986357
15852.0,0.5017154078421048,-0.2017513803877423,-0.9242203468241086,-1.3807506813715704,-0.2412044847042052,-1.5948539265180817,0,-1.9289548150561002,-1.0827931933530937
15853.0,-0.3102985242592435,-1.058145946714099,-1.5275407646126669,-0.853402515152758,-0.2941514393624997,-1.250122429575186,0,-1.9992821020170328,-0.9999795815613362
15854.0,-1.8243736859341724,1.904492494064476,1.2907669045636585,0.8097537340515011,1.124063132285242,-0.067486923571096,1,2.8299580909701723,-1.5157690774590795
15855.0,0.3034251741878168,0.4896629879592288,0.0890166521138155,0.2363269886739557,0.435392980203531,-0.6298938855489632,1,0.254983381017283,-0.45367566836245116
15856.0,-1.8243736859341724,2.990819440597063,2.5970574700401974,2.443260335205991,1.799529341632207,1.161149082953448,1,5.350273166238977,-0.6804153827989108
15857.0,-0.9353081791524545,-0.5571872395918231,-0.3518801104353291,0.1061840272393253,-0.5486003891756687,0.0276144320659886,0,-0.28502620610857504,-0.3103994625405282
15858.0,-1.0395356639262063,1.3460575542855853,1.0432716275705132,1.1636197706131897,1.520501170041236,0.116759137567443,1,2.615774806677502,-0.7680373452303788
15859.0,1.0367703053241684,-1.058145946714099,-0.5411675290267731,-0.6875706191280061,-0.5121324717856456,0.6102920559613783,0,-1.3832478931908068,1.2725004478788697
15860.0,-0.4594850640247002,1.6565606001831652,0.7133709124877544,0.6527825854490907,1.4452980450086004,-0.8655371727675681,1,1.8341668436674397,-1.3754523321638594
15861.0,-1.2115801184678894,1.2544959545938104,1.1194012179971078,1.3473492483925815,1.932965280678352,0.3684167363557933,1,3.0023808860290306,-0.6344594903237151
15862.0,-1.4474112861963695,1.3460575542855853,0.825775101325149,0.8004297134431949,1.8669969064568752,-0.2920191297026862,1,2.4852996391914033,-1.3750841518875823
15863.0,-0.7428435417295326,0.2992073267345332,-0.6854852962985087,-0.7262712480428852,0.457567115373851,-1.8343005795694187,0,-0.6879195086536835,-2.052612738563587
15864.0,-0.8456753236698794,0.654643185938614,0.6134680491104072,0.7197745871994163,-0.6688728615528973,0.1470713677969584,1,0.9443462434461583,-0.40126920345586353
15865.0,-0.4594850640247002,0.2992073267345332,0.6356354903219006,0.549596286132849,0.8431548296299944,0.6448702886560312,1,1.3845974530557825,0.22147500373024703
15866.0,0.1095648339314894,-1.058145946714099,-1.002950463418205,-0.8984352203714877,0.0200527453205781,-0.2606841925021165,0,-1.4631523147679526,0.013054168596423362
15867.0,-1.7074462772723475,2.3674323185913275,1.639796948977181,1.5355408768064032,2.0891543045374834,0.0611259990837389,1,3.9410908850951,-1.442210035146611
15868.0,1.2286312392078274,-1.058145946714099,-1.640869334272139,-1.4139201097638212,-1.7640984679528429,-1.4638732746033225,0,-3.4739129156701773,-0.31788087512977753
15869.0,0.752588454545872,-0.2017513803877423,-0.7593402363996944,-0.3902905392135271,-0.2941514393624997,-1.2860086628406036,0,-1.38867783011366,-0.5929921577078779
15870.0,-0.5950029105353472,0.0739460908215904,-0.0543531110028886,0.0146530618758052,0.8961017842882889,-0.350949989704782,1,0.4618387354985831,-0.6578370233858637
15871.0,1.0441334768929462,-1.058145946714099,-2.383183295387295,-2.9060807784127,-1.614523128595098,-2.863963622000429,0,-4.8452290027932605,-1.708957941906692
15872.0,-1.0784157615666077,0.0739460908215904,-0.1124820535026623,0.0120636060160987,1.1044120596547775,-0.4601927149094165,1,0.6362097722709426,-1.0215172097929097
15873.0,1.1303193686941886,0.0739460908215904,-0.7812893905346606,0.5524547040990186,-1.9471638881929467,-1.7138633379051793,0,-1.7746480902637973,-0.6324269296055496
15874.0,-0.1794070292720186,1.904492494064476,1.797697951888541,1.530789186758203,1.48688632403703,0.8861918230728145,1,3.345125486795021,0.2165370478187076
15875.0,1.2943319990854762,-1.058145946714099,-1.52163528255812,-1.2275467185765694,-0.6688728615528973,-1.2389840045226967,0,-2.824955863045782,-0.1299200726495776
15876.0,1.00176641150428,-0.5571872395918231,0.3191260743025469,0.3799492756046707,-1.0458699940988507,1.2917707716165632,0,-0.2539093683226054,1.8271464239520596
15877.0,-2.1519790306632065,-0.5571872395918231,-0.4564578705213493,-0.191578076103695,0.8634124775613803,-0.1692606179310676,1,0.42982790128150156,-1.2313476996572883
15878.0,1.2051450416307885,-0.5571872395918231,-0.7437296831954013,-0.468955852714794,0.0914362748936436,-0.7097451269868733,0,-1.3730155738366592,0.1827379683991221
15879.0,0.9938972919331752,0.0739460908215904,0.1572039706325846,0.1693823794182505,1.1384985731749109,0.0468736929052245,1,0.3644710926197406,0.5421913012783046
15880.0,0.935931715741001,-1.058145946714099,-0.218628303708912,-0.1070751917177317,0.6600894093898906,1.2186384965241783,0,-0.24887263996804063,1.7154258896671006
15881.0,0.8286381285590276,0.2992073267345332,-0.444730539518839,-0.4246569123197467,-0.3805884749031534,-1.3844612801276626,0,-1.129599636469576,-0.7568702041398665
15882.0,0.5413976634342754,0.8001660338568091,0.3420334726654845,0.3242686802044462,0.1249263557760024,-0.5437632772843352,1,0.3740354994190021,-0.31151602572390436
15883.0,-2.1519790306632065,-0.5571872395918231,-0.6135165824011903,-0.5252055769172435,0.0011923041824166,-0.464823460067824,0,-0.2520745433994241,-1.465631483435022
15884.0,1.0367703053241684,-0.5571872395918231,-0.9456290428952464,-0.7506340680270399,-0.862804573858747,-1.0892306616368364,0,-2.0636864470353853,-0.20273130533725398
15885.0,0.0571826544512456,1.5110377522649707,0.5335849588749454,0.1475774784982984,0.5505411819726732,-1.0334626331163048,1,0.8632779260453003,-1.199367894063382
15886.0,-0.2201397768252409,0.0739460908215904,0.0891192232721743,0.1934480251337977,0.2607132519567318,-0.0811941775216019,1,0.31734161228188,-0.18711668269211912
15887.0,0.9986303407132076,-0.2017513803877423,0.0713147844259246,0.1293806206254263,-0.3507527121214226,0.2749975309934708,0,-0.36318928652664995,0.8607719803877966
15888.0,-0.0304066776915911,-0.2017513803877423,-0.556580633289016,-0.8343368051868192,-0.1914684658752519,-0.9056229040879802,0,-1.0958408924413363,-0.764459362455289
15889.0,0.3902229910202726,0.8001660338568091,0.4777739169010044,0.4522064721717343,1.4679533363137638,-0.288827570616559,1,1.1832879549628783,-0.2352767615673916
15890.0,0.9794848831855826,0.2992073267345332,-0.3971934395166009,-0.935724935040335,-1.117253523671916,-1.2954863383670214,0,-1.6727483205604012,-0.6203370419248311
15891.0,0.6254293898743742,-1.058145946714099,-0.4122955331603182,-0.0766900687954025,0.2880622196936218,0.8533596081213364,0,-0.4982178532328528,1.2687840907022891
15892.0,1.3167343976054071,-1.058145946714099,-1.4233069422957567,-1.5522358034901935,-0.0789096183560038,-1.05352533435287,0,-2.635023690515692,-0.026429148938121347
15893.0,1.1068536340446045,-1.058145946714099,-0.8013355154310978,-0.3576310176485259,-2.515817022689194,0.1195850161540952,0,-2.3589396014514774,1.0363975706035558
15894.0,0.6946852246521797,-0.5571872395918231,-0.5715947680963865,-0.3691098594149052,-0.144576100004755,-0.3859468288451179,0,-1.08223334563185,0.18488874661169352
15895.0,0.3611612137995771,-1.058145946714099,-1.1836814281462205,-1.0893783142783806,-1.0458699940988507,-0.6015637831423462,0,-2.2663859283665584,-0.09617043956255285
15897.0,0.5251607151948186,-0.5571872395918231,-1.0298383112962584,-0.4221417240201969,-0.7132292345010023,-1.2473899140780416,0,-1.7768398390084936,-0.5856587594852408
15898.0,-2.4120140217391843,2.110890520920167,1.2923779440126908,1.039817363028866,1.544111232749301,-0.3004592732229422,1,3.3129071676423507,-2.078499006147469
15899.0,0.935931715741001,-1.058145946714099,-1.5166660942431538,-1.210681155040306,-1.7640984679528429,-1.2296115382097488,0,-3.155024171497677,-0.2687348337786058
15900.0,-0.7922005967383016,0.0739460908215904,-0.0234916681300995,0.1875136606156799,0.7017426726202728,-0.2929389876277318,1,0.556625075256524,-0.6932191666814658
15901.0,-1.0028785328055103,0.654643185938614,-0.2013760721086215,0.2270369904605881,1.0040461146997783,-1.38202108301336,1,0.5928007074778895,-1.849957037419834
15902.0,0.954720215728158,-1.058145946714099,-1.3351686558622304,-0.9088754544805528,-0.6688728615528973,-0.8872862892373519,0,-2.3709561294331496,8.22264206015137e-05
15903.0,-1.3187161125298097,1.2544959545938104,1.629863007377121,1.3584973277990586,0.2607132519567318,1.3294866545268764,1,2.8883945065208336,0.16039682898894575
15904.0,-1.4474112861963695,-1.058145946714099,-1.2440978554699755,-1.1625337434223335,-0.2672508963742018,-0.7155161821961556,0,-1.4776637015882936,-1.2244611804838075
15905.0,1.183128103028089,-1.058145946714099,-1.5028945767469353,-1.178194505634738,-0.5121324717856456,-1.203636856706386,0,-2.682029440387842,-0.16446750231739568
15906.0,-0.9040178174155592,1.0480979277381186,0.7277267456041261,0.2713538538233589,0.9927301689877396,-0.1211448753584823,1,1.5821436372272353,-0.8731061328675292
15907.0,-1.8243736859341724,-0.2017513803877423,0.0282092660130234,0.0159439767922851,1.1573590143130723,0.1938581686725376,1,1.0443922860215973,-0.8350906284875701
15908.0,1.1186938201661043,-0.5571872395918231,-0.1411850358488337,-0.6875706191280061,-0.1002197270566499,0.424407791663569,0,-0.8886839014573624,1.0399496780654898
15909.0,0.4557606165093461,-1.058145946714099,-1.134336354374122,-1.0622519568722428,-1.3785107536966998,-0.5084932427794447,0,-2.3688632089447905,0.04871767051580556
15910.0,-2.4120140217391843,1.5110377522649707,0.7624356490635412,0.968976983698318,1.820566213675165,-0.6044585599922058,1,2.789587759843292,-2.183207598987704
15911.0,1.2721455816534404,0.8001660338568091,0.435091798380078,0.3218431546327024,1.094407142278882,-0.3690110531861603,1,0.6465375354277793,0.18807786398411655
15912.0,0.4702544582071883,0.9303406571479472,0.1038931914050592,0.2783139287067839,0.5505411819726732,-1.1492752046139338,1,0.30560256176918144,-0.8988180767097064
15913.0,1.1724291954243062,-1.058145946714099,-3.4939221881943614,-3.172763669970543,-2.515817022689194,-4.958946181619127,0,-6.565909798267216,-3.320624059540015
15914.0,0.9513448121530388,-0.5571872395918231,-1.0836849799131818,-0.7889587489815226,-0.91940584661767,-1.348480403922156,0,-2.225005987014271,-0.4609127314506315
15915.0,0.9907224082272228,-1.058145946714099,-0.5564968794205157,-0.0634617157485895,0.7413828979433381,0.5813791206773582,0,-0.5708440498776822,1.2305073365236887
15916.0,-1.0395356639262063,1.3460575542855853,0.939100278302328,0.8093678607997137,1.3697273015336937,-0.0790818530223372,1,2.2759641445167613,-0.9554280510916053
15917.0,0.6819348007287381,0.2992073267345332,-0.3644084993762787,-0.4171400197733095,0.8961017842882889,-1.2340974509912914,0,-0.46487049834998234,-0.7719373263964364
15918.0,0.5152174896819478,-0.2017513803877423,-0.3364118611259781,-0.4770927103734043,0.1249263557760024,-0.4920160012694378,0,-0.7329278578536581,-0.10796530347971915
15919.0,-0.9040178174155592,-0.5571872395918231,-0.0153755144226168,0.3021100463966054,0.7257558910386418,0.6614150982004693,1,0.6842743992280431,0.18263992957067968
15920.0,0.3779288407609402,0.9303406571479472,-0.3504189204391143,-0.4770927103734043,0.6428173386552047,-1.9973749792367,0,-0.4628415945446346,-1.7165714691423446
15921.0,0.4520853904121776,0.0739460908215904,-0.1066894945368997,-0.2449609484229135,0.4009658426149288,-0.4493080990243076,0,-0.24796923118648653,-0.1659719247720156
15922.0,0.942827752064887,-1.058145946714099,-0.1656639228085141,-0.3855244245982789,-1.0458699940988507,1.3185354704987886,0,-1.0344505216892534,1.8482490454580387
15923.0,0.942827752064887,-1.058145946714099,-0.9329222514453368,-0.4662657837754595,-0.5486003891756687,-0.1286028512305608,0,-1.6814790243696522,0.6466738885760415
15924.0,1.3734934744233138,-1.058145946714099,-1.5809027995029203,-1.0298453562635617,-0.862804573858747,-1.3507694251605509,0,-2.900222706005823,-0.1483869291118032
15925.0,0.5251607151948186,-1.058145946714099,-1.0796579517381086,-1.0963383891618057,-0.9802035124500996,-0.4053634247348413,0,-2.1829249879111035,0.1491317014522302
15926.0,1.1819481115290005,-1.058145946714099,-1.3893186192813285,-0.7631624647057185,-1.3785107536966998,-0.9894194095427968,0,-2.725655970393402,0.0885987827190825
15927.0,1.2953224629098814,-1.058145946714099,-1.4506461026677429,-1.2902342195152068,-0.91940584661767,-1.1050901661462214,0,-2.883370929464574,-0.016118160809374508
15928.0,1.3041684679689238,-1.058145946714099,-0.8295242916286395,-0.7262712480428852,-1.0458699940988507,0.0664177102343392,0,-2.013110289540127,0.999195471054024
15929.0,1.2923464705681624,-1.058145946714099,-0.3228172058962467,-0.9302666386620904,-2.515817022689194,1.0221261258835308,0,-2.1774187342621842,1.8113452956417027
15930.0,-0.150470157144488,-1.058145946714099,-0.5608313379492715,-0.8343368051868192,-0.5486003891756687,0.5732038284624746,0,-1.118181244098479,0.5768833079676107
15931.0,1.0308182885991817,-1.058145946714099,-0.97436276390251,-0.9412289080697872,-0.862804573858747,-0.2067644708710098,0,-2.106909582449899,0.5981083559740661
15932.0,-1.8243736859341724,0.8001660338568091,0.7106804306602771,1.0140319545777978,0.6428173386552047,0.1490121306942486,1,2.042343785618046,-1.0046810133633237
15933.0,-0.8741833591389503,-0.2017513803877423,0.1255110237250243,0.3792073455329857,0.3274486497920416,0.3770267416323388,1,0.6775416911583765,-0.09109370151143664
15934.0,1.0156919930971386,-0.5571872395918231,0.6167304316144742,0.9674611477224434,-0.2941514393624997,1.8527702350902024,1,0.6466768440246323,2.314316659895656
15935.0,0.6583250720961007,-0.5571872395918231,-0.5774856059574985,-0.958022695435433,-0.9802035124500996,-0.3970312148261982,0,-1.7013231917665115,0.13410065271601163
15936.0,0.9530347346034082,-0.5571872395918231,-0.8562916882266645,-0.5614195452564948,-0.7601216003714991,-0.9213597953912396,0,-1.8111426049210841,-0.09842234026713033
15937.0,-0.1794070292720186,-1.058145946714099,-1.333492627787012,-1.2536847648443734,-1.3785107536966998,-0.8841251056236763,0,-2.472591236426601,-0.6236079556972143
15938.0,0.1752461576507922,0.9303406571479472,-0.1697556330460096,-0.0663784430952912,-0.3507527121214226,-1.6607819555862484,0,-0.4284831213827175,-1.4696623377240874
15939.0,0.0363810947797576,1.5859404542672264,1.6395139010288315,1.6653005606467943,0.1727297634470911,0.9572710992117098,1,2.6049612801981388,0.5501971794577999
15940.0,0.8265858861715248,-1.058145946714099,-2.328273764667246,-3.0259974839117305,-2.515817022689194,-2.760397869544751,0,-5.14988744218893,-1.7165115606162356
15941.0,1.2853483085455746,-1.058145946714099,-0.5982338527019845,-1.3807506813715704,-1.4880589811139169,0.5026583414895744,0,-2.2529180845361365,1.2959612366418007
15942.0,0.2893295474663386,-1.058145946714099,-0.7293863727360002,-0.4992963694822978,-0.862804573858747,0.2552894558760314,0,-1.4074369173267072,0.6089388267930219
15943.0,1.298284709279553,-0.5571872395918231,-0.8861003596079458,-0.6545860563214968,-0.9802035124500996,-0.9773808687439702,0,-2.0856675110629723,0.04643450383767052
15944.0,0.752588454545872,0.0739460908215904,0.60799105059527,0.3596174158749974,-0.4115503779538524,0.8954767013807273,1,0.3639110375832502,1.1847999000088543
15945.0,0.9289607210324548,0.0739460908215904,-0.0844609990385552,-0.1471436655965733,-0.4437267787202448,-0.4075362304980453,0,-0.6779936352898284,0.1774502322463101
15946.0,1.134148187223855,-0.2017513803877423,0.6531200379835451,0.774085426211016,-0.4115503779538524,1.3708872389724196,1,0.49059015222139113,1.889778862223543
15947.0,-0.0149523106338413,-1.058145946714099,0.4375834638448492,0.3887877638884077,-0.2941514393624997,2.456330106446476,1,0.5819715641235423,2.2869574373060404
15948.0,-1.4474112861963695,-0.2017513803877423,0.3483166893184875,0.3542419667226139,0.3274486497920416,0.796612907004671,1,1.0811750400041213,-0.06899004636109382
15949.0,-1.0028785328055103,-0.5571872395918231,-0.6735251342006406,-0.3667980083921493,-0.9802035124500996,-0.5777103916222407,0,-1.0072640085710107,-0.86578822846323
15950.0,-0.6141483680629726,1.0480979277381186,1.4719867909432611,1.2608113845348552,1.3624991221135656,1.2795421335039747,1,2.9010447837228486,0.5029362417598824
15951.0,-1.3798409325433134,-0.2017513803877423,0.0614494844836922,-0.1101923583997979,0.0384893202353487,0.2564268024524109,1,0.41691746141996666,-0.5028610512252037
15952.0,-0.5764124726865254,0.0739460908215904,-0.1026988152002953,-0.1438468118825893,0.3526935049184267,-0.4418091490359058,1,0.10443122431294014,-0.7128435214051262
15953.0,-1.0784157615666077,1.7233615276208618,0.9883275447339293,0.8645029752258055,0.7178293264081053,-0.4269913726195067,1,2.1206006769195582,-1.324660399756523
15954.0,1.235186579405105,-1.058145946714099,-1.13879453416956,-0.935724935040335,-0.586765087019821,-0.5169018876730104,0,-2.228156299029082,0.44764254837423295
15955.0,-0.7922005967383016,1.959413366567396,1.6068121491035647,1.4048906869672912,1.3515360227957012,0.4638182504093355,1,3.222017820359918,-0.48352054276723355
15956.0,1.1924906809695346,-0.5571872395918231,-0.2947879661874959,-0.3807925988742401,-0.6688728615528973,0.1351159954729727,0,-1.1668106014443993,0.9025095592332464
15957.0,-0.6141483680629726,-0.2017513803877423,-0.0001317871011792,-0.0533538404792291,0.8567153541898691,0.1405160056263267,1,0.4794770068738101,-0.20668853622875757
15958.0,-0.0876328522714647,0.0739460908215904,-0.4568807752370697,-0.7262712480428852,0.1411722937225966,-1.1066480563411007,0,-0.785322167758346,-1.0315801376272162
15959.0,1.3290588383452664,-0.2017513803877423,-0.3406078086451971,-0.3714298651318708,0.2607132519567318,-0.4999029511718219,0,-0.8850034313850262,0.337473880123102
15960.0,0.9445402369244064,0.0739460908215904,-0.5877500702818425,-0.4297163291046267,-0.4437267787202448,-1.3518498737399849,0,-1.3492655373606004,-0.6070114921721247
15961.0,0.9530347346034082,-1.058145946714099,-0.5204311158931361,-0.7673921959311133,0.0011923041824166,0.6494033395810864,0,-1.1593746136398655,1.2272134998757125
15962.0,1.0614676455862315,-1.058145946714099,-0.8239190000312345,-0.4908819143496147,0.0200527453205781,0.076989941218764,0,-1.3779149273593725,0.8504288721152302
15963.0,-0.9040178174155592,-0.5571872395918231,-0.4900604096255337,-0.3352573999280677,-0.3805884749031534,-0.2325079206926578,0,-0.5793553712181697,-0.5555917805294656
15964.0,1.3109653164344783,-1.058145946714099,-0.8816943392056156,-1.0893783142783806,-0.586765087019821,-0.0319810588337274,0,-2.0507396057565876,0.8663458464459349
15965.0,-1.0028785328055103,1.3460575542855853,0.8463393078356796,0.6959039702987088,1.274447139088575,-0.2533886628375708,1,2.0731709126563134,-1.0835466264921574
15966.0,1.0643116644325106,-1.058145946714099,-0.5609998662155338,-0.3879031647636542,-0.3507527121214226,0.5728859645784344,0,-1.2049193715748123,1.280244569632092
15967.0,-0.8183807704906293,1.2544959545938104,0.853123297989256,0.5814683043421845,1.6400928747608428,-0.132300952211208,1,2.1152694211806455,-0.8875588818689966
15968.0,0.9680469331528012,-1.058145946714099,-0.5754363857654946,-0.4425378060430995,0.4126028186801636,0.5456570119644417,0,-0.8988057965806708,1.1657478560087684
15969.0,-1.9674812683483247,0.2992073267345332,0.1381349610142684,-0.5252055769172435,-0.2412044847042052,-0.2910768055475121,1,0.37056590126425193,-1.424514187360276
15970.0,0.8120333123706301,-0.5571872395918231,0.064392146695924,0.0016026151001768,-0.6267921989603487,0.811710101867732,0,-0.469279640280956,1.2776073153606093
15971.0,-0.9682038613741812,1.7233615276208618,1.3307964890218518,0.9927669527682976,-0.9802035124500996,0.2165725968470483,1,1.8044367950796103,-0.6543788826670431
15972.0,1.071367018304198,0.2992073267345332,0.4793630439624378,-0.0225612797941685,0.7336066022127771,0.3507063163064944,1,0.42673221707460174,0.7721274029837168
15973.0,0.932455689893557,-0.2017513803877423,0.0436604199452833,-0.3286910797782772,-1.2818823689972492,0.2229414174948274,0,-0.9742313503121796,0.7778293532722219
15974.0,-0.4907754257615954,0.654643185938614,0.9422421790148562,0.9959718008930531,0.9812559531764108,0.7658113387778048,1,1.9982621841581079,0.24875484471946407
15975.0,-0.0073625747303351,-1.058145946714099,-0.6612370591668227,-0.468955852714794,-0.4437267787202448,0.3838269765318528,0,-1.0541058570840252,0.534259012071371
15976.0,0.4218998096527606,0.4896629879592288,0.4535932272566949,0.5088263937438549,1.4961914490148744,0.0551888678810636,1,1.1737224883972888,0.14612217474273068
15977.0,-1.0028785328055103,-0.5571872395918231,0.0903898941296254,0.4699040673670961,0.1083521949576072,0.8606976242998238,1,0.6498855451033716,0.33401562612267527
15978.0,-0.0624796206101934,-0.2017513803877423,0.9073544544178592,1.0468489860906776,0.7567177940893411,1.85005257264876,1,1.7474996799594842,1.5952234620191568
15979.0,1.2502267205812954,-1.058145946714099,-0.7471041191698804,-0.0649184626094477,-0.5121324717856456,0.2218717282578694,0,-1.3758533883362751,1.1379475990944248
15980.0,0.0292945563903604,0.654643185938614,1.4105387477989475,1.4991047494984342,0.7098254282188435,1.6479427262057391,1,2.4574825589799616,1.3112593452517498
15981.0,-0.7670473650770303,1.904492494064476,1.6631677009208443,1.4943538810744914,1.0370865419358446,0.6329455573403333,1,3.181463272709358,-0.29501249403934016
15982.0,1.252346805813942,-1.058145946714099,-0.7574560998418167,-0.8730374341016977,0.0565206627106016,0.2023466903703345,0,-1.5313712822119272,1.0167996781958097
15983.0,-0.8456753236698794,0.8001660338568091,1.042989619587234,1.0484610480222134,0.9578145568046976,0.7743813525022898,1,2.2371054333557674,0.02885498276939847
15984.0,-1.9674812683483247,2.3282062876889484,1.6151649890860522,1.6465468383387574,1.9437600819107883,0.0592339056317918,1,3.9847893776725107,-1.5584403253447041
15985.0,0.2348212583467873,0.654643185938614,0.7713726413498241,1.1244070176057817,0.1411722937225966,0.4441640716701093,1,1.301974615229284,0.4375411943350901
15986.0,-0.6542442484349309,-0.5571872395918231,-0.6941109130908991,-0.1969037808196001,-0.4115503779538524,-0.6164301620846168,0,-0.8216460591013972,-0.7138512674893007
15987.0,-1.2115801184678894,0.8001660338568091,0.4264908891086598,0.8139834652768959,0.9927301689877396,-0.3851665769260948,1,1.6010232648964997,-1.1360789169616343
15988.0,-0.9353081791524545,-0.2017513803877423,-0.1360079747691916,-0.014407610016013,0.8082392174469527,-0.1151578916545324,1,0.4335268198385597,-0.5840991029725536
15989.0,0.9479515492166356,-0.5571872395918231,-0.6583373617879096,-0.6989435988405914,0.5307717179635321,-0.5491417874392558,0,-1.1278410346206276,0.1287117816317942
15990.0,-0.4152381970004986,0.654643185938614,0.554757781552706,0.5161008008596119,0.8293663864529791,0.0366533545105451,1,1.2744923053811632,-0.34141077737045
15991.0,1.1724291954243062,-1.058145946714099,-1.3083334128689013,-1.6262149283445646,-1.4880589811139169,-0.8366719041480923,0,-3.088052888534324,0.12523917577101815
15992.0,-1.8243736859341724,-0.2017513803877423,-0.0265358683206038,0.0223608173365031,0.1880646595930938,0.0908235605993933,1,0.5865758002225772,-0.8745975779410482
15993.0,-1.3798409325433134,0.654643185938614,0.7928789424962565,0.9315964173215004,1.6878474509651678,0.4846393684957602,1,2.3801196467612185,-0.5054729816169629
15994.0,-0.2749873017098188,-0.2017513803877423,0.1845970592251759,-0.0377773744462167,0.6428173386552047,0.4882771468625009,1,0.4883703905880215,0.27233542645632375
15995.0,1.0095401454577722,-1.058145946714099,-0.2086056657183518,-0.2241990227917721,0.7642790739473241,1.237542355862831,0,-0.27297068552836345,1.754771819577805
15996.0,0.0221288371626836,0.654643185938614,0.4285301659206649,0.2678460005014682,0.9754580982530536,-0.2006527925302958,1,0.9481081873204109,-0.32460777866501195
15998.0,-0.5236711079833221,1.5859404542672264,1.577080018917619,1.5646998377337318,2.269820912959956,0.839716821304156,1,3.537207533020165,0.0435501955686987
15999.0,1.377859217618911,-1.058145946714099,-2.7189123041749994,-1.967436469196142,-2.515817022689194,-3.497187526126817,0,-5.239133683064296,-1.9036024019334372
16000.0,-1.9674812683483247,-0.2017513803877423,1.865237136546304,1.531819491944499,-1.1954453334565955,3.6561214800719033,1,2.776602447008261,2.145900058006546
16001.0,0.9564012788108172,-1.058145946714099,-0.3357827214001938,-0.2546192855417444,-0.2941514393624997,0.9976716577514304,0,-0.845647304803534,1.575604246766405
16002.0,1.2731708819498868,-1.058145946714099,-1.2246600339435203,-1.2809046880716817,0.0011923041824166,-0.6788541931737027,0,-2.2493641090665224,0.2765438758576693
16003.0,-0.6542442484349309,1.0480979277381186,1.2946299320179189,0.98068211425661,1.0096460890517032,0.945501125464423,1,2.446791435626783,0.19812554318669007
16004.0,1.0974910561031592,0.2992073267345332,0.6020259382090142,0.5076061319118196,0.3274486497920416,0.5815939297686102,1,0.6294673624024469,1.0447455526986476
16005.0,-1.2115801184678894,1.0480979277381186,0.6932565587487746,0.6369211762129198,1.6375007934350612,-0.1859260634236576,1,2.0812880366593345,-1.0866607497650926
16006.0,0.5787669825224744,-0.5571872395918231,-0.7089618498785899,-0.5614195452564948,0.4684334074395972,-0.6443613519187825,0,-1.0276870829853861,-0.13468528402999425
16007.0,-0.360624348634749,0.654643185938614,0.8610232697404461,1.0983142019496104,1.692716266781489,0.6129050915820274,1,2.2151523187074043,0.1750291112516497
16008.0,-0.7922005967383016,1.5110377522649707,1.2645308565378928,1.2388820295941458,0.3274486497920416,0.3390060717792595,1,2.32385300320952,-0.435378653826145
16009.0,-0.8456753236698794,0.0739460908215904,0.0467635009405367,-0.1793166116278707,0.3891614223084505,-0.1608484450733031,1,0.34544654270503766,-0.6385459828818464
16010.0,0.6767627952879732,1.15560189306089,0.4442222923613395,0.4124984591744786,0.8634124775613803,-0.7823254958888254,1,0.8074483868642707,-0.5482191275199649
16011.0,-1.4474112861963695,2.28769393059658,1.3280609282855915,1.2775022967349854,1.1848607981176718,-0.4342380722593792,1,3.026081498930854,-1.664418778269693
16012.0,-0.5583457794146515,0.2992073267345332,0.8407472211214989,0.8332462648728789,1.294409025534889,1.031137206879661,1,1.9541796131840308,0.48815802328125646
16013.0,-1.8243736859341724,3.574427058129272,2.9703398701893726,2.6005450691987897,0.2031181655606824,1.2133427858272776,1,5.205859165577686,-0.7093358177214271
16014.0,-0.5070123740010525,0.2992073267345332,0.1401889520721916,-0.0253017876707187,1.3404244345531768,-0.287216409101108,1,0.8096455050869061,-0.639131637693179
16015.0,-1.8243736859341724,-0.2017513803877423,-0.1991590335430635,0.3967866798633863,1.0096460890517032,-0.2339461151393456,1,0.9207683748813325,-1.1365909768153262
16016.0,-1.9674812683483247,1.15560189306089,0.7215844612061085,0.4971414694590939,1.1848607981176718,-0.2616931702970817,1,2.0993074648807095,-1.585744136470686
16017.0,-0.3738480170997701,0.2992073267345332,0.3693558212204577,0.1663113033072214,0.6935794902722501,0.1437137743988632,1,0.8327325487543912,-0.1689648048689425
16018.0,-0.4907754257615954,0.0739460908215904,-0.206603328682067,0.0081602061984428,0.1083521949576072,-0.6370051266086347,0,-0.06250209782331435,-0.7976551086416592
16019.0,-0.3738480170997701,2.202452120611942,2.1124264134286665,1.736517997341144,1.4679533363137638,1.137854355480714,1,3.8509256966163514,0.2547441660267096
16020.0,-1.0028785328055103,-0.2017513803877423,-0.0640977024759268,-0.0130584383864058,0.0011923041824166,0.020139251984925,1,0.19627334389929485,-0.47555239733028043
16021.0,0.9794848831855826,-0.5571872395918231,-0.4017733534961022,-0.3374608222193361,0.8293663864529791,-0.0663198251473122,0,-0.5711815431792878,0.559868696504689
16022.0,0.7121203814881557,-1.058145946714099,-0.2824532499714319,-0.4221417240201969,0.3891614223084505,1.0982572348663089,0,-0.5076982867931127,1.4754483084753525
16023.0,-0.3873500989396135,-0.2017513803877423,-0.1845972244900923,-0.2149741739744117,0.6162076636214244,-0.2065576186692279,0,0.03698791086965021,-0.3685086278781904
16024.0,-1.2115801184678894,-0.2017513803877423,-0.4698183746848406,0.0107650450043412,0.5001945244425666,-0.7426929072044463,0,0.04929686936684497,-1.2277175734789285
16025.0,-0.6542442484349309,-1.058145946714099,-0.5392025416956057,-0.2526762385191352,-0.321964036982949,0.6139982502932109,0,-0.5703751197592815,0.3813156627301678
16026.0,-0.4296506057480915,-1.058145946714099,-0.9858505275663796,-0.468955852714794,-0.2672508963742018,-0.2284317273978854,0,-1.194213253323516,-0.2012472524267469
16027.0,0.0503234960319062,1.5110377522649707,0.5683557891753059,0.946804515415001,-0.586765087019821,-0.9683366186796404,1,0.8056553850280961,-1.0193984610012505
16028.0,1.242750738519486,-1.058145946714099,-1.740450254739841,-2.147939328993969,-1.614523128595098,-1.6516944565224916,0,-3.86728586860057,-0.5425065511360042
16029.0,-0.4907754257615954,3.870308439958154,3.514295165030879,3.1120699769640785,0.2466890975132978,1.9095977679952447,1,5.651627494349185,0.5562727219689806
16030.0,0.8245270555146574,-1.058145946714099,-0.7427095815685195,-0.3691098594149052,-0.321964036982949,0.2301603365816249,0,-1.3025295984580159,0.87167075969737
16031.0,0.0503234960319062,-0.5571872395918231,-0.3795655197855065,-0.1055221309281067,0.6251737972068488,-0.0245104803259871,0,-0.23364553408780792,0.11545731029717542
16032.0,1.071367018304198,0.4896629879592288,0.5404268690292743,0.7171153344981446,0.9151078788768328,0.2185269510849002,1,0.9199600306059221,0.6821379370824002
16033.0,-1.608585561882396,2.202452120611942,1.7684681329847087,1.4164937328882985,2.171689701210616,0.4903443392503713,1,4.012468242059215,-1.0115528580066253
16034.0,0.5317049066607064,0.4896629879592288,-0.0012005833735679,0.1206400144003198,0.0200527453205781,-0.7991982543906551,0,-0.1388045819983601,-0.4583860964122756
16035.0,1.2028627431408645,-1.058145946714099,-1.0439315779381957,-1.7651973438095343,-0.5486003891756687,-0.3379793342758456,0,-2.49152636990698,0.48971417658201954
16036.0,0.0148821476427679,0.0739460908215904,0.7280648882129498,0.6658744038583051,0.8499631098416093,1.12166123929638,1,1.3896303603483737,0.9369023426819952
16037.0,0.736233191538285,0.2992073267345332,0.3484359758371699,0.2843441563722019,0.3145288070742748,0.1043592447808081,1,0.3624636753390321,0.43802776155481327
16038.0,-1.4474112861963695,-0.2017513803877423,-0.4885040852634849,-0.4662657837754595,-0.4437267787202448,-0.7777897659678673,0,-0.5135345531835219,-1.3915104193412646
16039.0,1.024810514465536,-0.5571872395918231,-0.5123354574472327,-0.1276059635480851,-0.3507527121214226,-0.274430995028567,0,-1.094305666143345,0.49004472115184095
16040.0,-0.1696156146721137,0.654643185938614,0.6875216095449964,0.5710149702665375,0.6600894093898906,0.2863809015241698,1,1.2943410449926942,0.008819303953773098
16041.0,-0.6338830081757483,-0.2017513803877423,0.8820901694240558,0.7617527972924533,-1.4880589811139169,1.8024307457589088,1,0.8320843853603106,1.3142001274360708
16042.0,-0.8456753236698794,0.8001660338568091,0.6408053556135777,0.7000190260920628,0.5979759564957379,0.0176064727625746,1,1.4967167595825246,-0.6027096484061982
16043.0,-0.5070123740010525,0.8001660338568091,0.4975592404116576,0.4666624593327295,0.2324210325411989,-0.2516521822788773,1,0.9774973583359732,-0.6416953292880764
16044.0,1.0411983450016138,-1.058145946714099,-0.7221833471108137,-0.7027787172215069,-0.6267921989603487,0.268875198807132,0,-1.631850618893293,1.002190238228133
16045.0,0.2191145500704246,0.8001660338568091,0.9407295684598812,0.9496172963468188,0.7865535568710715,0.5818726571319001,1,1.6788872228237712,0.4559314154522938
16046.0,1.2051450416307885,-1.058145946714099,-0.9867933342885729,-0.4556141997485073,-0.5121324717856456,-0.2302099703790906,0,-1.8003710756423525,0.7080436707830987
16047.0,1.3290588383452664,-1.058145946714099,-1.5515256190626503,-3.628661084298931,-2.515817022689194,-1.2953606508107112,0,-4.7642790522338565,-0.315100511414119
16048.0,0.942827752064887,0.0739460908215904,0.1042481419668809,0.0890994059362388,-0.2672508963742018,-0.0527394360199309,0,-0.297617133508856,0.4881571525550822
16049.0,-0.4749394310824503,0.4896629879592288,0.5140837156851673,0.5598289703977313,1.797395678382385,0.1689687197046216,1,1.6666740949807404,-0.2629779438123295
16050.0,0.4557606165093461,-0.2017513803877423,-0.8121923827391908,-0.1621874941005139,-0.6267921989603487,-1.385060826500719,0,-1.3830331635018558,-0.7985942032895887
16051.0,1.3290588383452664,-1.058145946714099,-1.1475281870494471,-1.1942372750823944,-0.9802035124500996,-0.5333745713825792,0,-2.5517603186819193,0.4775058723779369
16052.0,-0.2865430233339383,-1.058145946714099,-0.6787853946662842,-0.3714298651318708,-0.1676872918813187,0.3507287776123926,0,-0.8251626880218037,0.35150830303586283
16053.0,-0.5950029105353472,0.4896629879592288,0.9814809415105183,1.196138985028979,1.1289032233573464,1.0488312885712494,1,2.2220175537579996,0.4770127421985697
16054.0,0.3395657324261091,0.0739460908215904,0.5903514603926768,0.3054402861129218,0.7717713000569296,0.8622529859121715,1,0.940087032645249,0.8726653614792179
16055.0,0.6083263710119671,-1.058145946714099,-1.3874058211021467,-2.0222782993066613,-1.2818823689972492,-0.9858116500131662,0,-3.096871200827867,-0.3544586836927885
16056.0,-0.4011425702790203,-1.058145946714099,-0.2417483035083351,-0.2354423895492016,0.3650304751021734,1.1750314916089444,0,-0.03954604761502388,0.945573633271546
16057.0,-1.0395356639262063,1.0480979277381186,1.02381672962712,0.8047196369390447,1.1573590143130723,0.435707833751403,1,2.2579332554985787,-0.4505677542956368
16058.0,0.9970565357545048,-1.058145946714099,-1.932893870440088,-2.147939328993969,-2.183176263091345,-2.014665467272909,0,-4.231518533930584,-0.9459381599210306
16059.0,-0.1599714449813229,1.2544959545938104,0.8936832428717622,0.7298699349373117,1.3910374102343397,-0.0560681785875357,1,1.9193566534809916,-0.4379720428160367
16060.0,0.9891290528763732,-0.2017513803877423,-0.3887833090525641,-0.468955852714794,-0.5121324717856456,-0.5904449265027267,0,-1.1970957485345095,0.10204737782356245
16061.0,1.035287471833904,-1.058145946714099,-1.678653202031667,-2.1142026552549544,-1.9471638881929467,-1.5351380376396688,0,-3.859240395793818,-0.5439555691446577
16062.0,-1.3187161125298097,0.8001660338568091,0.8096455507626924,0.9264478905325816,0.939783214329445,0.3351841633688087,1,2.0719296601501673,-0.5981069946991104
16063.0,0.7121203814881557,-1.058145946714099,-0.733914390166741,-0.4196361174135791,-0.4772168596026035,0.2467490890909283,0,-1.3464010223613063,0.8251761088490627
16064.0,1.3682150479281203,-1.058145946714099,-1.5262528408424665,-1.4253590231077382,-0.7132292345010023,-1.2476932557575036,0,-2.9643708425616353,-0.11424398078381547
16065.0,0.9289607210324548,0.8001660338568091,0.6772322207054513,0.7022940921404748,1.3215639934150147,0.0861054384604143,1,1.2837799361113444,0.39599859992280695
16066.0,-1.0028785328055103,0.2992073267345332,0.3543894598520126,0.4160175737163759,0.4897435161402434,0.1155586686270331,1,1.045727615102611,-0.5032984774666414
16067.0,1.206283152308942,-0.2017513803877423,0.9323678256333564,0.6211818307153746,0.2880622196936218,1.8972024429232004,1,0.9835857131710919,2.308862685674669
16068.0,1.2405986385173122,-1.058145946714099,-1.4533158290824824,-1.473214373913271,-0.1676872918813187,-1.1101255802422365,0,-2.6429031251439534,-0.10218769717599398
16069.0,1.0156919930971386,-1.058145946714099,-0.5102903275843739,-0.8390516708165107,-0.4115503779538524,0.6685300441425445,0,-1.3733139896179092,1.2883555059558354
16070.0,-0.8456753236698794,-0.5571872395918231,-0.063134184305131,-0.0547883469122285,-0.2159596295778201,0.5714387445282104,0,0.05622785977175667,0.14806851754394543
16071.0,-0.4011425702790203,0.0739460908215904,0.1052985743729027,0.2223423171467483,0.3145288070742748,-0.0507637018618048,1,0.4268964785808394,-0.2614585220611528
16072.0,0.777475447277631,0.0739460908215904,1.1073699832532848,0.7728625173886673,1.8610876872197588,1.8364229239010528,1,2.0253040260174298,1.9001858889137877
16073.0,0.7971428378544745,-1.058145946714099,-1.4564041318205936,-1.5248267984910486,-2.515817022689194,-1.11595047790006,0,-3.5077621815960023,-0.2510079481872811
16074.0,0.9713357875339578,-1.058145946714099,-0.9022646748961474,-1.6583052409265662,-0.4772168596026035,-0.0707791011065223,0,-2.188805209807094,0.5862808513807622
16075.0,1.134148187223855,-0.5571872395918231,-0.1676824606440146,-0.3975051008243698,-0.0181119525235737,0.3744969787195229,0,-0.751102750078477,1.0334990188984243
16076.0,-1.9674812683483247,1.0480979277381186,0.6310763958694716,0.6968206546823646,0.4240770344914922,-0.3027544969383421,1,1.7750406105526226,-1.536517083878608
16077.0,1.2741945456928905,-1.058145946714099,0.651937450143075,0.344923450442901,-1.2818823689972492,2.860626620944713,0,-0.023078848353431554,3.362359827614857
16078.0,0.7685369722885271,-0.5571872395918231,-0.6769419120940522,-0.5964638157260045,-0.0581390644641013,-0.5841372167703275,0,-1.2881201562643882,0.0383474935203149
16079.0,-1.0028785328055103,-0.2017513803877423,0.2691632041717297,0.3634303015606991,-0.6688728615528973,0.6475289434849527,1,0.44888669099098927,0.10002646049152022
16080.0,-0.0226329437380984,0.0739460908215904,-0.3125242171314906,-0.3352573999280677,-0.2941514393624997,-0.8358650106580721,0,-0.6495302631446244,-0.7179022489884863
16081.0,-0.2636361169073439,0.8001660338568091,1.1288949421595926,0.9907193431217984,1.3980195209492263,0.936139207391238,1,2.3026081339115723,0.45423514279867466
16082.0,1.3176908857749932,-1.058145946714099,-1.5541290896927529,-1.6583052409265662,-0.7601216003714991,-1.3002710988015616,0,-3.107303223839165,-0.2058606869538788
16083.0,0.1095648339314894,0.0739460908215904,0.6677378618047235,0.732044221012627,0.3014022381220454,1.0080164889930676,1,1.0992389079052203,0.9280722738568894
16084.0,0.8014326545102536,-1.058145946714099,-0.5449158318736779,-0.5460873605785668,-0.0789096183560038,0.6032223214420537,0,-1.067324104816288,1.1323102167088348
16085.0,-0.8183807704906293,1.2544959545938104,0.665316935305105,0.6730365901173099,1.4774744457749929,-0.4850685989491285,1,1.8915761195692298,-1.1567330037667893
16086.0,-0.2307404346856175,1.0480979277381186,0.8100328555732894,0.7372333677620366,0.3650304751021734,0.0335792970465186,1,1.4179144301363988,-0.30302973140198564
16087.0,0.9696934685856776,0.2992073267345332,0.4508170720473802,0.1904875357897548,-1.4880589811139169,0.2969863139121464,0,-0.39468581405668113,0.7932995172532851
16088.0,1.2208976805661906,-0.5571872395918231,0.3132836040832861,-0.1880514138269199,-1.9471638881929467,1.2807588187887755,0,-0.9700557009290132,1.9218630846231324
16089.0,0.9647411258391284,-0.5571872395918231,-0.8857035062076479,-0.9194840867058316,0.0011923041824166,-0.9766350952781172,0,-1.6981195335093429,-0.20666571072988
16090.0,1.2721455816534404,-1.058145946714099,-1.0839635373102627,-1.3289348484300858,-0.6688728615528973,-0.413484259200098,0,-2.4004526150923935,0.5158459429551923
16091.0,0.3820531327806657,-0.5571872395918231,-0.7786855771222196,-0.7673921959311133,-0.7601216003714991,-0.7754730063862131,0,-1.647654429504508,-0.31479344594276076
16092.0,0.1920503993361995,0.4896629879592288,0.3849933501724569,0.5726765819430477,0.2880622196936218,-0.0738112607036635,1,0.700677945783324,-0.024309691422086933
16093.0,0.1462219650521856,-1.058145946714099,-2.843588729982052,-2.0821123426729526,-2.515817022689194,-3.7323417458564223,0,-5.041615683364753,-2.7823347362351414
16094.0,-1.2115801184678894,1.15560189306089,0.993415755960404,0.9215842676397582,0.7098254282188435,0.2493329727383554,1,2.1543730709677527,-0.692767625972526
16095.0,1.071367018304198,-1.058145946714099,-0.5272181909431338,-0.4121760645974459,-0.2672508963742018,0.6366021277457514,0,-1.1479319808851127,1.3295288695768623
16096.0,0.7218745649366273,0.0739460908215904,0.383645178222796,0.2251631403646062,0.2607132519567318,0.473021000416504,1,0.35126217877225563,0.7824455844111228
16097.0,0.6609917087814282,-1.058145946714099,-1.1605398634052568,-1.1397203256595403,-1.117253523671916,-0.557916104242687,0,-2.3886011255169253,0.10207134488089999
16098.0,0.0221288371626836,1.4312993642702228,1.1269410707488146,0.9625868618565518,0.5505411819726732,0.1737021985585198,1,1.8814493089045836,-0.13807232402666642
16099.0,-0.3349679194593694,0.654643185938614,0.3782774792176423,0.4326520773339149,0.0384893202353487,-0.2950875264247611,1,0.6943709645548555,-0.5389598511341792
16100.0,1.081115906117918,-1.058145946714099,-0.3367081170535175,-0.0826558324969898,-0.1002197270566499,0.9959262540683376,0,-0.7240584209431307,1.651342642565591
16101.0,-0.1138130260237924,0.0739460908215904,0.8962286464036116,0.8616572338959887,1.0478107868958555,1.4385061807577877,1,1.7827082335648612,1.1334690846517845
16102.0,-0.4443943630945455,-0.2017513803877423,0.4919319052398905,0.4202158067285957,-0.0181119525235737,1.0671630113136694,1,0.808493849178407,0.7232995314550308
16103.0,-1.5229485149574664,1.959413366567396,1.3652203057354684,1.0973184092706676,0.7865535568710715,0.0094570284707125,1,2.814025443832731,-1.2586360113668151
16104.0,-0.1994500729487223,0.9303406571479472,0.7879803917567065,0.4902804017168488,1.211470473151452,0.1348283665140906,1,1.6140219934877413,-0.2353359445484315
16105.0,0.6845052458484283,0.2992073267345332,0.6783106614955051,0.9548977289403598,0.6340429977198944,0.7252219134348227,1,1.1770103152840603,0.9652643243703176
16106.0,-0.1599714449813229,-1.058145946714099,-1.5433098669963918,-1.244856163309911,-1.4880589811139169,-1.27986478818771,0,-2.743061332458363,-0.9274526499519471
16107.0,-0.9682038613741812,0.654643185938614,0.8906298822190923,0.5660047992357687,-0.7601216003714991,0.6686400935103114,1,1.1665850118254084,-0.05774588177562554
16108.0,0.0001383902963132,0.0739460908215904,0.6314598400816406,0.7139992226987668,0.8766449105123539,0.9396813040847284,1,1.3253210661411507,0.7851340148922512
16109.0,0.6025224834477799,-0.2017513803877423,0.0070912227748315,0.5173054183003826,-0.2672508963742018,0.1541103863488921,0,-0.09073435779898077,0.5804354542828652
16110.0,-0.4011425702790203,0.0739460908215904,0.4829347252303893,0.3917077284569989,1.707151707671158,0.6599622840711882,1,1.4861189992981991,0.26874728940742654
16111.0,1.0308182885991817,-1.058145946714099,-0.3620387781170574,-0.4881008491540746,0.435392980203531,0.9481496852497048,0,-0.7034828293868903,1.5204219809344972
16112.0,0.3307197273670667,0.0739460908215904,-1.1202820493003194,0.0948437301245163,-0.8098576192004525,-2.345560669956304,0,-1.6260871149967855,-1.6804003468465003
16113.0,0.4879229365026979,-1.058145946714099,-1.2585954329280609,-0.6800964371201603,-0.2672508963742018,-0.7428602971164974,0,-1.8695499199562162,-0.13452395011171006
16114.0,0.4446711436871723,-1.058145946714099,-1.3823824032185568,-1.5956177399879288,-1.2818823689972492,-0.9763369004352508,0,-2.839823450780829,-0.39389779492379273
16115.0,-1.3187161125298097,1.2544959545938104,0.7332019984600929,0.7687696545310132,1.380451546493704,-0.3576002296443591,1,2.1242791475615985,-1.3145593004516354
16116.0,0.5817849890277144,-1.058145946714099,-0.3004246638455003,-0.4556141997485073,-0.1676872918813187,1.064361060993515,0,-0.733261158956385,1.3978737997270119
16117.0,0.5118685254199581,-0.2017513803877423,-0.2531471387328718,-0.2865150349101377,0.3401681767824983,-0.335475450177999,0,-0.46445917009135257,0.02645737142639367
16118.0,1.3012333360775918,-1.058145946714099,1.1152089817080035,1.1481218173307322,-0.0181119525235737,3.734410536571903,1,1.363820417623855,4.108676092122489
16119.0,-1.4474112861963695,0.8001660338568091,0.4428634198444073,0.3218431546327024,-0.1002197270566499,-0.3544125437428199,1,1.0063542918208348,-1.2414203545932225
16120.0,-0.2307404346856175,0.4896629879592288,0.8567401445821523,0.9791930465189128,0.5602500888610992,0.8139083701835517,1,1.6376534245587626,0.4906385282118208
16121.0,-0.2524823540546596,0.2992073267345332,0.3328826374411909,0.3880557427345978,1.4679533363137638,0.0751021691087253,1,1.1821983595414474,-0.17010603193559545
16122.0,-0.0962413734548695,0.4896629879592288,0.0529945649913814,0.6796516553206882,-0.321964036982949,-0.6975067423222765,1,0.2352663377690409,-0.649766907217876
16123.0,-0.3102985242592435,-1.058145946714099,-0.795477573717881,-0.7027787172215069,-0.7601216003714991,0.1306337746012202,0,-1.343794868962888,0.1534866625165783
16124.0,0.8388019735984524,0.0739460908215904,0.4641737328224586,0.3104042412887854,0.3274486497920416,0.6246358596404357,1,0.4681504394156027,0.9750193725351056
16125.0,0.932455689893557,1.4312993642702228,1.1491958947836656,0.8963735206150749,1.124063132285242,0.2155569536907569,1,1.8283840801771813,0.3638730393931348
16126.0,-0.6752731880764764,1.5110377522649707,1.9855914644246235,1.6527863052243583,0.9984076522496488,1.696779725703394,1,3.5266876728442953,0.7395992653966652
16127.0,-0.4907754257615954,-0.5571872395918231,-0.1074076549856249,-0.1571345555058843,0.4684334074395972,0.4880346624356714,0,0.13474353534937786,0.23478596184806003
16128.0,-0.9682038613741812,1.15560189306089,1.0136916170727244,1.0471179376130533,1.0583966506364906,0.2874738604609135,1,2.3038811658054343,-0.5310868838240042
16129.0,0.9986303407132076,-0.2017513803877423,0.2922499434912118,0.6118669803789536,0.6251737972068488,0.6910099604938548,1,0.5038670323811455,1.2024169182388866
16130.0,1.0217853899940603,0.0739460908215904,0.0429609280693561,-0.3396716509860114,0.1880646595930938,-0.1679988949710352,0,-0.3997932145509071,0.37487241448490144
16131.0,-0.3102985242592435,1.2544959545938104,1.7075349367500543,1.486266765458317,0.921346639414674,1.4758142696540877,1,2.9910764984568625,0.8164002358898143
16132.0,1.1843059274157668,-0.5571872395918231,-0.242452087122283,-0.3760945721938142,-0.862804573858747,0.2336738662225529,0,-1.1870311191646792,0.9869189967610901
16133.0,-1.8243736859341724,3.0807148010694942,2.310514828393776,2.1781207109672605,1.6057396764320917,0.5211977320074737,1,4.848114721348678,-1.2407789779385723
16134.0,-0.8456753236698794,0.2992073267345332,0.6016735067191148,0.7833862769202601,0.5698454386786636,0.580930439248756,1,1.4653502354207943,-0.006860642343010827
16135.0,0.7194498921096045,-0.5571872395918231,-0.091296702796238,-0.1504571282154663,-0.144576100004755,0.5183843813100668,0,-0.47700299810506586,0.9525047754773869
16136.0,-0.2201397768252409,0.0739460908215904,0.0126780725387408,0.2003044484625518,0.0384893202353487,-0.2249393829358243,1,0.14711199681321308,-0.2928851750646424
16137.0,1.3271781179392863,-1.058145946714099,-0.5674843426032746,-0.5645293427226981,-0.321964036982949,0.5606554889657146,0,-1.3648856360261523,1.3957961032860158
16138.0,0.9530347346034082,-0.2017513803877423,-0.0155810638831058,0.2911688187844755,-0.144576100004755,0.1114400047218545,0,-0.27948841621681947,0.7103514874502707
16139.0,-0.9353081791524545,0.2992073267345332,0.1279058532528947,0.1261164901602268,0.0914362748936436,-0.3103014352907218,1,0.48245960209950434,-0.8222654252630732
16140.0,-0.1599714449813229,-0.2017513803877423,0.3711009303328522,0.6692264654070016,0.1411722937225966,0.8395306797449705,1,0.7747496413057572,0.7132467851728398
16141.0,0.0221288371626836,-0.5571872395918231,0.0195937376824382,-0.1260037192994412,0.0914362748936436,0.727300621057033,0,-0.032226888882693344,0.7302967307752056
16142.0,0.6870654296828469,-1.058145946714099,-0.3976098159694506,-0.1070751917177317,-0.1002197270566499,0.8810585764293672,0,-0.6774310030876806,1.3393551545095106
16143.0,-1.9674812683483247,1.2544959545938104,1.1982399824478212,0.918648736632759,0.7567177940893411,0.5167647243900391,1,2.6314268725739263,-0.9203444685324651
16144.0,0.6793540117376464,-1.058145946714099,-1.1997370623818466,-2.2210947581379226,-2.515817022689194,-0.6318465741070592,0,-3.525679545584131,0.006175643471125476
16145.0,-1.3798409325433134,1.7867352234743037,1.433313785913367,1.5520937517793334,1.3329322084435713,0.336129732361032,1,3.270147975676237,-0.8478847399735793
16146.0,0.3902229910202726,0.0739460908215904,0.012358684268342,0.0596002494519977,-0.1676872918813187,-0.2255398851636449,0,-0.1953641378282602,0.037151161704424854
16147.0,0.2893295474663386,0.2992073267345332,0.6821401058507576,0.6782397314751365,0.8010741670374462,0.7324326399438776,1,1.2435508997466975,0.7186883231219688
16148.0,0.7949871208707016,-0.5571872395918231,-0.6316172628752617,-0.4503524041750327,-1.1954453334565955,-0.4988766878853566,0,-1.652036464146753,0.18733318338439006
16149.0,-1.7074462772723475,-0.2017513803877423,-0.568301148801458,0.1217389635930018,-0.2672508963742018,-0.9276260191359352,0,-0.16719224288137696,-1.6045859772384796
16150.0,-0.4296506057480915,1.0480979277381186,1.1183857650182714,0.9668538337930468,0.9927301689877396,0.6136867014911336,1,2.1760624493305114,0.05232095733512117
16152.0,0.7338623008571977,-1.058145946714099,0.4867920480116395,0.1683602798515559,-0.2941514393624997,2.549143211561056,0,0.2971403532566709,2.751486547952722
16153.0,-0.3349679194593694,1.15560189306089,1.230186715482768,1.3182672386936538,1.0893585536871893,0.6948832146871435,1,2.476717121435195,0.1725841927810771
16155.0,0.9580779469522994,0.2992073267345332,-0.1113794135299932,-0.0023635533331493,0.0565206627106016,-0.759704265205803,0,-0.4365778407551644,-0.15689746888785064
16156.0,-1.3798409325433134,1.847016261407861,1.3682938311693684,1.2322189515873527,1.2622326247684963,0.1443370301171768,1,3.0255958671863548,-1.0482865999204138
16157.0,-1.0395356639262063,-0.2017513803877423,-0.2506337390361689,-0.2354423895492016,-0.9802035124500996,-0.3307492835416903,0,-0.5026413262038778,-0.7582939461377641
16158.0,1.1578805519021536,0.9303406571479472,-0.2824074471328593,-0.6581703754853391,-0.2941514393624997,-1.8707850413032447,0,-1.1086790444692978,-1.1617057724979165
16159.0,0.7640205789835691,0.0739460908215904,0.2027002912430903,0.1611607606297364,-0.2412044847042052,0.1324701964250405,0,-0.0926406956627822,0.5458975770640091
16160.0,-0.1696156146721137,-0.5571872395918231,0.070115309509748,0.5581345402494097,-0.586765087019821,0.8224941036068768,0,0.12125635268871465,0.8009223350187404
16161.0,-2.1519790306632065,2.760887060390832,1.890267250763975,1.677787332240617,1.9437600819107883,0.088770122817994,1,4.383198524232327,-1.7496537239453354
16162.0,0.6921553389303546,-1.058145946714099,-2.2976055977269376,-3.0259974839117305,-2.183176263091345,-2.702554144713032,0,-4.937173083492979,-1.7584208235894028
16163.0,0.639341544931368,0.4896629879592288,0.8061478799827307,0.2860569722849905,0.2745016951337471,0.7186468436524364,1,0.8679082184958642,0.8348747797360402
16164.0,-1.0028785328055103,-0.2017513803877423,-0.0886403856294483,-0.0901899462501785,-0.3507527121214226,-0.0260408291452036,0,-0.01228249259695616,-0.5049741415000383
16165.0,1.1366880923212137,-1.058145946714099,-1.7606510201466912,-3.361978192741088,-2.515817022689194,-1.6897954463161844,0,-4.801180126540291,-0.7132964463250724
16166.0,1.0308182885991817,-0.5571872395918231,-0.5454929594091567,-0.6913398038775899,-0.6688728615528973,-0.3368302858143027,0,-1.5287084244811673,0.40043279020958267
16167.0,1.0095401454577722,0.2992073267345332,0.2871097973105733,0.7233036147875206,0.1571027565423948,-0.010990182374678,1,0.35322118208261516,0.5459455759203593
16168.0,-1.2629135238814884,3.2804253085186272,1.7550683233766404,1.5304024058362629,0.921346639414674,-0.7447143772615451,1,3.5115012500205456,-2.045766400789871
16169.0,-1.4474112861963695,0.0739460908215904,0.4843979634360285,0.6444038614552899,0.4240770344914922,0.6627175848526459,1,1.399664687896899,-0.22140644076262
16170.0,-0.3225146116861712,1.847016261407861,1.440011615296377,1.6435133646224882,1.4615439829551946,0.2792128885236959,1,3.048327861411922,-0.32560375390531116
16171.0,-0.2307404346856175,-1.058145946714099,-1.8229460636294383,-1.967436469196142,-1.9471638881929467,-1.8072911336394448,0,-3.5488822029573797,-1.4452867553039472
16172.0,0.0706847362910886,0.8001660338568091,0.5083246189015026,0.6894511553006836,0.5307717179635321,-0.2314230912493887,1,1.0375496400999857,-0.2987701917657543
16173.0,-1.0395356639262063,0.4896629879592288,0.3036461336912777,0.095986599115472,0.4126028186801636,-0.2267321438791949,1,0.8258644138380333,-0.8783953597514127
16174.0,0.2501524712613207,0.654643185938614,0.6349401581728881,0.6949860065226161,-0.321964036982949,0.1874608240076336,1,0.7579527030793136,0.21571053978302454
16175.0,0.0639692278216899,0.654643185938614,0.4896999829439425,0.413203790007549,0.2745016951337471,-0.0856712711328297,1,0.7771195678830936,-0.16264597237749567
16176.0,1.0202674598207486,0.0739460908215904,0.5698766916896337,0.4271538556494647,0.1880646595930938,0.8236907324777649,1,0.520851905990356,1.2538242561010422
16177.0,-0.3349679194593694,0.8001660338568091,0.6351196629705749,0.4731297773089598,0.5105140700321456,0.0069157501244541,1,1.1883993587427,-0.3495622564150261
16178.0,0.3080557011550128,-0.5571872395918231,-0.300636019365874,-0.3221896666559816,-0.4437267787202448,0.1241037622474668,0,-0.7761712861156627,0.4033570886382413
16179.0,-0.2097114950440718,-1.058145946714099,-1.050218361315081,-1.0556416405393652,-1.0458699940988507,-0.3498369379088569,0,-1.930652214196272,-0.2027862402474362
16180.0,0.1032463079562461,1.3460575542855853,2.060429598005485,1.96092640476113,1.1384985731749109,2.032129539085991,1,3.5561434794649966,1.5075876319266885
16181.0,-0.0962413734548695,-1.058145946714099,-0.8007240659607224,-0.7759341463654605,-1.0458699940988507,0.1207382808725811,0,-1.5692373113552462,0.2685284760158892
16182.0,-0.10496702096475,0.9303406571479472,1.7085638872655011,1.6249010153204442,-0.586765087019821,1.868339529826006,1,2.3489184021908365,1.4140141632474197
16183.0,-0.150470157144488,0.0739460908215904,0.1059735217601319,-0.2279254970027644,-0.2159596295778201,-0.0494942046220048,0,-0.08272632043527235,-0.14419474494622367
16184.0,-0.1794070292720186,0.4896629879592288,0.1581303228904266,0.0798028421345739,-0.3805884749031534,-0.5001246325004668,0,0.06617889730972822,-0.59325863909572
16185.0,-1.0028785328055103,-0.2017513803877423,-0.2638693941196549,-0.2865150349101377,-0.0581390644641013,-0.3556368851151754,0,-0.16905662107004496,-0.8045742840608835
16186.0,-0.8183807704906293,2.1575193073054413,1.6367826670387284,1.7221269484458033,1.1432544882744613,0.2937659342852753,1,3.339389450250729,-0.647724606019286
16187.0,-0.6141483680629726,1.5110377522649707,1.4444494463724755,1.5237920895033847,1.0842787042858788,0.6775745265518575,1,2.907809983709816,-0.06861184827090029
16188.0,-0.4011425702790203,0.2992073267345332,0.1125229932314681,0.3433574474678515,0.435392980203531,-0.3392102038755431,1,0.5446805654874146,-0.5456406899470372
16189.0,-1.0395356639262063,-0.5571872395918231,-1.0513824593511762,-0.8582565662530369,-1.1954453334565955,-1.2878405888967843,0,-1.7173223880594408,-1.5006116343908613
16190.0,-0.4749394310824503,0.8001660338568091,0.773563229919125,0.5960429387369828,0.607142454731596,0.2672988337696552,1,1.4769453841597122,-0.20766132704797263
16191.0,-1.9674812683483247,2.062432694683636,2.0350752819064724,1.92984395013051,0.8010741670374462,1.152012108021874,1,4.06902883680119,-0.5227699131869044
16192.0,1.377859217618911,-1.058145946714099,-0.7004644574781093,-0.5707933990113551,-1.0458699940988507,0.3098395472147128,0,-1.8257556209221855,1.2523236842110517
16193.0,0.6529583027123002,-0.5571872395918231,-0.2799954654043412,-0.1775834856216042,-0.0789096183560038,0.1629717986952168,0,-0.642196471401442,0.6226108823681
16194.0,0.9462481612329638,-1.058145946714099,-0.7935664940077659,-0.8296554976039625,-1.2818823689972492,0.1342382928985979,0,-2.0099752386629977,0.8575329496699903
16195.0,1.3664458738438814,-1.058145946714099,-0.7602508194818809,-0.9141583819899256,-0.7601216003714991,0.1970755245339049,0,-1.9285412805481912,1.1075577697645038
16196.0,1.1160814939519808,-1.058145946714099,-1.6502076052298862,-1.9168175809686256,-1.7640984679528429,-1.4814863382316543,0,-3.685291958263325,-0.44448118599419845
16197.0,1.0893557436471168,0.9303406571479472,0.5571402291551009,0.6899141760440615,0.1727297634470911,-0.2990909480880012,1,0.6295992277667777,0.18806672676408337
16198.0,-0.0791383545924629,-0.5571872395918231,0.0733381384395751,-0.1689857038609805,-0.2412044847042052,0.8285668301978496,0,-0.10196819734474115,0.7671411651397818
16199.0,0.9746078619728364,0.654643185938614,0.0095923420553598,-0.2865150349101377,-2.183176263091345,-0.9870274829995638,0,-1.3660845199580978,-0.3525694650988492
16200.0,-1.8243736859341724,1.2544959545938104,1.2984212967528943,1.2008385375511226,1.7489938492394586,0.7053240825842599,1,3.238170720881256,-0.7050043234456258
16201.0,-1.9674812683483247,0.2992073267345332,0.590433307225621,0.6903768710605444,0.5793298571111467,0.559769862321473,1,1.7633594610806003,-0.6502810446218446
16202.0,0.9219131204530228,0.9303406571479472,0.7124444929848126,0.6354143692794166,0.7413828979433381,-0.0072101168464701,1,1.0572012148928511,0.30150764416188985
16203.0,-0.2307404346856175,0.4896629879592288,0.1300989884646229,0.1315477426479715,0.2324210325411989,-0.5527635802963995,1,0.3314765651909784,-0.6862545410941162
16204.0,-0.8183807704906293,-0.2017513803877423,0.0107291231156073,0.211894544645614,0.5793298571111467,0.1609573650071156,1,0.5642031873903692,-0.2633749890658883
16205.0,-0.6338830081757483,0.654643185938614,0.4874099832740278,0.7059179081329621,1.0152080971839796,-0.0899763961130263,1,1.4376799872703412,-0.5533310352614507
16206.0,-0.2749873017098188,1.3460575542855853,0.7407649111225753,0.6730365901173099,1.211470473151452,-0.4516640914945563,1,1.6973402907856103,-0.8435319408125866
16207.0,-0.7670473650770303,-1.058145946714099,-0.6173337737580376,-0.8296554976039625,-0.6267921989603487,0.4666336720000588,0,-1.0162963456706153,0.1557250442420873
16208.0,-0.4011425702790203,1.0480979277381186,0.9418863098596926,0.7436627536486569,1.1803407147432114,0.2815585995797647,1,1.9527462205051,-0.2316623797221753
16209.0,0.0292945563903604,0.9303406571479472,1.0764068978805148,0.8795913938310894,0.1571027565423948,0.6775470551441082,1,1.5939905248346187,0.41587320726187443
16210.0,-2.1519790306632065,2.5129551665095216,2.6817720527561257,2.2068673001274086,1.0040461146997783,1.8581773166714333,1,5.0625392123934585,-0.15524979325778046
16211.0,0.0292945563903604,-0.2017513803877423,0.1144597795842361,0.0287156584520272,-0.144576100004755,0.3562206415207097,0,0.023156117034612553,0.3744809598063296
16212.0,-0.9353081791524545,0.0739460908215904,0.2374299984402111,0.0914031593906646,0.4240770344914922,0.197819327826301,1,0.7176315096750562,-0.371821952934794
16213.0,-0.0462426723707365,-1.058145946714099,-1.2692353167526027,-1.5248267984910486,-1.4880589811139169,-0.7629283537886211,0,-2.618846133963957,-0.4746616518953469
16214.0,0.4446711436871723,0.0739460908215904,0.5647921273579645,0.6359170219128273,0.5602500888610992,0.8141146916041785,1,0.9477313180384973,0.9340814674836663
16215.0,-0.0304066776915911,-1.058145946714099,-0.967071206649348,-1.0235513279573645,-0.862804573858747,-0.1930117470069604,0,-1.807013562787607,0.01773941846765872
16216.0,0.7290940618003953,-1.058145946714099,-0.0119687838022611,-0.439953437536103,-0.1002197270566499,1.608422353727069,0,-0.4371441439050527,1.9177434905008288
16217.0,0.6475462436000934,-0.5571872395918231,-0.8037629078866803,-1.110483470649885,-0.91940584661767,-0.8226199679453639,0,-1.9845937688078998,-0.2343886591875783
16218.0,-0.6542442484349309,1.3460575542855853,1.1256231004731116,1.2316098566784368,0.5407159979871611,0.2716402238584672,1,2.2079742871276307,-0.3803457685483316
16219.0,1.131598183073706,-1.058145946714099,-2.236471281345807,-1.5248267984910486,-2.515817022689194,-2.587247723517131,0,-4.441302142521857,-1.2580260050729641
16221.0,-0.5236711079833221,0.9303406571479472,0.6313277520885604,0.7324782170289057,1.1666290909919852,-0.1596898716597085,1,1.644156374920783,-0.6256494336702666
16222.0,0.8408155551547154,-0.5571872395918231,0.265543171804186,0.0081602061984428,0.9336836095984208,1.190779491156958,1,0.38688676633304214,1.5312745225657642
16223.0,0.9462481612329638,-0.5571872395918231,0.1221814089870601,0.1775024941456337,0.7098254282188435,0.9206046027193364,0,0.18832753033155145,1.3975222116041488
16224.0,-0.2524823540546596,0.2992073267345332,0.3978482632598992,0.7496073345562625,0.7567177940893411,0.1973186148936971,1,1.125731208445662,-0.0031250227777686723
16225.0,-0.4011425702790203,1.5110377522649707,0.8106410571444802,0.6242576941799441,1.2201519621759485,-0.5139941983457478,1,1.8021576330204208,-1.0126201593702218
16226.0,0.5540975873223486,0.2992073267345332,-0.2338697140038199,0.0312405020086414,-0.4772168596026035,-0.9894796200785908,0,-0.6463959373061322,-0.5377896379938035
16227.0,0.6197789110416514,-0.2017513803877423,0.0713638432247319,-0.0856591296733116,-0.321964036982949,0.275089881947211,0,-0.33420521655005686,0.6297610812814781
16228.0,0.9630818100393996,-0.2017513803877423,-0.0311991360383282,0.0798028421345739,0.0565206627106016,0.0820477134985917,0,-0.3150735814785411,0.6618842893694096
16229.0,0.0148821476427679,0.4896629879592288,0.8107540958969132,0.6278281151785982,0.9984076522496488,0.7273195382185896,1,1.529003009038581,0.5007063495421621
16230.0,0.5118685254199581,-0.5571872395918231,-0.3886771423594167,-0.2022729611569515,-0.2159596295778201,-0.0416646678995412,0,-0.7821880075594877,0.3830550450690393
16231.0,0.9530347346034082,0.0739460908215904,0.1062473300002135,0.0833044703102229,0.4009658426149288,-0.0489792023473296,0,-0.023784337597535832,0.4664076892096484
16232.0,-0.4152381970004986,0.654643185938614,0.7707595681784358,0.8634372645868037,0.2880622196936218,0.4430102941304641,1,1.442275112130169,0.04658731023606381
16233.0,-0.1138130260237924,0.9303406571479472,0.5386922451356821,0.2147604356235464,0.1249263557760024,-0.3337468079456007,1,0.7417979513017454,-0.5468085074469347
16234.0,1.0988369646744305,-0.2017513803877423,-0.73851416524043,-0.7027787172215069,-0.91940584661767,-1.246965349435086,0,-1.881314910592793,-0.37454948505198615
16235.0,-0.4594850640247002,0.9303406571479472,0.5702344976656116,0.3029441884726516,0.5207054191909427,-0.2744902948557631,1,1.0889386112186494,-0.6976175337627064
16236.0,-0.0543097623705864,-1.058145946714099,-0.551506012615253,-0.6510211644571734,-0.586765087019821,0.5907924751408733,0,-1.0678802591574375,0.6640749779585778
16237.0,1.0441334768929462,-1.058145946714099,-1.377655463222791,-1.4139201097638212,-1.3785107536966998,-0.9674213425884676,0,-2.976379390200822,-0.034671113968799364
16238.0,1.0232997359133336,-1.058145946714099,-1.922115086866498,-1.1548410131689797,-1.4880589811139169,-1.9943354295414413,0,-3.472334517545961,-0.8463795351080354
16239.0,-0.2524823540546596,0.4896629879592288,0.3402116133883358,0.2176138931958927,-0.4437267787202448,-0.1580014868199766,1,0.3207138947134768,-0.3397681101276467
16240.0,-0.7922005967383016,-0.5571872395918231,0.9979318905055142,0.784990475127241,0.8896672959534744,2.571505795230032,1,2.0215060906551474,1.8313157347297335
16241.0,-1.3187161125298097,1.5859404542672264,1.107439877511254,1.028573996271436,2.01559032701742,-0.0438305008410538,1,2.928723957419147,-1.1511553286729792
16242.0,-1.4474112861963695,1.4312993642702228,1.500868246333502,1.3633366004800664,1.7189901967493495,0.8773683112266224,1,3.410575995542064,-0.38798123162957504
16243.0,-0.5764124726865254,-0.5571872395918231,-0.5909934243165423,-0.9870018732865308,0.1249263557760024,-0.4224471314690914,0,-0.8851920451612177,-0.6172997440773558
16244.0,0.5817849890277144,-0.5571872395918231,0.7343870285489141,0.714445286424786,0.5979759564957379,2.074590861910176,1,1.1586441935650416,2.190173633185105
16245.0,-0.7922005967383016,-0.2017513803877423,0.3012763448142417,0.4686093406915149,0.5207054191909427,0.7080106156337107,1,0.9610102299039207,0.22224131443857906
16246.0,1.0769559442965295,-0.5571872395918231,-0.0844783992065613,-0.2526762385191352,0.5105140700321456,0.5312289121613782,0,-0.3571361934277743,1.1198844618738424
16247.0,0.4409316275594932,-1.058145946714099,-1.503704757247313,-0.6581703754853391,-0.7601216003714991,-1.2051649512292535,0,-2.3099229863366455,-0.5103299469867113
16248.0,-0.1994500729487223,-1.058145946714099,-1.2970580664728018,-1.210681155040306,-1.3785107536966998,-0.8154052912596294,0,-2.4073827299100397,-0.5746858997571815
16249.0,-0.2983107883386734,0.2992073267345332,0.4752936209614669,0.4257720884630957,0.3771846686209953,0.3430478725964007,1,0.9122433287618164,0.07408829178458483
16250.0,0.7145728708968584,-0.2017513803877423,-0.1163819164917357,-0.1827966247136157,-0.2941514393624997,-0.0782353410080228,0,-0.5972385088498787,0.3848369703200076
16251.0,1.1454993720263298,-1.058145946714099,-1.4226936952096083,-1.5808368721392685,-0.586765087019821,-1.0523686791222504,0,-2.805432086031596,-0.09980811599025906
16252.0,0.9597502430728068,-1.058145946714099,-0.8257176886013354,-0.7506340680270399,-0.5486003891756687,0.0735974056652247,0,-1.7065444598201198,0.7910805320193774
16253.0,-0.150470157144488,0.654643185938614,1.484858792538729,1.6440560834739817,1.3366868742976272,1.7879978880226752,1,2.9211153306963844,1.3124053796138226
16254.0,0.9513448121530388,-0.2017513803877423,0.0412530665283003,0.0656068751148604,0.3526935049184267,0.218410044133854,0,-0.1181109876285165,0.7511796863056752
16255.0,-1.0028785328055103,1.5110377522649707,1.1976485160507828,1.1924843732533277,1.3839953665057922,0.2132009298929458,1,2.7356744314021078,-0.7048224529237826
16256.0,0.7290940618003953,-0.2017513803877423,0.4035413140531343,0.7642378919571898,-0.3507527121214226,0.9006403341060917,1,0.3723352754880554,1.282824077677685
16257.0,0.4666615905535427,-1.058145946714099,-2.137560890578209,-3.361978192741088,-2.183176263091345,-2.400691238491645,0,-4.854762371546596,-1.6717602240785534
16258.0,-0.4011425702790203,1.5110377522649707,1.8385174774098232,1.7573025580054795,1.4583204304497217,1.419674917607716,1,3.5251974957245347,0.6559232364549644
16259.0,1.0033287148318906,-0.2017513803877423,-0.6790236072825363,-0.7342923345111426,0.4684334074395972,-1.1354001222381511,0,-1.2267208717136338,-0.4017969383228664
16260.0,-0.3225146116861712,-1.058145946714099,0.077108599623858,-0.3072650503773302,-0.6688728615528973,1.7764326448428966,0,-0.18842398604737917,1.5144759973575397
16261.0,-1.0028785328055103,0.4896629879592288,0.0936043705390323,-0.0519224559342961,0.8362895757000253,-0.6212816517962748,1,0.6981001792679384,-1.2114599699302802
16262.0,0.9513448121530388,-1.058145946714099,-0.1501066170243178,-0.070777930661493,0.0741642041589574,1.3478783561252916,0,-0.4071918793316374,1.8582931884665348
16263.0,1.0232997359133336,-1.058145946714099,-0.7010578667084595,-0.5964638157260045,-0.6267921989603487,0.3087203084842145,0,-1.5538062676638211,1.0352766018543387
16264.0,1.045596020739638,-0.5571872395918231,-0.0755896537338045,0.1580509631635327,0.3145288070742748,0.5479740252358377,0,-0.22615103807695708,1.1661858457405907
16265.0,-1.3798409325433134,1.2544959545938104,1.4469189638714612,1.2269212945671453,1.233004335585143,0.98491553769226,1,3.0551809360956854,-0.20871944060695977
16266.0,-0.0876328522714647,1.4312993642702228,0.458241581853946,0.3054402861129218,0.4465549626877331,-1.0815001598689586,1,0.8543645977706148,-1.2760880315152043
16267.0,1.2373568867177072,-1.058145946714099,-1.1543309732959155,-0.6030410799249616,-1.3785107536966998,-0.5462054163592488,0,-2.4178088039945975,0.4938523086443995
16268.0,-0.1138130260237924,-0.5571872395918231,-0.238724453673839,0.0461893486447824,0.0565206627106016,0.2406940895527321,0,-0.1977780404794859,0.28054029377678513
16269.0,1.045596020739638,-1.058145946714099,-0.1868400373346226,0.1005383192801558,0.1880646595930938,1.2785948589833591,0,-0.34772593852873035,1.8661323847226283
16270.0,0.9075812346760708,-1.058145946714099,0.1471429292150027,0.2138065254653223,0.2031181655606824,1.908525524653058,0,0.10988138519448738,2.310830884484417
16271.0,-1.9674812683483247,1.0480979277381186,0.9465967337643816,1.0346309083320302,1.1620071460508272,0.2904199078509912,1,2.575337714989861,-1.0552974030011437
16272.0,0.2030134902092342,-1.058145946714099,-0.5864393444776588,-0.5222758574236794,-0.4115503779538524,0.5249041538845974,0,-1.051892703497038,0.7572740670690451
16273.0,1.2963113994186093,-0.5571872395918231,-0.7323733800942624,-1.5522358034901935,-0.8098576192004525,-0.6883896840052791,0,-2.273370108760779,0.18159724750710637
16274.0,0.942827752064887,-1.058145946714099,-0.1885166883494213,-0.3093765158786823,0.3401681767824983,1.2754325004332832,0,-0.447081343144316,1.7591508153273256
16275.0,0.5349521297947235,-0.2017513803877423,0.6036080761646911,0.6155051141684996,0.7413828979433381,1.2775857236029478,1,1.0292075233669213,1.417572372398533
16276.0,0.4666615905535427,-0.2017513803877423,0.7482191379425557,0.7113164687190752,-0.586765087019821,1.55010951553067,1,0.6974300678906336,1.669523139364197
16277.0,1.376116485027959,-1.058145946714099,-1.146577862276886,-1.7651973438095343,-0.4772168596026035,-0.5315821484851886,0,-2.6250057519154373,0.4250492472439884
16278.0,0.1032463079562461,-0.2017513803877423,0.1322275065762164,-0.2449609484229135,0.1411722937225966,0.3896720983029708,0,0.00896070955948604,0.4019743708151506
16279.0,-0.8741833591389503,0.9303406571479472,1.3062465864511108,1.3179110399636884,1.4253684886861164,1.1103367033542997,1,2.8528729128600547,0.25707814344807484
16280.0,1.3682150479281203,-1.058145946714099,-0.9799179423330624,-1.0426170379233035,-0.7601216003714991,-0.217242182602311,0,-2.223035622006554,0.7602952130844123
16281.0,-0.10496702096475,-0.2017513803877423,0.9384378514306684,0.7559174655160901,-0.3507527121214226,1.9086445069071307,1,1.1968249869048408,1.6395145738809054
16282.0,0.8835864141653033,-0.2017513803877423,0.2451085295815614,0.3046093056627695,-0.2412044847042052,0.6022271285813792,0,-0.014807640336885258,1.0751400934054627
16283.0,-1.608585561882396,0.8001660338568091,1.119733386232494,1.156827411395451,1.8016574700813903,0.9188866924302344,1,2.958028341008162,-0.30023410256748195
16284.0,-0.6338830081757483,-0.2017513803877423,0.0731487120112226,0.209016111435269,0.7642790739473241,0.2784498244166399,1,0.6484493070139273,-0.07540813377381068
16285.0,1.2943319990854762,-1.058145946714099,-1.192818012510858,-1.3807506813715704,-0.2412044847042052,-0.6187964424309998,0,-2.369781559003558,0.33757660446241244
16286.0,1.1001800545869456,-0.5571872395918231,-0.747693543601164,-1.0426170379233035,-0.7132292345010023,-0.7171988995060191,0,-1.9486314465353054,0.09733379032826237
16287.0,0.4409316275594932,0.2992073267345332,0.0570378576729742,0.692685476234549,-0.6688728615528973,-0.4434634298526472,0,-0.07119166936448232,-0.08290322459105819
16288.0,1.090718815783679,-1.058145946714099,-1.4141625880115745,-2.1142026552549544,-1.3785107536966998,-1.0362780200935109,0,-3.3590972630939677,-0.13510482974772176
16289.0,1.079732248194294,-1.058145946714099,-1.3794375536974552,-1.06892938416266,-0.5486003891756687,-0.9707825722062126,0,-2.482306990643527,-0.020228916306292276
16290.0,1.0838742983222271,0.0739460908215904,0.5756813212202497,0.4601309166916409,0.5698454386786636,0.8346230323630986,1,0.6813130677203516,1.2839036668143837
16291.0,1.3290588383452664,-1.058145946714099,-1.4842646643474653,-3.628661084298931,-2.515817022689194,-1.168498678132771,0,-4.692776082885642,-0.2124216815725457
16292.0,0.2296283133843863,0.2992073267345332,0.21484487036828,0.2138065254653223,0.1571027565423948,-0.1468780504393396,1,0.2800380318583703,-0.04384856537093733
16293.0,-0.8456753236698794,1.5110377522649707,1.1601519644339624,0.9222348324196096,1.124063132285242,0.1426845590688242,1,2.411758124652075,-0.6910460667024613
16294.0,1.1001800545869456,-1.058145946714099,-1.4353991307424898,-1.448851553929116,-1.2818823689972492,-1.0763326062216951,0,-3.03152375476704,-0.09983799514136994
16295.0,-1.3187161125298097,0.0739460908215904,0.2565644902653974,0.3457050559285902,0.4126028186801636,0.233826865985095,1,0.9723312381897125,-0.5273454786004094
16296.0,1.2741945456928905,0.0739460908215904,0.248454318365489,0.1714218258238153,0.2324210325411989,0.2185647717691281,0,-0.0015243515411145375,0.8758725902629917
16297.0,0.7338623008571977,-1.058145946714099,-0.8093319364123787,-0.5771176875341992,-0.586765087019821,0.1045028374317714,0,-1.5529396230499037,0.7110731558960097
16298.0,-0.8183807704906293,0.654643185938614,0.1112244835860915,-0.3136198914928544,-0.2159596295778201,-0.7964674002862726,1,0.105176635380187,-1.2741726025975457
16299.0,1.1001800545869456,-1.058145946714099,-1.127977974155473,-1.0050227523118491,-0.9802035124500996,-0.496500599187187,0,-2.3706192222976368,0.4005583524519364
16300.0,1.033801201878248,-0.2017513803877423,0.2903803377647221,0.1845262780137044,1.2244584972993122,0.6874887144653015,1,0.53889223487437,1.1492475451651691
16301.0,1.3787288112420826,-1.058145946714099,-1.5502606610074647,-1.6262149283445646,-1.4880589811139169,-1.2929747929989213,0,-3.4095575092712407,-0.13070115093239607
16302.0,0.2551824986059697,-1.058145946714099,-0.9946266109308792,-0.7506340680270399,-1.0458699940988507,-0.2449844399295602,0,-1.8730347155552671,0.16819981375050508
16303.0,-0.7428435417295326,0.654643185938614,1.5433424184160869,1.3471788764349375,1.0636387966331442,1.898217918758052,1,2.914869121927739,1.0584406752935667
16304.0,1.341150897193896,-1.058145946714099,-0.6408975024290833,-0.5106857612406167,-0.4115503779538524,0.4221897428956489,0,-1.459179140056691,1.3008085113806198
16305.0,0.3126530340951926,-1.058145946714099,-0.6804545390602478,-0.4348149665659621,-0.5121324717856456,0.3475805774210749,0,-1.1866704019633634,0.6872788978344668
16306.0,0.5877787261013253,0.654643185938614,0.1789693694154147,0.2634347100633524,0.217900422374825,-0.6693624811064892,1,0.1902541918330398,-0.3598714177691249
16307.0,1.0323114794921844,-0.2017513803877423,0.1802358218499702,0.5357002564629622,0.4009658426149288,0.4800650386979147,1,0.24541258320610707,1.052530215200284
16308.0,-0.5070123740010525,0.654643185938614,1.2282909879646216,2.2824475520922816,-2.515817022689194,1.3045577618484163,1,1.4593785870893177,0.9611598191791806
16309.0,0.140256106228435,-0.5571872395918231,-0.1979563119337306,-0.0405821588194871,-0.0581390644641013,0.3174758968111997,0,-0.32213664022146843,0.47873206000045854
16310.0,1.0095401454577722,-0.5571872395918231,-0.5065611411642486,-0.3999276484574282,-0.3805884749031534,-0.2635636279164307,0,-1.2238980605895227,0.4644412925213158
16311.0,-0.9682038613741812,-0.5571872395918231,-0.2963505949797216,-0.1521201403247171,-0.144576100004755,0.1321734580084758,0,-0.16943160696033777,-0.28780227071885495
16312.0,1.0367703053241684,-1.058145946714099,-1.2164933924628158,-1.4609201666402376,-1.117253523671916,-0.6634509588190498,0,-2.716321883690967,0.19092990021818776
16313.0,-1.9674812683483247,-0.5571872395918231,-0.8785710771999086,-0.7222970913063499,-0.7601216003714991,-0.9632314615630734,0,-0.9999009551618099,-1.7535512509301803
16314.0,0.9713357875339578,-0.2017513803877423,0.3398254434125337,0.1621941008875446,0.2607132519567318,0.7806187393666316,0,0.1999873807927916,1.2310720114767275
16315.0,0.8664325630436192,-0.5571872395918231,-0.6023097878653353,-0.8158082295413044,-0.5486003891756687,-0.4437387794782051,0,-1.5463544716573752,0.20567777443771473
16316.0,-0.1794070292720186,1.3460575542855853,1.3112590499960364,1.193991673494492,1.2372441024225518,0.6209391254101976,1,2.5287048560681336,0.12852950100831498
16317.0,0.2191145500704246,0.2992073267345332,0.6173384342326849,0.5987068586961933,0.7257558910386418,0.6104219435797038,1,1.1279185106038232,0.5767081941701837
16318.0,-0.5583457794146515,-1.058145946714099,-0.7494428223424128,-0.5997442262109776,-0.6267921989603487,0.2174606624436543,0,-1.1136648359529961,0.09183259853972708
16319.0,0.5996007235020872,-1.058145946714099,-0.5992995563582953,-1.2626334870875635,-1.9471638881929467,0.5006483006166463,0,-2.1754338276235297,0.9498041988018641
16320.0,0.4483889813387123,0.4896629879592288,1.2965729064519718,1.248058752066015,1.2372441024225518,1.642470054998438,1,2.300904457691514,1.5313475633210507
16321.0,-0.10496702096475,0.654643185938614,-0.3101522548147298,-0.427181755876361,-0.8098576192004525,-1.5853159777218024,0,-0.8635331392179575,-1.505880516221966
16322.0,-2.4120140217391843,-0.5571872395918231,-0.752514315562236,-0.5021252811070448,-0.321964036982949,-0.7262638694641478,0,-0.4419450183060967,-1.8034588534887201
16323.0,0.5317049066607064,-0.5571872395918231,-0.6956534181858076,-0.8022464926048176,-1.7640984679528429,-0.6193313344472543,0,-2.039695956567337,-0.06482988634717536
16324.0,0.2601733813722913,-0.2017513803877423,-0.5573851661127469,-0.3714298651318708,0.7017426726202728,-0.9071333199380244,0,-0.5984624425222905,-0.5993720198431343
16325.0,-0.3738480170997701,1.2544959545938104,0.9740422014315476,1.052207231112776,0.7336066022127771,0.095009598265237,1,1.9497913756761305,-0.37150108435686446
16326.0,-1.608585561882396,2.062432694683636,1.1858339990562892,0.5339424266269587,1.4253684886861164,-0.4452872605253968,1,2.658506688716643,-1.786660492291774
16327.0,-1.1198059414673356,1.5859404542672264,1.7614664263058175,1.869548024063492,1.567060786745896,1.1869379730591183,1,3.770331228353009,0.05896221564039167
16328.0,1.206283152308942,-1.058145946714099,-0.7883947783225908,-0.8250072737432935,-0.7601216003714991,0.1439927493544865,0,-1.8665921389153568,0.9855210348424824
16329.0,1.0308182885991817,0.0739460908215904,0.4354005566528405,0.3338823120967778,0.5505411819726732,0.5704598048461432,1,0.48145476325111386,1.0290944744894146
16330.0,-0.9682038613741812,0.654643185938614,-0.2755584415104753,-0.2743721496068976,0.7413828979433381,-1.5206932049945632,1,0.15854411904628862,-1.9818436078127533
16331.0,1.0367703053241684,0.4896629879592288,0.5645977521257599,0.2757125241073478,-0.1914684658752519,0.2640026212947103,1,0.28904851546565113,0.7050086517066808
16332.0,-0.6970151074455184,1.15560189306089,0.5548867640845042,0.5409457326035286,1.074023657541187,-0.5747150756507746,1,1.5009778801143407,-1.1316191132940678
16333.0,-1.4474112861963695,1.959413366567396,2.416265227418052,2.7420953600494293,-1.1954453334565955,1.9883201727546111,1,3.8569078281037763,0.6383527541839865
16334.0,1.1199960037583183,-1.058145946714099,-0.8699024568107395,-0.5614195452564948,0.2031181655606824,-0.0097401990580258,0,-1.4021675189337128,0.7971465075272973
16335.0,1.1936514508770608,0.654643185938614,0.78678429150151,0.4699040673670961,1.2372441024225518,0.4731688453948167,1,1.1669224661838449,0.8733563343648855
16336.0,1.0202674598207486,0.0739460908215904,0.9578804997819091,0.7139992226987668,0.3401681767824983,1.5546853228927853,1,1.1311851231739296,1.8675411992816402
16337.0,-0.5236711079833221,-1.058145946714099,-1.3059599154740125,-1.1397203256595403,-1.117253523671916,-0.8321952123893063,0,-2.1738417573856093,-0.7709981434795768
16338.0,0.3902229910202726,-1.058145946714099,-1.0536495258420628,-1.0893783142783806,-1.0458699940988507,-0.3563085127224864,0,-2.137213970124962,0.1183048598037096
16339.0,0.7685369722885271,-1.058145946714099,-1.533040267705412,-1.9942859497559235,-0.7132292345010023,-1.26049513115292,0,-3.0522202282248254,-0.5112986167160786
16340.0,0.1462219650521856,-0.2017513803877423,0.3563693657710424,0.6542501671784144,1.5323911326091049,0.8117812126387884,1,1.234590501270253,0.7954728650595925
16341.0,-0.7670473650770303,0.654643185938614,1.0230575845475771,1.1864203901323278,0.7257558910386418,0.9179877288467836,1,2.1536609117424566,0.2506277880847296
16342.0,-0.0791383545924629,0.0739460908215904,-0.7621200057579686,-0.7547837407119178,-1.117253523671916,-1.67804437262479,0,-1.6473671530918512,-1.4363931437484845
16343.0,-1.0395356639262063,-0.2017513803877423,-0.2180939993869451,-0.1070751917177317,0.2031181655606824,-0.2695574971687396,0,0.08389849807949806,-0.7486762135947643
16344.0,0.3942692202075933,0.0739460908215904,-0.0713996237461235,0.2307687504789428,0.0200527453205781,-0.3829890687232115,0,-0.12699383399177858,-0.07929190048877567
16345.0,-0.4152381970004986,-0.5571872395918231,0.1825338676452879,0.145462618352032,0.6600894093898906,1.034337468526532,1,0.6412024321431076,0.7403297858119224
16346.0,0.9630818100393996,-1.058145946714099,-1.021934454778121,-0.3553590950482323,-0.8098576192004525,-0.2964902051199572,0,-1.8387963503250293,0.5447156228624866
16347.0,-1.2629135238814884,1.15560189306089,0.956182838885172,0.8272635431103109,1.3022597367090245,0.1793017959620602,1,2.3326259520686174,-0.8135838913146392
16348.0,-0.6141483680629726,0.8001660338568091,0.4745530709175027,0.5671214734238775,1.1803407147432114,-0.2948789693481391,1,1.427570373949181,-0.7677927721877776
16349.0,0.7840984858169682,-1.058145946714099,-2.0452947733071944,-2.5701000695833423,-1.1954453334565955,-2.226666624985935,0,-4.072815113165508,-1.3210295444837912
16350.0,-0.8741833591389503,0.9303406571479472,0.6372255016415087,0.5082165458199537,0.435392980203531,-0.148605517941927,1,1.3504112322133028,-0.7991931719758103
16351.0,0.8702843776182111,1.3460575542855853,0.9183868095189344,0.9671575608539998,0.8766449105123539,-0.1180116134042204,1,1.5279094693970474,0.10051215505144412
16352.0,-0.9682038613741812,-0.5571872395918231,-0.4547687292580229,-0.3308725774292323,-0.321964036982949,-0.1660811263599305,0,-0.49544989299402936,-0.5392697707481368
16353.0,-1.8243736859341724,2.611849228042442,1.7105705560980675,1.2887713491948305,0.4791576523996084,-0.0815739355197286,1,3.2869525579997765,-1.6409211532858334
16354.0,-0.1893502547848894,0.2992073267345332,0.1397046867410029,0.1228360796752538,0.8223842757380923,-0.2881265704862489,1,0.5645437880394693,-0.42729385066209175
16355.0,0.9462481612329638,-1.058145946714099,-0.578365630277256,-0.669042043482492,0.0914362748936436,0.540132116595477,0,-1.135094229387979,1.1408888751074187
16356.0,0.5381829940526488,0.4896629879592288,-0.5791948713738957,-0.630028288668433,-0.3507527121214226,-1.8804478121877155,0,-1.2596603495942194,-1.3894105931964984
16357.0,-0.5950029105353472,0.0739460908215904,-0.0495629439238563,-0.1604988643185178,0.0200527453205781,-0.3419463512598074,0,0.020571931360556354,-0.6290353364365557
16358.0,-2.4120140217391843,0.2992073267345332,0.8236465566191722,0.9360685536106192,0.8362895757000253,0.9989269619322096,1,2.371977342979972,-0.5258986477546365
16359.0,-1.5229485149574664,1.5859404542672264,0.766707092985039,0.8325013939678924,0.5001945244425666,-0.6836586498652599,1,1.909236908767527,-1.7335157374583543
16360.0,-1.7074462772723475,0.4896629879592288,0.956823006881932,0.9607496513357084,1.7580092482839644,1.0023885332390707,1,2.6933112222020656,-0.22367377987201129
16361.0,-1.3187161125298097,0.0739460908215904,-0.0264877019386065,-0.1086319283943098,0.5887058798168258,-0.2985710718903058,1,0.5313441811068023,-1.0118321033964248
16362.0,-0.6141483680629726,0.4896629879592288,0.0127845038449824,-0.0253017876707187,0.3771846686209953,-0.7729605007813272,1,0.31300002884635464,-1.0974760157955377
16363.0,-0.2983107883386734,-1.058145946714099,-1.536882398383694,-1.473214373913271,-1.614523128595098,-1.2677418358599413,0,-2.8530488166794146,-1.0109524688175215
16364.0,-1.2115801184678894,-0.5571872395918231,-0.197477820263685,-0.3760945721938142,0.1083521949576072,0.3183771144187547,0,0.01120284636092131,-0.3046040799726298
16365.0,-0.9682038613741812,1.5110377522649707,0.9134310521104072,0.5426849692418712,0.6770053294538549,-0.3209981880434949,1,1.8239309931432584,-1.1519509206697671
16366.0,-0.9353081791524545,0.0739460908215904,0.3667092757653956,0.376976520538054,0.457567115373851,0.4411389433029364,1,1.0031407586477028,-0.14767280302513175
16367.0,-0.5236711079833221,-0.2017513803877423,0.2746809522620401,0.5321798862096141,1.2498335012412511,0.6579207547692485,1,1.1818644993666225,0.3031173640945343
16368.0,-2.1519790306632065,-0.2017513803877423,-0.268920000516388,-0.2947366536986517,0.457567115373851,-0.3651333983473553,1,0.3942358841080039,-1.4676336283857687
16369.0,-0.9682038613741812,0.654643185938614,0.7578576675221441,0.7658894206059939,0.8153422320095451,0.4187299729450389,1,1.7741606640163754,-0.31029612370314197
16370.0,-0.0226329437380984,0.0739460908215904,0.252220983763151,0.1734549679027695,0.9927301689877396,0.2256530074540419,1,0.7236320120632579,0.13516424682141823
16371.0,1.0614676455862315,-1.058145946714099,-1.2773879347234764,-0.9989607652635912,-1.0458699940988507,-0.7783051381749596,0,-2.5418131558902264,0.1547363448245044
16372.0,-0.5950029105353472,0.2992073267345332,0.2565970084963153,0.2687247193212898,1.51449093761349,-0.0683718229177838,1,1.1712241891203927,-0.4885613311704831
16373.0,0.9580779469522994,-0.5571872395918231,-0.7914979931429009,-0.935724935040335,-0.4115503779538524,-0.7995618135786707,0,-1.7752011828928687,-0.05017628690725491
16374.0,-0.1599714449813229,0.2992073267345332,0.4637510427005765,0.3128722402026256,1.5294347580327998,0.3213258602808449,1,1.2824695886260697,0.06977523783376681
16375.0,1.090718815783679,-0.5571872395918231,-1.572758857575868,-1.244856163309911,-1.0458699940988507,-2.2645980837709088,0,-3.053401237885523,-1.1663731421813133
16376.0,-1.3798409325433134,-0.5571872395918231,0.0426182207544127,0.2195093438990782,0.7336066022127771,0.7706828526179764,1,0.8586506240893204,0.000937400353241524
16377.0,0.7290940618003953,-0.5571872395918231,0.2456039604482247,1.1656438749459173,-1.4880589811139169,1.1532001272023928,0,-0.06117873250111519,1.6637414418071463
16378.0,0.6793540117376464,-0.2017513803877423,-0.6770211046822687,-0.4072492929554593,-0.5121324717856456,-1.1316438402070663,0,-1.3771509659168744,-0.5002124888104895
16379.0,-1.8243736859341724,0.0739460908215904,0.6057110914359258,0.6852692348546585,0.5887058798168258,0.8911823929042695,1,1.7336687954281178,-0.24688626156358678
16380.0,-0.2097114950440718,-1.058145946714099,0.4674573802659401,0.7363713480596072,-0.321964036982949,2.512675782549998,1,0.8263849525715885,2.261662350354884
16381.0,0.9811023498659778,-0.5571872395918231,-0.9202136404361358,-0.975256544405366,0.2880622196936218,-1.0414814046619534,0,-1.646881470135591,-0.2685779561362992
16382.0,1.0002002930243403,-0.5571872395918231,-0.6967921174697077,-0.7144200996877884,0.0011923041824166,-0.6214730101055225,0,-1.4122493569199168,0.12095035761406832
16383.0,-0.0791383545924629,0.654643185938614,0.8371361742657748,0.7765244436122027,1.4118079641262418,0.5679404283718462,1,1.8339619110368028,0.2735606016009056
16384.0,0.0363810947797576,0.0739460908215904,0.2728552245930848,0.361145223620755,0.5207054191909427,0.264484682749529,1,0.6193149325293678,0.23894220475406633
16385.0,-0.2201397768252409,0.2992073267345332,0.0737357020769285,0.0656068751148604,0.6514988276797011,-0.412092415228189,1,0.4062407487833194,-0.5427020112945425
16386.0,-0.6752731880764764,-0.2017513803877423,0.1223381349139145,0.2463966778120865,0.8961017842882889,0.3710531068401153,1,0.7859415625707894,-0.025322747563002512
16387.0,0.8507897095190223,0.2992073267345332,-0.009126420373957,-0.0547883469122285,0.3891614223084505,-0.5677404214907164,0,-0.181161544259959,-0.0805357796802389
16388.0,1.3022132067018704,-1.058145946714099,-1.1566771194592813,-1.1703175140161766,-0.91940584661767,-0.5506305205186487,0,-2.516606403190051,0.4484734882899377
16389.0,-0.2983107883386734,0.0739460908215904,0.2850027906665713,0.6018893855772485,-0.1914684658752519,0.2873463938644255,1,0.5539173235459112,0.12946018152779337
16390.0,1.1760153661788,-0.2017513803877423,-0.4950572043563454,-0.9194840867058316,-0.7601216003714991,-0.7900974072533516,0,-1.6830345587077933,0.008943848265869182
16391.0,0.9891290528763732,0.0739460908215904,0.1230038400792327,0.2687247193212898,1.48376101337308,-0.0174610809179644,1,0.5198233183281589,0.4820527437368022
16392.0,0.736233191538285,-0.2017513803877423,-0.1426171588075765,0.1337077476724066,0.8831819415705221,-0.1275911834243722,0,0.006165659828706753,0.3360180367041856
16393.0,-2.1519790306632065,2.0119964593872464,1.2879032665459518,1.2099281890051887,1.6322919311293915,-0.1960237251916671,1,3.3363326734002716,-1.8112807272479035
16394.0,-0.2524823540546596,0.2992073267345332,0.3700552981075551,1.0885403064838823,0.3014022381220454,0.1450296853418331,1,1.0664798059388623,0.008891835054244877
16395.0,-0.2097114950440718,1.4312993642702228,0.9619972876626308,1.1636197706131897,1.865031892206953,-0.1363828150398346,1,2.419378182669026,-0.5550166937096367
16396.0,1.0988369646744305,-1.058145946714099,-1.371660260391864,-1.1942372750823944,-1.2818823689972492,-0.9561136937310234,0,-2.8435861836907077,0.022288224449783713
16397.0,1.2762369843581085,-1.058145946714099,-1.4250939070245467,-1.4985144522516916,-1.1954453334565955,-1.0568957573800208,0,-3.0629071922099325,0.0038087432742158504
16398.0,0.3779288407609402,-0.5571872395918231,0.4365540569271543,0.2774479365621844,0.4684334074395972,1.513112738720742,1,0.6463027189105502,1.5855803347874458
16399.0,-0.9353081791524545,-0.2017513803877423,-0.267112946799999,-0.056225988880909,0.6770053294538549,-0.3617356697444203,1,0.22017735772051733,-0.7820643121199102
16400.0,0.0706847362910886,0.9303406571479472,0.8805050059561461,0.9653330910605152,1.3215639934150147,0.3088704514920437,1,1.8971999839572966,0.09680526782419929
16401.0,-2.4120140217391843,2.0119964593872464,1.4379265383608573,1.6412290425189904,0.7791957222855813,0.0859309154215092,1,3.425016998375961,-1.6445408793557141
16402.0,0.7242901052643254,-0.5571872395918231,-0.430514058337653,-0.439953437536103,0.217900422374825,-0.120424619703478,0,-0.8243882996784111,0.39281756369864923
16403.0,0.8286381285590276,-1.058145946714099,-1.1903917706308422,-0.9637172845910724,-1.117253523671916,-0.6142202684472076,0,-2.389819469814498,0.16630645341410602
16404.0,-0.1227827554391228,-1.058145946714099,-0.5336802287120823,-0.7547837407119178,-0.4772168596026035,0.6244139739742279,0,-1.0308744275581843,0.6383491907037385
16405.0,0.8078140524230828,-0.5571872395918231,-1.233005944107459,-0.6404409748334174,-1.9471638881929467,-1.628613319014636,0,-2.695668704936775,-0.7058567523328844
16406.0,-0.9353081791524545,-0.2017513803877423,-0.3746815402884209,-0.3975051008243698,0.9458378031172426,-0.5639440219755375,0,0.0572000248286218,-0.9920354203235938
16407.0,-1.1640528084915374,1.4312993642702228,0.7990526874753621,0.7188893637295775,0.8499631098416093,-0.4424536524898363,1,1.913182483425032,-1.3266737977574945
16408.0,1.2373568867177072,-1.058145946714099,-0.9986063499273764,-0.5135641944509618,0.0565206627106016,-0.2524906899073792,0,-1.6139754754688467,0.6765173744880804
16409.0,-0.540774126845729,1.2544959545938104,1.3067465021875515,1.3205778402334856,1.6878474509651678,0.720996020984578,1,2.877731049057659,0.02788184742351192
16410.0,1.376116485027959,-1.058145946714099,-1.4115789274333437,-0.2335550971816399,-1.614523128595098,-1.0314049361613462,0,-2.6588061586775855,0.22503247347136535
16411.0,-0.9353081791524545,0.0739460908215904,-0.0157075850080331,0.0583923135040178,0.9696189771111754,-0.2783057423930078,1,0.6600619099627787,-0.7849401566471755
16412.0,-0.2865430233339383,0.2992073267345332,-0.2610737820880184,-0.3072650503773302,0.5602500888610992,-1.0404808083701775,0,-0.14131875029395785,-1.1213807417980324
16413.0,-0.2524823540546596,-0.5571872395918231,-0.4062057849641082,-0.3667980083921493,0.217900422374825,-0.0746642093140873,0,-0.45962942783601834,-0.09961559717799448
16414.0,-0.8456753236698794,0.2992073267345332,-0.3655898630512399,-0.589951674024074,0.2607132519567318,-1.236309870040713,0,-0.33511096622001696,-1.6022766247284175
16415.0,-0.4152381970004986,-0.2017513803877423,-0.1849672081489569,0.0387573945550787,0.8499631098416093,-0.2072535194406998,1,0.26175147922731656,-0.36935744619772914
16416.0,-0.7195200551006783,0.9303406571479472,0.836661408179307,0.98068211425661,1.0096460890517032,0.226391594043644,1,1.9746549183168667,-0.3887910040120886
16417.0,1.1212955486788323,-1.058145946714099,-2.330234563584869,-2.804692648559184,-2.515817022689194,-2.764096164042172,0,-5.139762956077488,-1.5353182132320198
16418.0,-0.4011425702790203,0.2992073267345332,0.1219135899804774,0.1016713444333967,0.8567153541898691,-0.3215628676392386,1,0.6160078381422281,-0.5744200953351607
16419.0,0.1808966364835151,0.8001660338568091,0.3379011658838303,0.2445772549677684,0.3145288070742748,-0.551520908302031,1,0.523338850243416,-0.5323863967291079
16420.0,0.9811023498659778,-1.058145946714099,-1.8056740292407825,-0.9302666386620904,-2.183176263091345,-1.774714070706209,0,-3.5185579480428464,-0.6382463820010679
16421.0,0.9479515492166356,-0.2017513803877423,-0.4098999192444367,-0.9141583819899256,-0.144576100004755,-0.6301249785943548,0,-1.2633593584848493,-0.013809817973072203
16422.0,-1.0028785328055103,3.892979097926521,3.0442494439251324,3.218117365213179,0.7865535568710715,0.9989930433433653,1,5.588032568154691,-0.48187531874067013
16423.0,-0.7670473650770303,-1.058145946714099,-0.7111382752281937,-0.5049664126903386,-0.6688728615528973,0.2897074872177287,0,-0.9807794570715931,0.04700100639782189
16424.0,0.5152174896819478,-0.5571872395918231,-0.5336640011466309,-0.5583243821854503,-1.117253523671916,-0.3145700392680727,0,-1.4791167040267994,0.16845063055530887
16425.0,0.8078140524230828,-1.058145946714099,-0.8074312609745213,-0.5997442262109776,-0.5486003891756687,0.1080877320632573,0,-1.5687621458026464,0.7506427362737171
16426.0,-2.1519790306632065,1.0480979277381186,0.5173255042619145,0.6024183127780941,1.3100360324395852,-0.5163703922393242,1,2.0356046780601402,-1.8598926292565954
16427.0,0.7194498921096045,-0.5571872395918231,-0.9709012363631292,-0.7589597607014165,-1.2818823689972492,-1.1367042300136012,0,-2.169586822781071,-0.39769706260032106
16428.0,1.0095401454577722,-0.2017513803877423,-0.2467110784387753,0.118436592109052,0.8567153541898691,-0.3233730598125411,0,-0.20771280780473322,0.3273719108383403
16429.0,0.140256106228435,-1.058145946714099,-0.8518365366573589,-2.5701000695833423,-2.183176263091345,0.0243342246340691,0,-3.0137173135459516,0.19110651120851158
16430.0,-0.2524823540546596,0.654643185938614,0.1322919090785249,-0.3157518899197936,-0.6267921989603487,-0.756946834959964,0,-0.22061596805033074,-0.9130393314549763
16431.0,0.5847888596192942,-0.2017513803877423,-0.2660040229185209,-0.0605578658272451,0.1571027565423948,-0.3596505927987509,0,-0.47061464453476687,0.07781651573575907
16432.0,-0.1794070292720186,-1.058145946714099,-0.8446801384388837,-0.3855244245982789,-1.2818823689972492,0.0378320228605296,0,-1.50445800547814,0.20544797521822064
16433.0,-0.6970151074455184,-0.5571872395918231,-0.6355318174253132,-0.5521774127817789,-0.1914684658752519,-0.506240942085132,0,-0.8217997663369722,-0.6936420456398845
16434.0,-0.6752731880764764,1.2544959545938104,0.7783581604609978,0.6508207019995073,0.8896672959534744,-0.2727815205104545,1,1.7121835223237425,-0.8821952126077586
16435.0,1.1454993720263298,-0.2017513803877423,0.0603117467455748,0.1337077476724066,0.8431548296299944,0.2542851237809191,0,0.07739453859851468,0.871874461862253
16436.0,1.3157764807748435,-0.2017513803877423,-0.7468423074347975,-0.4798275207119468,-0.1002197270566499,-1.2625792050394873,0,-1.5125681972494665,-0.28214212877165096
16437.0,0.9564012788108172,-0.5571872395918231,-0.8108799351980327,-0.6063545425438546,-0.7132292345010023,-0.8359994596439716,0,-1.765659935478462,-0.03406697831842377
16438.0,-1.608585561882396,0.2992073267345332,-0.1100710893909407,-0.0462278667786565,0.457567115373851,-0.7572489118336678,1,0.5110238364887428,-1.587815476869367
16439.0,1.3655594532482656,-1.058145946714099,-0.788695251794101,-1.244856163309911,-1.1954453334565955,0.1434260214884519,0,-2.2949104286776687,1.0498751589350062
16440.0,-1.4474112861963695,0.4896629879592288,1.02421281289911,0.9496172963468188,1.274447139088575,1.1293210898384618,1,2.4776870564081688,0.04244920592314923
16441.0,-0.150470157144488,0.2992073267345332,0.0763990941697459,-0.0171142843658956,0.3771846686209953,-0.4070883156524793,1,0.23446897253734925,-0.49642360224205284
16442.0,-2.1519790306632065,0.2992073267345332,-0.0242355083583916,0.1050587558976008,1.3661211723993998,-0.596113193060857,1,1.2200848485642777,-1.7813429878082505
16443.0,1.1566531348790148,-1.058145946714099,-1.2547890846910366,-1.0756752990814846,-2.515817022689194,-0.7356810822496723,0,-3.194256393149187,0.2994474748333018
16444.0,-0.3873500989396135,1.6565606001831652,0.9857767976775756,0.9014264592097044,1.3329322084435713,-0.354464801308139,1,2.170692741552708,-0.8919884190955482
16445.0,-0.5764124726865254,0.0739460908215904,-0.3123212819003501,-0.3330613346531344,0.9927301689877396,-0.8354841440760118,0,0.05902420245691766,-1.0791548080648368
16446.0,-2.4120140217391843,-0.5571872395918231,3.745631830909391,3.3491217718258586,-1.9471638881929467,7.753629758185978,1,5.47487439275783,5.519423366280438
16447.0,0.298760970365054,-0.2017513803877423,-0.1313040737744193,-0.2824424464256186,0.2745016951337471,-0.106308665798144,0,-0.2940544917945944,0.09820318419762297
16448.0,0.5381829940526488,-0.5571872395918231,-0.6673451362173664,-0.669042043482492,0.0565206627106016,-0.566085847099968,0,-1.1926152611401943,-0.08604183815809381
16449.0,0.5381829940526488,-0.5571872395918231,-0.1968165995860604,-0.1986886419931085,-0.0378814165327151,0.3196224953084005,0,-0.5109409803556972,0.6823877017123439
16450.0,0.3611612137995771,-0.2017513803877423,0.3467115594064195,0.2070901336643004,-0.1220981718085144,0.7935894543587623,1,0.25961452359600806,0.92781919749197
16451.0,0.0221288371626836,-0.2017513803877423,0.0614352738432091,0.0350096867582246,0.3014022381220454,0.2564000522872953,0,0.1573276848259372,0.27046563557044073
16452.0,1.279288497801991,-0.5571872395918231,-0.7406953284826827,-0.5997442262109776,-0.862804573858747,-0.7040391440209396,0,-1.8508797856808301,0.2575613871762242
16453.0,1.1688228586551843,-0.5571872395918231,-0.9398746878220164,-0.8343368051868192,-0.8098576192004525,-1.0784202288994582,0,-2.116126258383506,-0.1321705916412649
16454.0,-0.4011425702790203,0.0739460908215904,-2.4301120713921955,-2.5701000695833423,-1.7640984679528429,-4.714644259160156,0,-4.408993306090928,-4.232266865827343
16455.0,-0.1794070292720186,1.15560189306089,1.1165444768257975,1.2038117725604565,0.7865535568710715,0.4809919744908653,1,2.1279074200009536,0.08695109449894296
16456.0,0.0968649100434169,1.3460575542855853,1.439372552914663,1.323940338566651,1.3661211723993998,0.8621146278987675,1,2.693286635786626,0.48289370606192716
16457.0,0.5996007235020872,-1.058145946714099,-1.0754811887296016,-0.8296554976039625,-1.1954453334565955,-0.3974855645868374,0,-2.1656816734250985,0.2327988895072627
16458.0,-1.9674812683483247,2.3282062876889484,1.307541108590087,1.2650722535746088,0.6251737972068488,-0.51859460866486,1,2.9312477096309797,-2.0057415102996337
16459.0,1.3726167481092917,-1.058145946714099,-1.8367710519654348,-1.3916223493687232,-1.614523128595098,-1.8333666673570483,0,-3.6544303152533235,-0.5422435383089859
16460.0,-0.6970151074455184,-0.2017513803877423,-0.0954630365274629,0.3747381033844362,0.9024861982765124,-0.0388778156906622,1,0.6244693354208578,-0.3565209961653401
16461.0,0.4702544582071883,-0.2017513803877423,0.3972599802575353,0.4846130727804154,1.3552066913673189,0.8888075878772158,1,1.0236000977365418,1.0267835584767186
16462.0,-0.0876328522714647,-0.2017513803877423,-1.3810662509666332,-2.2210947581379226,-2.515817022689194,-2.4473052722748347,0,-3.5683041094469177,-2.0801528798408198
16463.0,-0.8741833591389503,0.0739460908215904,0.3057145907336576,0.5586998354615226,0.457567115373851,0.3263279036850542,1,1.0047886834203652,-0.18877671572587898
16464.0,-0.9040178174155592,-0.2017513803877423,0.249007704131601,0.434702118283372,1.0424661878166923,0.6095702319552538,1,1.1411749764638406,0.05441314448925954
16465.0,1.0202674598207486,-0.5571872395918231,-0.1586480603068349,0.0094639151263962,0.0565206627106016,0.3915139905530979,0,-0.4835717387950413,1.0222137659571402
16466.0,-0.5764124726865254,1.5110377522649707,1.0207715854432111,0.847969228562083,1.294409025534889,-0.1193343706519258,1,2.2157460759584753,-0.7702541416559728
16467.0,1.1417379231273606,0.654643185938614,0.8110805527208667,1.7738975220610262,-0.862804573858747,0.5188971921445267,1,0.9497606127536263,1.106481262290602
16468.0,-0.0876328522714647,-0.2017513803877423,-0.1199007919623821,-0.191578076103695,-0.0789096183560038,-0.0848555981789271,0,-0.265570352617253,-0.07189166747612113
16469.0,-0.7922005967383016,0.2992073267345332,-0.0830356131771904,-0.239233298826501,1.1191943164689204,-0.706506079638931,1,0.46925658368676515,-1.1469578190786507
16470.0,-0.3102985242592435,1.15560189306089,0.6998432771306139,0.6600879653150391,1.5585297595388092,-0.3025359939570854,1,1.7914625182232784,-0.7083642783271067
16471.0,0.7479579275786754,0.0739460908215904,0.1772530950653494,0.196395248611044,0.1083521949576072,0.0845923253897353,0,0.047152146229964505,0.4862474432423643
16472.0,1.0397257262171895,-0.5571872395918231,-0.1180024756411021,-0.4451323693240469,-0.0581390644641013,0.4680766595808358,0,-0.7079202434197929,1.0543601473761144
16473.0,0.4218998096527606,0.0739460908215904,-0.4899534955608987,-0.3396716509860114,-0.3805884749031534,-1.1686417873335213,0,-1.0141538079214214,-0.7396528115458608
16474.0,-1.5229485149574664,0.654643185938614,0.5033200135846347,0.4209129143071611,1.4049427101962726,-0.0600651407599311,1,1.7596191892756456,-1.0637399978921454
16475.0,0.0221288371626836,0.0739460908215904,-0.3856711628498607,-0.2906129979414018,-0.4772168596026035,-0.9731106429065288,0,-0.7960824945817856,-0.7917838374572694
16476.0,1.0367703053241684,-1.058145946714099,-0.7024102086773052,-0.6404409748334174,-0.4437267787202448,0.3061696344619767,0,-1.5040720084754142,1.028030341035628
16477.0,-0.1794070292720186,1.15560189306089,1.105892297426532,1.0955721360765782,1.1666290909919852,0.4609467757078303,1,2.223593161331559,0.04289474254398437
16478.0,-0.7670473650770303,-0.2017513803877423,-0.7432303040945643,-0.5222758574236794,-0.8098576192004525,-1.2558074433760409,0,-1.1741577923162798,-1.3939423582946457
16479.0,-1.3187161125298097,-0.5571872395918231,-0.8118819520665251,-1.0362001973790858,-0.144576100004755,-0.8378831432990426,0,-1.0233215003872238,-1.3544993327117987
16480.0,-0.070754899282162,-1.058145946714099,-0.1367559727681846,-0.0576667801225735,0.1571027565423948,1.3730592218151465,0,-0.033707147736095906,1.3145563486692864
16481.0,1.3290588383452664,-1.058145946714099,-0.5171089758269082,-0.5931996852608044,-0.7601216003714991,0.6556692815989885,0,-1.507442787310357,1.4904073568139975
16482.0,-1.0395356639262063,-1.058145946714099,-1.034472992150029,-0.2373351129814216,-0.6688728615528973,-0.3201393429032664,0,-1.1136678887405986,-0.5694802397786897
16483.0,0.5185490566485405,-1.058145946714099,-1.3636578898162752,-1.5808368721392685,-0.6267921989603487,-0.9410202933828136,0,-2.5638339890130117,-0.35246283434487313
16484.0,0.4557606165093461,-0.5571872395918231,-0.599477326966721,-0.5964638157260045,-0.4115503779538524,-0.4384096038391506,0,-1.2551996457092982,0.00019711522227589025
16485.0,-0.0624796206101934,0.2992073267345332,0.6501442270585946,0.5535946020252502,0.8896672959534744,0.6721873714990309,1,1.2974339879326995,0.46010274045020866
16486.0,1.1772063139654854,-1.058145946714099,-1.3897443759599477,-1.967436469196142,-1.3785107536966998,-0.9902224360885712,0,-3.2910710966199743,-0.035561496759941
16487.0,1.22200820066849,-0.5571872395918231,-1.0719104891996298,-0.7302695639352857,-0.321964036982949,-1.3263782580256993,0,-2.0210888039713253,-0.3150340215071219
16488.0,-0.5950029105353472,-0.2017513803877423,-0.4484550636772798,0.2509233366900676,-0.321964036982949,-0.7025622124967497,0,-0.3488926172176848,-0.7955599654442398
16489.0,0.954720215728158,-0.5571872395918231,-0.8050624450425004,-1.6749572933624948,-1.7640984679528429,-0.8250630352395195,0,-2.69818565812629,-0.08652142889959323
16490.0,1.042667590085983,-1.058145946714099,-1.0857069649428712,-0.96946160877935,-0.91940584661767,-0.4167725662071945,0,-2.2657655676462993,0.4343369810798612
16491.0,-0.3738480170997701,-0.5571872395918231,0.359711968127562,0.4977616684100984,0.5793298571111467,1.3682691869134098,1,0.9487285949580292,1.0723441821213622
16492.0,1.180765944929144,-1.058145946714099,-0.6335905229036002,-0.4908819143496147,-0.4772168596026035,0.4359715549565299,0,-1.419373986443341,1.228736530130587
16493.0,-0.0382757972626953,0.654643185938614,0.5972112816804729,0.9110867530131332,0.4897435161402434,0.1164942612538315,1,1.2467083258600802,-0.01478775489325616
16494.0,0.7971428378544745,-1.058145946714099,-0.0851050852471869,0.2012781287866438,0.0914362748936436,1.4704787947193183,0,-0.15487432212417457,1.8993179936478792
16495.0,-1.9674812683483247,-0.2017513803877423,-0.2208851287745991,-0.2546192855417444,0.5001945244425666,-0.2748066043049931,1,0.4242735847902552,-1.2909833122893033
16496.0,-1.3798409325433134,0.4896629879592288,0.6613844281900295,0.8325013939678924,0.8499631098416093,0.4461355456841391,1,1.8398204458103633,-0.4662635801864026
16497.0,-0.3349679194593694,2.0119964593872464,1.4215558136723834,1.1924843732533277,1.4118079641262418,0.0551538026299657,1,2.8118245946029794,-0.601225816195684
16498.0,0.4062569561281632,-0.5571872395918231,-1.593859048640068,-1.5663808849782732,-0.8098576192004525,-2.304014550022524,0,-2.9154928808129603,-1.6172867335662604
16499.0,0.9201390523816813,0.8001660338568091,0.7340965411216688,0.6634695714212294,0.7336066022127771,0.1930561416019645,1,1.0843523079283135,0.500076746679388
16500.0,-1.7074462772723475,0.9303406571479472,-0.0701277348576076,-0.1655778157249051,-0.4437267787202448,-1.4747610405033906,1,0.17853932070735887,-2.3594803384865437
16501.0,0.9597502430728068,-1.058145946714099,0.205288811611204,0.1683602798515559,1.1848607981176718,2.018195412258984,1,0.5419301596140403,2.3798900032540864
16502.0,1.2680279097306315,-0.5571872395918231,-0.8988895251303806,-0.4477372081299453,-0.0181119525235737,-1.0014136706563042,0,-1.5927966161982021,-0.011821952079652595
16503.0,0.1462219650521856,1.15560189306089,0.9774065152551517,0.7410985362144052,1.0893585536871893,0.21922005899138,1,1.7868365224821325,-0.005974065760101303
16504.0,-0.7670473650770303,-1.058145946714099,-0.4695510978609723,0.0350096867582246,0.4791576523996084,0.7453689630959756,0,0.006989876930138676,0.4187783492193733
16505.0,-0.6141483680629726,-1.058145946714099,-0.129023743112047,0.0971274856787354,-1.7640984679528429,1.387643105013507,0,-0.5814471251924749,1.128999271611428
16506.0,-0.9040178174155592,-0.5571872395918231,-1.673504671721301,-1.6107384274973675,-1.9471638881929467,-2.4526937624043703,0,-3.084543921650324,-2.4115402038055667
16507.0,1.2164362698867952,-1.058145946714099,-1.2979011394865403,-0.9523769874762636,-0.1002197270566499,-0.8169954248830267,0,-2.1971427880320427,0.17106404194905664
16508.0,1.2782729390801475,-1.058145946714099,-0.9482205895120684,-1.0111411307468456,0.0011923041824166,-0.1574572936638833,0,-1.8301952144334523,0.7284363725247874
16509.0,0.7971428378544745,-1.058145946714099,-0.6755376899864324,-1.3389765845331374,-0.91940584661767,0.3568543258462233,0,-1.9269833582734637,0.8884557806232786
16510.0,0.94111068223374,0.4896629879592288,0.5862883786756042,0.5076061319118196,0.6514988276797011,0.3048150594620722,1,0.8011953881230681,0.6711358044520649
16511.0,-0.8456753236698794,0.4896629879592288,0.482835750538986,0.3021100463966054,1.3980195209492263,0.1101894566103221,1,1.4619450667354335,-0.5223655540499759
16513.0,-1.7074462772723475,0.0739460908215904,-0.0444257391471208,-0.1308222092665272,-0.1914684658752519,-0.332290189130989,1,0.2989369087569011,-1.2201823979288122
16515.0,-0.3102985242592435,1.0480979277381186,0.8933540755506822,0.7687696545310132,1.1982735174240835,0.1902681325185866,1,1.89216590155097,-0.25392108797516366
16516.0,-0.6542442484349309,-1.058145946714099,-1.5887187228893136,-1.4026767430063911,-1.4880589811139169,-1.3655111644548583,0,-2.7114633801522148,-1.2842629799358685
16517.0,0.752588454545872,-1.058145946714099,-1.2527613543966367,-1.0756752990814846,-0.7132292345010023,-0.7318565474018448,0,-2.317215674818585,2.7653449987994845e-05
16518.0,-0.2097114950440718,0.0739460908215904,0.0221719719453492,0.0350096867582246,0.3014022381220454,-0.2070889161410422,1,0.1854185548797516,-0.301030560882698
16519.0,-0.7670473650770303,0.0739460908215904,-0.3700373066953129,-0.6800964371201603,-0.2159596295778201,-0.9437829844962816,0,-0.6081192754265186,-1.2525183254621173
16520.0,0.4982949986740278,0.4896629879592288,0.7068463172040924,0.6144676992234456,1.451835076066769,0.531704132649661,1,1.450035779098296,0.586454403671836
16521.0,1.011083648486406,-0.2017513803877423,0.1514012422527012,0.4699040673670961,1.3138967127742598,0.4257723102175627,1,0.5697467888521943,0.9495655892154362
16522.0,1.042667590085983,-0.5571872395918231,-0.5495790252923041,-0.5583243821854503,-0.7601216003714991,-0.3445194285099373,0,-1.5120865049117036,0.4181468671885218
16523.0,-2.1519790306632065,2.245808014503504,1.836935610680313,1.5147416436238572,1.1803407147432114,0.5698727851366763,1,3.892218466678393,-1.203388967664354
16524.0,1.0571778289304523,-0.5571872395918231,-0.794637938923453,-0.4246569123197467,0.1411722937225966,-0.8054650618451216,0,-1.3394096613099842,0.02615043698236612
16525.0,-2.1519790306632065,2.8938664889589134,2.358708135917104,2.2235758355663298,0.8153422320095451,0.8209543463714291,1,4.679158998937637,-1.0877350372005479
16526.0,0.4483889813387123,-0.5571872395918231,-0.1872011413897527,-0.3784393908584309,-0.2672508963742018,0.3377329811301564,0,-0.6525728911696006,0.6398882147438046
16527.0,-0.0304066776915911,-0.5571872395918231,0.2254934940068785,0.249116409897541,0.3650304751021734,1.1152988032099649,1,0.4930382190978438,1.0409352306427406
16528.0,-1.8243736859341724,-1.058145946714099,-0.960996934227072,-0.6989435988405914,-0.7132292345010023,-0.1815549637166222,0,-1.0264133126766932,-0.9330142775753876
16529.0,0.5118685254199581,0.0739460908215904,0.5554561609303523,0.2713538538233589,0.5887058798168258,0.7965320092701044,1,0.7572107773108574,0.9189088125663243
16530.0,1.3157764807748435,-1.058145946714099,-2.1168229656406155,-2.183500472526469,-1.9471638881929467,-2.361577103434084,0,-4.445089552921858,-1.0656583481840438
16531.0,-0.8456753236698794,1.15560189306089,0.6512890191606497,0.8683958735028668,0.7717713000569296,-0.3937314142087472,1,1.6779937202857595,-1.0204136787417237
16532.0,-0.9682038613741812,0.2992073267345332,1.614944507970963,1.0732140765913942,-2.183176263091345,2.4901673098960044,1,1.5726853743934652,1.623183054515712
16533.0,-0.9353081791524545,-0.2017513803877423,0.1177331878532496,0.1369345126340181,0.7938459876173184,0.3623834039665494,1,0.7681541097676204,-0.1816787392545686
16534.0,1.2903547758033207,-1.058145946714099,-0.2737799394601686,-0.7105166998701326,-0.1220981718085144,1.114616105860133,0,-1.0268069460452343,1.8003437581217714
16535.0,-1.7074462772723475,-0.2017513803877423,0.0531742703081095,0.2109364659054746,0.3771846686209953,0.2408496833985533,1,0.8020306009622689,-0.6783939267603477
16536.0,0.1637936176211079,-1.058145946714099,-0.3795262114880398,-0.4477372081299453,0.1249263557760024,0.9151663548180896,0,-0.561756429335475,1.0351288261684548
16537.0,1.2893566040861313,-1.058145946714099,-2.62585423545172,-1.3916223493687232,-1.9471638881929467,-3.3216692002002115,0,-4.6055204380510855,-1.7777509020360176
16538.0,1.180765944929144,-0.2017513803877423,-0.607846430315971,-0.4322607072827482,-0.144576100004755,-1.00185244019609,0,-1.3192107457473798,-0.13845948674308542
16539.0,-1.9674812683483247,1.0480979277381186,1.000486375479798,0.639424875234718,0.5505411819726732,0.3918082196712276,1,2.1926181657252526,-0.9856065952573465
16540.0,1.0095401454577722,-1.058145946714099,-1.0149703043919622,-0.9637172845910724,-0.4115503779538524,-0.2833550086340458,0,-1.96654269458125,0.5020272324741488
16541.0,1.3769884432844162,-1.058145946714099,-0.5652259337239014,-0.6913398038775899,-0.0789096183560038,0.5649151104171772,0,-1.336681024776308,1.4030404212270375
16542.0,-0.2865430233339383,-0.5571872395918231,-0.9240529551726684,-0.8203916692661117,-0.91940584661767,-1.048694947602424,0,-1.6845466980121198,-0.9016642688732812
16543.0,1.2384392923735166,-1.058145946714099,-0.8327610445033861,-0.2947366536986517,-0.6688728615528973,0.0603128183769442,0,-1.6364541860969597,0.9846299949666878
16544.0,1.1554233642263942,0.0739460908215904,-0.6502988195925088,-0.7845884941066654,-1.2818823689972492,-1.468933330768332,0,-1.9963720130862561,-0.5841627222460335
16545.0,0.4218998096527606,-0.5571872395918231,-0.2152197544352861,-0.2844755885045728,-1.4880589811139169,0.2849615461705363,0,-1.137079583752122,0.6465293099092086
16546.0,0.7840984858169682,0.2992073267345332,1.2936847485171503,1.4284982140191929,0.4684334074395972,1.884582624034891,1,1.9536985795854036,2.013387619240328
16547.0,1.1866551065949535,-1.058145946714099,-1.5216992131049043,-0.96946160877935,-0.4115503779538524,-1.2391045849592035,0,-2.56315227560518,-0.17476865192881247
16548.0,1.2459654079011129,-1.058145946714099,-2.448384826269288,-2.804692648559184,-1.4880589811139169,-2.9869412821353034,0,-4.8772393784294295,-1.6930336860453172
16549.0,-1.3187161125298097,2.478149591821275,1.9096786900201248,1.7643885703600777,2.436630785908086,0.4435150270526604,1,4.366994586010012,-0.9414064075835576
16550.0,0.1579897300569208,1.7233615276208618,1.6687147919556038,1.6067808351793926,1.5234898547932807,0.8524641858061469,1,3.1410912658588477,0.4292490088034312
16551.0,0.0773306527470905,0.654643185938614,0.6318463000059525,0.9395611663683812,0.3771846686209953,0.1816410165847208,1,1.214058315165264,0.1093708918072491
16552.0,0.6689257299564773,-0.5571872395918231,-0.4835826457486123,-0.4297163291046267,-0.7132292345010023,-0.2203158336742516,0,-1.2455140624327354,0.3241089107791726
16553.0,0.4141260756992679,2.442335020593583,2.077697911172294,2.301688228596836,1.2456584639501014,0.8002051377102115,1,3.7602552898217367,0.4164543481379621
16554.0,-0.4443943630945455,0.8001660338568091,0.8041582199201525,0.6547386342924404,0.7642790739473241,0.32485974667175,1,1.5927943704446126,-0.1453954960516243
16555.0,-0.5583457794146515,0.4896629879592288,0.5201243081562381,0.8515990442803519,0.2745016951337471,0.1803322104165271,1,1.2036225017106688,-0.202360585765145
16556.0,-0.150470157144488,1.6565606001831652,1.5509638631970246,1.4263867485178408,1.5411968671369618,0.7083220978993744,1,3.0301231959322243,0.1420284446675113
16557.0,-0.7922005967383016,-0.5571872395918231,-0.8586824766972915,-0.9811029912456316,-1.0458699940988507,-0.9258532401350152,0,-1.5856742688810588,-1.0906006223830806
16558.0,-2.4120140217391843,2.611849228042442,1.9465087903607383,1.8337857746862951,1.797395678382385,0.3620333656575376,1,4.524582307129115,-1.6088503205430398
16559.0,0.982715747443508,-1.058145946714099,-1.1599591301373438,-1.2536847648443734,-0.7132292345010023,-0.5568207738496062,0,-2.374037348489163,0.2503005984675021
16560.0,-0.7195200551006783,0.8001660338568091,0.8547272506042346,0.7695902671624874,0.9754580982530536,0.4200125375160895,1,1.8740191485825042,-0.21746457396041938
16561.0,-1.608585561882396,-0.5571872395918231,-0.430907932716194,-0.4662657837754595,-0.2941514393624997,-0.1211660651276488,0,-0.322583692489916,-0.8696898132567057
16562.0,1.1001800545869456,-1.058145946714099,-1.0240144595637657,-0.4146533591976824,-0.1676872918813187,-0.3004133357297409,0,-1.6448437571954084,0.5822757480096414
16563.0,-0.2865430233339383,0.4896629879592288,1.122825175703196,1.0865173262229997,0.217900422374825,1.3150904468802322,1,1.8459540898281697,0.8917162462625017
16564.0,1.2130697256793863,-1.058145946714099,-1.693511319304562,-1.6420643925920622,-1.614523128595098,-1.5631621725259692,0,-3.570189987755075,-0.43637525741036437
16565.0,0.9272060682311212,0.0739460908215904,-0.133247113804218,-0.5614195452564948,-1.3785107536966998,-0.499208972407849,0,-1.3124292127702952,0.10239023633223251
16566.0,-1.0784157615666077,0.2992073267345332,-0.2982208699357482,-0.2076863327758596,-0.862804573858747,-1.1101036467084269,0,-0.47817240983145454,-1.5394597573873965
16567.0,0.5251607151948186,-0.5571872395918231,-0.0518625743789872,0.4568406600111304,-0.1676872918813187,0.5926736136961088,0,-0.09848805231421227,0.9678617667058255
16568.0,1.0308182885991817,-0.5571872395918231,0.0669210172607511,-0.2004783599377006,-1.614523128595098,0.8164751743254836,0,-1.0402202452546152,1.4254984808997226
16569.0,-1.9674812683483247,0.2992073267345332,0.3221459367099655,0.4515417718232907,-0.3507527121214226,0.0549065669349403,1,0.979756654372763,-1.0414566772813099
16570.0,-1.0784157615666077,1.847016261407861,1.4969933605232464,1.4171068496316537,0.8082392174469527,0.3864020491791804,1,2.966572393698313,-0.6478349396925634
16571.0,-0.7195200551006783,1.0480979277381186,1.093906180782183,1.3200453445043818,1.0370865419358446,0.5676113009925188,1,2.424998385668718,-0.11080706043878104
16572.0,0.2551824986059697,-0.2017513803877423,0.0589084351413904,0.0449565067865308,-0.0378814165327151,0.2516435377772211,0,-0.054297357449062465,0.41083870005978196
16573.0,0.0001383902963132,-0.5571872395918231,-0.2430915017617892,-0.2113201593606197,-0.0378814165327151,0.2324696670318608,0,-0.39828650752140027,0.3148690629448378
16574.0,-0.1138130260237924,-0.2017513803877423,0.2419075559994609,0.4607869974830055,0.5793298571111467,0.5961989544254925,1,0.7071191983172431,0.5011632944532869
16576.0,1.0187459283862368,-0.5571872395918231,-0.3902180924587005,-0.2824424464256186,-0.2159596295778201,-0.0445657306836978,0,-0.9795656992617366,0.6512310357994828
16577.0,1.3148171310090695,-1.058145946714099,-0.6440302749343216,-0.8203916692661117,-0.4772168596026035,0.4162809700920417,0,-1.6272540671258107,1.2533907695866033
16578.0,1.2741945456928905,-1.058145946714099,-1.2801261007449782,-0.9989607652635912,-1.1954453334565955,-0.783469637318309,0,-2.6731902853886584,0.27414353640492267
16579.0,1.0278214364224063,-1.058145946714099,-0.8258150430322062,-0.935724935040335,-0.862804573858747,0.0734137839012831,0,-1.945470060041112,0.8237830024228459
16581.0,0.4879229365026979,-1.058145946714099,-1.560240685798788,-0.8582565662530369,-1.1954453334565955,-1.3117982788944638,0,-2.6596481727766417,-0.5714704590573663
16582.0,0.1808966364835151,-1.058145946714099,-0.7819761712432546,-0.7262712480428852,-1.4880589811139169,0.1560989878011041,0,-1.796065717335057,0.474180075023227
16583.0,0.9445402369244064,-0.5571872395918231,-0.4029228947410826,-0.4146533591976824,-0.6688728615528973,-0.0684839318768406,0,-1.2202772612106507,0.5980259946783882
16584.0,-0.0382757972626953,0.2992073267345332,0.8814688182886014,0.8878647222732178,0.3014022381220454,1.1078431242004296,1,1.4484262921591706,0.8858723242442544
16585.0,1.2405986385173122,-0.5571872395918231,-0.7206040911327898,-0.7802470860088049,-0.7601216003714991,-0.6662565737836268,0,-1.8597335478655925,0.24418179505125914
16586.0,0.6845052458484283,-0.2017513803877423,0.3258722872798593,-0.2335550971816399,-0.3507527121214226,0.7543370302361212,0,-0.16559268154748225,1.0397166122796608
16587.0,0.639341544931368,-1.058145946714099,-1.019892299486403,-1.2717056438696923,-0.91940584661767,-0.2926384630517832,0,-2.2122154133827814,0.2828011920923025
16588.0,0.9647411258391284,0.0739460908215904,0.2740887592078771,0.376976520538054,0.3401681767824983,0.266806155599486,1,0.2636232600409618,0.7606823928904743
16589.0,-0.1138130260237924,0.0739460908215904,-0.300917923193268,0.0498740694236828,-0.0581390644641013,-0.8140815995770486,0,-0.32959306472813316,-0.7222422539201077
16590.0,0.9891290528763732,-0.5571872395918231,-0.3085475681641034,-0.4770927103734043,-0.3805884749031534,0.1092060752426133,0,-1.0435458027307158,0.7472370370913824
16591.0,-0.1318797192956659,-1.058145946714099,-1.0580035762951012,-1.6262149283445646,-1.117253523671916,-0.3645207575820887,0,-2.261225928167744,-0.225993177012977
16592.0,-1.8243736859341724,2.245808014503504,1.5323205234621224,1.580662960664119,1.3478488567818283,-0.003051224033713,1,3.567350390965218,-1.4880235960781512
16593.0,-0.3225146116861712,0.8001660338568091,0.1015044529606356,-0.1810543165721022,0.2466890975132978,-0.9949246338534912,1,0.20136215961557244,-1.2078136619395003
16594.0,-0.0791383545924629,-1.058145946714099,-1.1760429816291105,-1.3389765845331374,0.1880646595930938,-0.5871567858367198,0,-1.7257380230926578,-0.40661986304249687
16595.0,-0.2097114950440718,0.2992073267345332,0.4793272375970239,0.6701810678079644,1.692716266781489,0.3506389301614976,1,1.5504164076110356,0.09475404100235266
16596.0,-1.0395356639262063,0.0739460908215904,-0.3404340401414195,-0.5135641944509618,-0.4772168596026035,-0.8882407373305059,0,-0.5219963253647438,-1.328920323052271
16597.0,-1.8243736859341724,-1.058145946714099,-1.675559671698852,-0.6510211644571734,-1.3785107536966998,-1.529303280131071,0,-2.0399006433542577,-1.9893455240155375
16598.0,0.7730217821651971,-1.058145946714099,-1.3349712736360837,-1.2536847648443734,-1.117253523671916,-0.8869140034336993,0,-2.662566172011552,-0.11408245299148433
16599.0,0.9647411258391284,-1.058145946714099,-1.2096196377251265,-0.74651041226979,-0.9802035124500996,-0.6504862590252367,0,-2.293589542938289,0.2274444690415042
16600.0,-1.8243736859341724,1.3460575542855853,0.6043777762566732,1.0403609340836106,0.7490861757345402,-0.7076072803312121,1,2.0164864934377005,-1.8447869472218417
16601.0,-0.4594850640247002,-0.2017513803877423,-0.2210533614592031,-0.1504571282154663,0.2880622196936218,-0.2751229873862665,0,-0.08520305385286403,-0.4425400918689367
16602.0,-0.540774126845729,-0.5571872395918231,-0.1423531327324047,-0.0962799984533907,-0.1002197270566499,0.4222075016568186,0,-0.09442186606989404,0.1855102097178363
16603.0,-0.0791383545924629,-0.5571872395918231,-0.4723922697947906,-0.0225612797941685,-0.1676872918813187,-0.1992533900862176,0,-0.5822412118451259,-0.053436639337444684
16604.0,1.206283152308942,-0.5571872395918231,-0.5510902777871284,-0.6838229113311526,-1.117253523671916,-0.3473632721663791,0,-1.7721067703601812,0.5091043084192137
16605.0,1.3673310709462236,-1.058145946714099,-1.958455214921999,-0.8112565093766205,-2.515817022689194,-2.062877131811525,0,-3.883614198599955,-0.6324186019866654
16606.0,0.9938972919331752,-0.5571872395918231,-0.687571763828681,-0.7933582365477243,-0.7601216003714991,-0.604131015085222,0,-1.753923726724232,0.15757712240897104
16607.0,-0.9682038613741812,2.110890520920167,1.3064726014174777,1.43880682816965,1.3138967127742598,-0.2739875143591256,1,2.969731879523184,-1.2132354322397476
16608.0,1.0685541839756287,-0.5571872395918231,0.2346473621724666,0.1380065926412373,0.6514988276797011,1.1325506000428232,0,0.2268896579949265,1.634934074920085
16609.0,-1.0784157615666077,0.654643185938614,1.279013957833072,1.0403609340836106,1.0583966506364906,1.4001190600584563,1,2.592141764685664,0.44026447090088217
16610.0,0.6025224834477799,-1.058145946714099,-1.7994432622137158,-1.3190441216122355,-1.4880589811139169,-1.762962120415026,0,-3.287971681176619,-0.9068508535720543
16611.0,0.4982949986740278,0.4896629879592288,0.4692913216634509,0.3709903955875822,0.5793298571111467,0.084713739969124,1,0.7208129246102413,0.2390905006749016
16612.0,-0.5950029105353472,0.9303406571479472,0.8998490933785936,0.6894511553006836,0.7413828979433381,0.3452647480259354,1,1.7544754251922399,-0.24138964447542893
16613.0,-0.1227827554391228,-1.058145946714099,-0.2936356593879833,-0.3463490782764294,-0.2672508963742018,1.0771659119155237,0,-0.4963469700529497,1.0364297609352011
16614.0,0.4879229365026979,-0.2017513803877423,0.171061188213962,-0.2316732047996185,-0.1002197270566499,0.4627896892408908,0,-0.16376831413164905,0.6846830894808271
16615.0,1.2741945456928905,-1.058145946714099,-0.8345080571632187,-0.5614195452564948,-0.6267921989603487,0.0570177495921165,0,-1.7574127782849416,0.9729617725867126
16616.0,-1.0784157615666077,-0.5571872395918231,-0.44612318470156,-0.1933485238451358,-0.2412044847042052,-0.1498072761863487,0,-0.35366942612246205,-0.5764641231021416
16617.0,0.6502579820962507,-1.058145946714099,-1.3021785061661946,-1.110483470649885,-1.614523128595098,-0.8250630352395195,0,-2.728670985835688,-0.09492201384598185
16618.0,-0.6338830081757483,0.2992073267345332,0.7531878430448149,0.6629875479926887,0.5105140700321456,0.8662245702162644,1,1.478959807029759,0.33104175789058615
16619.0,0.7218745649366273,0.0739460908215904,0.528589858161436,0.4946548088834669,0.7257558910386418,0.7459358692077985,1,0.8251693564664152,1.0096708688914982
16620.0,-1.8243736859341724,0.4896629879592288,0.4586429489438761,0.5490231088078554,0.5001945244425666,0.0646861527294463,1,1.4845269051892436,-1.0322258393305304
16621.0,-0.3102985242592435,0.0739460908215904,-0.0965592648279803,-0.3265167937029618,-0.5121324717856456,-0.4302719209356799,0,-0.41724631223736997,-0.5369933407398535
16622.0,1.1843059274157668,-1.058145946714099,-1.0190961518442614,-1.5808368721392685,-0.9802035124500996,-0.2911368361294079,0,-2.551938214267699,0.5551995479190135
16623.0,0.6767627952879732,0.0739460908215904,0.0629187723152353,-0.0766900687954025,0.0384893202353487,-0.1304684233657981,0,-0.20948835520170678,0.24871436333410996
16624.0,-0.0304066776915911,-0.5571872395918231,-0.0991384331527437,-0.0117120286249113,0.0384893202353487,0.5036120705300289,0,-0.11022884363997217,0.5341954397266825
16625.0,0.7479579275786754,0.2992073267345332,0.414358968518061,0.4958993143423847,0.5407159979871611,0.2283837753166115,1,0.6222710069843173,0.5560210113130171
16626.0,-2.4120140217391843,1.6565606001831652,1.1212499227178565,1.1099032118443943,0.5793298571111467,-0.0999616672838307,1,2.7306063228531583,-1.744094146732366
16627.0,-0.0462426723707365,-1.058145946714099,-0.7612515662546252,-0.7342923345111426,-0.586765087019821,0.1951879998878599,0,-1.3325365112986258,0.3399563260209256
16628.0,-0.6542442484349309,0.654643185938614,0.6574583077470011,0.611345600297109,0.5602500888610992,0.2298213435568788,1,1.3910124608947556,-0.29480951209079936
16629.0,-0.0876328522714647,-0.5571872395918231,-0.5759868639856627,-0.0050210152869876,0.2607132519567318,-0.3942111551955876,0,-0.5033527062408665,-0.2332876175614263
16630.0,0.9986303407132076,-1.058145946714099,-1.5537947852759002,-1.2626334870875635,-1.7640984679528429,-1.299640561843286,0,-3.2384787303020732,-0.2961720031427105
16631.0,1.1068536340446045,0.654643185938614,0.5113640629874234,0.29201694390368,0.0741642041589574,-0.0449413206572152,1,0.3347280854602704,0.44025866065775343
16632.0,1.1121429440166524,-0.5571872395918231,-0.5957533230318627,-0.4348149665659621,-0.5121324717856456,-0.4314029428878325,0,-1.4216461839381773,0.38732611513619086
16633.0,-1.0028785328055103,0.4896629879592288,0.8145719098259443,0.5444196188771608,0.8153422320095451,0.7345078836157997,1,1.735083581629833,-0.05302645510854215
16634.0,0.6140782050718988,0.4896629879592288,0.4810875982882967,0.6424167876212222,0.435392980203531,0.1069012827364813,1,0.7651030828664295,0.35435963045176594
16635.0,0.9986303407132076,-1.058145946714099,-0.4866470030715309,-0.3831542564881224,-0.4115503779538524,0.7131241002493156,0,-1.1284247239356104,1.3608422138052556
16636.0,1.045596020739638,0.0739460908215904,1.01387922490644,0.973503642576299,0.3145288070742748,1.6602188530090431,1,1.2942000090358476,1.9940811803521892
16637.0,-0.6141483680629726,0.0739460908215904,0.1554412373851719,0.4096695475497316,0.3650304751021734,0.0435575725402539,1,0.6556261814055687,-0.2856113516584845
16638.0,-0.8183807704906293,1.5110377522649707,0.691572275541203,0.7889839357185202,0.9151078788768328,-0.7373861886861873,1,1.7567766765180823,-1.3926692453684884
16639.0,-0.6338830081757483,0.0739460908215904,0.4541455291244733,0.2713538538233589,0.4791576523996084,0.6057536667555875,1,0.9613108498022858,0.13967510630550245
16640.0,0.9843250963403034,-1.058145946714099,-1.1827621256600067,-0.8022464926048176,-0.91940584661767,-0.5998298718801189,0,-2.272100843978924,0.2708985561892982
16641.0,0.140256106228435,-0.5571872395918231,-0.3723167650060643,-0.0591107344650019,-0.1220981718085144,-0.0108631784817934,0,-0.5426193636365584,0.2139397229768974
16642.0,-1.7074462772723475,-0.2017513803877423,0.1057330189564419,0.29201694390368,0.1411722937225966,0.3397912421875211,1,0.7979281146429325,-0.5796266161933196
16643.0,0.6767627952879732,-0.5571872395918231,-0.0055618678001647,0.0703729897301092,0.1083521949576072,0.6799046307479217,0,-0.1636579137790602,1.070670715527742
16644.0,0.4702544582071883,-0.5571872395918231,-0.0788194543862641,0.3338823120967778,0.3145288070742748,0.541889518521673,0,0.032499875333861644,0.862713341594993
16645.0,1.377859217618911,-1.058145946714099,-1.263002199764726,-0.9467793286780029,-0.862804573858747,-0.7511719711984127,0,-2.524563047754528,0.3476507375708276
16646.0,1.0614676455862315,-1.058145946714099,-0.2268073683837608,0.5051587953623482,-0.2941514393624997,1.2032118305824664,0,-0.4051880603544239,1.8759849658444698
16647.0,0.4409316275594932,0.0739460908215904,-0.3888496711797562,-0.1487983103404511,-0.321964036982949,-0.979072805152876,0,-0.7988189966034623,-0.5591343880377795
16648.0,-0.4296506057480915,-0.2017513803877423,-0.2331956474360541,0.0081602061984428,-0.1002197270566499,-0.2979575384490634,0,-0.19410148175838737,-0.41137697583517824
16649.0,1.1554233642263942,-1.058145946714099,-0.7982834432800828,-1.178194505634738,-0.586765087019821,0.125341578716621,0,-1.9553492061219502,0.899278168384535
16650.0,-0.10496702096475,0.654643185938614,0.520285952408567,0.7307405120846736,0.4240770344914922,-0.0281664278884863,1,1.073747363045971,-0.183730985697021
16651.0,1.233008902613806,-1.058145946714099,-1.3800150572607404,-1.3807506813715704,-1.4880589811139169,-0.9718718110012476,0,-3.0676864449227392,0.0737492712624976
16652.0,-0.2307404346856175,1.5859404542672264,2.1159056895940944,1.7821285448168114,0.8766449105123539,1.854714401080814,1,3.541746371197011,1.1101499882882235
16653.0,-1.0395356639262063,-0.5571872395918231,0.190846429166434,0.2554190543906869,0.3771846686209953,1.0500029426591575,1,0.7788596893090896,0.43356910303656937
16654.0,0.3217499979517362,0.8001660338568091,0.4389439044376451,0.2279719173256238,0.3401681767824983,-0.3617751907197448,1,0.5894241469154007,-0.30415212324135665
16655.0,-0.9682038613741812,1.3460575542855853,1.4055706892021158,1.3729096212817804,1.849140004351645,0.7984742985449467,1,3.2131613543890616,-0.17061100374179328
16656.0,-0.8456753236698794,2.3282062876889484,2.085840813846987,2.2587180643789777,-0.5121324717856456,0.9448307230647957,1,3.4023420704655303,-0.05391607976225746
16657.0,-1.3187161125298097,0.0739460908215904,0.0025872606919809,0.5949743423381456,1.074023657541187,-0.2439113531114814,1,1.09477618759523,-0.9185989265709932
16658.0,0.9341960578512236,0.4896629879592288,-0.0960374643535399,-0.2947366536986517,0.1249263557760024,-0.9770493633484252,0,-0.5165998631760718,-0.42758556053222124
16659.0,0.5085019812125491,-1.058145946714099,-2.266031004521654,-1.2626334870875635,-2.183176263091345,-2.643000794667862,0,-4.016934414544239,-1.634118619241172
16660.0,-1.0395356639262063,0.654643185938614,0.5064112507461795,0.4535338609952382,-0.586765087019821,-0.0542532912998525,1,0.8000469503351169,-0.701195563150799
16661.0,1.1795815951948991,0.0739460908215904,0.0423410190341954,-0.1672795526090386,0.1411722937225966,-0.1691645760902724,0,-0.3880442344676786,0.480051608659003
16662.0,0.9778633268252848,-1.058145946714099,-1.247935446110473,-1.709582179172762,-0.321964036982949,-0.7227543238646087,0,-2.517928777133894,0.05009956935243589
16663.0,1.37173882162198,-1.058145946714099,-1.2427074196162766,-1.0490970995891926,-2.515817022689194,-0.7128936586826355,0,-3.2359702691167143,0.4387676236955492
16664.0,1.2130697256793863,-1.058145946714099,-1.5379278728617538,-1.967436469196142,-1.2818823689972492,-1.2697137221531518,0,-3.4196361882263364,-0.24637690038544696
16665.0,0.9236822945372614,-1.058145946714099,-1.3842290643438688,-1.3916223493687232,-1.1954453334565955,-0.9798199177997348,0,-2.859268952057615,-0.11683589887874271
16666.0,-0.9353081791524545,-0.5571872395918231,-1.017379469049272,-0.1986886419931085,0.0011923041824166,-1.2239950750984894,0,-0.9063682928554039,-1.3788202939719418
16667.0,-0.1411075792030422,-0.5571872395918231,-0.3523215692236269,-0.4853314937413989,0.1727297634470911,0.026783244410732,0,-0.5116478181926781,0.03383218794376794
16668.0,-1.0784157615666077,1.3460575542855853,-0.0545116637790375,0.2903195986034831,-0.321964036982949,-1.9391392384046584,1,0.28915859325670046,-2.459887144571878
16669.0,-0.7922005967383016,-0.2017513803877423,0.2812417211884003,0.3814306296966477,0.9812559531764108,0.6702770834785555,1,1.090064784816298,0.16239086521090426
16670.0,-1.0028785328055103,1.847016261407861,1.5525420545208863,1.4531758017783196,1.4743130042630097,0.490916299594392,1,3.2956881442907444,-0.5478159206335222
16671.0,-0.6970151074455184,-0.2017513803877423,0.4308190709505052,0.3717416474554439,-1.9471638881929467,0.9520274926183496,0,-0.00191994472970566,0.5724894981025014
16672.0,-2.1519790306632065,1.847016261407861,1.5618835024219535,1.1437254252933526,-0.5121324717856456,0.5084940384857433,1,2.6930236489630746,-1.1075320376140612
16673.0,1.3262356854422417,-1.058145946714099,-1.146046227334643,-1.0426170379233035,-0.6267921989603487,-0.5305794232368921,0,-2.331159764162052,0.477666493053336
16674.0,-0.2749873017098188,-0.5571872395918231,-0.7683858781045273,-0.6369517309004904,0.607142454731596,-0.7561074138426842,0,-0.8024734649004136,-0.7081390116194893
16675.0,1.0514130692268566,-0.5571872395918231,-0.3050416015739615,-0.3396716509860114,-0.5486003891756687,0.115807883936715,0,-1.0644061829889488,0.8081062511933276
16676.0,-0.5764124726865254,0.4896629879592288,0.670940965189542,0.4096695475497316,0.7490861757345402,0.464121970858391,1,1.3586840189475546,-0.0480981045272683
16677.0,1.0048872215498614,-0.5571872395918231,-0.0394801790873589,-0.0547883469122285,0.0565206627106016,0.6160015604124124,0,-0.38240001203776164,1.1890244817747024
16678.0,-1.9674812683483247,1.2544959545938104,0.8691410681799504,1.0340825790474115,0.6340429977198944,-0.1021972114337363,1,2.2854429343871443,-1.4043773506677684
16679.0,0.9307105862349312,-0.2017513803877423,-0.114855735914718,-0.3855244245982789,-0.8098576192004525,-0.0753640268269487,0,-0.972616306470648,0.508609987329871
16680.0,-0.4296506057480915,-0.2017513803877423,-0.0895422600095426,-0.1810543165721022,-0.4437267787202448,-0.0277377450661375,0,-0.27332539504768966,-0.19628252336507243
16681.0,-0.0962413734548695,0.654643185938614,0.5224365022114086,0.7224231314715501,-0.5121324717856456,-0.0241228774611018,1,0.6804374315209537,-0.13471529299972537
16682.0,-1.7074462772723475,0.2992073267345332,0.0719102725709968,0.4852451929048097,-0.8098576192004525,-0.4155220721651018,1,0.458254764654297,-1.2555347179144565
16683.0,1.1724291954243062,-1.058145946714099,-0.7669488676234211,-0.630028288668433,-0.6688728615528973,0.1844422277880328,0,-1.7036183059149195,1.0151569411208115
16684.0,-1.8243736859341724,3.058846686938299,3.648086337574184,3.518638994696458,1.1982735174240835,3.065753850240071,1,6.728654106404296,0.9776054457542
16685.0,-0.2097114950440718,-0.5571872395918231,-0.7580540565493585,-0.1487983103404511,0.2880622196936218,-0.7366805594775938,0,-0.7148185885884663,-0.5932877083702729
16686.0,-0.3738480170997701,1.5859404542672264,1.2213514680807038,1.284849105648861,2.092142989289527,0.1703338033107558,1,2.90736576012466,-0.43616789871973416
16687.0,0.972973911537828,-1.058145946714099,-1.2754319630792688,-0.8250072737432935,-1.2818823689972492,-0.7746159484758683,0,-2.52837714908908,0.1370843979356197
16688.0,-2.4120140217391843,0.0739460908215904,0.2189108199300369,0.3161485654770629,0.1727297634470911,0.1629717986952168,1,1.1596584169698019,-1.1778296700690603
16689.0,-0.070754899282162,-0.5571872395918231,-0.5676544342262996,-0.2683837537127082,-0.9802035124500996,-0.3785324527038444,0,-1.1391973309731873,-0.18237950687205437
16690.0,-0.10496702096475,0.0739460908215904,-0.6969345814839322,-0.567653913628976,-0.9802035124500996,-1.55617791338063,0,-1.4253940115205905,-1.339205090417543
16691.0,1.0156919930971386,-0.5571872395918231,-1.185042548959717,-1.1033729047604708,-1.0458699940988507,-1.5386659855124971,0,-2.552942130468839,-0.6054718373750897
16692.0,0.7022155483365661,0.0739460908215904,0.5197557740808898,0.37399026823985,-1.9471638881929467,0.7292996539776965,0,-0.34533725320398034,1.0925737987644324
16693.0,-0.1318797192956659,0.2992073267345332,0.1829661875261606,0.2138065254653223,1.0262202498700983,-0.2068096064445125,1,0.7200044374621563,-0.3298369096034502
16694.0,1.3664458738438814,-1.058145946714099,-1.6129786054929314,-1.9168175809686256,-1.9471638881929467,-1.4112681207315343,0,-3.799829638407937,-0.24188148400593623
16695.0,1.2051450416307885,-0.5571872395918231,-1.1298313526401549,-0.6474754904320826,-0.2672508963742018,-1.4350857321120736,0,-2.0155649353129608,-0.40645463139106947
16696.0,0.294062596246371,0.0739460908215904,-0.2493092295591392,-0.8022464926048176,-1.3785107536966998,-0.7171988995060191,0,-1.3514037504178964,-0.44625569977204244
16697.0,0.6636473034612838,-1.058145946714099,-1.5150806301104849,-1.892897819902408,-0.586765087019821,-1.226621168710353,0,-2.9001958456287715,-0.536992809083711
16698.0,0.6254293898743742,-0.5571872395918231,0.5504270756090351,0.344923450442901,-1.7640984679528429,1.72777414359942,0,-0.2056381815685084,2.0017617795927607
16699.0,0.954720215728158,0.654643185938614,0.0481327410063327,0.1663113033072214,0.1571027565423948,-0.914783049326941,0,-0.13376272835014996,-0.3639759513974709
16700.0,-1.3798409325433134,2.110890520920167,1.647998215548793,1.7275963932709255,1.4899997739109212,0.3680196996761055,1,3.66947151771011,-0.8985546643550806
16701.0,-1.3798409325433134,2.1575193073054413,1.7045845689430517,2.0387669939853,1.0531207928583963,0.4213110775434026,1,3.697901219046382,-0.8172280323821003
16702.0,1.011083648486406,0.0739460908215904,0.1276984864492153,0.2176138931958927,0.5602500888610992,-0.0086303379763543,0,0.11023747972448218,0.5373513138532152
16704.0,1.2659591169727051,-0.5571872395918231,-0.2091536649893418,-0.0576667801225735,0.1411722937225966,0.2963864266890963,0,-0.6102289548960356,1.0697219414451056
16705.0,-2.4120140217391843,2.7324831383346417,2.770201905573748,2.500856929955178,1.8329341824441348,1.7772488865906877,1,5.737561871468097,-0.430469131773389
16706.0,-0.5236711079833221,-0.2017513803877423,-0.4029905719571549,-0.4529780401521651,0.7642790739473241,-0.6171421572158174,0,-0.20269592706152836,-0.8063428438274558
16707.0,0.9875317290149478,0.0739460908215904,-0.3767277371569484,-0.1389323112681091,0.3401681767824983,-0.9563340304213068,0,-0.6766569827494018,-0.2688765986810031
16708.0,-0.3873500989396135,-1.058145946714099,-0.2506994805887735,-0.3644942549377236,-0.3507527121214226,1.1581485319925888,0,-0.41144343149007867,0.9584771610699274
16709.0,0.0001383902963132,1.4312993642702228,1.641663392208124,1.2394844301297443,1.344145044363842,1.1425054769673146,1,2.894819784843449,0.6264923979577077
16710.0,-0.9353081791524545,1.959413366567396,1.3833044501424308,1.4332991181000256,2.0801223631425247,0.043451980020162,1,3.3454625319329723,-0.932152777922699
16711.0,-1.9674812683483247,0.9303406571479472,0.810909809137833,0.5858204852433715,-0.3805884749031534,0.1779537456284472,1,1.5730894342226651,-1.09146626687362
16712.0,-1.3798409325433134,1.3460575542855853,1.0969940563664191,0.9449226230329796,1.6003245210805033,0.2177909573847827,1,2.7091912647716856,-0.8987898081224703
16713.0,-0.9353081791524545,2.4054512011867506,1.98134281396498,1.880468924512391,2.0801223631425247,0.6605706061503349,1,4.224353696144651,-0.5077891052049573
16714.0,0.6025224834477799,0.0739460908215904,0.3581320493165751,0.3519246856216433,0.6600894093898906,0.424992753084862,1,0.5869288502001412,0.6728746697969967
16715.0,-0.0543097623705864,-0.5571872395918231,-0.2856206975223743,0.5648862259409839,-0.3507527121214226,0.1523787994295004,0,-0.19137460620425334,0.3120037451069141
16716.0,0.7290940618003953,-0.2017513803877423,0.603129108679266,0.3989514243478757,-1.3785107536966998,1.2766831743316998,0,-0.014423894678998074,1.5964060934498812
16717.0,-0.7922005967383016,1.4312993642702228,1.4522041171481637,1.2293716703494098,1.5234898547932807,0.7857469476439434,1,3.0103792841948716,-0.10677847074873198
16718.0,0.935931715741001,0.2992073267345332,0.9839916147521496,1.0191022053387833,0.8700553726182927,1.3009854744355451,1,1.5515917283541023,1.5654221297643411
16719.0,-1.0784157615666077,1.4312993642702228,1.045619829492447,1.0711433281235605,1.2824902726998832,0.0207938662520691,1,2.4934274771312186,-0.8884778834820151
16720.0,-0.7428435417295326,-0.2017513803877423,-0.1126629752334072,-0.0239301063835586,0.9151078788768328,-0.0712386004254375,1,0.4382243817584156,-0.44849337511507154
16721.0,0.7170160174661255,-1.058145946714099,-0.8321223514058143,-0.6951307131548892,-0.1002197270566499,0.0615174677405587,0,-1.4252823904691323,0.6334616024578146
16722.0,-1.0028785328055103,1.959413366567396,1.633820651075382,1.8726211329776896,1.0040461146997783,0.5146384579956932,1,3.3920091803287256,-0.4956989739317364
16723.0,0.0433901831118387,0.0739460908215904,0.241824583282108,0.4607869974830055,0.7642790739473241,0.2060889219101918,1,0.7322456052894187,0.1946542424170675
16724.0,0.9954788591929878,-1.058145946714099,-1.323711776469787,-1.2902342195152068,-0.7132292345010023,-0.8656772840334683,0,-2.569288153321339,0.003665071600866244
16725.0,0.8078140524230828,1.4312993642702228,0.5073915299254615,0.2996012540141724,1.421999313285038,-0.9894552488261088,1,1.0297453500877736,-0.7535355295248356
16726.0,-0.7428435417295326,0.654643185938614,0.5823022789893743,0.6596034563142669,1.031671386584256,0.0884538448086294,1,1.5574148624492652,-0.4741430407697986
16727.0,0.9272060682311212,0.0739460908215904,0.3132785944848884,0.5274565557574462,1.074023657541187,0.3405646444464976,1,0.6926072994593778,0.7821198475251332
16728.0,-0.3873500989396135,0.0739460908215904,0.0903489397017881,0.203221175809253,1.3366868742976272,-0.0788813676566127,1,0.8224023987826239,-0.32417871727331493
16729.0,-0.5070123740010525,1.904492494064476,1.4779034040106924,1.613179838497991,1.3945358933915557,0.2843645628264443,1,3.1081011891935124,-0.43831631415693617
16730.0,-0.3102985242592435,-0.2017513803877423,-0.1616727827327393,0.4555199347906272,0.4684334074395972,-0.1634372200755412,1,0.2912771132458425,-0.21734332145747123
16731.0,1.2963113994186093,-1.058145946714099,-1.204455554010036,-0.8932765983286024,-0.0378814165327151,-0.6407461973513501,0,-2.0690094168411672,0.36076534530093296
16732.0,-0.6141483680629726,0.0739460908215904,1.1170815949130697,1.0387288713632936,1.2622326247684963,1.8547275540216368,1,2.3457517036158078,1.2036019441257473
16733.0,1.167616225752049,-1.058145946714099,-0.9174995387054944,-0.975256544405366,-0.9802035124500996,-0.0995138237181414,0,-2.153890588018548,0.7619197113677162
16734.0,-0.3102985242592435,-0.2017513803877423,-0.2574368230433869,-0.2373351129814216,0.0384893202353487,-0.3435416051576406,0,-0.3148828289421888,-0.4135241243057514
16735.0,-0.0462426723707365,1.4312993642702228,1.3743374908485193,1.41541940139949,1.1712251425483466,0.6391694388197742,1,2.63627453214854,0.2189330670957139
16736.0,1.137954282661102,0.2992073267345332,0.8326960608071917,0.4915332038838265,0.8223842757380923,1.015972179450337,1,1.0599232441037263,1.3949055618572448
16737.0,-0.2983107883386734,-0.5571872395918231,-0.077594732929265,0.0971274856787354,-2.515817022689194,0.5441967239349051,0,-1.0138391983563246,0.5447323533048515
16738.0,0.799291332992275,-1.058145946714099,-3.8035824913276346,-3.172763669970543,-2.515817022689194,-5.543001479107597,0,-6.778763908772315,-3.9984150820874036
16739.0,0.4666615905535427,-0.5571872395918231,-0.1208975833162076,-0.1571345555058843,-0.1914684658752519,0.4626230621751051,0,-0.45225852134977795,0.7698613041803181
16740.0,0.9794848831855826,-1.058145946714099,-0.9836655308470876,-0.9523769874762636,-0.2672508963742018,-0.224310569806858,0,-1.8586080678751549,0.5279969720402202
16741.0,1.2731708819498868,-1.058145946714099,-1.208542455779145,-1.186166978263674,-1.0458699940988507,-0.6484545687648338,0,-2.6226840508700175,0.3573886091309551
16742.0,-0.3738480170997701,1.4312993642702228,0.8069134216189268,1.087529594123936,0.1571027565423948,-0.4276949979744155,1,1.5606862807396509,-0.8125063298675332
16743.0,-0.6752731880764764,1.4312993642702228,1.0946721923953235,1.3262311304884231,0.8362895757000253,0.1130206836338304,1,2.354396171073917,-0.5467262720744063
16744.0,-1.2629135238814884,0.654643185938614,0.243553970119094,0.3169651030602791,1.258120370257919,-0.5481312084859801,1,1.2930862369093687,-1.3198736578949235
16745.0,0.0148821476427679,1.6565606001831652,1.4733490858750284,1.713397298913755,1.0207326504320022,0.5622395698528341,1,2.8149201166688873,0.16668877094788456
16746.0,-1.7074462772723475,2.7324831383346417,2.13678564038402,2.0880747309401064,1.8122160850282965,0.5843530410409014,1,4.642321417642507,-1.0493923794785829
16747.0,-0.5070123740010525,-0.5571872395918231,-0.0768540110210082,0.1050587558976008,-0.1676872918813187,0.5455921435800647,0,0.0313056477065748,0.32716513428257593
16748.0,-0.9682038613741812,1.4312993642702228,0.9819742698304526,0.9555161783877189,0.217900422374825,-0.0988399264117113,1,1.8948495611678848,-0.8888619869737242
16749.0,1.2373568867177072,-0.5571872395918231,1.1169896397934336,0.940194199082124,0.1880646595930938,2.796006907690216,1,1.2967979138671593,3.175336342658732
16750.0,-0.4011425702790203,0.2992073267345332,-0.2874517634652187,-0.5521774127817789,0.457567115373851,-1.0899220081435632,0,-0.29139253411731625,-1.2444072974624485
16751.0,-0.6338830081757483,-1.058145946714099,0.4610097398240447,0.4795341213740282,-0.4437267787202448,2.5005147838094874,1,0.7803841851090209,1.9983491499272759
16752.0,0.942827752064887,-1.058145946714099,-0.5807003074566751,-0.9989607652635912,-1.1954453334565955,0.5357286442718762,0,-1.8263405103959152,1.1597540164318985
16753.0,-0.2415192631816249,-1.058145946714099,-1.023822207397317,-0.6334808999499925,-0.1676872918813187,-0.300050725814516,0,-1.32925568101165,-0.17678036551491869
16754.0,0.94111068223374,2.28769393059658,3.0865777156165057,3.2324483894244023,-0.0789096183560038,2.876637419832138,1,4.5434777574529095,2.5811065901807537
16755.0,0.1864977655259916,0.654643185938614,0.8189261107911766,0.9147142028329996,1.3404244345531768,0.5336641234249052,1,1.7671473186339781,0.40886279810561127
16756.0,0.5907547184430448,0.654643185938614,0.2477414135533185,0.231698391536616,0.3401681767824983,-0.5402692250624244,1,0.2981149648170493,-0.2623499281379597
16757.0,0.8428228344109817,-0.5571872395918231,-0.8882471528821918,-0.6653981508446892,-0.91940584661767,-0.9814151320546796,0,-1.925768960047152,-0.21094639561467382
16758.0,-0.1696156146721137,-1.058145946714099,-0.6644791756973597,-0.5867196235949155,-0.5121324717856456,0.3777119681966705,0,-1.09077686427134,0.4313673852532269
16759.0,-1.4474112861963695,-0.2017513803877423,-0.1178293207576094,0.1337077476724066,-0.0378814165327151,-0.0809584334577438,1,0.3306232565863917,-0.7852265605648955
16760.0,1.033801201878248,-1.058145946714099,-1.010867945578786,-0.7105166998701326,-0.7132292345010023,-0.2756174834401789,0,-1.975986664737428,0.5605071303475478
16761.0,0.0839084047561103,-1.058145946714099,-0.7751376425281349,-0.2468813028931192,-0.91940584661767,0.1689972472249919,0,-1.2968180467387704,0.4540668746767386
16762.0,-0.9040178174155592,-0.2017513803877423,0.3446281643699448,0.143340936064449,0.1571027565423948,0.7896651459196802,1,0.7378676474418102,0.21045646971499996
16763.0,0.5413976634342754,-0.5571872395918231,0.0261601669062038,-0.0063537836028127,0.0384893202353487,0.739672799069762,0,-0.1528654953823662,1.0400699605467376
16764.0,-1.8243736859341724,1.3460575542855853,0.7933113895265601,0.6108238065856435,1.3022597367090245,-0.3529939619832391,1,2.244585861092455,-1.6254596506251715
16765.0,0.7906538260142463,-0.5571872395918231,-0.514939586022057,-0.3072650503773302,0.1727297634470911,-0.2793319497838588,0,-0.8910831078144863,0.31598856707044387
16766.0,0.7432937237559131,-0.5571872395918231,0.149888241222193,0.0498740694236828,-0.7132292345010023,0.9728164833266352,0,-0.37021248056228095,1.3789387366307095
16767.0,-0.6338830081757483,1.5110377522649707,1.5564479363024548,1.750047027588396,1.3022597367090245,0.8884211848072119,1,3.2298866619763906,0.10421117644508211
16768.0,-0.360624348634749,0.9303406571479472,0.4375328716433562,0.2937099202278743,0.7642790739473241,-0.5237155348827103,1,1.0142261545800542,-0.8568746208933599
16769.0,0.7121203814881557,0.0739460908215904,0.1474645958450348,-0.3286910797782772,0.4791576523996084,0.0285518765526528,0,-0.06622062358855872,0.35191861439028055
16770.0,-0.2415192631816249,0.9303406571479472,0.5262824456151213,0.5339424266269587,1.274447139088575,-0.3570574889842157,1,1.396163308491944,-0.6551247639166602
16771.0,-0.5950029105353472,1.0480979277381186,1.0445856022697957,1.010914116234806,1.6057396764320917,0.4747904185900213,1,2.4246596729678056,-0.1739290357349194
16772.0,1.0232997359133336,-0.2017513803877423,0.9988514652066276,0.2147604356235464,0.2031181655606824,2.022527809866041,1,0.8848357117792601,2.2727254079362824
16773.0,-0.2524823540546596,-0.2017513803877423,-0.56997167516751,-0.4451323693240469,0.1880646595930938,-0.930761989122337,0,-0.7000545836953922,-0.8847279337740832
16774.0,-0.1411075792030422,0.8001660338568091,0.3879396400372059,0.3004385818660343,0.607142454731596,-0.4575693927969749,1,0.8246397726528358,-0.6407340117796027
16775.0,-1.3187161125298097,1.5859404542672264,0.8567354315885445,0.4724858996865095,0.9275383145186272,-0.5147373447849668,1,1.949204576727597,-1.5397048310851378
16776.0,-0.2201397768252409,-0.5571872395918231,-0.2921717470813078,-0.0649184626094477,0.7413828979433381,0.1400425389890089,0,0.010876095174104457,0.09890950871806271
16777.0,-0.0382757972626953,0.2992073267345332,0.2452076430086079,-0.0294340794130107,0.8831819415705221,-0.0897885470968706,1,0.5830351656001638,-0.20168984974851528
16778.0,-0.0876328522714647,-0.5571872395918231,-0.9565183678411184,-0.616396278646906,-0.7601216003714991,-1.1096869768050497,0,-1.6188731695226122,-0.8283567041194199
16779.0,-2.1519790306632065,3.0139138736317976,2.5767250840022937,2.4167903089155813,1.5782992235479505,1.0970096804401674,1,5.3283373721031415,-0.9114207256516764
16780.0,0.1032463079562461,-0.2017513803877423,-0.308963255027434,-0.2204935429130606,0.4465549626877331,-0.4404181594596615,0,-0.3210402395050525,-0.28119717440485553
16781.0,0.94111068223374,-0.5571872395918231,0.0030728278238846,-0.3200367320370723,-0.1220981718085144,0.6961731700867083,0,-0.5162777283124352,1.200210464026644
16782.0,-1.3187161125298097,2.611849228042442,1.7415250587228823,1.4160335199677336,2.130036437980234,-0.023400821495859,1,3.907878352834357,-1.3768191943988686
16783.0,1.0441334768929462,-1.058145946714099,-0.621776194873295,-0.7302695639352857,-0.4115503779538524,0.4582547498076197,0,-1.4495318293859132,1.1447164232894556
16784.0,-0.9040178174155592,0.2992073267345332,-0.0265920665024151,-0.0010388380035462,0.9637379981128577,-0.6005382466089878,1,0.6114210618678544,-1.0917569810736636
16785.0,1.0033287148318906,-1.058145946714099,-0.3997087892323413,-0.3030623463730282,-0.144576100004755,0.877099669068386,0,-0.8888786946595163,1.4922682610291094
16786.0,0.9778633268252848,-1.058145946714099,-2.067584320840642,-1.2626334870875635,-2.515817022689194,-2.2687073004739013,0,-4.090507867935069,-1.0583750303080222
16787.0,0.9843250963403034,0.0739460908215904,0.0770946944647051,-0.0308172995627917,0.7178293264081053,-0.1038089190588057,0,0.013483393267112726,0.4136171416392861
16788.0,0.2348212583467873,0.2992073267345332,0.5330238584708107,0.4495436307255754,1.7189901967493495,0.4517019091765827,1,1.3759751243780969,0.397552745687291
16789.0,-1.4474112861963695,-1.058145946714099,-1.7526787957234349,-1.7848322627584738,-1.614523128595098,-1.6747589051126262,0,-2.870764030751898,-2.003197273327075
16790.0,-1.8243736859341724,0.4896629879592288,0.3655407775197951,0.3887877638884077,0.5979759564957379,-0.1103844179651878,1,1.3509731377617185,-1.1944120223793708
16791.0,-0.6752731880764764,1.5110377522649707,1.057379422981565,0.8722658661212669,1.8184866357374985,-0.0505323387652015,1,2.51457228818361,-0.789832186993057
16792.0,0.7640205789835691,0.2992073267345332,-0.2879939141148125,-0.2804155698175485,0.6162076636214244,-1.0909380613214448,0,-0.46150337163182625,-0.584667957818873
16793.0,-0.2524823540546596,-1.058145946714099,-0.9626725621104458,-0.8022464926048176,-0.7601216003714991,-0.1847153925219979,0,-1.5863458180127599,-0.07996003794914693
16794.0,-2.4120140217391843,1.5110377522649707,0.5831639605199276,0.7691800888275181,1.4320656120576276,-0.9405942726264396,1,2.3442406353145997,-2.4581293719556077
16795.0,0.9289607210324548,-0.2017513803877423,0.7096754070362778,0.7077223562848015,1.6137959741395975,1.4774682984628102,1,1.4248979486082458,1.7662301863159782
16796.0,0.0292945563903604,-1.058145946714099,-0.8005360319959006,-0.6439488281553082,-0.6688728615528973,0.1210929347696119,0,-1.3894681569354779,0.3342344103714633
16797.0,0.9762376600515654,0.2992073267345332,0.4862918015670812,0.3967866798633863,1.567060786745896,0.3637460989066903,1,1.0072609442386342,0.7353067602629336
16798.0,1.195966706816979,-0.2017513803877423,-0.0660455731851858,-0.567653913628976,0.9812559531764108,0.0164739571068955,0,-0.34502391175794656,0.6305187459148749
16799.0,1.0367703053241684,-0.5571872395918231,-0.4525323487872063,-0.6800964371201603,0.5307717179635321,-0.1618715365435656,0,-0.9281612813877446,0.4929282781249607
16800.0,-1.2629135238814884,-1.058145946714099,0.1841836947218323,0.0547551377532697,1.0207326504320022,1.9783887105325253,1,1.0908455044041114,1.1220441690153495
16801.0,0.4141260756992679,0.0739460908215904,0.3992679675565173,0.0029193741762231,0.435392980203531,0.5024323602374844,1,0.4318407258042635,0.607011726607727
16802.0,1.3262356854422417,-0.5571872395918231,-0.3367451576099241,-0.1951237501287851,0.1083521949576072,0.0561113658378266,0,-0.8428334478360799,0.8960144372378797
16803.0,-0.1696156146721137,-1.058145946714099,-0.7404142142189462,-0.4635866723774432,-0.4437267787202448,0.2344896660004604,0,-1.0851643292740447,0.324756140421941
16804.0,-0.8183807704906293,-0.2017513803877423,-0.3953963812801098,-0.4609184296153759,0.2745016951337471,-0.6028719621278892,0,-0.30997429502522683,-0.9356968321529341
16805.0,0.4557606165093461,0.2992073267345332,0.1188363377905577,0.5351148350279571,1.3177393102307873,-0.3273459046636512,1,0.7409921453280637,-0.08521836871334815
16806.0,0.1220181417046876,0.0739460908215904,-0.107246006470032,-0.1793166116278707,0.3891614223084505,-0.4503538373252104,0,-0.11968011272551239,-0.3411019458391811
16807.0,0.3307197273670667,0.4896629879592288,0.5944324564865786,0.6959039702987088,0.7567177940893411,0.3201394720977563,1,1.1324298956055086,0.362287368655103
16808.0,0.0968649100434169,-0.5571872395918231,-0.8421360735598189,-0.609684782260171,-0.5486003891756687,-0.8947535005992692,0,-1.4640116193519888,-0.5617063966283141
16809.0,-0.8183807704906293,0.9303406571479472,0.4456286376595251,0.517906900682315,0.8010741670374462,-0.5085167238984408,1,1.2862686587696077,-1.0752785639972575
16810.0,0.5185490566485405,-0.5571872395918231,-0.0717243576912187,-0.1898123812478129,-0.1676872918813187,0.5552557618285268,0,-0.4216865715987219,0.8690185423090204
16811.0,-1.7074462772723475,-0.5571872395918231,-0.382019979230367,-0.026676335587522,-0.3805884749031534,-0.0291314588918299,0,-0.0689901072171935,-0.8015289797470138
16812.0,0.9219131204530228,0.0739460908215904,0.6800623275620314,0.5315913215718552,0.6853342645162757,1.0312325076170314,1,0.9242844100990137,1.3560617159150958
16813.0,-1.4474112861963695,1.0480979277381186,0.4311211573919483,0.7368024991329325,1.4420098920812563,-0.6781516970625326,1,1.8425843374435136,-1.5960688800385356
16814.0,-1.1198059414673356,2.546807042814728,1.871374054343915,1.526132735883984,1.43870850711454,0.2939848770337354,1,3.7430602560477158,-0.9510669664608936
16815.0,1.0685541839756287,-0.5571872395918231,-0.5877150866349959,-0.4825737499159102,0.3650304751021734,-0.4162788126848211,0,-1.0575581743741902,0.3316728013410336
16816.0,0.1220181417046876,0.0739460908215904,-0.5771407915392051,-0.3902905392135271,-0.321964036982949,-1.3319831600443552,0,-1.0124558039717102,-1.0444448273819926
16817.0,-1.9674812683483247,1.3460575542855853,0.7947638489573193,0.7538208078948723,0.7567177940893411,-0.3502661326796982,1,2.131351872124612,-1.6631979993579187
16818.0,-1.2629135238814884,1.15560189306089,0.9226014977493332,0.9668538337930468,1.1432544882744613,0.1161476493676811,1,2.2965803823084334,-0.8436018595360724
16819.0,1.0838742983222271,-0.5571872395918231,-1.1701312785072466,-0.4425378060430995,-0.7132292345010023,-1.5106955375631328,0,-2.109366351189119,-0.49385027920384034
16820.0,0.0773306527470905,-1.058145946714099,-0.450172807417039,-0.3157518899197936,-0.3805884749031534,0.7819186695825006,0,-0.7578432040731382,0.915573805721723
16821.0,0.9580779469522994,-1.058145946714099,-1.5112896884906586,-2.348795234230796,-1.3785107536966998,-1.2194710125129795,0,-3.5313382762082393,-0.3798263678268967
16822.0,1.3328038136515803,-1.058145946714099,-1.1748567546970492,-0.6989435988405914,-1.0458699940988507,-0.5849194240674402,0,-2.3762962292192564,0.4905010789866092
16823.0,0.6254293898743742,0.654643185938614,0.6392041111057278,0.5615190465451568,1.0262202498700983,0.1954817870560577,1,1.142818392656748,0.35488432053230506
16824.0,-1.0395356639262063,-0.2017513803877423,-0.2189637558686396,-0.1588145588172647,-0.1676872918813187,-0.2711932015704816,0,-0.09541634045156289,-0.7386464015157936
16825.0,-0.4907754257615954,0.2992073267345332,0.4859449703107271,0.630366601304611,0.1083521949576072,0.3630933629227393,1,0.9681019962144991,0.01707776938387673
16826.0,-0.3225146116861712,-1.058145946714099,-0.7203727576885051,-0.7506340680270399,-0.5121324717856456,0.2722901807501705,0,-1.1796237377290126,0.24555407090731857
16827.0,0.9762376600515654,0.2992073267345332,-0.6214461857886345,-0.9036346224583336,-1.117253523671916,-1.7147870615133645,0,-1.893906883281771,-0.9585316881453929
16828.0,0.0571826544512456,-0.5571872395918231,-1.4216356779418031,-1.3916223493687232,-1.2818823689972492,-1.981990148609344,0,-2.7383500916366503,-1.5096846695028445
16829.0,0.3902229910202726,-0.5571872395918231,-0.4278189896230036,-0.5491253379834612,-0.4115503779538524,-0.1153512897064482,0,-1.0302347627057125,0.23045661552693203
16830.0,-0.4907754257615954,0.0739460908215904,0.1877762221461688,0.2242242095287697,0.3526935049184267,0.1043906569695574,1,0.5591365630655478,-0.18662689224234968
16831.0,1.2085533323744282,-1.058145946714099,-1.6617619921350268,-1.5248267984910486,-1.4880589811139169,-1.5032792539295845,0,-3.427345383783049,-0.3842634203080317
16832.0,0.4913989623501418,0.2992073267345332,-0.5761934017827441,-0.669042043482492,-0.6267921989603487,-1.6302685611813794,0,-1.3807848209364166,-1.1548626567051161
16833.0,-2.4120140217391843,0.4896629879592288,0.6851753222163646,0.37399026823985,0.5887058798168258,0.4909134857259211,1,1.8626833696161305,-1.0316566026847986
16834.0,0.6282360691847436,-0.5571872395918231,-0.0246437469682856,0.2791787821368612,0.0200527453205781,0.6439534136405368,0,-0.10727299496344857,1.0398042093117297
16835.0,0.2601733813722913,0.4896629879592288,0.3621736773169874,0.0236367070456399,0.2607132519567318,-0.1167146474143526,1,0.38561400122449185,-0.0755057193866243
16836.0,-0.4749394310824503,0.0739460908215904,-0.1246225829784768,0.0535382624037394,0.0011923041824166,-0.4830045350594347,0,-0.0036578972751440102,-0.6549251842598834
16837.0,-0.6338830081757483,1.15560189306089,0.8831313807841643,0.7529802698395117,0.8700553726182927,0.0419301102752567,1,1.8444726707138739,-0.5672605638329153
16838.0,0.5349521297947235,0.0739460908215904,0.1586396199201027,0.0159439767922851,0.1880646595930938,0.0495745060568431,0,0.042043323158859405,0.3191593696673027
16839.0,-1.3798409325433134,2.7886526377188545,2.2888254520338043,2.066799034619194,0.9275383145186272,0.8074275127519909,1,4.328581884844012,-0.666606708462798
16840.0,1.2502267205812954,-0.5571872395918231,-1.361095322543816,-0.9467793286780029,-1.1954453334565955,-1.868643507751616,0,-2.8010672689941103,-0.7214010084585677
16841.0,-0.5236711079833221,1.2544959545938104,1.0515353036509356,1.2788270120645886,1.211470473151452,0.24074821117163,1,2.3838798791804874,-0.33442936415802427
16842.0,0.1095648339314894,-0.2017513803877423,0.220809932811635,0.2185623013469665,0.0565206627106016,0.5564682820311466,1,0.28392602852244947,0.5907811962451327
16843.0,-0.4296506057480915,2.5129551665095216,2.19444226901624,2.3780023424333505,1.642676792037434,0.940175647270877,1,4.353671167677171,0.03690991805891385
16844.0,1.206283152308942,-0.5571872395918231,-0.298595508141477,-0.3737580832755742,-0.3805884749031534,0.1279461502311167,0,-1.0520748753212965,0.8921263558303807
16845.0,1.2659591169727051,-1.058145946714099,-0.9337134290172808,-0.7144200996877884,-0.586765087019821,-0.1300951040232902,0,-1.9156426283090318,0.7998443482933804
16846.0,-0.3349679194593694,-0.2017513803877423,-0.0714081675016602,0.0261810852237614,0.0914362748936436,0.0063833207546081,0,0.036222189580868064,-0.11970152467767918
16847.0,-0.4296506057480915,-0.5571872395918231,-0.2979517189826,-0.4373791840002142,-0.1002197270566499,0.1291584421208919,0,-0.4547865049283045,-0.02487957764815347
16848.0,-0.2983107883386734,0.0739460908215904,0.3002364688227497,0.2962412419109327,0.4684334074395972,0.3160173431534028,1,0.7004927173299921,0.09253383424539315
16849.0,0.5017154078421048,-1.058145946714099,-1.443842564161462,-1.7651973438095343,-1.2818823689972492,-1.0922579023201733,0,-3.0027081414885926,-0.4733956257581941
16850.0,0.8722016442145482,-1.058145946714099,-0.7401764339304995,-0.4529780401521651,-0.6267921989603487,0.2349381472416798,0,-1.4807932353035378,0.9069230985072055
16851.0,-1.8243736859341724,-0.2017513803877423,-0.718797460498571,-0.3975051008243698,-0.7132292345010023,-1.209995611072229,0,-0.7197851030044701,-1.9297225970651455
16852.0,-1.3187161125298097,-0.5571872395918231,-1.3356623480969427,-1.4253590231077382,-1.1954453334565955,-1.821006277351239,0,-2.1982993646253464,-2.142725516575687
16854.0,1.014159554616912,-0.5571872395918231,0.2988782941267908,0.457500029428565,0.435392980203531,1.2536077964808336,1,0.372595563270886,1.7447468146474032
16855.0,-0.7922005967383016,-0.5571872395918231,-0.748895716433813,-0.7262712480428852,-0.6267921989603487,-0.7194594800953684,0,-1.1751989646365766,-0.9166214126375228
16856.0,-1.0784157615666077,-0.2017513803877423,-0.6859061157409283,-0.6989435988405914,-0.7601216003714991,-1.1483098520044337,0,-1.078766575339235,-1.497972658119528
16857.0,1.0528591244028265,-1.058145946714099,-0.6974028759390449,-0.7105166998701326,-1.0458699940988507,0.3156140455875761,0,-1.7868934422223453,1.0643540034715235
16858.0,0.935931715741001,1.0480979277381186,1.1617479221581617,0.732044221012627,0.4684334074395972,0.6953106067675316,1,1.4680817801358252,0.868727354224384
16859.0,0.3395657324261091,0.654643185938614,0.5263868108018157,0.8809775290939846,0.5887058798168258,-0.0166952502867642,1,1.0806891734640838,0.07760141645577992
16860.0,1.0671431268633091,-0.2017513803877423,0.3952061419204784,0.1507370727512551,-0.144576100004755,0.8849386047516938,0,0.05517748352076895,1.3851070409384107
16861.0,-0.2201397768252409,0.2992073267345332,0.0125183960988365,0.1412123874791795,-0.0581390644641013,-0.5270899818074998,0,0.08204020658595168,-0.5965506319452509
16862.0,1.187826477146772,0.0739460908215904,-0.2444806601987427,0.0210824477624261,-0.1676872918813187,-0.7081327972349044,0,-0.7346271483510494,0.08090765788410331
16863.0,-0.6338830081757483,-0.2017513803877423,0.0509643790157496,0.2660850330805747,0.0200527453205781,0.2366898825980035,1,0.34253624735899363,-0.07027024749671451
16864.0,1.0397257262171895,-0.5571872395918231,-0.5907299051482732,-0.3691098594149052,-0.7132292345010023,-0.421951312509673,0,-1.4463781633513308,0.3707492881969968
16865.0,0.9907224082272228,-1.058145946714099,-1.408130189971196,-0.7547837407119178,-0.8098576192004525,-1.024900216750969,0,-2.4458392945486853,-0.06975050748856408
16866.0,0.3217499979517362,-0.2017513803877423,-1.0776183237939014,-1.3807506813715704,-1.117253523671916,-1.881704841344216,0,-2.3991197006462897,-1.3749487690667268
16867.0,1.3365270473241957,-1.058145946714099,-1.789362260879077,-1.4026767430063911,-1.4880589811139169,-1.743948181030777,0,-3.5454380691223455,-0.49645864477366836
16868.0,0.9778633268252848,-0.2017513803877423,-0.6191403442777633,-0.9523769874762636,0.0914362748936436,-1.0230474292021967,0,-1.4145107227072022,-0.3298848036182295
16869.0,-0.8183807704906293,0.0739460908215904,-0.0860722952898397,0.1073073766820068,0.8010741670374462,-0.4105643422589353,1,0.5019289057830204,-0.8153248534801626
16870.0,1.0893557436471168,-1.058145946714099,-0.5222336964293136,-0.3807925988742401,-0.321964036982949,0.6460034633274905,0,-1.1562113457996728,1.3526169724340864
16871.0,-0.8456753236698794,0.4896629879592288,0.7966720131308918,0.6076843212032644,0.921346639414674,0.7008057586293953,1,1.7408585882071435,0.007709219237360393
16872.0,-0.0624796206101934,0.4896629879592288,0.1911254308826475,0.5094356767321276,-0.9802035124500996,-0.4381531688072274,0,0.017683333427980227,-0.408926900750266
16873.0,-1.7074462772723475,1.2544959545938104,1.9841431958321727,1.8742287854937367,1.4550841617278796,1.9970514483439208,1,4.124810193706587,0.4855862686394072
16874.0,0.9530347346034082,-1.058145946714099,-1.0438986342777057,-1.186166978263674,-0.2412044847042052,-0.3379171987058895,0,-2.013537288659669,0.39687603363674284
16875.0,-0.150470157144488,1.15560189306089,1.091492671644136,0.946804515415001,1.0893585536871893,0.4338507472384971,1,2.097205919678747,0.025375522146079615
16876.0,0.9938972919331752,-1.058145946714099,-1.381013654845476,-0.6617743348522026,-0.2159596295778201,-0.9737552820290888,0,-2.1275125064912386,-0.04377720824916326
16877.0,-1.2115801184678894,0.4896629879592288,-0.061809339233649,-0.0462278667786565,0.7865535568710715,-0.912875610320198,1,0.5804416420178592,-1.5594859476477407
16878.0,-0.0073625747303351,-1.058145946714099,-3.0094060216485508,-2.397537599248726,-1.9471638881929467,-4.045092416940434,0,-5.082115799695403,-3.176920690516892
16880.0,-0.6338830081757483,0.8001660338568091,0.4914313031889681,0.398230634205814,0.9151078788768328,-0.2631666085149514,1,1.2619947739529191,-0.7580818671791929
16881.0,-0.150470157144488,-1.058145946714099,-0.5518387732573247,0.1239313687523604,-2.515817022689194,0.590164849921137,0,-1.4751956755167412,0.7746112534462278
16882.0,-0.150470157144488,-0.2017513803877423,-0.199434514997951,-0.1039727287067449,-0.0581390644641013,-0.2344642379193113,0,-0.2805697752970606,-0.21967585642564533
16883.0,0.5017154078421048,1.7867352234743037,0.6814431694230555,0.5100443958304641,1.0791672045283929,-1.0754095531756738,1,1.2906940277970882,-1.0500297276747987
16884.0,-0.5070123740010525,0.0739460908215904,0.1033704931249601,0.0312405020086414,0.3401681767824983,-0.0543901794069971,1,0.37862346170110156,-0.34290916584353137
16885.0,-1.0784157615666077,0.0739460908215904,-0.1937220260999314,-0.1827966247136157,0.8567153541898691,-0.6128123836565077,1,0.35547100652738783,-1.1535957552486085
16886.0,1.071367018304198,-1.058145946714099,-1.391663400150315,-1.5248267984910486,-1.2818823689972492,-0.993841938598424,0,-3.0117820793854952,-0.056535037204707234
16887.0,-0.5583457794146515,-0.2017513803877423,-0.246231772314763,-0.1039727287067449,0.6514988276797011,-0.3224717578183314,0,0.09175497817294787,-0.5467582721838578
16888.0,0.9891290528763732,-0.2017513803877423,-0.5433187755657993,-0.7977873505159858,0.0384893202353487,-0.880724206151004,0,-1.2869158359414168,-0.1905687389362974
16889.0,0.5284411581469689,0.4896629879592288,0.7207197788944665,0.7748994373777968,1.0994248524597794,0.5578190213721625,1,1.3844166433249603,0.6559969840154213
16890.0,1.1001800545869456,-0.2017513803877423,-0.8496695649021506,-0.468955852714794,-0.7132292345010023,-1.4552694102240238,0,-1.8038443352017928,-0.5282295501805379
16891.0,-2.1519790306632065,1.15560189306089,0.5713243596957195,0.2911688187844755,1.6878474509651678,-0.5438635077308306,1,2.1095656258828464,-1.9587373968168122
16892.0,-2.4120140217391843,0.654643185938614,-0.1435136831673628,-0.1933485238451358,0.8431548296299944,-1.2737721237342676,1,0.8287989019409578,-2.5717470461446603
16893.0,0.932455689893557,-0.5571872395918231,-0.6039895762664892,-0.6581703754853391,0.5207054191909427,-0.4468992178848874,0,-1.0503198513397576,0.20750942561474883
16894.0,1.1328744525473045,-0.2017513803877423,0.2541268693998116,0.0133596082852886,1.207095033142026,0.6192109690144172,1,0.38177095046607584,1.1320179477861971
16895.0,-0.1696156146721137,0.2992073267345332,0.1345295381996767,-0.0901899462501785,0.9458378031172426,-0.2978529636557408,1,0.503991694786543,-0.45121920322428666
16896.0,1.197121207936731,-1.058145946714099,-1.5731020789005756,-2.147939328993969,-0.6688728615528973,-1.3360563600826998,0,-3.2822752502393064,-0.35431745691726113
16897.0,0.8014326545102536,-0.5571872395918231,-0.8387578988297226,-1.2536847648443734,-0.1002197270566499,-0.8884037588905894,0,-1.796721136683407,-0.25400997584130813
16898.0,-0.7428435417295326,0.2992073267345332,0.0637195850097971,0.3169651030602791,1.3552066913673189,-0.4309105000008919,1,0.9691752163020507,-0.8513792092698845
16899.0,-1.4474112861963695,0.8001660338568091,0.4429513013967974,0.3274888625918719,0.7098254282188435,-0.3542474600330477,1,1.3456461095361205,-1.276870946394351
16900.0,-1.0028785328055103,-0.2017513803877423,-0.0341949993619638,0.3394260493981089,0.5001945244425666,0.0764098373035324,1,0.6011327523451674,-0.4168808948936143
16901.0,1.37173882162198,-1.058145946714099,-1.0897329288791795,-1.6107384274973675,-0.4772168596026035,-0.4243660017903354,0,-2.4905597523931386,0.5249284015018985
16902.0,0.1975553704657846,-1.058145946714099,0.4370098774644578,0.1549263922572553,0.0200527453205781,2.4552482559133426,1,0.5356479508821838,2.36537203054573
16903.0,-0.6752731880764764,-0.2017513803877423,0.095524840507506,0.2678460005014682,1.0207326504320022,0.3205733255178232,1,0.8193342460271246,-0.06959506809829927
16904.0,-1.8243736859341724,1.904492494064476,1.2300295134290369,1.1383638568501628,1.988962657158903,-0.1816182585660273,1,3.279419348777609,-1.6137823386818078
16905.0,-1.7074462772723475,1.6565606001831652,1.2161083407843087,0.9341556459932796,1.1384985731749109,0.0783467404713108,1,2.7612413478989284,-1.255110938881192
16906.0,-0.0226329437380984,0.654643185938614,0.3189571041344008,0.1380065926412373,1.1803407147432114,-0.4065299132878189,1,0.8698739729144295,-0.5380750421124957
16907.0,-0.6752731880764764,0.9303406571479472,0.437440110047525,0.0449565067865308,0.7717713000569296,-0.5238896788457803,1,0.9983374802629817,-1.0552506805138568
16908.0,1.3655594532482656,-1.058145946714099,-0.937369759450502,-1.370055796318314,-0.586765087019821,-0.1369913678881874,0,-2.25896669711528,0.7831785098985169
16909.0,-0.10496702096475,-1.058145946714099,-0.6456586491604875,-0.0856591296733116,-0.6688728615528973,0.413209667172479,0,-0.920366791446711,0.5529278783166746
16910.0,-1.8243736859341724,0.8001660338568091,0.3487794107238404,0.3799492756046707,1.6452525965305758,-0.5310985993131015,1,1.7766099581030317,-1.66371769299016
16911.0,1.284342308027405,-0.5571872395918231,-0.9298505565972156,-0.7383398607540069,-0.2672508963742018,-1.0595875600442906,0,-1.870923520333228,-0.06801268041868565
16912.0,-0.6752731880764764,1.5110377522649707,1.1321391313649585,0.8054966257344327,0.9151078788768328,0.0900105030408427,1,2.1871790405628895,-0.642434508298967
16913.0,0.7818983972139277,-0.2017513803877423,-0.5654294096857025,-0.5078198702626843,-0.6688728615528973,-0.922235011075541,0,-1.4032452440448202,-0.27739136368993034
16914.0,-0.540774126845729,-1.058145946714099,-1.0751370823491546,-0.9248532670431824,-0.4115503779538524,-0.3968365399867641,0,-1.528871502821733,-0.43795222655209776
16915.0,-1.3798409325433134,1.15560189306089,0.3644030476959295,-0.630028288668433,0.2031181655606824,-0.9319566069031964,1,0.5993911500237074,-1.8748716940565264
16916.0,-0.7922005967383016,0.0739460908215904,0.1357995774741986,0.2826268683501283,1.1803407147432114,0.006608372955632,1,0.9692632674455737,-0.4625197567899887
16917.0,0.752588454545872,-0.5571872395918231,0.4980400986292875,0.307099103987937,0.0565206627106016,1.629017463628203,1,0.43764872116778586,1.9066631263945075
16918.0,-0.3349679194593694,1.5859404542672264,0.8926795967475456,0.9373407415097778,1.5411968671369618,-0.4472653284626425,1,2.154206347518202,-0.9251338416168516
16919.0,0.3861510713168414,2.062432694683636,1.2291221244663186,1.0417178995717598,1.380451546493704,-0.3640165924081631,1,2.3026711050441495,-0.5715913362378507
16920.0,1.0048872215498614,-1.058145946714099,-0.6920256686775393,-1.186166978263674,-0.4772168596026035,0.3257560830234308,0,-1.7536930204651826,0.9730664885524962
16921.0,-0.2097114950440718,-0.2017513803877423,-0.5278295994554273,-0.3330613346531344,0.5001945244425666,-0.8516411582154071,0,-0.48631022813183816,-0.7998357847036637
16922.0,1.2175545355560562,-1.058145946714099,-0.3024232756824456,-0.3737580832755742,0.8634124775613803,1.0605914469384363,0,-0.46671956287249705,1.7064349415642694
16923.0,-1.2115801184678894,2.4054512011867506,1.9203223465798416,1.6662453359188534,1.894024063081836,0.54573403914987,1,4.0676200161537395,-0.7657903236881022
16924.0,-0.8741833591389503,-0.2017513803877423,-0.0677096633158248,-0.0050210152869876,0.4009658426149288,0.0133426686121636,1,0.3221855481428107,-0.4273596985138779
16925.0,1.1795815951948991,-1.058145946714099,-1.4376714011554277,-0.9141583819899256,-0.6688728615528973,-1.080618372135421,0,-2.5525150262103415,-0.03334535374913097
16926.0,0.939389002813624,0.2992073267345332,0.3051828343602472,-0.4853314937413989,0.3274486497920416,0.0230008645573569,0,-0.1034442085825907,0.4059653849668494
16927.0,0.1975553704657846,-0.2017513803877423,-0.3873248863406304,0.4548585763248419,-1.614523128595098,-0.5877042571448785,0,-0.9722311988770781,-0.1888268312450169
16928.0,-0.0382757972626953,2.28769393059658,1.070554560901129,1.1256013541220988,0.9458378031172426,-0.9171616659105508,1,2.1430980490484917,-1.285621917953759
16929.0,-1.8243736859341724,0.654643185938614,0.2383644252661996,0.4110855242835056,0.1571027565423948,-0.5578743611930378,1,1.049472936317899,-1.5777477584847062
16930.0,-0.7428435417295326,-0.2017513803877423,-0.6429907986890752,-0.2468813028931192,0.0914362748936436,-1.0678014058971363,0,-0.5714810207725971,-1.2409726959889935
16931.0,-1.7074462772723475,2.0119964593872464,1.2441040595429944,1.2759850620626223,1.9579356926023903,-0.2782986321275783,1,3.317642576905624,-1.6414875789632677
16932.0,-0.2983107883386734,-0.2017513803877423,-0.5374875623272718,-0.5078198702626843,0.8223842757380923,-0.8697756354028441,0,-0.4172704794726401,-0.8951360491764029
16933.0,-2.4120140217391843,0.9303406571479472,0.8854606946971177,0.7462170129318713,1.3177393102307873,0.3181939365345795,1,2.5718574655157735,-1.2819329428345307
16934.0,-0.2749873017098188,0.4896629879592288,0.5900478638702982,0.4181200398821714,0.9024861982765124,0.3118890941045915,1,1.2465235130705812,-0.011674042467655814
16935.0,0.9580779469522994,-0.2017513803877423,-0.397932337249357,-0.3807925988742401,0.217900422374825,-0.6076373229922385,0,-0.852351709598962,0.04733348845438913
16936.0,-0.7428435417295326,-0.5571872395918231,-0.3766494316737407,-0.2449609484229135,0.8634124775613803,-0.0190203624045329,0,0.0501356089123782,-0.34064385219433074
16937.0,1.1290379992392874,-1.058145946714099,-1.0973560836277034,-0.8984352203714877,0.1249263557760024,-0.4387441570443319,0,-1.8377893133690308,0.42454560957022874
16938.0,-1.3798409325433134,0.9303406571479472,1.4580535657313545,1.528465082082685,2.0891543045374834,1.3963007898645174,1,3.5466088213766147,0.2021681764306799
16939.0,1.1160814939519808,-0.2017513803877423,-0.5240888354157203,-0.4992963694822978,-0.0789096183560038,-0.8446169426697077,0,-1.2144810920215463,-0.05635487175430657
16940.0,-0.3102985242592435,0.8001660338568091,1.3921656795830215,1.448664367096686,1.7467244340796466,1.4320465875956,1,2.9571021879640536,0.8604248340638401
16941.0,1.2597123935708792,-1.058145946714099,-2.385299576372715,-2.397537599248726,-2.183176263091345,-2.867955173736322,0,-4.911747405911395,-1.5172754688380825
16942.0,-1.1640528084915374,0.9303406571479472,0.5219679066179175,0.3218431546327024,1.0791672045283929,-0.365161572380226,1,1.49831771647401,-1.18127749852126
16943.0,0.5817849890277144,0.2992073267345332,0.240639797559852,-0.7977873505159858,-0.4437267787202448,-0.0983776995024127,0,-0.5278154863871326,0.11421192219180425
16944.0,1.2576165577225409,-1.058145946714099,-1.591108285925486,-1.892897819902408,-1.3785107536966998,-1.3700181578790642,0,-3.495144791675382,-0.2912826331052861
16945.0,-0.8456753236698794,2.442335020593583,1.5975829473492835,1.6251243880306243,1.3839953665057922,-0.1028800728425378,1,3.3826448717035684,-1.0811232500046732
16946.0,0.9597502430728068,0.2992073267345332,0.1963942579555948,0.0159439767922851,0.4009658426149288,-0.1815660401024852,0,0.04107249502679604,0.2985854145112812
16947.0,0.6502579820962507,0.2992073267345332,0.0190438246797174,0.18152526472149,0.1411722937225966,-0.5148337684093531,0,-0.08064098322714779,-0.11311572282446379
16948.0,0.3126530340951926,0.654643185938614,-0.0492314728886057,0.944294127104787,-0.586765087019821,-1.0972459109427943,0,0.020159735440806473,-0.7533079624191488
16949.0,-1.8243736859341724,0.4896629879592288,0.2332771948314707,0.3054402861129218,0.2466890975132978,-0.3589667946714271,1,1.025490477532458,-1.3883612729447428
16950.0,-0.2524823540546596,1.0480979277381186,1.0105233429474854,1.059636187174183,0.7865535568710715,0.4106938898058455,1,1.96428105840349,0.00387757369103268
16951.0,0.294062596246371,-0.2017513803877423,0.2284919817276082,0.640922532668474,0.4465549626877331,0.5709347715056322,1,0.5952687134493087,0.7288858010429349
16952.0,0.1579897300569208,0.2992073267345332,-0.1096835598402015,-0.2411369787048411,0.4791576523996084,-0.7565216245062013,0,-0.12205026067118017,-0.6368718172143051
16953.0,-0.6542442484349309,-1.058145946714099,-2.7055676050686475,-2.5074125686447046,-2.515817022689194,-3.472017873679955,0,-4.8453664947329,-3.0542593471149044
16954.0,-2.4120140217391843,1.847016261407861,1.352325632913555,1.384763695643513,0.5505411819726732,0.114311906157392,1,3.10652708280994,-1.5927868570462913
16955.0,0.4948562494227654,0.4896629879592288,0.2461155480833672,0.3314920456060788,-0.1914684658752519,-0.3348450330841023,1,0.1462428136249945,-0.07204327214347077
16956.0,-0.9682038613741812,-1.058145946714099,-0.7932407180405032,-0.9637172845910724,-0.7601216003714991,0.1348527442104031,0,-1.2590318582146933,-0.23087186855267475
16957.0,0.6583250720961007,-0.5571872395918231,-0.5778650924885244,-0.6951307131548892,-0.8098576192004525,-0.3977452612321641,0,-1.5073002523524741,0.15231363229087894
16958.0,1.0411983450016138,-1.058145946714099,-0.1001424595148774,0.0798028421345739,0.4009658426149288,1.4421165603208668,0,-0.17549015609837873,1.9844825460192925
16959.0,0.0148821476427679,-1.058145946714099,-1.486513955145914,-1.5115390548677536,-1.3785107536966998,-1.1727411018245824,0,-2.817122276684246,-0.7763151278154903
16960.0,-0.4907754257615954,0.8001660338568091,0.5666202209198156,0.7324782170289057,1.685402164334772,-0.1218615377573048,1,1.7743951193922216,-0.5658468124704649
16961.0,0.1975553704657846,-0.2017513803877423,-0.113495800763906,-0.0198321433522951,0.1727297634470911,-0.0728054693466931,0,-0.16235711432427466,0.10061156329653828
16962.0,1.0033287148318906,-1.058145946714099,-0.9417877049558444,-0.7506340680270399,-0.8098576192004525,-0.1453241262375848,0,-1.9520640394949005,0.6495007108440066
16963.0,0.5017154078421048,-1.058145946714099,-1.529153913165474,-1.7276030581980808,-1.3785107536966998,-1.2531650151063944,0,-3.1158625390078547,-0.5955430283050906
16964.0,1.3752433396257897,-0.5571872395918231,-1.077238691862249,-1.5115390548677536,-1.4880589811139169,-1.3363801533871933,0,-2.9264588336917057,-0.2653120112190775
16965.0,0.6254293898743742,-1.058145946714099,-1.1005919931017514,-0.3508386584307874,-0.3805884749031534,-0.4448474581500517,0,-1.6366710567305125,0.2203659789830996
16966.0,-1.4474112861963695,0.654643185938614,0.6048993661744706,0.908767915772886,-1.2818823689972492,0.1309544239105409,1,0.957070856697371,-0.6986912945973538
16967.0,0.5085019812125491,-1.058145946714099,-0.7697131655658894,-0.2624493891945898,-0.5486003891756687,0.1792284408066246,0,-1.2766969842834928,0.6775873043715414
16968.0,-1.8243736859341724,-0.5571872395918231,-0.5395787494156178,-0.2763804593773598,-0.2412044847042052,-0.3257007724915526,0,-0.25938567742580926,-1.1371591044625815
16969.0,-0.4907754257615954,-0.2017513803877423,-0.2575474350777432,0.3258807421359825,0.0011923041824166,-0.3437495937708442,0,-0.009313601553045918,-0.45467109613078066
16970.0,1.2741945456928905,-1.058145946714099,-1.840642282868084,-2.397537599248726,-2.183176263091345,-1.8406682584670984,0,-4.337254864051587,-0.677856564740121
16971.0,-0.5070123740010525,-1.058145946714099,-0.6884764382145869,-1.2626334870875635,-0.0378814165327151,0.3324503439051773,0,-1.1319836840540467,0.12028084960451832
16972.0,0.9597502430728068,-0.5571872395918231,-0.1210623237954577,-0.630028288668433,0.2031181655606824,0.462312736641559,0,-0.6646612289111506,0.9755186720603553
16973.0,0.9647411258391284,-1.058145946714099,-1.430031032992343,-1.3807506813715704,-1.4880589811139169,-1.0662077503822949,0,-3.0372170711087167,-0.15004024065428329
16974.0,1.1591056242877176,-0.5571872395918231,-0.6719899046916633,-1.2809046880716817,-1.614523128595098,-0.5748226580754082,0,-2.373185530164928,0.26128351273539113
16975.0,1.0232997359133336,-0.2017513803877423,-0.0032185746212907,0.1084288107794422,0.0384893202353487,0.1347064714733911,0,-0.29816551160637267,0.7412867882165017
16976.0,0.7290940618003953,-1.058145946714099,-0.9404166695190594,-1.132288371569837,-2.183176263091345,-0.1427381941636433,0,-2.615182810986816,0.5238504776147486
16977.0,0.9794848831855826,0.0739460908215904,-0.4525033504911561,-0.8203916692661117,-0.4115503779538524,-1.0984414127016198,0,-1.3872926154449758,-0.42324273216331076
16978.0,-0.0543097623705864,-0.2017513803877423,-0.1371396228868009,-0.3644942549377236,0.3526935049184267,-0.1172867853251653,0,-0.19627799018194306,-0.11645449828449107
16979.0,-1.8243736859341724,0.9303406571479472,0.8087116425469281,0.7041084958809167,0.5407159979871611,0.1738192924255601,1,1.9645434591754312,-1.045404121826214
16980.0,0.6997152519968288,-0.2017513803877423,0.3310472402162891,0.4846130727804154,0.6251737972068488,0.76408432225727,1,0.5784196678299494,1.0845131097660263
16982.0,-0.2097114950440718,-1.058145946714099,-0.6363921379419888,-0.6581703754853391,-0.5121324717856456,0.430687383597988,0,-1.0820249458620657,0.4450347935704604
16983.0,-1.1640528084915374,1.15560189306089,0.9962678680591504,1.0638439324411662,1.0370865419358446,0.2546979027974052,1,2.3454603535215157,-0.6626268335383442
16984.0,0.0221288371626836,0.9303406571479472,1.763039863764248,1.559538324056891,2.254055298831019,1.9710082246593563,1,3.5166894091545893,1.4336238454523742
16985.0,-1.0028785328055103,2.0119964593872464,1.774231904972787,1.2038117725604565,0.9151078788768328,0.7186182861614618,1,3.1934186445972843,-0.40788284531571517
16986.0,-0.6542442484349309,1.15560189306089,1.1949934193766354,1.0719206230008775,0.3526935049184267,0.6286367956241763,1,2.116960363999757,-0.04836939836258231
16987.0,-1.9674812683483247,1.15560189306089,0.7221414041140891,0.2051584995628302,1.0583966506364906,-0.2606468373351762,1,1.910020429328024,-1.6085669934272488
16988.0,-1.7074462772723475,-0.5571872395918231,-0.6389980609075875,-0.7506340680270399,-0.586765087019821,-0.5127617248835338,0,-0.7680266753967201,-1.2565233839333168
16989.0,-1.5229485149574664,0.4896629879592288,0.1420846482903764,0.5971098018075677,-1.3785107536966998,-0.5302572757392304,1,0.29676825787726246,-1.259577904496691
16990.0,0.6025224834477799,-0.5571872395918231,-0.7155527185957684,-0.5964638157260045,-2.515817022689194,-0.6567567309974736,0,-2.2984154589144956,-0.0020004492430794316
16991.0,1.0202674598207486,-1.058145946714099,0.0811021601016392,0.307099103987937,0.457567115373851,1.783964963739726,0,0.15413746024433092,2.2699561562904913
16992.0,-1.2629135238814884,1.3460575542855853,1.276786230118676,0.9347939002294944,1.3138967127742598,0.5560581767262412,1,2.739843566653262,-0.5489174778190778
16993.0,1.0824965852277768,-0.5571872395918231,0.5332638561941286,-0.3644942549377236,-0.6267921989603487,1.6954186984580717,0,-0.2275550782997168,2.104792107442042
16996.0,-0.6542442484349309,0.9303406571479472,0.5943408877793626,0.4039749583940921,-0.2159596295778201,-0.2291962779625415,1,0.9166975749850624,-0.7249631579051177
16997.0,0.777475447277631,-0.2017513803877423,-0.2026255197749811,-0.2113201593606197,-1.3785107536966998,-0.2404658071344643,0,-1.1723252484438198,0.33360093064078156
16998.0,0.3611612137995771,0.2992073267345332,-0.6035782022248909,-1.0235513279573645,-2.183176263091345,-1.6814212831065,0,-2.1825030993458197,-1.2340090085537359
16999.0,-0.8183807704906293,-0.5571872395918231,-0.4688981715614727,-0.3441157282908022,-0.5486003891756687,-0.1926766851951272,0,-0.6575529964797932,-0.46967372864867596
17000.0,0.9811023498659778,-0.5571872395918231,-0.5959302208252152,-0.3200367320370723,-0.3805884749031534,-0.4317357756038793,0,-1.272340020462033,0.3206911660052528
17001.0,-2.4120140217391843,1.7867352234743037,1.415669189278425,1.3339259061833404,0.7642790739473241,0.3029388323499189,1,3.2343549289548164,-1.4385486602383066
17002.0,0.0075526370213185,0.654643185938614,0.7321971098942545,0.6139483774919209,0.3401681767824983,0.3704418224155107,1,1.1738136795913165,0.19282768954638874
17003.0,0.9907224082272228,0.0739460908215904,-0.0819510813789754,-0.0023635533331493,0.6162076636214244,-0.4028192893509386,0,-0.18612533266829906,0.18244473414465995
17004.0,-0.3873500989396135,0.0739460908215904,0.6899790957242147,0.6222087176356097,0.1083521949576072,1.049913425121842,1,1.145926250577713,0.6864769263028835
17005.0,1.092078996990952,-0.5571872395918231,-0.1623994460119977,0.3021100463966054,-0.862804573858747,0.3844479222854395,0,-0.7542421258549049,1.1263692324853394
17006.0,-1.7074462772723475,0.8001660338568091,0.4066065558581959,0.0936988718044614,0.7257558910386418,-0.4225132543321855,1,1.2848232623578237,-1.4992380781918466
17007.0,-0.3225146116861712,0.654643185938614,0.1336816000687128,0.2409232403539764,0.3274486497920416,-0.7543396829903213,1,0.46097951720568897,-0.9361153098564409
17008.0,1.0323114794921844,-1.058145946714099,-1.7477624490668828,-1.967436469196142,-2.515817022689194,-1.6654861043047895,0,-4.099001455943255,-0.6109786725499892
17009.0,1.1924906809695346,-1.058145946714099,-0.9679304490188086,-0.2565680897491287,-1.117253523671916,-0.194632377913254,0,-1.9341549976723476,0.7768736431442481
17010.0,-0.9682038613741812,-1.058145946714099,-1.1216752087263244,-0.9412289080697872,-1.0458699940988507,-0.4846128515473575,0,-1.716320091299523,-0.7172411965241868
17011.0,-0.6542442484349309,-0.2017513803877423,-0.234373000053498,0.3062702180070226,-0.3507527121214226,-0.3001715850373245,0,-0.08919619279537282,-0.49549317574358415
17012.0,1.3682150479281203,-1.058145946714099,-0.636205024348042,-0.4047996776888514,-0.1676872918813187,0.4310403015686512,0,-1.311508367324412,1.3225933340316718
17014.0,-1.4474112861963695,-0.2017513803877423,-0.3321665872908521,-0.4635866723774432,0.3274486497920416,-0.4840361751742891,0,-0.026027453489508606,-1.1878218065980688
17015.0,-0.6752731880764764,-0.2017513803877423,0.4920960895388578,0.908767915772886,1.189356113787718,1.0674723463481737,1,1.6121030811765882,0.59182322772596
17016.0,1.22200820066849,-1.058145946714099,-0.3750460416585666,-0.3114947816027251,-0.0181119525235737,0.9236164754698984,0,-0.8822649844463598,1.6436106417776906
17017.0,-1.9674812683483247,2.28769393059658,1.9587188949079288,2.0111033179292326,0.8499631098416093,0.7514951236003299,1,4.06341785110977,-0.9016764730366574
17018.0,-0.4594850640247002,0.4896629879592288,0.6479499307189825,-0.056225988880909,-0.3805884749031534,0.4208512486072627,1,0.6093412755908018,-0.015223594557342287
17019.0,-1.2629135238814884,1.15560189306089,1.052638620214746,1.0983142019496104,1.7095331115410488,0.360744833045628,1,2.7317134971537413,-0.6576577476133639
17020.0,1.1819481115290005,-0.5571872395918231,0.0041276156052831,0.360381763362304,0.3401681767824983,0.6981604989888656,0,-0.07814966744609175,1.3818612407777278
17021.0,1.0514130692268566,0.4896629879592288,0.1725426049505165,0.4541965521735231,-0.144576100004755,-0.4730569276426422,0,-0.02812347763709892,0.13215468160253924
17022.0,-0.6338830081757483,-0.5571872395918231,-0.9166155107981444,-0.6653981508446892,-0.7601216003714991,-1.0347208814211564,0,-1.4292849859348524,-1.0727915316150447
17023.0,1.014159554616912,-0.2017513803877423,-0.1084232776622657,0.042483868766071,0.1083521949576072,-0.063262009183023,0,-0.4090061184356404,0.5662616970623706
17024.0,-0.4011425702790203,-0.2017513803877423,-1.630980594326239,-1.2902342195152068,-2.183176263091345,-2.9105898423193057,0,-3.157703153455499,-2.549389236587374
17025.0,-0.2097114950440718,0.2992073267345332,0.3490559476190253,0.4750576368391155,-0.2412044847042052,0.1055254961846831,1,0.5168633414311748,-0.03695837859099739
17026.0,0.4948562494227654,-0.2017513803877423,-1.0733503732421303,-0.8680734789258341,-1.7640984679528429,-1.8737311632759623,0,-2.476173987607998,-1.1930143289935522
17027.0,-0.0462426723707365,0.9303406571479472,0.2557836121632402,0.1795169549510284,0.8896672959534744,-0.8647003985563603,1,0.7219397516482045,-0.977268415446336
17028.0,1.226431150604787,-0.2017513803877423,0.387659559440307,0.3573190293585997,0.5698454386786636,0.870722608263356,1,0.3914808070360442,1.4499987842582973
17029.0,0.1695454516810397,0.654643185938614,0.5989691601289159,0.6139483774919209,-0.6267921989603487,0.1198005355551072,1,0.5801403202756378,0.12210248010981271
17030.0,-0.1794070292720186,-1.058145946714099,-1.326047101690128,-0.8022464926048176,-1.0458699940988507,-0.8700819786375149,0,-2.114138520738968,-0.5817644505582857
17031.0,-1.2115801184678894,0.4896629879592288,0.7867453394672511,0.7663016556171737,-0.1676872918813187,0.682116344699512,1,1.4665516211384682,-0.14398987849619316
17032.0,1.188995712108433,0.8001660338568091,0.8443066981948301,0.8062726977286697,1.193826931703096,0.4004035058969777,1,1.3759016983235695,0.8094934723068025
17033.0,0.0075526370213185,0.0739460908215904,0.2588588406445313,0.3687314777215735,-0.1914684658752519,0.2381445503390134,1,0.32112895601941843,0.2343201155144928
17034.0,-1.0395356639262063,0.2992073267345332,0.2319605001926461,0.2251631403646062,0.1249263557760024,-0.1146973634622387,1,0.6858717451218768,-0.7127347228284385
17035.0,0.6767627952879732,0.0739460908215904,-0.2994743304080906,-0.2743721496068976,-0.2941514393624997,-0.8113720552804761,0,-0.8251122483440813,-0.3075784271949846
17036.0,0.9597502430728068,-1.058145946714099,-1.192818012510858,-1.2275467185765694,-0.9802035124500996,-0.6187964424309998,0,-2.5004318998426522,0.202056347125396
17037.0,0.0221288371626836,-1.058145946714099,0.2225904331694802,0.1825271246848983,0.4684334074395972,2.0508282800305526,1,0.5616669164233569,1.924393233080421
17038.0,-0.6542442484349309,-0.5571872395918231,-0.161614681314351,0.0486481213729288,0.3014022381220454,0.3859260922367077,0,0.1555209685005874,0.09040630933035944
17039.0,1.2512876392662955,-1.058145946714099,0.5347537446744014,0.2147604356235464,0.0384893202353487,2.6396045420221483,1,0.3468298752601499,3.0988868978032587
17040.0,0.3080557011550128,-0.5571872395918231,-0.5016238987839784,-0.6334808999499925,-0.8098576192004525,-0.2542714994272308,0,-1.2881477337910547,0.0821467661051526
17041.0,-0.7195200551006783,0.4896629879592288,0.4282654287731715,0.6503293153955485,0.6428173386552047,0.0075563979982016,1,1.214721231073542,-0.46745834083295607
17042.0,-1.9674812683483247,0.2992073267345332,0.0832905994650403,0.4555199347906272,0.457567115373851,-0.3941399191415231,1,1.0639858010668637,-1.4406819812651441
17043.0,-0.6141483680629726,0.8001660338568091,0.7446930173672529,0.7781454448980404,1.1573590143130723,0.2129886281045122,1,1.8039481377519995,-0.334409069884376
17044.0,-0.7670473650770303,1.2544959545938104,1.839709884924477,1.6062064565394432,0.6340429977198944,1.7248602350572106,1,3.2109646675978816,0.7918297818485661
17045.0,0.1808966364835151,0.2992073267345332,-0.0841043881563362,-0.3441157282908022,0.0384893202353487,-0.7085122369328352,0,-0.3335904589618683,-0.5760804643417407
17046.0,0.3902229910202726,0.2992073267345332,0.5165022539818367,0.7829846152657581,0.4791576523996084,0.4206047271825302,1,0.9517141512314996,0.546593586598628
17047.0,0.0001383902963132,0.4896629879592288,0.6484314875770958,0.5704601655615137,0.8082392174469527,0.4217575415045211,1,1.2552327671020076,0.24797429330099732
17048.0,0.208425549321441,0.654643185938614,0.5765092334494893,0.5027023184123969,0.5979759564957379,0.0775589003625905,1,1.0006983393612296,0.04344444952755317
17049.0,-1.9674812683483247,1.7867352234743037,1.7068153172631602,1.4146509459565353,1.6400928747608428,0.8508527254776441,1,3.8067282795719373,-0.7816668215712819
17050.0,0.0773306527470905,1.15560189306089,1.1653670321939191,1.0487293412907943,1.2372441024225518,0.5728744044908333,1,2.214002149732242,0.2667491281853934
17051.0,0.5251607151948186,0.0739460908215904,-0.1900360679039817,0.0210824477624261,0.7567177940893411,-0.6058893446485417,0,-0.08622690098728832,-0.2417545653128456
17052.0,-0.6970151074455184,-1.058145946714099,-0.5828688109216545,-0.4221417240201969,0.435392980203531,0.5316385948741069,0,-0.3685167785063931,0.2403362414116433
17053.0,0.2749171387187454,-1.058145946714099,-0.4489165756024947,-0.9194840867058316,-0.91940584661767,0.7842880686909242,0,-1.3259396739290554,0.9895167374740418
17054.0,-0.6970151074455184,0.2992073267345332,0.2714656330471424,0.3161485654770629,0.3401681767824983,-0.0404111251748496,1,0.7532295129234805,-0.4648199258961223
17055.0,1.0571778289304523,-1.058145946714099,-0.9754104641812086,-1.1397203256595403,-0.4437267787202448,-0.2087405552827423,0,-2.03549289349007,0.5723652798451004
17056.0,1.3795972273515245,-1.058145946714099,-1.4210794500812238,-1.9168175809686256,-1.2818823689972492,-1.0493240253221408,0,-3.323528793823723,0.028604118128406728
17057.0,1.242750738519486,-1.058145946714099,-0.826569986168415,-0.8830791702047491,0.1083521949576072,0.071989873462832,0,-1.5850413895136195,0.9026970281914015
17058.0,-0.0226329437380984,-0.2017513803877423,0.1711222119900899,0.1151175559381492,0.1571027565423948,0.4629045925574854,1,0.2654999884306426,0.4275138515887048
17059.0,-0.6542442484349309,0.9303406571479472,1.2931782571858097,1.29856757068591,1.7213375318475266,1.0857231398840277,1,2.8842847085329564,0.34287905908208777
17060.0,0.7266965816295208,-1.058145946714099,-0.9914953274250352,-0.5460873605785668,-1.614523128595098,-0.2390784755517521,0,-2.156756754777969,0.4780316313449823
17061.0,-0.0876328522714647,1.15560189306089,1.2439126879633575,0.7372333677620366,0.2466890975132978,0.7207221450280342,1,1.790788306789384,0.30870673476527266
17062.0,0.8327230162471487,0.4896629879592288,0.1882054092222652,0.4061162113069113,0.5407159979871611,-0.4436380353391125,1,0.3187696746398722,0.00037455930531374196
17063.0,-0.8741833591389503,1.3460575542855853,0.9822118978686278,0.8809775290939846,1.031671386584256,0.001956321053849,1,2.1633895204407785,-0.7766665892306944
17064.0,-0.2307404346856175,-0.2017513803877423,-0.0570783905846007,-0.292671594109595,0.1880646595930938,0.0333476347695817,0,-0.09088929583446965,-0.07691466589651595
17065.0,1.286352733494551,-0.5571872395918231,-1.1241013268372009,-1.178194505634738,-1.4880589811139169,-1.424333399889614,0,-2.7916371549592682,-0.35191667286786193
17066.0,1.369097808148474,-1.058145946714099,-1.0097988627209775,-1.0963383891618057,-0.7132292345010023,-0.2736010690007462,0,-2.260862605953133,0.7076787851675593
17067.0,1.3682150479281203,-0.2017513803877423,-0.5152716966910531,-0.2844755885045728,-1.2818823689972492,-0.8280599332937962,0,-1.6824866951037578,0.17087436802653852
17068.0,-1.2115801184678894,2.868391025713604,1.647476957835053,1.4386585759569614,1.448573071542019,-0.4876853820733107,1,3.523019317207586,-1.7305511617346752
17069.0,-0.6970151074455184,1.4312993642702228,1.3174240817114489,1.250826442697453,1.274447139088575,0.5320551740726264,1,2.744206027078057,-0.24656592239369796
17070.0,0.1864977655259916,-0.5571872395918231,-0.5300059135130908,-0.4936747887746049,0.7178293264081053,-0.3076859245041263,0,-0.5799294352768126,-0.082042798902358
17071.0,-0.6970151074455184,1.3460575542855853,1.013720045641921,0.8933230186514618,0.9812559531764108,0.0611932440872995,1,2.1264499648193094,-0.6278494354231134
17072.0,1.2731708819498868,-1.058145946714099,-0.858173133571225,-0.5400531812013325,-0.586765087019821,0.0123826668846737,0,-1.7555716017159708,0.936631437999461
17073.0,-0.9682038613741812,0.0739460908215904,0.3176088941390233,0.2783139287067839,0.9870131210634252,0.348715144654552,1,1.1348149269188195,-0.27410413568043296
17074.0,1.206283152308942,-1.058145946714099,-1.0939933684512966,-2.1142026552549544,-1.7640984679528429,-0.4324016856559987,0,-3.21496302107798,0.43437801342397525
17075.0,-0.9682038613741812,1.0480979277381186,0.6333290256622914,0.3021100463966054,1.0478107868958555,-0.2985227838083991,1,1.5393603611790754,-1.0513648365567623
17076.0,-0.540774126845729,0.4896629879592288,0.2084940596698102,0.0223608173365031,-0.2412044847042052,-0.4055266728749916,1,0.26315385895691784,-0.7272555017164437
17077.0,1.2231168011153777,-1.058145946714099,-0.7996435401120231,-1.709582179172762,-2.515817022689194,0.122776278121891,0,-3.029291268787202,0.9671466962489027
17078.0,-0.540774126845729,-0.5571872395918231,-0.6474427193112716,0.3029441884726516,-0.321964036982949,-0.5286476826170059,0,-0.5351581300964695,-0.5342390668249521
17079.0,-0.0543097623705864,-1.058145946714099,-1.477739040258994,-1.967436469196142,-2.183176263091345,-1.1561905931773362,0,-3.3349649138703596,-0.8108058329424618
17080.0,-0.8456753236698794,0.654643185938614,0.0207900429064714,0.0890994059362388,-0.3805884749031534,-0.9660397193611096,1,0.13888176185507434,-1.3787131597156943
17081.0,-0.7670473650770303,0.4896629879592288,0.0259288116811491,-0.1604988643185178,1.114296432923324,-0.748297716468531,1,0.6172548558205861,-1.2080060987140233
17082.0,-0.5950029105353472,0.4896629879592288,1.171519673517995,1.0685456907075157,0.8293663864529791,1.4068336577423175,1,2.2394472975021587,0.7673594436732447
17083.0,0.1579897300569208,0.9303406571479472,1.0593567071644692,0.9000828000318645,-0.2672508963742018,0.6454510582415333,1,1.3690955641074953,0.4816157445338187
17084.0,-0.5583457794146515,-0.2017513803877423,1.2398724068481424,1.24268794788472,1.4899997739109212,2.476913917215485,1,2.652259644360538,1.817025455915501
17085.0,0.2348212583467873,2.245808014503504,1.5399848594408916,1.3020441952329018,1.8551355954006,0.0113550567714499,1,3.0131805636440694,-0.39526534311776257
17086.0,-1.5229485149574664,0.4896629879592288,0.5689603195690036,0.8669829386118938,0.4791576523996084,0.2722108599418852,1,1.6484708347981907,-0.6657017895705952
17087.0,1.3795972273515245,-1.058145946714099,-1.0315202028176982,-0.96946160877935,-0.9802035124500996,-0.3145700392680727,0,-2.338467437941057,0.7049424629134786
17088.0,-0.6970151074455184,0.0739460908215904,0.547902926923883,0.3664647749423084,0.6685909679263046,0.7823070438030606,1,1.204015510991775,0.24899113803731
17089.0,0.9647411258391284,-1.058145946714099,-1.4219139529626783,-1.7276030581980808,-1.7640984679528429,-1.0508979946806645,0,-3.3064170937066804,-0.16015229557413768
17090.0,-1.8243736859341724,1.3460575542855853,0.8782304996057086,0.6625051710449167,0.2031181655606824,-0.1934715175013457,1,1.9023187853069572,-1.4420588618180077
17091.0,-1.9674812683483247,1.7867352234743037,1.5326148312187529,1.344789023521841,1.421999313285038,0.5229614846462994,1,3.4982785680237907,-1.04438195661547
17092.0,-0.3349679194593694,1.15560189306089,1.2922041251434102,1.3372210212724025,1.520501170041236,0.8116373710941912,1,2.7306171399599597,0.24975915400553017
17093.0,1.2395198742615607,-1.058145946714099,-0.9864890682883588,-0.9637172845910724,-0.91940584661767,-0.2296360893634342,0,-2.218962342331624,0.6945645675688555
17094.0,0.848807249829656,-0.5571872395918231,-0.6032206764633509,-0.5583243821854503,-0.6688728615528973,-0.4454525733745061,0,-1.4706851875676974,0.2258216570874372
17095.0,-0.8183807704906293,0.654643185938614,0.7323931591823851,0.8062726977286697,0.7791957222855813,0.3708107338421929,1,1.7043897391148344,-0.2610802580440979
17096.0,-1.0784157615666077,1.15560189306089,1.0057120809259568,0.7563359961944226,1.094407142278882,0.2724632282649033,1,2.2079613182893194,-0.6346103658844762
17097.0,-2.1519790306632065,0.9303406571479472,0.2629853927832197,0.186519373292834,1.189356113787718,-0.851197932185344,1,1.5138942129824082,-2.13629058343161
17098.0,0.9580779469522994,-0.2017513803877423,-0.3263744388133173,-0.9036346224583336,-1.117253523671916,-0.4731484371708084,0,-1.577057417723654,0.1633138856951969
17099.0,1.17122933502038,-1.058145946714099,-0.3372886379650448,-0.2947366536986517,-0.0378814165327151,0.9948313242040646,0,-0.8266257378658736,1.675907452570545
17100.0,-0.9682038613741812,-0.5571872395918231,0.031394270756365,0.3128722402026256,0.3526935049184267,0.7495347516180527,1,0.6040455243197129,0.23642224679399362
17101.0,-1.3187161125298097,0.654643185938614,0.7138997608001667,0.565445750380347,0.2031181655606824,0.3360122257415034,1,1.4881349794007162,-0.5626974164008997
17102.0,0.7170160174661255,-1.058145946714099,-2.5648827705830004,-3.361978192741088,-2.515817022689194,-3.206669935871256,0,-5.525289018615583,-2.1716620067246644
17103.0,1.3655594532482656,-1.058145946714099,-0.564768322774997,-0.034984500021227,-0.2159596295778201,0.5657782178164532,0,-1.0808478387326188,1.4694695578469277
17104.0,1.024810514465536,-1.058145946714099,-0.4850828560082143,-0.7889587489815226,-0.6267921989603487,0.716074263280022,0,-1.4152228588327842,1.3464830356671293
17105.0,0.3982900810201226,-0.5571872395918231,-0.2407425453528663,0.2185623013469665,0.5207054191909427,0.2368934263045503,0,-0.0856553600532188,0.5554985299607765
17106.0,0.9696934685856776,-1.058145946714099,-0.4594527070651277,-0.7589597607014165,0.1571027565423948,0.7644157010237734,0,-1.0310030699460324,1.3233455186067744
17107.0,-0.5950029105353472,1.0480979277381186,2.052652348715551,1.7879952285778022,1.7844758356646182,2.373803313399969,1,3.9353531065061165,1.433287176205986
17108.0,1.311930441069337,-1.058145946714099,-1.200760196385338,-1.8050714269853785,-1.1954453334565955,-0.633776323670479,0,-2.979745381619623,0.33511032578674027
17109.0,-0.6752731880764764,0.8001660338568091,0.2384033334336945,0.3037772740036711,0.8766449105123539,-0.7382437155709436,1,0.9461737767572662,-1.1732644942176795
17110.0,0.4218998096527606,-0.2017513803877423,-0.431499148248553,-0.8203916692661117,-0.0789096183560038,-0.6707073689509637,0,-1.050875760070167,-0.3292951327067297
17111.0,-0.3738480170997701,-0.5571872395918231,-0.4812249982472512,0.1250248368991558,0.0384893202353487,-0.2158783434888092,0,-0.3446595881126532,-0.2232477255271573
17112.0,1.134148187223855,-1.058145946714099,-1.0865453108507244,-0.8582565662530369,0.0384893202353487,-0.4183537839598578,0,-1.8449028975804769,0.4517488741716598
17113.0,1.2186708547218628,0.4896629879592288,0.6588520963852015,0.401109067416159,0.8634124775613803,0.4413695115361761,1,0.82965353122223,0.9140755854305677
17114.0,-1.608585561882396,0.8001660338568091,-0.1008719219294704,-0.5370567252723396,0.5698454386786636,-1.3737743407645793,1,0.35488115546930177,-2.2716185809840304
17115.0,-1.4474112861963695,0.654643185938614,0.783528435242544,0.3792073455329857,0.7178293264081053,0.4670412012727404,1,1.7284311512626065,-0.5690222084388117
17116.0,1.2963113994186093,-1.058145946714099,-0.6257665771424867,-0.1554588324623538,0.0914362748936436,0.450728425381326,0,-1.0530579775279925,1.3124796450550476
17117.0,0.777475447277631,-1.058145946714099,-1.4935501573571757,-1.29969799342043,-1.1954453334565955,-1.186012196421163,0,-2.8866633259035184,-0.3548471556392878
17118.0,0.8408155551547154,-1.058145946714099,-1.27820829259064,-0.7673921959311133,-1.117253523671916,-0.7798524283936447,0,-2.3946278108645993,0.05865083493221561
17119.0,-1.9674812683483247,-0.5571872395918231,-0.307349357321469,-0.2604831068966469,-0.144576100004755,0.1114623254843581,0,0.07946875671894502,-0.8646365810210891
17120.0,0.6420881238566438,-1.058145946714099,-0.7962247379687118,-0.9302666386620904,-0.6688728615528973,0.1292245360440779,0,-1.7106120862655174,0.6488539903744692
17121.0,0.9923118147379644,-1.058145946714099,-0.7794155227700513,-1.0111411307468456,-0.9802035124500996,0.1609286682304243,0,-1.9693206133658672,0.8727675369541483
17122.0,0.2137923187052415,0.0739460908215904,-0.3518548923857511,-0.1969037808196001,-0.4772168596026035,-0.9096701873631678,0,-0.7759180204552354,-0.6256687868115863
17123.0,0.4102035851912229,-0.2017513803877423,0.0354055587705035,0.2022503698192664,-0.1002197270566499,0.2074033788800236,0,-0.07950173892255279,0.4787968010406647
17124.0,0.4948562494227654,-1.058145946714099,-0.8165284839071292,-0.8780391383485852,-0.2412044847042052,0.0909293130070813,0,-1.484047133996934,0.5230993836599254
17125.0,-0.3349679194593694,-1.058145946714099,-0.9184123298069864,-0.3508386584307874,-0.1676872918813187,-0.1012354537525128,0,-1.0551193864635187,-0.038846371368624136
17126.0,0.3695998250074675,0.9303406571479472,0.5760780029146151,0.7117643549732271,1.583861231680227,-0.2635113388950066,1,1.4706409716329745,-0.2394774247281741
17127.0,1.0323114794921844,0.2992073267345332,0.1557903891707236,-0.2488072806640877,-0.3507527121214226,-0.2578928559731158,0,-0.46147457709387524,0.2836369594551104
17128.0,0.8741131961478769,-1.058145946714099,-1.2778891535450132,-1.2275467185765694,-0.862804573858747,-0.7792504950868963,0,-2.515393821745891,0.019884628069614035
17129.0,1.1554233642263942,-1.058145946714099,-2.4100943075755064,-2.9060807784127,-2.183176263091345,-2.914720916591519,0,-5.144788727801798,-1.6634980376196131
17131.0,-1.7074462772723475,0.2992073267345332,0.7011809154345425,0.4482081562793331,0.5001945244425666,0.7682868417175476,1,1.6531219372474069,-0.3593560418227605
17132.0,1.0657289582664145,-0.5571872395918231,0.2256971760615443,0.4461998465088715,0.3145288070742748,1.1156826698238265,0,0.22322303282945538,1.6657077847374766
17133.0,-1.0395356639262063,1.2544959545938104,1.9843866651104785,1.980340519364292,-0.5121324717856456,1.997510314452971,1,3.1494362186515836,0.9514795473768064
17134.0,0.1462219650521856,-0.2017513803877423,-0.2724235284100583,-0.7933582365477243,-0.2412044847042052,-0.3717208618677148,0,-0.8508529650680056,-0.22878048422862232
17135.0,-1.0395356639262063,1.0480979277381186,0.5344479050467799,0.8888916091934528,0.6853342645162757,-0.4842252980598225,1,1.5821316673492207,-1.1658401736330644
17136.0,1.3099987372027848,-1.058145946714099,-0.9993801662402216,-0.4348149665659621,-0.862804573858747,-0.2539501973490089,0,-1.9823505968536403,0.7641932555965846
17137.0,1.01262344562185,0.4896629879592288,0.1423260232440529,0.2223423171467483,0.8831819415705221,-0.5298040122829025,1,0.2698633797273856,-0.0042551087916287075
17138.0,0.7502773702473149,0.654643185938614,1.1219303456825775,0.9228847543487826,1.3945358933915557,1.104202191602018,1,1.939515067445532,1.178961315941795
17139.0,-1.0395356639262063,2.110890520920167,2.1949218315866488,1.964002059769552,1.923859825863566,1.3976926214944847,1,4.435654406074029,0.1263693615279127
17140.0,0.6793540117376464,-1.058145946714099,-0.4984180565657565,-0.3265167937029618,-0.7601216003714991,0.6909225261994326,0,-1.1595733117361735,1.1886451523143606
17141.0,1.0156919930971386,0.0739460908215904,-0.1508884817492268,-0.0856591296733116,0.9637379981128577,-0.5323526006574404,0,-0.16183717313295376,0.06741959819522042
17142.0,0.6583250720961007,0.0739460908215904,0.2318651565594394,-0.2824424464256186,0.5001945244425666,0.1873477475577008,0,0.0706471730781854,0.4546110211232872
17143.0,1.014159554616912,-0.5571872395918231,-0.0047825195042975,-0.2683837537127082,0.5407159979871611,0.6813729840731698,0,-0.24772892965498625,1.2039825187108324
17144.0,-2.4120140217391843,-0.5571872395918231,0.0408364351664117,-0.0184718100053139,0.0011923041824166,0.7673256002507243,1,0.7623385329900122,-0.5602546277197061
17145.0,1.1467483017274251,0.0739460908215904,0.8716660197537408,1.085249796559546,1.124063132285242,1.392221941397946,1,1.5004444842812537,1.8078373004791461
17146.0,0.140256106228435,1.3460575542855853,1.3255793170637815,0.9753056188782602,1.1044120596547775,0.6478930762332953,1,2.286199824307803,0.3100048091635689
17147.0,-0.8183807704906293,0.9303406571479472,0.8896827559192807,0.6359170219128273,0.6935794902722501,0.3261373235278061,1,1.7682859118067664,-0.3828810015948354
17148.0,-0.3102985242592435,-1.058145946714099,-1.44206579747201,-1.178194505634738,-1.1954453334565955,-1.0889067139796744,0,-2.43563866497264,-0.8618801809945007
17149.0,1.0643116644325106,-1.058145946714099,-1.3446571451756495,-2.147939328993969,-1.4880589811139169,-0.90518268213173,0,-3.3383565872482097,-0.0420107030684096
17150.0,0.949650424908974,0.4896629879592288,0.2816501198034683,-0.1373022709324161,0.3401681767824983,-0.2680713052336769,0,0.04252071561525584,0.1611769998644044
17151.0,1.3769884432844162,-1.058145946714099,-0.9986991640216072,-1.6107384274973675,-1.7640984679528429,-0.252665748069077,0,-2.930071965477565,0.7242148424744764
17152.0,0.5284411581469689,0.0739460908215904,0.5570652270792571,0.0982663966798622,-1.1954453334565955,0.7995623837455637,0,-0.06890752567127739,0.992716555719211
17153.0,-0.7922005967383016,-1.058145946714099,-1.0570635552704035,-1.0235513279573645,-0.862804573858747,-0.3627477687499071,0,-1.6651716277140816,-0.5383124246063243
17154.0,-0.0791383545924629,-1.058145946714099,-0.7468423074347975,-0.0090274496374472,-0.4772168596026035,0.2223655355985991,0,-0.9203144901988262,0.41179882601443474
17155.0,-0.9682038613741812,0.654643185938614,-0.0298671481053169,0.4508763990414005,0.0200527453205781,-1.0609694612666145,1,0.46003749468050753,-1.504489697423286
17156.0,1.1199960037583183,-1.058145946714099,-0.3254014366129207,-0.1571345555058843,-0.0581390644641013,1.0172519666040436,0,-0.7417093782892514,1.6806157537819788
17157.0,-1.4474112861963695,1.7867352234743037,1.2327658213965715,0.9446084501400672,0.5001945244425666,-0.0409771659110364,1,2.4466664297585585,-1.2141481826568927
17158.0,-0.6141483680629726,0.2992073267345332,0.543909103110494,0.549596286132849,0.457567115373851,0.4721910594611435,1,1.1752104522664377,0.013896874531512497
17159.0,-0.8456753236698794,0.2992073267345332,0.5861477446796389,0.6557144815616681,0.8153422320095451,0.5517021108455055,1,1.4908053488654982,-0.054295094960119125
17160.0,-0.6338830081757483,1.6565606001831652,1.725524457370349,1.8578942652776456,1.3253709285855884,1.0369808882227771,1,3.4795261255573444,0.19535416031445665
17161.0,1.054301926358555,-1.058145946714099,-0.0598812789491628,0.0510977366395368,0.1727297634470911,1.5180538230394434,0,-0.24510032898633283,2.0604497201887324
17162.0,-0.6752731880764764,1.0480979277381186,0.4406209103820742,0.4601309166916409,0.5307717179635321,-0.6603281334720734,1,1.103199318249248,-1.1443889531722011
17163.0,-0.8456753236698794,0.0739460908215904,-0.2049046776821863,0.0437213497309423,-0.3507527121214226,-0.6338149466230428,0,-0.12406507145064884,-0.9660610367295248
17164.0,-0.5950029105353472,0.654643185938614,0.7024022303485468,0.7263760571925223,0.6340429977198944,0.3143787167774707,1,1.5050191332135843,-0.1855422803056832
17165.0,0.7685369722885271,0.4896629879592288,0.4729894135831064,0.3029441884726516,0.4897435161402434,0.0916693495518165,1,0.5712571225769459,0.3904095174045612
17166.0,-0.4907754257615954,-0.5571872395918231,-1.0824675558060668,-1.210681155040306,-1.0458699940988507,-1.346195231350979,0,-2.0249969949617728,-1.2883279322665315
17167.0,0.954720215728158,-0.2017513803877423,-0.0506080754220484,-0.0962799984533907,0.3401681767824983,0.0455232235560857,0,-0.2980513515090741,0.5973842189055409
17168.0,1.1290379992392874,-1.058145946714099,-0.606803941716775,-0.5340738587593296,-0.5486003891756687,0.4864941582268529,0,-1.4247433042903643,1.2400486737817586
17169.0,-0.2415192631816249,-0.2017513803877423,0.1568492791060286,0.1973747289689879,0.3401681767824983,0.4360301527201591,1,0.43333195839114325,0.2855504432849072
17170.0,0.9445402369244064,-0.5571872395918231,-1.1856438617460785,-0.7759341463654605,-1.2818823689972492,-1.5397938567751317,0,-2.4754364380155365,-0.6020828063696535
17171.0,0.7796907351412116,-0.5571872395918231,-0.6354009890839075,-0.5193591300769778,-0.4115503779538524,-0.50599482298823,0,-1.3580633270273372,0.1312519304088464
17172.0,-0.0462426723707365,-0.2017513803877423,0.0200679830044,0.5874451569763597,-0.0581390644641013,0.1785345883609288,1,0.2451839728005524,0.24136410360723096
17173.0,-1.7074462772723475,0.8001660338568091,1.007132633322811,0.5351148350279571,-0.1220981718085144,0.7068732686321211,1,1.777585470180174,-0.5027540139611891
17174.0,0.5996007235020872,-1.058145946714099,-1.9652855329582923,-1.6262149283445646,-1.7640984679528429,-2.07575990494151,0,-3.722526810308733,-1.1801466331998367
17175.0,-0.4152381970004986,0.0739460908215904,0.3164127976342299,0.3649492882377048,0.0011923041824166,0.3464638388412204,1,0.5923212692478567,0.08066949473840201
17176.0,0.5509461058021287,-0.2017513803877423,-0.0219584226575913,0.0971274856787354,-0.1002197270566499,0.09943802117651,0,-0.23373844091643683,0.4581923891609924
17177.0,1.1366880923212137,-1.058145946714099,-1.4735408160633832,-1.6420643925920622,-0.2941514393624997,-1.1482722547378257,0,-2.7639678908626966,-0.20147846768788955
17178.0,1.3734934744233138,-1.058145946714099,-0.5440427748716619,-1.0426170379233035,-0.2412044847042052,0.6048690083498599,0,-1.5457259529912504,1.405433430665494
17179.0,0.4702544582071883,0.4896629879592288,0.3474429101742617,0.1507370727512551,0.4684334074395972,-0.1444077124947377,1,0.450566391611761,0.021021686343031643
17180.0,-0.2636361169073439,1.15560189306089,0.6382122941726269,0.855928544974226,1.2201519621759485,-0.4182878631455275,1,1.6630800778874095,-0.741677856164117
17181.0,-0.2524823540546596,-0.2017513803877423,-0.4983407969019571,-0.0171142843658956,-0.321964036982949,-0.7962642581606147,0,-0.6346687052546458,-0.7100927290112548
17182.0,1.0232997359133336,-0.5571872395918231,-0.7645974621790339,-1.448851553929116,-1.7640984679528429,-0.7489841808474209,0,-2.570274232495294,0.03546260919563617
17183.0,-1.4474112861963695,0.4896629879592288,0.9221152849501886,0.6298596872611718,0.0011923041824166,0.9370210376695624,1,1.6898430529011945,-0.08849154963523928
17184.0,1.2130697256793863,-0.5571872395918231,-1.1105684919888827,-1.2536847648443734,-0.862804573858747,-1.3989374603563702,0,-2.5301805030064846,-0.4071111427924289
17185.0,1.2384392923735166,-0.2017513803877423,-1.006288354096749,-0.935724935040335,-0.0789096183560038,-1.7483844202201526,0,-1.968754686517258,-0.7648167856328126
17186.0,-0.3738480170997701,-0.5571872395918231,-1.3401705596555469,-0.5964638157260045,-2.515817022689194,-1.8294512287244125,0,-2.656348523824387,-1.488133855966195
17187.0,0.6254293898743742,-0.5571872395918231,-0.4947342787246754,-0.100884831303435,-0.5486003891756687,-0.2413046733918768,0,-1.020728286065159,0.3088791503731187
17188.0,-1.2629135238814884,1.3460575542855853,1.1500245795958748,1.0796434624780145,0.951848035544989,0.317542291655899,1,2.522977316108869,-0.7113067293380197
17189.0,0.140256106228435,0.2992073267345332,0.0208652158871564,0.1282943760534984,0.7098254282188435,-0.511412705899294,1,0.2915140204740637,-0.42135834589495363
17190.0,-0.2307404346856175,0.654643185938614,0.4521073314778389,0.9851291963694836,1.0842787042858788,-0.1563384953016938,1,1.434554683424254,-0.360547641881168
17191.0,-0.6970151074455184,1.5110377522649707,1.1871849662369978,1.0711433281235605,1.5084363488256922,0.1935220053311309,1,2.623833875498985,-0.5703913619418554
17192.0,1.1748222026740256,-1.058145946714099,-1.7793289309784972,-1.5522358034901935,-0.586765087019821,-1.7250241555080064,0,-3.180249019823352,-0.6252513489906318
17193.0,-0.540774126845729,0.9303406571479472,0.6549495340525283,0.7957176626827412,-0.321964036982949,-0.1152926813299832,1,1.0858432140604808,-0.5263213835220327
17194.0,0.7456300658619328,-0.2017513803877423,-0.0974268201784743,-0.1101923583997979,0.2466890975132978,-0.0425726682668697,0,-0.3279494603578415,0.4139286628374616
17195.0,1.3031915824809857,-1.058145946714099,-0.3613996483875413,-0.014407610016013,-0.2412044847042052,0.9493551581518792,0,-0.8460179905092429,1.748842824130795
17196.0,1.0308182885991817,-1.058145946714099,-0.6971992322588422,-0.7105166998701326,0.5602500888610992,0.3159981412208199,0,-1.112523042934646,0.9808728774826013
17197.0,-0.6542442484349309,-1.058145946714099,0.0613357915122053,-0.6265937067707593,-0.2941514393624997,1.746683296797096,0,-0.09628232690643063,1.25930086041564
17198.0,-0.7922005967383016,-0.2017513803877423,0.1915704227808908,0.1228360796752538,0.607142454731596,0.5014079988170433,1,0.7177565175375753,0.016428226953416895
17199.0,1.2275321383409905,-1.058145946714099,-1.334625984783722,-0.3221896666559816,-1.2818823689972492,-0.8862627485542561,0,-2.4341651562255255,0.23710305153050762
17200.0,0.9663961595288088,0.0739460908215904,-0.6894829658639902,-0.1986886419931085,-0.4115503779538524,-1.542240793475446,0,-1.3417353052057472,-0.7274448367896571
17201.0,-0.2865430233339383,0.0739460908215904,0.2080825885316781,0.506995150967925,1.0531207928583963,0.1425973015964532,1,0.9410245928584359,-0.046323253773621266
17202.0,1.0202674598207486,-1.058145946714099,-1.261842255105045,-1.437000405574019,-1.2818823689972492,-0.7489841808474209,0,-2.816531780517915,0.1223803354636104
17203.0,-0.540774126845729,1.0480979277381186,1.289742990675846,1.463536092031968,1.2456584639501014,0.93629858735695,1,2.731392295879321,0.29098161469058115
17204.0,0.4594149010336265,0.9303406571479472,1.2804852584919146,1.100301275783678,0.7791957222855813,1.0618171024406409,1,2.0389078048142,0.9577211943746752
17205.0,-0.2865430233339383,-0.2017513803877423,0.0515625102494288,0.9818709459201864,-0.3507527121214226,0.2378157756424978,1,0.4174993335302781,0.2099451611741321
17206.0,-0.2983107883386734,-1.058145946714099,-1.0898031450212669,-1.2275467185765694,-1.3785107536966998,-0.4244984375896303,0,-2.1641670092184624,-0.3143216855219171
17207.0,1.3002519660332574,-1.058145946714099,-0.8061985049101053,-0.4743692243337022,0.217900422374825,0.1104128531803266,0,-1.3435592177561455,1.001541395887077
17208.0,0.9811023498659778,-1.058145946714099,-1.4987953458679946,-1.0298453562635617,-0.5486003891756687,-1.1959052311597842,0,-2.560058377364814,-0.2527192342371865
17209.0,1.2972988133147116,-0.2017513803877423,-0.30181134691008,0.2536244531714366,-0.1220981718085144,-0.4269729442161636,0,-0.6989774131032006,0.4589012902554706
17210.0,0.9762376600515654,-1.058145946714099,-0.9351567383279866,-0.468955852714794,0.0914362748936436,-0.1328173530177612,0,-1.4296251778980162,0.6327905050181722
17211.0,-0.7195200551006783,1.3460575542855853,1.0587979174152693,1.019663161397354,1.3329322084435713,0.1459560247556819,1,2.3868407036000145,-0.5746053284199548
17212.0,0.6946852246521797,-0.2017513803877423,-0.1136316788432667,0.2500204938045738,-0.2941514393624997,-0.0730611084608818,0,-0.38453897736641557,0.4215489109814332
17213.0,-0.4749394310824503,1.3460575542855853,1.2370045348802752,0.971395078108774,0.9151078788768328,0.4811939018673072,1,2.303466664074974,-0.15499061161204541
17214.0,-0.2201397768252409,0.4896629879592288,0.1001455155676465,-0.3855244245982789,0.5105140700321456,-0.6090019291908805,1,0.16873601964871246,-0.7902875692065717
17215.0,1.0824965852277768,-1.058145946714099,-1.1562919814717052,-1.0235513279573645,-1.0458699940988507,-0.5499041055418763,0,-2.4312026522816605,0.3486867204871262
17216.0,1.195966706816979,-1.058145946714099,-1.9067886046009024,-2.0222782993066613,-0.91940584661767,-1.9654279038802285,0,-3.6816279701263075,-0.8405523906779961
17217.0,0.6448229902562577,-0.5571872395918231,-1.0430426273191988,-1.0824911210991477,-0.3507527121214226,-1.2721826100058682,0,-1.9881561715834404,-0.6224417087377636
17218.0,-1.8243736859341724,1.7233615276208618,1.084337298498144,0.9777005999089354,1.4420098920812563,-0.2466876495490636,1,2.80911010566285,-1.609594703690378
17219.0,-0.6141483680629726,-0.5571872395918231,-0.919021500203979,-0.6369517309004904,0.0200527453205781,-1.0392415075321322,0,-1.1004772470790412,-1.0975678119042043
17220.0,-0.7922005967383016,1.904492494064476,1.1323706456912506,1.1120992771193277,1.849140004351645,-0.3650488797527853,1,2.783584685944221,-1.1914288861279276
17221.0,-1.5229485149574664,0.2992073267345332,0.036399384061495,0.2390885921942279,0.8153422320095451,-0.4822339095875357,1,0.9224911765139308,-1.305394221269155
17222.0,-0.1696156146721137,0.4896629879592288,0.3926934032212584,0.3626694906733145,0.6514988276797011,-0.0593333820682423,1,0.8738242998748313,-0.2486587888237473
17223.0,0.8245270555146574,-0.2017513803877423,-0.0452986265382229,-0.5281484048190704,0.3145288070742748,0.0555145268970601,0,-0.4656081737897607,0.4917064973719526
17224.0,1.131598183073706,-1.058145946714099,-1.5946368071155737,-1.3289348484300858,-1.2818823689972492,-1.37667335866689,0,-3.154195808293113,-0.31361995790158204
17225.0,1.2275321383409905,-1.058145946714099,-1.4070387953549883,-1.709582179172762,-1.614523128595098,-1.0228417197437758,0,-3.3019168475801317,0.0021161057798773316
17226.0,0.8224615941517993,-0.2017513803877423,-0.0237155392502549,0.356551112238319,0.1571027565423948,0.096131225561253,0,-0.09132649317827907,0.6192979442280101
17227.0,-0.9353081791524545,1.2544959545938104,0.5590376824995275,0.836217341359496,0.2607132519567318,-0.6845153359376879,1,1.3865956969671578,-1.3118086199465853
17228.0,-1.0395356639262063,1.3460575542855853,0.8845520920753623,1.079387490130434,1.2622326247684963,-0.1815933054368866,1,2.3004368588990824,-1.0065184675945347
17229.0,0.0773306527470905,-0.5571872395918231,-0.7702988488673058,-0.6474754904320826,-0.0581390644641013,-0.759704265205803,0,-1.1956975236482155,-0.4887877835968458
17230.0,0.7218745649366273,1.7233615276208618,1.7051815626553342,1.3546338045987585,0.9812559531764108,0.9211241318577869,1,2.660137079381205,0.7936173276023479
17231.0,-1.2115801184678894,2.110890520920167,1.4736234384958489,1.3262311304884231,2.0301971174514417,0.0400997323959952,1,3.467584843330893,-1.1359634107604166
17232.0,-1.9674812683483247,-0.5571872395918231,-0.5694939866133241,-0.5867196235949155,-0.2672508963742018,-0.3819938802700497,0,-0.40332173786797626,-1.2913750118684422
17233.0,-0.5583457794146515,-0.2017513803877423,-0.3641134608293163,-0.3352573999280677,0.2324210325411989,-0.5440826164131579,0,-0.316234516620183,-0.7306933946629754
17234.0,0.4879229365026979,-1.058145946714099,-1.3114784481749169,-1.437000405574019,-0.862804573858747,-0.8426038060182394,0,-2.5292146248442844,-0.2646652881386578
17235.0,-0.7670473650770303,0.8001660338568091,0.5160524679183502,0.4401378594606127,0.1727297634470911,-0.2169010944988344,1,1.0409144524584322,-0.7564703275244539
17236.0,-1.1640528084915374,1.2544959545938104,0.5252118300455064,0.3161485654770629,0.8700553726182927,-0.7479616154751688,1,1.4306024697288617,-1.568307355016182
17237.0,-1.2629135238814884,0.0739460908215904,0.0535263627802005,-0.1180505276067852,0.4791576523996084,-0.1481311160445261,1,0.5489165336260655,-0.8554243026934865
17238.0,-1.9674812683483247,2.4054512011867506,1.5300274535126226,1.3230571358841785,1.9923387650392004,-0.1881509822381542,1,3.768503269627067,-1.8142140183150142
17239.0,0.8306838247077005,0.0739460908215904,0.1769323513274826,0.0236367070456399,-0.6688728615528973,0.0839888858098505,0,-0.38314648778012006,0.548566067628609
17240.0,1.242750738519486,-1.058145946714099,-1.4100441171457605,-0.9989607652635912,-1.3785107536966998,-1.0285101056970205,0,-2.877555263605724,0.06670288631052472
17241.0,0.9630818100393996,1.2544959545938104,0.7789884306886619,0.3641902334058461,0.8223842757380923,-0.2715975041832952,1,1.0392777410640883,-0.006592154877085725
17242.0,0.1521328382198956,0.2992073267345332,0.8161143325325438,0.7077223562848015,0.0384893202353487,0.984739844454085,1,1.1256733037785178,0.8845179994014513
17243.0,-2.4120140217391843,3.334544158147632,2.2414175924071382,1.8426696650624503,1.7444487237240909,0.1083186075343229,1,4.878904481519539,-2.006655220733231
17244.0,-0.2983107883386734,0.2992073267345332,0.4856098042774494,0.6894511553006836,0.7717713000569296,0.3624625815255816,1,1.2111565065392242,0.09866763693083529
17245.0,0.5603544681590024,-0.5571872395918231,-0.6600371025140691,-0.3157518899197936,-0.4437267787202448,-0.5523391255152269,0,-1.2334310530922412,-0.004933621400350173
17246.0,1.187826477146772,-0.5571872395918231,-2.2696321772220136,-1.709582179172762,-1.4880589811139169,-3.5582381642308194,0,-4.220402036476997,-2.1884396098952874
17247.0,-1.0784157615666077,-1.058145946714099,-0.8578168074758598,-1.0111411307468456,0.1880646595930938,0.0130547392863527,0,-0.9216898167311002,-0.437100303350792
17248.0,0.2191145500704246,-0.5571872395918231,-0.383217426203723,-0.3485900376463807,0.5698454386786636,-0.0313858661860783,0,-0.42746505507187493,0.18072315984253517
17249.0,1.0323114794921844,-1.058145946714099,-1.874989432595324,-1.202407826598178,-0.3507527121214226,-1.9054509721337909,0,-2.97491217371402,-0.8250177331996602
17250.0,-1.8243736859341724,-0.5571872395918231,-0.6355318174253132,-0.7105166998701326,0.217900422374825,-0.506240942085132,0,-0.3747141506257352,-1.347389532802864
17251.0,0.9254466015614758,-0.2017513803877423,-0.0974888284038595,-0.1775834856216042,0.3526935049184267,-0.0426893361401716,0,-0.3717351678057069,0.5011623902797393
17252.0,0.2030134902092342,-0.5571872395918231,-0.6952471755560378,-0.6197778847530964,0.5793298571111467,-0.6185672674217415,0,-0.877354829060494,-0.33112022637536015
17253.0,-0.9682038613741812,-1.058145946714099,-1.1873302119122209,-1.5956177399879288,-0.6688728615528973,-0.6084458131163499,0,-1.9372853502406142,-0.8999912461014672
17254.0,-1.7074462772723475,-0.2017513803877423,-0.4901062347953509,-0.1454931730396027,0.9088213112787455,-0.7807988625331802,1,0.278649896307878,-1.5650164373666318
17255.0,-0.4594850640247002,0.0739460908215904,-0.1093682825943774,0.1173321066458016,1.0994248524597794,-0.4543417662826347,1,0.49398667530860974,-0.6658328106508697
17256.0,0.1462219650521856,0.2992073267345332,-0.4482676588559458,-0.3330613346531344,-0.586765087019821,-1.3910798716327943,0,-0.9631575723990272,-1.1188805956739625
17257.0,1.042667590085983,-0.5571872395918231,-1.1313918829303236,-0.6369517309004904,-0.862804573858747,-1.4380139747727425,0,-2.2090425345195386,-0.4704860244554344
17258.0,0.982715747443508,-0.5571872395918231,-0.5767272319175796,-0.6369517309004904,0.0741642041589574,-0.3956042464521979,0,-1.2125872090214285,0.29871611390315317
17259.0,0.3526100844636154,0.4896629879592288,0.5101528729430472,0.5558684882617793,1.175795589227843,0.1615741991970041,1,1.1443761962734131,0.21318942954669262
17260.0,1.0048872215498614,-1.058145946714099,-1.4649215334383474,-1.9942859497559235,-1.4880589811139169,-1.1320152866125444,0,-3.3754064065555913,-0.24283590223163024
17261.0,1.1429941922828974,-1.058145946714099,-1.003230625782941,-1.0622519568722428,0.0200527453205781,-0.2612126112617229,0,-1.8627024335418298,0.5641390330696316
17262.0,-0.3102985242592435,1.15560189306089,0.7825182412863887,0.2335537409722953,-0.9802035124500996,-0.1471980811664982,1,0.6237958621449394,-0.5121179541236726
17263.0,0.5696268012260529,-1.058145946714099,-1.92457102254626,-1.709582179172762,-0.4772168596026035,-1.998967609480368,0,-3.1744612706609634,-1.200267460004599
17264.0,1.024810514465536,-1.058145946714099,-0.8644632138475596,-0.5135641944509618,0.4126028186801636,0.00051884491638,0,-1.2571664467134753,0.7485927401134204
17265.0,0.3126530340951926,-0.5571872395918231,-0.3615018710578694,-0.1521201403247171,0.7490861757345402,0.0094985864619859,0,-0.2666867220297248,0.2769522880421646
17266.0,-2.1519790306632065,0.2992073267345332,-0.4216666540555239,-0.4451323693240469,0.6600894093898906,-1.341298332491646,1,0.2468342115753657,-2.4085184299413958
17267.0,0.2551824986059697,-0.5571872395918231,-0.7728724792219187,-0.74651041226979,-0.1002197270566499,-0.7645432706725654,0,-1.3179438000663353,-0.4030251229123986
17268.0,0.1521328382198956,1.15560189306089,0.448316831182914,0.6782397314751365,-0.3805884749031534,-0.7746471047507303,1,0.5835135460293377,-0.7481337641039549
17269.0,0.9647411258391284,-1.058145946714099,-0.3947671299343088,-0.2565680897491287,0.7791957222855813,0.8864202124580141,0,-0.46593344682125926,1.44204617392353
17270.0,1.0893557436471168,-0.5571872395918231,-0.310330774116424,-0.1086319283943098,0.0565206627106016,0.1058482812530996,0,-0.7217770767977746,0.817086681377718
17271.0,1.377859217618911,-1.058145946714099,-1.0685278175570538,-0.9467793286780029,0.0741642041589574,-0.3843706989497583,0,-1.9285485012466257,0.602714822799859
17272.0,-0.4443943630945455,0.0739460908215904,0.6027772164526506,0.83769786182438,0.4126028186801636,0.885656460181003,1,1.2988382627777968,0.5302214491611534
17273.0,1.024810514465536,-1.058145946714099,-1.354627078879068,-0.8631467072838476,-0.9802035124500996,-0.9239871350634452,0,-2.5213314869165773,0.02738339122771195
17274.0,-0.5583457794146515,-0.5571872395918231,-0.3432318359177745,-0.3926866108572838,0.4791576523996084,0.0438977593105971,0,-0.20102314747618538,-0.18599646532249764
17275.0,0.9597502430728068,-1.058145946714099,-1.5039542269252772,-1.2626334870875635,-0.4772168596026035,-1.2056354800167777,0,-2.638722317342791,-0.29888621877693466
17276.0,0.9907224082272228,-1.058145946714099,-0.4347595328058287,-0.6334808999499925,0.1411722937225966,0.8109898956881196,0,-0.9589073037909643,1.3859072336798726
17277.0,0.6282360691847436,-0.5571872395918231,0.0976024056491017,-0.0947521907076331,0.3771846686209953,0.874288449549563,0,-0.004896584517874432,1.1727687911620368
17278.0,0.6636473034612838,-0.5571872395918231,-0.8862326926583973,-0.6130319698342725,-0.7132292345010023,-0.977629550864436,0,-1.7574794435129797,-0.31029794178716297
17279.0,-0.2415192631816249,-1.058145946714099,-1.149852252966189,-1.5248267984910486,-1.2818823689972492,-0.5377580296323158,0,-2.345392466564243,-0.40893733444242464
17280.0,1.045596020739638,-1.058145946714099,-1.4773782325283809,-1.244856163309911,-1.4880589811139169,-1.155510067891056,0,-3.048839886053558,-0.1642392008769869
17281.0,0.9445402369244064,0.4896629879592288,-0.1105219673668575,-0.3418899361875976,-2.183176263091345,-1.004200575590488,0,-1.5162792607373217,-0.3456149433765457
17282.0,0.2700401175059993,0.2992073267345332,0.6641265049685998,1.0213431647087352,1.124063132285242,0.6985141419576487,1,1.5260042933393914,0.7006619943128857
17283.0,0.9530347346034082,-1.058145946714099,-1.1474521149292816,-0.669042043482492,-0.8098576192004525,-0.5332310905284807,0,-2.1166412533657004,0.3160893615755025
17284.0,-0.2201397768252409,0.8001660338568091,0.791742532734426,0.9379759138805378,1.5556662555596723,0.3015003379173093,1,1.9717106621518874,-0.047941264897022676
17285.0,1.2762369843581085,-0.5571872395918231,-0.5579555874914762,-0.8296554976039625,-0.0181119525235737,-0.3602820965686792,0,-1.413147763918305,0.47339772028738786
17286.0,-0.8456753236698794,-0.2017513803877423,-0.6153317709211208,-0.191578076103695,0.607142454731596,-1.0159001665314544,0,-0.26983058285650363,-1.2729241292028213
17287.0,-0.7428435417295326,1.904492494064476,1.0703320904543732,0.9474306182122147,1.5382721116074227,-0.48151814433943,1,2.4958052987680377,-1.261267222703597
17288.0,-1.3798409325433134,1.15560189306089,0.7118655956993869,0.8105248020633823,1.3910374102343397,-0.2799515646087819,1,2.1388463947104808,-1.2553067213416087
17289.0,-0.6141483680629726,0.9303406571479472,0.5791847383784473,0.611345600297109,1.274447139088575,-0.2576741698737692,1,1.6048642040847299,-0.7716793298875683
17290.0,-1.8243736859341724,0.8001660338568091,0.3446569418604179,0.549596286132849,1.1982735174240835,-0.5388380983409953,1,1.6663306701433487,-1.6330045337230477
17291.0,0.8203894592349804,-1.058145946714099,-0.3771324511005279,-1.2626334870875635,-2.515817022689194,0.9196812649344264,0,-2.244345810480129,1.4356794182598098
17292.0,1.0934362995056883,-0.5571872395918231,-0.8848840344531009,-0.8730374341016977,-0.862804573858747,-0.9750951256671084,0,-2.07448573154383,-0.09146783221582373
17293.0,-1.4474112861963695,1.6565606001831652,1.0085904754504489,0.9877830840540952,1.0207326504320022,-0.3116200428525451,1,2.4363026565305343,-1.417290617449373
17294.0,1.3167343976054071,-0.5571872395918231,-0.494611297492146,-0.3374608222193361,-0.7132292345010023,-0.2410732102915094,0,-1.4158034490496925,0.6725944550619912
17295.0,-0.6752731880764764,-0.2017513803877423,-0.3691456193141192,-0.3441157282908022,0.1880646595930938,-0.5535400691581758,0,-0.30771331564544785,-0.8015219560443807
17296.0,1.3726167481092917,-1.058145946714099,-0.7279187473965735,-0.5460873605785668,-0.2159596295778201,0.2580575677248774,0,-1.49688987861811,1.1729742586006264
17297.0,-1.0028785328055103,-1.058145946714099,-1.4036116670946588,-1.3092999294811465,0.1249263557760024,-1.016377757797848,0,-1.691930849000703,-1.255898514037954
17298.0,0.1095648339314894,0.2992073267345332,0.0208125956241109,0.3557822974940814,0.3014022381220454,-0.5115115414088117,1,0.23834362452121755,-0.3972397139696595
17299.0,-1.2115801184678894,0.4896629879592288,0.0635141515834462,0.4146121865602806,0.6685909679263046,-0.6777633512981857,1,0.8810307721359828,-1.3175714192286456
17300.0,0.972973911537828,-0.5571872395918231,-0.6186837119686538,-0.0405821588194871,-0.1002197270566499,-0.4745447214420637,0,-1.0460348018829904,0.29711153288193
17301.0,-0.8741833591389503,-0.5571872395918231,-0.7444685302854145,-0.5078198702626843,0.7567177940893411,-0.711134488539983,0,-0.4673934348585951,-0.9947504907215343
17302.0,-1.0784157615666077,0.2992073267345332,0.1435950868366848,0.095986599115472,0.3891614223084505,-0.2808146256530018,1,0.6532452975206143,-0.8933540691562984
17303.0,0.9219131204530228,-1.058145946714099,-0.9446524346476052,-0.8112565093766205,0.1880646595930938,-0.1507273391628954,0,-1.5436412981115435,0.5497605789275265
17304.0,1.1724291954243062,-1.058145946714099,-1.5230430664591463,-1.2536847648443734,-1.614523128595098,-1.2416392484683807,0,-3.1936220692101576,-0.1594865755620184
17305.0,1.2972988133147116,-1.058145946714099,0.5983488251899394,0.463404795720079,-1.1954453334565955,2.759552250183243,0,0.004389478014703172,3.3012881246280665
17306.0,-1.2629135238814884,1.904492494064476,1.6947541626614375,2.182633229087464,-0.7132292345010023,0.6923970537362435,1,2.9661515577486353,-0.3721922469866974
17307.0,0.9794848831855826,1.15560189306089,1.050424891957008,1.3136215403763267,-0.5121324717856456,0.356579878532081,1,1.2084885919820099,0.6921284864117097
17308.0,0.9762376600515654,-0.5571872395918231,1.137178617865404,1.5366915211759216,-1.614523128595098,2.834077109788001,1,0.9313293355685665,3.2029749752601147
17309.0,0.0706847362910886,-0.2017513803877423,-0.7441207431675173,-0.6197778847530964,-0.1914684658752519,-1.257476851993983,0,-1.2252306547534622,-0.9722743375067157
17310.0,0.9663961595288088,-0.5571872395918231,0.0698765792771336,-0.1389323112681091,-2.515817022689194,0.8220442689805926,0,-1.3624993744443794,1.4410031281995714
17311.0,-0.0543097623705864,0.4896629879592288,0.9678197330637928,1.1256013541220988,0.8766449105123539,1.0231003853830112,1,1.900948247544166,0.7575182703400711
17312.0,0.3126530340951926,-0.2017513803877423,-0.2643382468668921,-0.1898123812478129,-1.0458699940988507,-0.3565184644320539,0,-0.9445867154205608,-0.028499804309583897
17313.0,-0.6338830081757483,-1.058145946714099,0.6607877481272902,0.6815295179490874,-0.4437267787202448,2.8773193108688964,1,1.0877721117968995,2.323604609709972
17314.0,-0.7670473650770303,1.6565606001831652,1.1973004541350392,1.3129038960729356,1.2663243691962696,0.0429867231193821,1,2.6793418908903326,-0.734587578183431
17315.0,-2.1519790306632065,2.760887060390832,1.6849841758229196,1.5336186515547043,1.8016574700813903,-0.2969570183118063,1,4.038569987509663,-2.070087312105536
17316.0,1.0187459283862368,-1.058145946714099,-1.44453152269464,-1.5808368721392685,-0.144576100004755,-1.0935573581334663,0,-2.6054155749427603,-0.2225414020842061
17317.0,-0.3873500989396135,-0.2017513803877423,0.7402166430240331,0.5490231088078554,-1.2818823689972492,1.5350274121493364,1,0.5900567173150277,1.202690131463112
17318.0,1.3682150479281203,-1.058145946714099,-1.245839681692998,-1.3807506813715704,-0.7132292345010023,-0.7188014687587755,0,-2.6452906561369276,0.3183059781179654
17319.0,1.3167343976054071,-1.058145946714099,-2.473093297998457,-2.3034171780255,-1.9471638881929467,-3.033544329604565,0,-4.880531683407659,-1.6210441018261017
17320.0,0.1032463079562461,0.4896629879592288,0.8177305796890144,0.6768247701431739,0.5793298571111467,0.7404552138610699,1,1.3577975848272463,0.5835252821853564
17321.0,-1.4474112861963695,0.4896629879592288,0.4513384164923755,0.3266852938434061,1.4186162443378565,0.0509481844942927,1,1.6362364360107253,-0.8994838074693869
17322.0,0.9479515492166356,0.2992073267345332,-0.0059674622709606,0.1570110879448586,0.8153422320095451,-0.561808008847635,0,0.06857958270955511,-0.020089517849860877
17323.0,-1.0784157615666077,1.2544959545938104,0.3747855395078887,0.7000190260920628,1.124063132285242,-1.0298964426002126,1,1.5306280709829345,-1.7223570551157505
17324.0,-0.9682038613741812,1.2544959545938104,0.6523975760599585,0.7419543866133782,0.7865535568710715,-0.5093211972108271,1,1.6699534200592596,-1.2209575810237219
17325.0,0.7594721542528383,-0.2017513803877423,-0.3042031738073294,-0.0433989551539095,-0.0581390644641013,-0.4314695029108227,0,-0.6469684917264286,0.12700407159613483
17326.0,1.0002002930243403,-0.5571872395918231,-0.7631456660972794,-0.8296554976039625,0.5407159979871611,-0.7462543860233034,0,-1.3127241334075368,-0.015717999754149437
17327.0,1.0033287148318906,-0.5571872395918231,-1.2998251626061967,-1.3916223493687232,-1.9471638881929467,-1.7538621022746808,0,-3.1807432228059316,-0.7752486731987318
17328.0,1.320551820774439,-1.058145946714099,-1.5679708455574095,-1.147237218205978,-1.4880589811139169,-1.3263782580256993,0,-3.184954993343106,-0.14162291416599507
17329.0,-1.1198059414673356,0.2992073267345332,0.0552125826079199,-0.0917071809225421,0.5207054191909427,-0.446892485740235,1,0.5387531530570857,-1.075279222944371
17330.0,-0.8183807704906293,0.0739460908215904,-0.565615979804399,-0.9194840867058316,-1.3785107536966998,-1.31039967768764,0,-1.3949226847514247,-1.549772464702685
17331.0,0.2399724924575698,-1.058145946714099,-1.1997370623818466,-2.2210947581379226,-2.515817022689194,-0.6318465741070592,0,-3.388690436298927,-0.2353026248893811
17332.0,1.1651961277902847,0.2992073267345332,-0.0749540130481428,0.3079269466885488,0.5407159979871611,-0.6913359516435386,0,-0.11542028143868721,0.02183429149747179
17333.0,0.0075526370213185,-1.058145946714099,-0.4550451279329319,-0.1845435605050292,-0.321964036982949,0.772728907189404,0,-0.6551963930721967,0.8803432479852259
17334.0,0.8078140524230828,-0.2017513803877423,-0.2746289947694286,0.0856285749857403,-0.586765087019821,-0.3758676104925565,0,-0.7895909380809477,0.23513317501779116
17335.0,0.9614181899137092,-0.5571872395918231,-0.4353114458159776,-0.5460873605785668,-0.1676872918813187,-0.1294553664783252,0,-1.1135320304326168,0.5223822697700803
17336.0,1.0934362995056883,-1.058145946714099,-1.7498653488791591,-1.5248267984910486,-2.515817022689194,-1.669452417593965,0,-3.9121089391910657,-0.5361592691928686
17337.0,0.3653943987983962,0.0739460908215904,0.5611148645397528,0.6160232086724894,1.8748102327255785,0.8071891612195563,1,1.5053347022495593,0.8242419025688613
17338.0,-1.0028785328055103,1.6565606001831652,1.8504872069038223,1.6240067650959351,2.151127395335348,1.2723365394207269,1,3.9603694281884487,0.1227403934979318
17339.0,0.0639692278216899,-0.2017513803877423,-0.6781902074204199,-0.6369517309004904,-1.117253523671916,-1.1338368428560013,0,-1.5459746327736013,-0.8362512316948308
17340.0,-0.6542442484349309,1.7233615276208618,2.29186560151424,2.048459525751596,1.6554756952610448,2.0263834340329474,1,4.318924816320622,0.9715491586810215
17341.0,0.3902229910202726,0.2992073267345332,0.5103396355848756,0.5620814415677136,1.2663243691962696,0.4090057458306579,1,1.1683046170569455,0.4798961043992015
17342.0,0.954720215728158,0.0739460908215904,0.1996274944936263,0.0312405020086414,-0.2412044847042052,0.1266886329362285,0,-0.21646786664243128,0.6329796482018064
17343.0,0.911194343944402,0.4896629879592288,0.2183852564811862,-0.0591107344650019,0.3014022381220454,-0.3869449170386645,0,0.008067108349901576,0.053376907629421766
17344.0,-0.3873500989396135,-0.5571872395918231,-0.4941195823426001,-0.5552437164184574,0.3401681767824983,-0.2401477518781802,0,-0.5487761215427467,-0.3320746780934009
17345.0,-1.0784157615666077,1.0480979277381186,0.3925453218417698,0.9193022100484668,1.15268439735128,-0.7505152642348605,1,1.6522896366083772,-1.4206367119771768
17346.0,-1.8243736859341724,2.1575193073054413,1.2563041680637963,1.3111063520767765,2.042966138759257,-0.4212523879118127,1,3.429834159929205,-1.8609254092617997
17347.0,0.0075526370213185,-1.058145946714099,-1.0078534325921902,-0.5460873605785668,-2.515817022689194,-0.2699317618240918,0,-2.3243873858905677,0.09805112743857196
17348.0,-1.0784157615666077,0.9303406571479472,0.7050423023741379,1.134608123939515,1.6655729680414202,-0.021126798647739,1,2.2917689437724538,-0.8002417319001004
17349.0,0.4738273097812196,0.2992073267345332,-0.0630497265978612,0.344923450442901,0.457567115373851,-0.6689887177750663,0,0.09561160175856558,-0.33261297007134893
17350.0,-1.4474112861963695,0.654643185938614,0.5164912961457536,0.5879858236231679,0.8766449105123539,-0.0353012016572941,1,1.6091426036306762,-0.9618262862824772
17351.0,-0.540774126845729,1.2544959545938104,0.546896582516755,-0.1706962924423711,0.0565206627106016,-0.7072899769766552,1,0.6922757144730167,-1.2053973196962826
17352.0,1.342071680121387,-1.058145946714099,-2.3195156036221665,-2.2609688413137667,-1.614523128595098,-2.743878960589107,0,-4.567002143710512,-1.3832549380172112
17353.0,0.2651257241188405,0.0739460908215904,0.8990873516660755,0.9680679013990584,-1.3785107536966998,1.4438930377955528,1,0.7096077164097472,1.465055323983286
17354.0,-0.3225146116861712,0.0739460908215904,0.8768522586276554,1.0708840255620289,0.5698454386786636,1.4019944331098946,1,1.7270239622380352,1.0315517274445556
17355.0,0.9647411258391284,-1.058145946714099,-0.8504247453921452,-0.4322607072827482,-0.321964036982949,0.0269970269340498,0,-1.4904572423280082,0.7779552874857156
17356.0,0.8286381285590276,0.2992073267345332,0.0124271365302445,0.4082505158476054,0.4465549626877331,-0.5272613843769605,0,0.09024344783655937,-0.01600910552073623
17357.0,-0.7922005967383016,-0.5571872395918231,-0.6287970790408303,-0.7716493042481812,-0.0181119525235737,-0.4935711543321525,0,-0.8161811868791845,-0.7654685392013001
17358.0,0.8099271521892553,0.2992073267345332,-0.0514884885736601,-0.0766900687954025,0.8896672959534744,-0.647283819800042,0,-0.01570577426706299,-0.19193465935851195
17359.0,-1.2629135238814884,-0.5571872395918231,-0.8520636898936284,-0.4853314937413989,-0.1220981718085144,-0.913413219090308,0,-0.8149113150827642,-1.3306794996716578
17360.0,-1.0028785328055103,0.4896629879592288,0.2018763119854357,0.1621941008875446,1.2201519621759485,-0.4179583070251994,1,1.073117910273119,-1.0424667528634548
17361.0,-0.3476678433474425,0.2992073267345332,-0.0394638322489425,-0.1706962924423711,0.1571027565423948,-0.6247072108108699,0,0.009387547308263054,-0.7865979102628569
17362.0,0.6583250720961007,0.654643185938614,0.069131794606117,0.0656068751148604,0.6935794902722501,-0.8754102520048134,1,0.15641632940343303,-0.5290392977401494
17363.0,0.9794848831855826,-0.2017513803877423,0.0081477999454264,0.0337556903081912,-0.1676872918813187,0.1560989878011041,0,-0.3932176757797478,0.7362289926647148
17364.0,-2.4120140217391843,2.245808014503504,1.8461930940277989,1.7852872960584554,2.036606470810011,0.5872942561786788,1,4.466120201604065,-1.3432495898159675
17365.0,-1.1640528084915374,1.5110377522649707,1.569814461975631,1.8311786772504728,1.82264053350877,0.9135887716213744,1,3.6637371747726473,-0.18186855311962608
17366.0,1.0367703053241684,-0.5571872395918231,0.1181799043842562,0.0172323629805716,0.8499631098416093,0.913064153431258,0,0.13869046945853788,1.4188238418184238
17367.0,0.6556473011960866,-1.058145946714099,-1.228097397769348,-0.7845884941066654,-0.1914684658752519,-0.6853374605849785,0,-1.907085085738214,-0.009659986779759551
17368.0,-0.8183807704906293,1.4312993642702228,0.8001980270220634,1.0191022053387833,1.2456584639501014,-0.4403033048552572,1,2.112228564566496,-1.1224749809908745
17369.0,1.071367018304198,-1.058145946714099,0.0368994589363079,0.5524547040990186,-2.515817022689194,1.7005935353787571,0,-1.028708051377426,2.3878913505920494
17370.0,-0.0962413734548695,0.0739460908215904,-0.5286187611753018,0.0547551377532697,-0.2412044847042052,-1.2410957082135108,0,-0.6501361492091771,-1.0497139411334495
17371.0,-1.0028785328055103,0.4896629879592288,-0.2442417079255532,-0.3691098594149052,0.9458378031172426,-1.254688865909808,1,0.23644339541197923,-1.7611275610169697
17372.0,-0.4594850640247002,2.245808014503504,1.1154246047156984,0.8729670612183893,1.857124428028256,-0.7857013557577128,1,2.5784646924120778,-1.4653942064216001
17373.0,-0.4749394310824503,0.654643185938614,0.1635217437885739,0.2598842510298497,0.3526935049184267,-0.6983512303068757,1,0.5595403981698261,-0.9737725267348354
17374.0,0.6025224834477799,-0.2017513803877423,-0.1773361271758916,-0.7631624647057185,-0.1676872918813187,-0.192900050558082,0,-0.8474481871737868,0.16651711082613732
17375.0,0.5413976634342754,0.0739460908215904,-0.2464169209805173,-0.0225612797941685,0.4897435161402434,-0.71176834558677,0,-0.2825293283943637,-0.31102652766969136
17376.0,-0.1138130260237924,0.0739460908215904,-0.5166967643770276,-0.4662657837754595,-0.0181119525235737,-1.218758061426941,0,-0.7844099542555569,-1.1035457033712963
17377.0,-0.7922005967383016,3.48398306701111,2.1468065904227096,1.7919063656061616,2.0237372962241267,-0.2354766971953233,1,4.378244771746108,-1.4528673457068888
17378.0,0.9445402369244064,-1.058145946714099,-3.138772856599457,-3.628661084298931,-2.515817022689194,-4.2890932930872046,0,-6.331746709852205,-2.949477332278042
17379.0,-1.2629135238814884,-1.058145946714099,-0.5988375579182439,0.1894977373504258,0.4240770344914922,0.5015196833338147,0,0.073930211287147,-0.03314034187254029
17380.0,1.0397257262171895,-0.2017513803877423,-0.2635569950125908,-0.4451323693240469,-1.614523128595098,-0.3550494830917505,0,-1.526788088893338,0.37202400592185725
17381.0,-1.3798409325433134,2.611849228042442,2.7095523480348715,2.973668807547851,0.1411722937225966,1.7988590109621034,1,4.86126843090087,0.30987051343420763
17382.0,-0.1696156146721137,0.8001660338568091,-0.021990332019164,-0.0547883469122285,-0.7601216003714991,-1.2262030415299472,0,-0.33598487718581677,-1.2534812496088537
17383.0,-1.8243736859341724,-0.5571872395918231,-0.790338513653499,-0.7342923345111426,0.1571027565423948,-0.7973819157783433,0,-0.5754665079061734,-1.582765110192056
17384.0,-0.9353081791524545,-0.2017513803877423,-0.435948794235337,-0.9248532670431824,-0.8098576192004525,-0.6790671424899006,0,-0.9852651659230861,-1.0598336481215886
17385.0,-1.0784157615666077,-1.058145946714099,-0.9135574174510044,-0.5931996852608044,0.0011923041824166,-0.0920785251708951,0,-0.862001818526657,-0.4718929975788975
17386.0,-1.4474112861963695,0.654643185938614,0.7967821425075597,0.9000828000318645,-0.2159596295778201,0.491985549776005,1,1.5995485909434182,-0.4548617070571178
17387.0,-0.9040178174155592,-0.5571872395918231,-0.1230237961165779,0.0571821550415415,0.4240770344914922,0.4586178718022978,1,0.32937083916941856,0.007357680000333083
17388.0,-0.0543097623705864,1.15560189306089,0.7650550791314873,1.0791314181245504,-0.0181119525235737,-0.1800152179313958,1,1.322894576940333,-0.3560438579524608
17389.0,-2.4120140217391843,3.184600854015305,2.967552836264898,2.355585673644468,0.3274486497920416,1.6423897470861009,1,5.290119941805597,-0.6094264075602782
17390.0,1.0202674598207486,-1.058145946714099,-1.3143015864384142,-1.5115390548677536,-0.9802035124500996,-0.8479285726791713,0,-2.7820233860515216,0.021350437348826294
17391.0,0.4180247211328983,-0.5571872395918231,-0.4341797719946878,-0.0225612797941685,-2.183176263091345,-0.1273250801657278,0,-1.5340268645762467,0.36797298557561864
17392.0,0.8183106074995556,-0.2017513803877423,-0.2844255312559436,-0.0050210152869876,0.3650304751021734,-0.3942867126664856,0,-0.45046273668227516,0.17441183209884015
17393.0,1.0048872215498614,-0.5571872395918231,-0.6418585321354107,-0.4825737499159102,0.0565206627106016,-0.5181428525703257,0,-1.2233613622122979,0.22798620636588074
17394.0,0.6025224834477799,-1.058145946714099,-1.0911033793030518,-0.4743692243337022,-1.7640984679528429,-0.4269508304619764,0,-2.2523418765745524,0.27160365064310044
17395.0,1.1404791882800451,-1.058145946714099,-1.6188075000269513,-1.3190441216122355,-1.9471638881929467,-1.4222620928249825,0,-3.4544068848210596,-0.3149539550028543
17396.0,-0.4907754257615954,1.4312993642702228,1.6190845249302173,1.0400892047102743,-0.2941514393624997,1.0999809003544891,1,2.2494542134688653,0.375366118065856
17397.0,-0.8456753236698794,-0.2017513803877423,0.2029280341522861,0.2223423171467483,0.9275383145186272,0.5227948408634264,1,0.9264078365447803,4.292673133537853e-05
17398.0,0.1920503993361995,-0.2017513803877423,-0.254269472513105,-0.3093765158786823,-0.2672508963742018,-0.3375858569668275,0,-0.6290510473351555,-0.1262060344751064
17400.0,0.2501524712613207,0.8001660338568091,1.1631000952057622,0.9774017037716368,1.7119076227707086,1.0005553853734157,1,2.3028971051839178,0.7734049919870277
17401.0,1.180765944929144,-1.058145946714099,-1.5018986803699133,-1.7461316338435953,-1.0458699940988507,-1.2017584804700263,0,-3.169116238641572,-0.19744414448031203
17402.0,-1.7074462772723475,2.0119964593872464,1.2249313759581717,0.7563359961944226,0.7413828979433381,-0.3143071726979495,1,2.547454877667715,-1.6685206911036035
17403.0,-0.540774126845729,-0.5571872395918231,-0.6061396929601154,-0.616396278646906,0.0565206627106016,-0.4509445289722089,0,-0.7664854799840197,-0.5805232720941838
17404.0,-1.8243736859341724,2.0119964593872464,2.837592968381977,3.0407209569242,0.8896672959534744,2.722132020829948,1,5.432753458305705,0.9479305272054805
17405.0,-2.4120140217391843,-0.2017513803877423,0.0742942960391464,0.249116409897541,0.4897435161402434,0.2806063479761815,1,1.1088488353076167,-1.034621669075002
17406.0,0.8702843776182111,1.3460575542855853,1.1973915245460895,0.9545882860088434,1.0583966506364906,0.406656558099451,1,1.8936258849740026,0.5159032795440636
17407.0,1.0064419500660224,-1.058145946714099,-0.3743952756452218,-0.100884831303435,-0.4772168596026035,0.9248438957548804,0,-0.9060430070620121,1.5677652645815507
17408.0,0.4141260756992679,-0.2017513803877423,-0.7763410723221958,-0.7302695639352857,-1.3785107536966998,-1.3178755705404044,0,-1.9115871355251688,-0.7905522353841257
17409.0,0.4948562494227654,1.0480979277381186,1.5309904888395405,1.3852463085589957,0.1411722937225966,1.3906962148344413,1,2.1690801974373977,1.2694039659932146
17410.0,-1.0395356639262063,0.2992073267345332,0.1920684876837809,0.1412123874791795,0.2466890975132978,-0.1896982684948384,1,0.6546387158594377,-0.7873179945133373
17411.0,-1.2115801184678894,0.2992073267345332,0.3072216322543012,0.1326286318621574,0.4009658426149288,0.0268355054662508,1,0.8905494372455223,-0.7143145830163979
17412.0,-1.9674812683483247,1.5859404542672264,1.121971118019467,1.0885403064838823,1.0893585536871893,-0.0165165601558742,1,2.789804346352146,-1.4382375460176835
17413.0,0.9954788591929878,-0.5571872395918231,-0.3650374628677172,-0.3265167937029618,-1.117253523671916,0.0028418834294765,0,-1.340753608482383,0.7126188417736037
17414.0,-0.4152381970004986,0.4896629879592288,0.6358276297114371,1.664880224515661,-1.4880589811139169,0.3980374426281268,1,0.9321002164873216,0.21284230104238563
17415.0,-0.0382757972626953,-1.058145946714099,-0.4355379940085535,-0.9637172845910724,-0.862804573858747,0.8095216274446922,0,-1.2113607259707766,0.8308465768321432
17416.0,-0.6542442484349309,1.959413366567396,2.105487036686531,1.8869504712628544,1.6605398660150967,1.4027338143446486,1,4.0637450401633926,0.38695591260906054
17417.0,1.190162819252791,-1.058145946714099,-1.2462757969139604,-1.2275467185765694,-0.7601216003714991,-0.719624032718512,0,-2.5376628304760502,0.23725886708337507
17418.0,-0.4443943630945455,-0.2017513803877423,-0.236131905461042,0.0312405020086414,-0.0378814165327151,-0.3034792389495868,0,-0.15586586219916643,-0.42441513232830147
17419.0,-1.2629135238814884,1.7233615276208618,1.4002866760666812,1.200412690376126,1.2784785627150907,0.3472803681561326,1,3.0061475216800697,-0.7904850772876312
17420.0,-0.3349679194593694,0.4896629879592288,0.110381851317825,0.0029193741762231,0.0200527453205781,-0.5897841688371834,1,0.19433108071427807,-0.7769481632819439
17421.0,0.9647411258391284,-0.2017513803877423,0.0935771893707259,0.3185951433959714,0.0741642041589574,0.3169067353447219,0,-0.06344610928182486,0.8761058553978642
17422.0,-1.0395356639262063,1.15560189306089,0.973493312359624,1.2900735831293966,1.0262202498700983,0.2118597178486858,1,2.384358612188374,-0.605676821509543
17423.0,-0.3873500989396135,-0.2017513803877423,0.1329420519069332,0.3046093056627695,-0.0581390644641013,0.3910174101468564,1,0.3383652125209953,0.1975077258824904
17425.0,-0.9353081791524545,-0.5571872395918231,-0.1462857991489517,-0.1308222092665272,0.0011923041824166,0.4147997543450419,0,0.050292760693360965,-0.04531057759550916
17426.0,-1.4474112861963695,1.3460575542855853,1.5568021310585705,1.5416545159179476,1.4420098920812563,1.0832437146899676,1,3.433414883095941,-0.16834765198936863
17427.0,-0.10496702096475,-1.058145946714099,-1.5950613930991435,-1.7461316338435953,-2.183176263091345,-1.37747417714583,0,-3.339800097797262,-0.9955295325839197
17428.0,-2.4120140217391843,2.8158079328937515,2.544648355620492,2.3415341323875376,1.876751992347149,1.2586570231036245,1,5.447874811024934,-0.8907349150268927
17429.0,0.2601733813722913,0.2992073267345332,0.2720652893645157,0.6247689425063508,0.5207054191909427,-0.0392834256180626,1,0.6756051888065242,0.08507832359422875
17430.0,-0.5950029105353472,0.0739460908215904,-0.169403164205525,0.0236367070456399,-0.2672508963742018,-0.567133510311653,0,-0.1393195517043942,-0.7800477323479369
17431.0,0.8306838247077005,-1.058145946714099,-0.6012574493087719,-0.3485900376463807,-0.0181119525235737,0.4969554871107801,0,-1.018185185536082,1.079491257063109
17432.0,-0.9682038613741812,0.9303406571479472,0.4555491074062897,0.4699040673670961,1.3177393102307873,-0.4898911829298954,1,1.5355760416183124,-1.1704154906088764
17433.0,0.0221288371626836,-0.5571872395918231,-0.3525360896864568,-0.3200367320370723,0.5307717179635321,0.0263793412075537,0,-0.336268305998358,0.12383387918819141
17434.0,-2.1519790306632065,0.654643185938614,0.67456696611947,0.8054966257344327,0.7017426726202728,0.2620079675671765,1,2.0262396520825883,-1.078710458885283
17435.0,1.0048872215498614,-1.058145946714099,-0.742471042776001,-0.6130319698342725,-0.8098576192004525,0.2306102484496209,0,-1.675940417828563,0.9684435962375009
17436.0,-2.1519790306632065,0.2992073267345332,-0.3993315999540665,-0.6727062364625485,-1.2818823689972492,-1.2994892764910144,0,-0.6433771655776603,-2.3108370095254136
17437.0,1.167616225752049,-1.058145946714099,-0.6570651822256754,-0.3667980083921493,0.1727297634470911,0.3916956209893195,0,-1.1118371906630748,1.1691252297390393
17438.0,0.6972051697365015,0.2992073267345332,0.3059018780890405,0.0703729897301092,0.1249263557760024,0.024353263161401,0,0.15006655246089345,0.33878798958030526
17439.0,1.3041684679689238,-1.058145946714099,-0.7547383363017747,-0.1933485238451358,-1.2818823689972492,0.2074727080639859,0,-1.7809970339445484,1.1773979519316913
17440.0,0.3902229910202726,0.0739460908215904,-0.7595178208150108,-0.3714298651318708,-1.7640984679528429,-1.6731813781085234,0,-1.8793765849122948,-1.1071442906226032
17441.0,1.3743690038409726,-1.058145946714099,-0.8299648118446687,-0.4635866723774432,-0.5486003891756687,0.0655868379422846,0,-1.7053128133333741,1.041284380054869
17442.0,-0.5236711079833221,1.5110377522649707,1.1543050354754458,1.2103479215904651,1.215822701168371,0.1316897454326007,1,2.4787982852383648,-0.4981477724321892
17443.0,0.6054309927359476,-1.058145946714099,-0.3990892253495797,0.0094639151263962,-2.515817022689194,0.8782682385110882,0,-1.6023259855358376,1.4117359468700106
17444.0,0.3526100844636154,-0.2017513803877423,0.8286597708102026,0.953038883787482,0.9275383145186272,1.7017208167283056,1,1.5613009315851238,1.686246943633284
17446.0,0.4666615905535427,-0.5571872395918231,-1.4652170401710518,-0.6030410799249616,-1.4880589811139169,-2.063540495880264,0,-2.6268883592339325,-1.2623196005374844
17447.0,-0.4749394310824503,-0.5571872395918231,-0.3893409409597309,-0.0752070446297544,-0.1914684658752519,-0.042914366752886,0,-0.4052870812229045,-0.14862927862670955
17448.0,1.1264675541195972,2.842379197713229,1.9811587042218817,2.067996083068083,2.1214458562700447,0.1682947379207754,1,3.721471196264866,0.12572034411872998
17449.0,-2.1519790306632065,1.3460575542855853,1.2041310077608898,1.0708840255620289,1.5755040145163772,0.4193371346201233,1,3.112592761063378,-1.1462292394489095
17450.0,-1.4474112861963695,2.967285087246524,4.02126229139761,3.37867912058903,0.9984076522496488,3.872007484058236,1,6.8514742397246895,1.8570189841010796
17451.0,-2.4120140217391843,0.654643185938614,0.4431102979192883,0.580922251227544,0.5505411819726732,-0.1732494024601469,1,1.6932094709562555,-1.5897990381772171
17453.0,-0.9682038613741812,-0.5571872395918231,-0.4660854905463434,-0.5370567252723396,-0.6267921989603487,-0.1873825182626636,0,-0.7310921037733461,-0.5636097071093936
17454.0,0.5185490566485405,1.0480979277381186,0.366620889963838,0.2500204938045738,0.6853342645162757,-0.7991342780366073,1,0.617949851997249,-0.6286727812557137
17455.0,0.5572336581134208,-1.058145946714099,-1.404045955586093,-1.3190441216122355,-1.2818823689972492,-1.0171968763335268,0,-2.767858856760745,-0.3373390571853905
17456.0,0.9289607210324548,-0.5571872395918231,0.1983829464163831,0.2527253129920289,0.2745016951337471,1.0642060478083224,0,0.12920786107914267,1.5312372635009417
17457.0,0.2551824986059697,1.4312993642702228,1.340733739141767,1.111124153236036,-0.2672508963742018,0.5759230652288805,1,1.7658551018415745,0.36703975149444634
17458.0,-1.0784157615666077,-0.5571872395918231,-0.4053904497813991,-0.3714298651318708,0.5307717179635321,-0.073129287012881,0,-0.07344887355107993,-0.5667231165659716
17459.0,-0.4296506057480915,-0.5571872395918231,-0.2499657068206998,0.0510977366395368,0.5979759564957379,0.2195236901457551,0,0.11601539917902562,0.06615156496312434
17460.0,0.0639692278216899,1.5859404542672264,0.628991273788325,0.4461998465088715,0.6428173386552047,-0.941825498357786,1,1.1461128104369374,-1.1155808999910817
17461.0,-0.8183807704906293,-0.2017513803877423,-0.1479085970921984,0.3120506024457988,0.7336066022127771,-0.1375452985186386,1,0.5069838940710464,-0.5018554613466875
17462.0,-0.2201397768252409,-0.5571872395918231,-0.2301115558775896,-0.5135641944509618,-0.4115503779538524,0.2569149005063693,0,-0.6132299470097138,0.19992720584580126
17463.0,-1.0395356639262063,0.654643185938614,0.7283662649422689,0.7215414678826845,1.3945358933915557,0.3632332613120198,1,1.9848618424584303,-0.42472668766226623
17464.0,0.3942692202075933,-0.2017513803877423,0.0527069432350731,0.1785104957817125,-0.144576100004755,0.2399700056403797,0,-0.08575617052938264,0.49599892084608505
17465.0,1.0278214364224063,0.654643185938614,0.7240958197148941,0.715781665358238,0.7257558910386418,0.355197603155347,1,1.055211290647919,0.7342285717600463
17466.0,-1.3187161125298097,-0.5571872395918231,-0.1424002731513381,-0.3178908216871508,-0.0181119525235737,0.4221187055304595,0,0.07794864213946572,-0.26802147265926834
17467.0,0.9794848831855826,-1.058145946714099,-1.5824313941815438,-2.0821123426729526,-1.7640984679528429,-1.3536525322644617,0,-3.648401386422457,-0.432682402817686
17468.0,-1.3187161125298097,-0.2017513803877423,-1.1237332077193094,-0.6510211644571734,-1.2818823689972492,-1.967830696960729,0,-1.661582577426835,-2.2656867870711905
17469.0,-1.0395356639262063,1.6565606001831652,1.2185514192382545,1.0080668349968638,1.1093691324834083,0.0829400987685809,1,2.5782573566676836,-0.8755969327527344
17470.0,-0.4011425702790203,1.15560189306089,0.7947561445094433,1.1462742853889325,0.7865535568710715,-0.1241986433064688,1,1.8284300070647528,-0.5306377431332211
17471.0,1.0974910561031592,-1.058145946714099,-0.7638153623886051,-0.7716493042481812,-0.6267921989603487,0.1903523826047269,0,-1.726052950681064,0.9626592800806564
17472.0,0.5152174896819478,0.0739460908215904,0.0037274399766975,0.0762824718812258,1.193826931703096,-0.2417677178830148,1,0.3300100258998467,0.03362097634541773
17473.0,1.00176641150428,-0.5571872395918231,-0.3072426826756436,-0.3999276484574282,-0.1914684658752519,0.1116631958528578,0,-0.9312324371087155,0.7554783110561429
17474.0,1.2470333934915163,-1.058145946714099,0.0850943379727997,-0.5964638157260045,-1.4880589811139169,1.7914946748798848,0,-1.1456517835995899,2.3967942376513336
17475.0,-0.0462426723707365,-1.058145946714099,-1.1253174559110244,-0.6727062364625485,-0.862804573858747,-0.4914825527698323,0,-1.8052797033673629,-0.1973150102933744
17476.0,0.9811023498659778,-0.5571872395918231,-0.4614610954425445,-0.5222758574236794,-0.2941514393624997,-0.1786781618839082,0,-1.1887786898391741,0.5013882354392399
17477.0,1.260757748649645,-0.5571872395918231,0.1490707786755332,-0.5193591300769778,0.0384893202353487,0.971275998305408,0,-0.4878477920610987,1.5713864172394632
17478.0,1.0002002930243403,-0.5571872395918231,0.2256971760615443,0.0249101264924206,-0.0378814165327151,1.1156826698238265,0,-0.10091706930436904,1.6031258143053304
17479.0,1.2813148034334256,-1.058145946714099,-0.6267260888123554,-0.4097080656836057,-0.6688728615528973,0.4489186749285934,0,-1.4848704372480883,1.3111787600310458
17480.0,-0.0543097623705864,-0.5571872395918231,-0.0221897975489463,0.1162257633423767,0.1411722937225966,0.6485767187649951,0,0.08181051540148171,0.6466631917703727
17481.0,-1.8243736859341724,0.0739460908215904,0.2158950511171305,0.4983812830944592,0.4009658426149288,0.157297227683009,1,1.1537820185176857,-0.8513545166751364
17482.0,1.1134584833473364,-0.5571872395918231,-0.1284779057612963,-0.4743692243337022,0.1411722937225966,0.4483439231872507,0,-0.6729822588678461,1.067079516599335
17483.0,-0.1696156146721137,0.0739460908215904,-0.3255716171839954,-0.4121760645974459,-0.4772168596026035,-0.860351105702199,0,-0.7297729349437957,-0.8180615252793655
17484.0,1.2208976805661906,-0.5571872395918231,-1.071328495977067,-0.2507389147655574,-0.862804573858747,-1.3252857416836274,0,-2.019272766731127,-0.24247988736364462
17486.0,0.7145728708968584,-1.058145946714099,-0.6128098964038602,-0.6265937067707593,-0.4437267787202448,0.47516623011991,0,-1.3018538064612304,0.9891266193320614
17487.0,1.3708596916709783,-1.058145946714099,-1.2622881667267007,-1.6920419146655814,-1.2818823689972492,-0.7498252219566768,0,-3.0462734786717984,0.2887753202509587
17488.0,1.2893566040861313,-1.058145946714099,-0.7313905683888621,-0.848584025185672,-0.6688728615528973,0.2515093100955967,0,-1.8050723261651778,1.1117589521474063
17489.0,-0.2307404346856175,-0.5571872395918231,-0.6504132994017257,-0.0978113633798804,-0.321964036982949,-0.534235774741748,0,-0.8234718271943985,-0.40860681748325023
17490.0,-2.4120140217391843,0.9303406571479472,0.7806559856049698,0.7393834871623045,0.6428173386552047,0.1210535333508461,1,2.1769887706094453,-1.4120965752122947
17491.0,-2.4120140217391843,1.6565606001831652,1.34028336388781,1.3069532616566213,0.7413828979433381,0.3118736103182685,1,3.1230677796827435,-1.398122897962382
17492.0,0.6819348007287381,-0.2017513803877423,0.1351712519506324,-0.0649184626094477,-0.2159596295778201,0.3952144568621575,0,-0.2320249978009266,0.7585142449901039
17493.0,0.9630818100393996,-1.058145946714099,-1.5942831764672627,-1.3595320367867216,-1.2818823689972492,-1.3760063701914202,0,-3.1156719811006104,-0.408766318579767
17494.0,1.1328744525473045,-1.058145946714099,-2.029600654073588,-1.9168175809686256,-1.9471638881929467,-2.197065693303521,0,-4.1699049834350275,-1.0062536652807585
17495.0,-1.4474112861963695,-0.2017513803877423,-0.1025649829176083,-0.1986886419931085,-0.0789096183560038,-0.0522399878054175,1,0.1734368752742227,-0.793517724947936
17496.0,0.9183600631720789,0.0739460908215904,0.3008840188910238,0.2012781287866438,0.2031181655606824,0.3172361106422608,0,0.16695498640299766,0.7644933471345176
17497.0,0.9713357875339578,-0.5571872395918231,-0.8450550243352788,-1.3916223493687232,-1.3785107536966998,-0.9002399855122508,0,-2.4523363905748283,-0.12701654013168498
17498.0,-0.070754899282162,-1.058145946714099,-0.8836433843524224,-0.1521201403247171,-0.7132292345010023,-0.0356571843542361,0,-1.2337162238792378,0.2037362163880548
17499.0,0.7818983972139277,-0.5571872395918231,0.2634901602774391,0.5136849269265208,0.3650304751021734,1.1869101512924274,1,0.40459835086519563,1.5718932550771807
17500.0,-1.0028785328055103,-0.2017513803877423,0.1450960394528624,-2.183500472526469,-1.9471638881929467,0.4139007201155671,0,-1.4119417606988849,-0.2877465460291318
17501.0,0.6083263710119671,-0.5571872395918231,-0.841688051824658,-0.7424124492385259,-0.6688728615528973,-0.8939113883212748,0,-1.7353965134135365,-0.2878899090306751
17502.0,-1.3798409325433134,0.0739460908215904,-0.2159711768500338,-0.1827966247136157,-0.4115503779538524,-0.6545979916394336,0,-0.10106508775626183,-1.2964872156946152
17503.0,-1.9674812683483247,-0.5571872395918231,-0.3665543663374637,-0.014407610016013,-0.1220981718085144,-1.4077766086929051e-05,1,0.1416712763283245,-0.9311744634374106
17504.0,0.5634601652637944,1.7233615276208618,1.6785737682059811,1.5822143307391687,1.428723884190206,0.8710261468511266,1,2.974218627971354,0.6688790092977597
17505.0,0.4102035851912229,0.2992073267345332,0.693037735702333,0.6018893855772485,0.5505411819726732,0.7529528911786466,1,1.0774405603509396,0.805245701346055
17506.0,-0.070754899282162,-1.058145946714099,-0.808618595495255,-0.8343368051868192,-0.862804573858747,0.1058482812530996,0,-1.5369892878475866,0.25645060092919103
17507.0,0.7170160174661255,-0.5571872395918231,-0.3089276153272656,-0.2131446291541037,0.5105140700321456,0.1084904416252974,0,-0.4647411564037502,0.5838388216393693
17508.0,0.7617503989180828,0.8001660338568091,1.1478724188318414,1.1572824241696034,1.2622326247684963,0.9718775877413786,1,2.0250034428208843,1.069485891200958
17509.0,-0.2415192631816249,0.8001660338568091,1.3562549629430642,1.2893297651945317,0.4684334074395972,1.3643903407575808,1,2.29148019781108,0.8845119966510241
17510.0,-0.7670473650770303,-0.5571872395918231,-0.4260837662043464,-0.1070751917177317,-0.321964036982949,-0.112084800242903,0,-0.42243970956546234,-0.3625376237503561
17511.0,-1.9674812683483247,3.164510717157243,3.7755048306602426,3.605767674464432,2.239228514726729,3.187778690843671,1,7.390795004811765,0.931387477132341
17512.0,-0.6752731880764764,1.7233615276208618,1.2756434259764735,1.572245941642109,0.7178293264081053,0.1128578849856579,1,2.6326034130533698,-0.594957344052856
17513.0,-0.10496702096475,-0.2017513803877423,0.1581365359984125,-0.0796661867185862,-0.6688728615528973,0.4384538854233372,0,-0.15740174270729607,0.3797778898176119
17514.0,0.2601733813722913,-0.5571872395918231,-0.3876163348401584,-0.3418899361875976,0.435392980203531,-0.0396675367587299,0,-0.497646369010943,0.20325756782991397
17515.0,-0.6338830081757483,0.9303406571479472,0.3982579948562244,0.0400019000139965,0.6251737972068488,-0.5974378600179233,1,0.8806527222203597,-1.0860113444201207
17516.0,-1.0784157615666077,0.4896629879592288,0.0208050781299908,0.0387573945550787,1.031671386584256,-0.7579117023269598,1,0.7682953008487203,-1.3632229528598239
17517.0,0.8224615941517993,-1.058145946714099,-1.2923922048098166,-1.0362001973790858,-1.0458699940988507,-0.8066049342424694,0,-2.5007629899711383,-0.003262038147990508
17518.0,1.0278214364224063,-0.5571872395918231,-0.7466678191095664,-0.4072492929554593,0.4240770344914922,-0.7152701055385207,0,-1.1536245533276985,0.07216015017791522
17519.0,-1.0028785328055103,1.5110377522649707,1.2268077507311508,1.266614842235527,0.9870131210634252,0.2680453072417544,1,2.636562206493822,-0.6352628186828689
17520.0,-0.2865430233339383,-1.058145946714099,-0.3823619039383492,-0.2022729611569515,-0.2672508963742018,0.9098179095027128,0,-0.47184482324683197,0.8254467668376176
17521.0,-0.6542442484349309,0.2992073267345332,0.2286666498069025,0.3177806281973799,0.3526935049184267,-0.1208906238936008,1,0.7004431470080503,-0.5068641682071816
17522.0,-2.1519790306632065,0.2992073267345332,0.1012153888358851,0.4814433271813896,0.2745016951337471,-0.3604589702182681,1,1.076660531065631,-1.5040374371449776
17523.0,-1.2629135238814884,0.0739460908215904,-0.2549745754970229,0.3694853126909775,-0.4115503779538524,-0.7278357789037062,0,0.08088796511240998,-1.2360785927803535
17524.0,0.9219131204530228,-0.2017513803877423,-0.3925223728719029,-0.2076863327758596,-0.1002197270566499,-0.5974712857179615,0,-0.8860816583492126,0.0672649806509282
17525.0,0.9201390523816813,-0.2017513803877423,0.1600600216960429,-0.2526762385191352,-0.6267921989603487,0.4420755658287106,0,-0.5388573828693177,0.9268468471640563
17526.0,-1.7074462772723475,1.2544959545938104,1.0797451899992137,0.7180029472358327,0.3771846686209953,0.2938124782099943,1,2.1724961501303963,-0.9611291361906995
17527.0,-0.2865430233339383,0.0739460908215904,0.0070069361518402,-0.0117120286249113,0.0565206627106016,-0.2356019223536269,0,0.0695641794834788,-0.3601022329060323
17528.0,-2.4120140217391843,0.8001660338568091,0.9802233095817082,0.9589072945601872,1.193826931703096,0.6562150583436335,1,2.7147283032774707,-0.9471640222777866
17529.0,1.2576165577225409,-0.5571872395918231,0.2070441735516875,0.3046093056627695,0.5001945244425666,1.0805288984705907,0,0.1541147985221139,1.7202110234290215
17530.0,-2.4120140217391843,1.2544959545938104,0.8764052526128726,0.9034368151471516,1.7444487237240909,-0.0885441485833845,1,2.831626733806362,-1.7003048174469833
17531.0,0.5118685254199581,-0.2017513803877423,0.2223063032843252,-0.0335924975147533,0.2031181655606824,0.5592861606867321,0,0.10238878661301293,0.7823052617083925
17532.0,0.9647411258391284,-1.058145946714099,-1.9036316841395289,-1.8259532106467025,-1.7640984679528429,-1.9594735852266632,0,-3.864775665897067,-0.9054040588473392
17533.0,1.0411983450016138,-1.058145946714099,-2.3481260714036623,-1.967436469196142,-2.515817022689194,-2.797841625813956,0,-4.739999539255976,-1.5225941113185733
17534.0,-0.2865430233339383,0.2992073267345332,0.4207741855024599,0.360381763362304,0.4791576523996084,0.2404545755175383,1,0.8622985591330428,-0.013613328265964083
17535.0,0.7594721542528383,-1.058145946714099,-1.2453166915955756,-0.848584025185672,-0.91940584661767,-0.7178150486918738,0,-2.290291864127851,0.04717607287732512
17536.0,0.4666615905535427,-0.2017513803877423,-0.6733084292647279,-0.5931996852608044,-0.7601216003714991,-1.1246794757311789,0,-1.497396784214953,-0.6190672444031527
17537.0,-0.6542442484349309,-0.5571872395918231,-0.0257174773665365,0.2251631403646062,0.457567115373851,0.6419304828763024,1,0.4477982059463125,0.3083839871424566
17538.0,-0.7428435417295326,-1.058145946714099,-1.6121083237958431,-0.8582565662530369,-1.1954453334565955,-1.4096266683711622,0,-2.3310621586133773,-1.3270632195055612
17539.0,1.2659591169727051,0.0739460908215904,0.1990583217780613,0.2678460005014682,0.9275383145186272,0.1256177231996856,1,0.2827485653409786,0.7747605431553797
17540.0,-0.7670473650770303,0.4896629879592288,0.3861986664056248,0.1106659589866475,-0.0181119525235737,-0.0715450196329558,1,0.6564672810610851,-0.5823023292006766
17541.0,1.1429941922828974,-1.058145946714099,-1.444474084317694,-1.5522358034901935,-0.2412044847042052,-1.0934490226833131,0,-2.6707849515831437,-0.14698470835307462
17542.0,0.736233191538285,-0.2017513803877423,-0.7203727576885051,-0.2804155698175485,0.2466890975132978,-1.2129495839568414,0,-1.0659092865908568,-0.5559233839818336
17543.0,1.1913278063103443,-1.058145946714099,-1.4702592849385037,-1.3595320367867216,-0.91940584661767,-1.142082905899869,0,-2.904392760196617,-0.1101704475962193
17544.0,0.9713357875339578,-0.2017513803877423,0.0231617257694473,-0.0811593109439519,0.5207054191909427,0.1843576105305535,0,-0.14278464762025192,0.7123674747101183
17545.0,-0.4296506057480915,0.4896629879592288,0.3188278649134207,0.2554190543906869,1.2824902726998832,-0.1981971075661716,1,1.0882204888138358,-0.542923355246466
17547.0,0.9479515492166356,-0.5571872395918231,-0.1766041386758949,-0.5252055769172435,-0.5121324717856456,0.3576925716499189,0,-0.9678400446597648,0.9267918787454132
17548.0,0.6448229902562577,0.0739460908215904,-0.1732406313030316,-0.0036909421566538,-0.5121324717856456,-0.57434196510291,0,-0.6445321389749167,-0.0963071576789008
17549.0,-0.7922005967383016,-0.5571872395918231,-1.3164142011535445,-0.5645293427226981,-1.614523128595098,-1.7849459061504664,0,-2.1112801299277093,-1.719029232549144
17550.0,0.5349521297947235,0.9303406571479472,0.7254683973923663,0.4522064721717343,1.448573071542019,0.0172769176733386,1,1.3993054608794848,0.05870955083831426
17551.0,0.9183600631720789,-1.058145946714099,-0.7976745770354927,-0.7845884941066654,-0.0581390644641013,0.1264899711712447,0,-1.4760308667063522,0.7858455060304095
17552.0,-0.2201397768252409,1.2544959545938104,0.8633970174872404,0.9455505189649676,0.5001945244425666,-0.1129928339224762,1,1.6373165165080128,-0.45571682936206254
17553.0,0.2700401175059993,0.0739460908215904,1.0054092293447778,1.0034853906907757,-2.183176263091345,1.6442561240007902,1,0.5034006204333447,1.669403951759747
17554.0,-2.4120140217391843,0.2992073267345332,0.5338173922158173,0.8321286419381901,0.2607132519567318,0.4531955458417642,1,1.7761338469865788,-0.9524131195600063
17555.0,-0.9040178174155592,0.2992073267345332,0.0924414596467276,0.2678460005014682,1.344145044363842,-0.376945709252997,1,1.0221955072603506,-0.9007036572225184
17556.0,0.5634601652637944,-0.5571872395918231,-0.812264039582407,-0.6510211644571734,-0.91940584661767,-0.8386014243472046,0,-1.7512865370983413,-0.24741179775150618
17557.0,-1.1198059414673356,0.0739460908215904,-0.3456279083388147,-0.3093765158786823,-0.321964036982949,-0.8979864399795123,0,-0.34193258743493227,-1.3673563836474762
17558.0,0.9762376600515654,-1.058145946714099,-0.9189107036390708,-1.448851553929116,-0.321964036982949,-0.1021754446839088,0,-2.045009303142732,0.5776630804863355
17559.0,1.1467483017274251,-1.058145946714099,-1.2314230214635555,-0.3999276484574282,-0.9802035124500996,-0.6916099731298596,0,-2.210495437288586,0.3289842494083663
17560.0,0.0706847362910886,0.8001660338568091,0.5126112115906611,0.7634105699125021,-0.1002197270566499,-0.223367895266022,1,0.8147317895886651,-0.256663003246611
17561.0,-0.9353081791524545,0.0739460908215904,-0.182072413973388,-0.1487983103404511,1.0994248524597794,-0.5909313496515969,1,0.4400374547711701,-1.064647726732207
17562.0,-1.1198059414673356,0.654643185938614,0.1351455943698,0.3266852938434061,0.1083521949576072,-0.751593104157871,1,0.6604211723204689,-1.353683916535029
17563.0,1.2231168011153777,-0.5571872395918231,-0.620988090416758,-0.4348149665659621,-0.3507527121214226,-0.4788800437437712,0,-1.4159877993250358,0.402678573457311
17564.0,-0.7922005967383016,-0.2017513803877423,-0.5161105620288364,-0.8022464926048176,-0.0789096183560038,-0.8296352106365514,0,-0.7535566221084102,-1.1234059025819494
17565.0,1.233008902613806,-1.058145946714099,-1.403340369641207,-1.3092999294811465,-0.2672508963742018,-1.0158660592905473,0,-2.5516758098209196,-0.0091679496040385
17566.0,-1.4474112861963695,-0.5571872395918231,-0.0228444323120486,0.0274495927313415,0.8010741670374462,0.6473433679808023,1,0.747859799482056,-0.15832848094381094
17567.0,-1.5229485149574664,0.9303406571479472,1.260760904514434,1.214113509770058,0.9024861982765124,1.024669402635813,1,2.74076704792724,-0.1559057589573182
17568.0,1.2813148034334256,-1.058145946714099,-0.6387727170991372,-0.3691098594149052,0.3014022381220454,0.4261973348130628,0,-1.0754685305223655,1.253562712596265
17569.0,0.8683613620879451,-1.058145946714099,-0.7152603632955457,-0.74651041226979,-0.2941514393624997,0.2819327503590144,0,-1.4529743450470272,0.8985340379082454
17570.0,0.9580779469522994,-1.058145946714099,-1.600746575705919,-3.628661084298931,-2.515817022689194,-1.3881970918529425,0,-4.700940918916288,-0.5941261363215707
17571.0,-0.3349679194593694,0.2992073267345332,0.435688048132982,0.4724858996865095,1.569884862020401,0.2685173205007394,1,1.3991152870120278,-0.05493167433501139
17572.0,-0.1138130260237924,1.0480979277381186,-0.1814052671877747,-0.2279254970027644,-0.862804573858747,-1.823858698032652,0,-0.6327315537354363,-1.7851227121829039
17573.0,-0.6752731880764764,-0.2017513803877423,-0.6428963751604594,-0.3136198914928544,-0.4437267787202448,-1.0676242407545815,0,-0.8461788899669961,-1.1865102545802146
17574.0,0.6689257299564773,-1.058145946714099,-1.1582197331768032,-1.2190598790341067,-1.2818823689972492,-0.5535400691581758,0,-2.4943234265648804,0.10935538460338515
17575.0,1.3148171310090695,-1.058145946714099,-1.214194847746417,-1.2626334870875635,-1.614523128595098,-0.6591156365173435,0,-2.9138978200658925,0.38934921785759896
17576.0,-1.4474112861963695,2.703410827734218,1.639229150759749,1.4823937392749815,1.8669969064568752,-0.3184367240915452,1,3.768774733285346,-1.6927739588181696
17577.0,1.2933400032205151,-0.5571872395918231,-0.7056991861519265,-0.669042043482492,-0.586765087019821,-0.6382251734339169,0,-1.7360278144174335,0.29928931208966414
17578.0,0.5996007235020872,0.654643185938614,0.0853212065898329,0.0412440551307057,0.2466890975132978,-0.8450508657910459,0,-0.00524383346367746,-0.519230730738035
17579.0,-1.7074462772723475,0.0739460908215904,-0.1518908902355172,-0.1845435605050292,0.607142454731596,-0.534235774741748,1,0.4914486322481962,-1.4247191779860258
17580.0,0.6946852246521797,0.2992073267345332,-0.3843904835588263,-0.5222758574236794,0.5001945244425666,-1.271515568184413,0,-0.7039406760016688,-0.7881208192165589
17581.0,-2.4120140217391843,2.760887060390832,2.163844706730188,1.971496969296927,1.805897236918799,0.6033676338388363,1,4.835542731341971,-1.440324020074203
17582.0,0.6502579820962507,0.2992073267345332,0.3199008416461282,0.1304650741914777,0.6340429977198944,0.0506836744950475,1,0.41934639172960464,0.3176147205506013
17583.0,1.2028627431408645,-1.058145946714099,-1.3813292891727302,-1.437000405574019,-1.3785107536966998,-0.9743506050299282,0,-3.0406290929524262,0.044638853194970685
17584.0,-1.5229485149574664,0.4896629879592288,1.2544637930552198,1.052207231112776,0.5698454386786636,1.5631199469716093,1,2.5013805762470325,0.3938197206474776
17585.0,0.1579897300569208,0.654643185938614,0.583986765794286,1.0719206230008775,1.583861231680227,0.0916218957427199,1,1.701694561006373,0.04025940860630393
17586.0,1.2669943475426584,-1.058145946714099,-1.2323637995609389,-1.29969799342043,-1.2818823689972492,-0.6933843898890566,0,-2.797536577670886,0.31676382781303747
17587.0,1.2762369843581085,-1.058145946714099,-1.1737908174937624,-1.29969799342043,0.0011923041824166,-0.5829089426977899,0,-2.205082209886827,0.35399781948693027
17588.0,0.1032463079562461,0.654643185938614,0.8285397044172578,0.6706578499519347,-0.144576100004755,0.5517593081516834,1,1.0715561002849299,0.4195283090820722
17589.0,-0.2201397768252409,1.7233615276208618,1.955610582269359,1.8883738669818173,2.166256614750188,1.3927799891529165,1,3.963220430238646,0.6583939895536437
17590.0,-2.1519790306632065,-0.2017513803877423,0.3339202999518261,0.3354710107890296,1.094407142278882,0.7694959201335445,1,1.5953631302597022,-0.5142742251596283
17591.0,-0.0962413734548695,0.8001660338568091,0.7874772856391338,0.5643262251078305,0.6428173386552047,0.2934757495197229,1,1.3735503559991993,0.016881425510420236
17592.0,1.3804644691318602,-1.058145946714099,-1.3191119725105995,-1.6749572933624948,-0.91940584661767,-0.8570015195180029,0,-2.951044425484624,0.19284669201570998
17593.0,-1.8243736859341724,1.15560189306089,1.558408541220589,1.592855383349771,1.627049785132738,1.312980785744958,1,3.6422489062809187,-0.14206123878777266
17594.0,0.0001383902963132,0.0739460908215904,0.7112602804625823,0.6653941402817954,0.4126028186801636,1.090003364027392,1,1.1944417374802245,0.9226441221763223
17595.0,-1.2115801184678894,-0.5571872395918231,-0.6275944403925272,-0.5078198702626843,0.3891614223084505,-0.4913086474314524,0,-0.3908503796884444,-0.9858109047213575
17596.0,-0.8183807704906293,1.3460575542855853,1.1996821218768063,1.7945009288871088,1.5234898547932807,0.4109663658301432,1,3.0108338111919686,-0.3451082566519219
17597.0,0.5877787261013253,0.2992073267345332,0.9509664859651098,0.9821678183868856,0.7717713000569296,1.238766046218824,1,1.5668457187169846,1.3243962843527912
17598.0,0.9564012788108172,-1.058145946714099,-0.5894488191100157,-0.8984352203714877,-1.117253523671916,0.5192279351897888,0,-1.7601038751626177,1.1604613799415955
17599.0,1.101520337621945,-1.058145946714099,-2.064726170656767,-2.450183364084312,-1.9471638881929467,-2.2633164972646456,0,-4.448343601874849,-1.1306549697645238
17600.0,-0.9682038613741812,-1.058145946714099,-1.2573096487647062,-0.8112565093766205,-0.91940584661767,-0.7404351588458331,0,-1.7468339962700803,-0.9168924057793443
17601.0,0.6583250720961007,-0.5571872395918231,-0.5695622084507809,-0.3330613346531344,0.4009658426149288,-0.38212225074374,0,-0.8251313656952266,0.14727428368294107
17602.0,-2.1519790306632065,1.4312993642702228,1.4986216299997928,1.6303519261813562,1.92933521698081,0.8731382995135747,1,3.840841478031176,-0.7612066265399746
17603.0,-0.0543097623705864,0.0739460908215904,0.4726521812785588,0.1663113033072214,0.7336066022127771,0.6406003512030605,1,0.8565750053152676,0.4645075837625457
17604.0,0.5966655916107547,0.4896629879592288,0.0120163253861953,0.1412123874791795,0.9870131210634252,-0.7744017684181914,1,0.26636369146507277,-0.4436940936107313
17605.0,1.2362726511275437,-1.058145946714099,-1.2613966192481705,-1.2717056438696923,-0.91940584661767,-0.7481436598625708,0,-2.6550603976527856,0.24219239450378446
17606.0,1.3787288112420826,-1.058145946714099,-1.697580179113608,-1.6107384274973675,-1.4880589811139169,-1.570836514707274,0,-3.558888667663271,-0.3540415293788196
17607.0,0.9479515492166356,-1.058145946714099,-0.7371569735828922,-0.4023591519246488,-0.5121324717856456,0.2406332001552508,0,-1.429754615582702,0.9531285219669237
17608.0,-0.5950029105353472,0.0739460908215904,-0.4488444448772564,0.0535382624037394,0.939783214329445,-1.0915815941538385,1,0.07996219091400744,-1.255574140822265
17609.0,-0.4594850640247002,1.15560189306089,0.5120563449127016,0.6444038614552899,1.642676792037434,-0.6550865299172502,1,1.6664330963584766,-1.0811469193236027
17610.0,1.1795815951948991,0.2992073267345332,0.3579861083050278,0.3917077284569989,0.8082392174469527,0.1223246379960963,1,0.4899930266820571,0.6849756075710174
17611.0,-1.5229485149574664,2.245808014503504,1.5825779078214255,1.5627383199666014,2.316513060877752,0.0914245132591422,1,3.92071487998016,-1.2909051953242134
17612.0,-0.2983107883386734,1.7233615276208618,1.2659652270612034,1.2869065309940613,1.3177393102307873,0.0946606260775805,1,2.6198321185287843,-0.457936230128499
17613.0,-0.8183807704906293,1.4312993642702228,1.1447063504885278,1.060690649826981,1.3100360324395852,0.2071131483366927,1,2.5240422700371146,-0.5970023128612258
17614.0,-0.2524823540546596,-1.058145946714099,-0.6252320192981751,-0.4825737499159102,0.6770053294538549,0.4517366635624076,0,-0.48019084975011017,0.4031250651745012
17615.0,0.2700401175059993,0.4896629879592288,-0.1713340650942507,-0.1655778157249051,0.0914362748936436,-1.1181550564680771,0,-0.3424580048616238,-0.8924074013032134
17616.0,0.4557606165093461,0.0739460908215904,0.0945211342511058,-0.1164713649302792,-2.515817022689194,-0.071034359326671,0,-1.1869714867224368,0.28537194891470113
17617.0,1.2017185408769109,-1.058145946714099,-0.615604444007812,-0.4373791840002142,-0.6688728615528973,0.4698953887635697,0,-1.4612464326975756,1.281633652346938
17618.0,-1.608585561882396,1.15560189306089,1.0635161887823412,0.8530453800777091,1.274447139088575,0.3812105776482049,1,2.5549080115023126,-0.8362732768400396
17619.0,0.8286381285590276,-1.058145946714099,-1.041333657978767,-0.8932765983286024,0.4240770344914922,-0.3330793554945741,0,-1.5578636711014653,0.3321394723872577
17620.0,-0.2201397768252409,-1.058145946714099,-1.74706284400455,-1.3807506813715704,-1.7640984679528429,-1.6641665679009603,0,-3.1195086354226302,-1.272888433875625
17621.0,-0.8741833591389503,0.4896629879592288,0.8840712702299538,0.5280488303934219,0.3014022381220454,0.8653754694619911,1,1.5475524391840734,0.14493173191261396
17622.0,1.2448956408493488,-0.5571872395918231,0.1401507324287329,-0.1775834856216042,-0.6267921989603487,0.9544665231926436,0,-0.608022502272929,1.6130659985574816
17623.0,-0.5950029105353472,0.654643185938614,0.6775495767503691,0.3136928528340992,0.9151078788768328,0.2676193696869994,1,1.401297379841076,-0.27737155100554917
17624.0,-1.0784157615666077,0.0739460908215904,0.3761825103104403,0.4312818248824634,0.6251737972068488,0.4589722544804688,1,1.152995747316655,-0.21391456436389839
17625.0,-0.9682038613741812,0.8001660338568091,1.3506557475644467,1.2924851983554095,1.8902171279112616,1.353841690319318,1,3.1042767192095764,0.41346187737017814
17626.0,1.2502267205812954,-1.058145946714099,-0.9333742465409786,-0.589951674024074,-0.6688728615528973,-0.1294553664783252,0,-1.8859449023701556,0.807876294318149
17627.0,1.1028578254869597,-1.058145946714099,-0.8226335038942626,0.2022503698192664,-1.117253523671916,0.0794145362382176,0,-1.5359396786349964,0.995482702994052
17628.0,-0.0304066776915911,-1.058145946714099,-1.7985977711554484,-1.202407826598178,-1.614523128595098,-1.761367426078802,0,-3.087420183787606,-1.2360559225343644
17629.0,-1.608585561882396,1.0480979277381186,0.698940358887855,0.8823607492437651,0.9088213112787455,-0.1752450432092267,1,2.023801333196802,-1.2390409623197935
17630.0,0.4409316275594932,-0.5571872395918231,-0.441567621445974,-0.7506340680270399,-0.4437267787202448,-0.1412320028079884,0,-1.1687940985183936,0.2185799262876516
17631.0,-2.1519790306632065,0.654643185938614,0.0509427505149125,0.1140074781407906,0.3650304751021734,-0.9095147327951808,1,0.899597032340321,-2.0816410393082054
17633.0,-0.6338830081757483,0.654643185938614,0.571523930710054,0.3895189712330969,0.5602500888610992,0.0681832750608076,1,1.1891091151877193,-0.4367470219628058
17634.0,-0.540774126845729,0.9303406571479472,0.6709623121673621,0.344923450442901,1.3022597367090245,-0.0851937646064492,1,1.5656025440407215,-0.6196972997101133
17635.0,1.024810514465536,-0.2017513803877423,0.221601177347832,0.2877653393202686,0.2880622196936218,0.5579583070020132,0,0.12816078674273246,1.091608633136061
17636.0,-0.9353081791524545,-1.058145946714099,-0.8492922712354335,-0.6581703754853391,-0.586765087019821,0.0291330047258549,0,-1.1131348409156494,-0.27542062809387985
17637.0,-0.6338830081757483,-0.5571872395918231,-0.3820331271810234,-0.3760945721938142,-0.144576100004755,-0.0291562122887725,0,-0.4700142901442568,-0.2571459146076763
17638.0,1.2953224629098814,-0.5571872395918231,-0.0714167113584979,-0.0917071809225421,-2.183176263091345,0.5558353312150865,0,-1.4547546291309172,1.3961895854878879
17639.0,0.7502773702473149,0.4896629879592288,-0.2976241925835581,0.0971274856787354,0.2745016951337471,-1.35459304845116,0,-0.42627455743764997,-0.8017626269189143
17640.0,0.0148821476427679,0.4896629879592288,0.882667795594756,0.8051082460722441,0.1083521949576072,0.8627325180071562,1,1.318983799146799,0.6678421191034188
17642.0,0.2191145500704246,0.2992073267345332,0.4849982175354773,0.7148910478371763,0.5979759564957379,0.3613115788952832,1,0.988946231574163,0.3924162649140638
17643.0,0.942827752064887,-0.5571872395918231,-0.3897129354445279,-0.3374608222193361,-0.2672508963742018,-0.0436147003574656,0,-1.0025476308858758,0.6070426995699562
17644.0,-2.4120140217391843,1.847016261407861,1.3459861465217764,1.2771233160625557,1.0842787042858788,0.102392293922339,1,3.27091744442125,-1.6370634861041473
17646.0,0.6025224834477799,1.2544959545938104,1.076929635050774,0.688987808371478,0.8766449105123539,0.2885160233003808,1,1.6431712071564,0.2789081739823483
17647.0,-0.1696156146721137,-0.2017513803877423,-0.7417992216153059,-1.178194505634738,-0.9802035124500996,-1.2531244024638428,0,-1.7381963841857706,-1.1216783823221843
17648.0,-0.2097114950440718,0.2992073267345332,0.6251343935160945,0.4285327260471559,0.8082392174469527,0.6250994072657542,1,1.2241218812141665,0.3321466228412943
17649.0,0.3080557011550128,-0.2017513803877423,0.3808773920385717,0.2463966778120865,0.5979759564957379,0.8579467500491362,1,0.6301181887854971,0.9225386120581639
17650.0,-0.8741833591389503,-1.058145946714099,-1.238034408101989,-0.7845884941066654,-1.2818823689972492,-0.7040798162154926,0,-1.893708281658173,-0.8169407712978547
17651.0,-1.2115801184678894,1.5859404542672264,1.3060495546854096,1.384763695643513,1.258120370257919,0.3296397276341622,1,2.9589450530151353,-0.7203524939564347
17652.0,-0.7670473650770303,1.2544959545938104,1.1918875846373471,1.0641060248689442,0.8362895757000253,0.5048102545954574,1,2.3518904810058334,-0.2592272681638666
17653.0,-0.5236711079833221,0.0739460908215904,0.1878119975009096,0.6848029314400146,0.0384893202353487,0.1044579663579896,1,0.6555279872200133,-0.14438872291194918
17654.0,0.752588454545872,-1.058145946714099,-1.48529725049619,-1.6262149283445646,-0.5121324717856456,-1.1704462555399289,0,-2.7398202277906285,-0.41920223484320884
17655.0,-1.2629135238814884,0.9303406571479472,0.9849685886748112,0.7440891529756208,0.4684334074395972,0.505437718649787,1,1.9653869254518368,-0.46113137766794093
17656.0,-0.0962413734548695,0.2992073267345332,0.4232985645060604,0.6801216238571579,0.3771846686209953,0.2452044892243614,1,0.9136734894774607,0.13147070716714634
17657.0,1.033801201878248,-1.058145946714099,-1.4356827730046058,-1.3807506813715704,-1.3785107536966998,-1.076867588471936,0,-3.0192434666788084,-0.12560250427631778
17658.0,-0.7428435417295326,-0.5571872395918231,-0.3210995198270103,0.1412123874791795,-0.7132292345010023,0.0855709217722136,0,-0.36426219938340926,-0.14684405489238078
17659.0,-1.0028785328055103,1.4312993642702228,1.020058069181447,0.8515990442803519,1.031671386584256,-0.0272585812008063,1,2.2352818271357817,-0.8967151220203252
17660.0,0.3217499979517362,-0.5571872395918231,-0.6839443908378954,-0.4047996776888514,0.4684334074395972,-0.5973083431943135,0,-0.8473332455523148,-0.22212147056873968
17662.0,1.3099987372027848,-0.5571872395918231,-0.5843123107969084,-0.6510211644571734,-0.862804573858747,-0.4098762868418825,0,-1.718572167583389,0.5074356032301813
17663.0,-0.7428435417295326,1.6565606001831652,1.236104500163377,1.0060663787201476,1.0478107868958555,0.1159439906513035,1,2.4778677072260833,-0.68327261143932
17664.0,-0.9353081791524545,0.0739460908215904,0.1627381314700798,0.4965206851385348,0.3891614223084505,0.0572849012400474,1,0.8143793141264057,-0.4433608852693346
17665.0,1.1212955486788323,-1.058145946714099,-0.3612463415666809,0.2157129643038685,-0.6267921989603487,0.9496443126219828,0,-0.8411018454138622,1.6894205745021218
17666.0,-1.8243736859341724,0.2992073267345332,0.5681588558341152,0.7483380110253343,-0.2672508963742018,0.5178382732057356,1,1.370627686308561,-0.5619744383039843
17667.0,-0.1599714449813229,0.9303406571479472,1.0415104554078416,0.9753056188782602,0.9754580982530536,0.6118581264771209,1,2.0009577828397247,0.23176635249505875
17668.0,-2.4120140217391843,-0.5571872395918231,-0.707762446423676,-1.0963383891618057,-0.862804573858747,-0.6421056111568031,0,-0.8986396883258493,-1.770845373016992
17669.0,-0.4296506057480915,1.0480979277381186,1.359453688504239,1.2839117805097389,0.5698454386786636,1.067579124239511,1,2.4055288336834266,0.47045000758065253
17670.0,0.6282360691847436,-1.058145946714099,-1.084695263216789,-0.9870018732865308,-1.0458699940988507,-0.4148643792467814,0,-2.19627107277112,0.2119982657744053
17671.0,-1.0395356639262063,0.2992073267345332,0.6834690244511312,0.5665633733150358,0.2031181655606824,0.7349349679130772,1,1.3583160884525562,0.005861194656163184
17672.0,-0.3349679194593694,0.654643185938614,1.315475506769898,1.12631691641078,1.175795589227843,1.4688166241983658,1,2.4882952368077476,0.9078511169508778
17673.0,-2.1519790306632065,1.3460575542855853,1.0913310294688654,1.2518120879273262,1.2456584639501014,0.207139895723374,1,2.940913206581445,-1.2851308477200158
17674.0,-0.0876328522714647,-0.5571872395918231,-0.0635143665350365,0.4731297773089598,-0.6267921989603487,0.5707225164176776,0,-0.10289077799106816,0.635434564593734
17675.0,-2.4120140217391843,3.352069504384517,2.677454927742552,2.2993287249330474,1.7119076227707086,0.9092116988942098,1,5.544556849855742,-1.3157460423343483
17676.0,-1.8243736859341724,1.0480979277381186,0.7846622365827597,0.8923030324990388,0.5698454386786636,-0.0141201794726634,1,2.0458804205398082,-1.2110592432238834
17677.0,-2.1519790306632065,3.0365845316001647,2.647327039639665,2.4899739572668804,1.7142752811445796,1.204607289988055,1,5.496098029496635,-0.82918312573015
17678.0,0.7218745649366273,-0.5571872395918231,-0.3158749286977723,-0.1969037808196001,-0.3507527121214226,0.0954086724399358,0,-0.8238194339043013,0.6159869451591947
17679.0,-0.2983107883386734,0.654643185938614,0.97004821649971,0.8291389961597865,0.4126028186801636,0.8181672579790124,1,1.6530630817269905,0.4055415223354884
17680.0,-0.7922005967383016,-0.2017513803877423,-0.4504040771625025,-0.7631624647057185,-0.586765087019821,-0.7062236070291594,0,-0.8764773093998506,-0.996894189881182
17681.0,1.2438240863831336,0.2992073267345332,-0.1732996777631332,-0.0649184626094477,-0.9802035124500996,-0.87588488877904,0,-1.0514476704412694,-0.053944876435532384
17682.0,-1.3187161125298097,1.15560189306089,1.1283455469712471,1.059372307155075,0.5698454386786636,0.5031999348318699,1,2.3376753861574677,-0.5260497752217872
17683.0,0.9647411258391284,-0.2017513803877423,-0.0916832541256793,0.2970828555111235,-0.0181119525235737,-0.0317660980870079,0,-0.30861496104094327,0.5958041089282121
17684.0,-0.4152381970004986,-1.058145946714099,-0.9758299711876676,-0.8067360727591756,-0.8098576192004525,-0.2095317942209493,0,-1.5723646353752865,-0.18772534942555336
17685.0,-1.0028785328055103,1.2544959545938104,1.3357034505859966,1.3463263540358574,0.8766449105123539,0.7755092549646854,1,2.7276431832217773,-0.1431679291057951
17686.0,-1.5229485149574664,0.9303406571479472,1.5760794329721568,1.2983840803963087,1.549909087672658,1.6186783307212484,1,3.3843675495022043,0.30448784391061967
17687.0,1.0202674598207486,-1.058145946714099,-0.5507080134665883,-0.5645293427226981,-0.3805884749031534,0.5922975942195962,0,-1.2757197671855651,1.2553486941616243
17688.0,0.9778633268252848,-1.058145946714099,-0.8038809508319192,-0.9637172845910724,-0.6267921989603487,0.1147840293462235,0,-1.821689074885455,0.8164675162336533
17689.0,0.9680469331528012,-0.5571872395918231,-0.774094782970636,-0.3308725774292323,-0.7132292345010023,-0.7668414584447105,0,-1.6006791111055467,0.05598117292995162
17690.0,-0.6542442484349309,1.847016261407861,1.4983285807283404,1.208667381707657,1.4049427101962726,0.3889140164930515,1,2.9856092342243192,-0.46023875461366354
17691.0,0.9165761254464796,0.0739460908215904,-0.1267598317367022,-0.1880514138269199,-0.1002197270566499,-0.4870202330724372,0,-0.5955346087340349,0.08685327637786422
17692.0,0.2551824986059697,1.2544959545938104,0.837368598681595,1.017697718495452,0.6162076636214244,-0.1619079273111912,1,1.543640829076611,-0.23202343066744494
17693.0,0.3034251741878168,-1.058145946714099,-1.1031626100749057,-0.5021252811070448,-0.7601216003714991,-0.4496959403280796,0,-1.767850888402868,0.04122188881303683
17694.0,0.3262505441323444,-0.2017513803877423,0.432391936435944,0.7228635204661121,0.2031181655606824,0.954990603554432,1,0.7392342611165699,1.0765487497335926
17695.0,0.2797573518734662,0.2992073267345332,0.4533457906394318,0.8490602781992872,0.0741642041589574,0.3017448566407238,1,0.7819154053138231,0.41437044859878325
17696.0,-0.5070123740010525,2.202452120611942,1.5203809993463553,1.6253476849055606,1.228742543886138,0.0237594176027708,1,3.1121791105468746,-0.7208292651152612
17697.0,0.6502579820962507,-1.058145946714099,-0.7261784909424819,-1.0963383891618057,-0.6267921989603487,0.2613398935209717,0,-1.6993257275773626,0.7417238858377272
17698.0,0.7145728708968584,-1.058145946714099,-1.2877101523175412,-1.0963383891618057,-1.2818823689972492,-0.797774039440769,0,-2.58848914811127,-0.050913520319955226
17699.0,1.1001800545869456,-0.5571872395918231,-0.5353861599873425,-0.5707933990113551,-0.7132292345010023,-0.3178109238319486,0,-1.501331288732459,0.4680318891825018
17700.0,-1.0028785328055103,1.4312993642702228,1.4199064035081574,1.2771233160625557,1.4774744457749929,0.7249454054136496,1,3.045107621265866,-0.264936036666083
17701.0,0.6946852246521797,-1.058145946714099,-0.575608365040202,-0.9929541396007278,-0.4437267787202448,0.5453326390776535,0,-1.4284263967937918,0.9982064010187581
17702.0,-0.6542442484349309,0.4896629879592288,0.8769851607765045,0.9635035462402076,0.8499631098416093,0.8520313545812492,1,1.9041801905809705,0.2742419644878587
17703.0,-0.5583457794146515,0.0739460908215904,0.1172598918378103,0.3880557427345978,0.3274486497920416,-0.0282653738982256,1,0.5719178549725721,-0.313580968605079
17704.0,0.4371701786605239,-0.5571872395918231,-0.0357545320256891,-0.2430461845122031,-0.3507527121214226,0.6230206224851949,0,-0.4591960568879139,0.8819719659455247
17705.0,-1.9674812683483247,1.15560189306089,0.5807451946303738,0.6323903596360522,0.457567115373851,-0.5261800923171464,1,1.7113937562219041,-1.7538585127225346
17706.0,-1.8243736859341724,2.3674323185913275,2.2365764542630457,1.83060699452104,1.849140004351645,1.1841944227140284,1,4.650253867852832,-0.5569744989491411
17707.0,0.4948562494227654,0.8001660338568091,-0.3045218975956507,0.0620094863539268,-1.1954453334565955,-1.754082256545703,0,-0.9678808724064863,-1.2847502174198395
17708.0,0.5051176715181148,0.0739460908215904,-0.0335299761422597,-0.1621874941005139,0.2466890975132978,-0.3118091600892,0,-0.21204353961654204,-0.01030800590223106
17709.0,0.4409316275594932,0.2992073267345332,-0.2351125042177893,-0.3418899361875976,-0.1002197270566499,-0.9918098087565872,0,-0.6313074329081005,-0.6561567356771483
17710.0,1.024810514465536,-1.058145946714099,-0.8295976929655723,-0.7506340680270399,-0.586765087019821,0.0662792667876185,0,-1.746809460033252,0.8226169134588498
17711.0,-1.2629135238814884,-0.5571872395918231,-0.6344485274376989,-0.4609184296153759,-0.5121324717856456,-0.5042030135584059,0,-0.7345148862499181,-0.9795297285458223
17712.0,-0.4011425702790203,-1.058145946714099,-0.4145065541792413,-0.5491253379834612,-0.2941514393624997,0.849189365678589,0,-0.6446084871692663,0.6797711186210649
17713.0,0.9580779469522994,0.0739460908215904,0.1821433559675921,0.4522064721717343,0.217900422374825,0.0937928284374059,0,0.15266929039351881,0.6299683754722823
17714.0,0.8468186429686271,0.2992073267345332,0.2995015341695224,0.1326286318621574,0.4009658426149288,0.0123154413625715,1,0.24059341813102586,0.40519905937879963
17715.0,0.5477790613471053,-0.5571872395918231,-0.4618428822201182,0.0971274856787354,-2.515817022689194,-0.1793967916795699,0,-1.6857599184900798,0.42399286189732854
17716.0,-0.8183807704906293,2.062432694683636,2.047323410127151,1.890689656653779,1.685402164334772,1.1750799688652025,1,4.0727640626549695,0.08403630825538343
17717.0,1.0202674598207486,-1.058145946714099,-0.6498792158256641,-0.2411369787048411,-0.3805884749031534,0.4052491882403805,0,-1.2290350486869552,1.136423809473125
17718.0,0.639341544931368,-0.5571872395918231,-0.539987893745661,-0.3902905392135271,-0.5121324717856456,-0.3264707175553608,0,-1.1940890830278872,0.21689786358701357
17719.0,-0.5070123740010525,1.5110377522649707,1.266122793596492,1.0527406625603497,0.7865535568710715,0.3420008728239621,1,2.339815247721173,-0.3153955036796203
17720.0,-0.7428435417295326,1.0480979277381186,0.7854613411912555,0.7736780425257681,0.5307717179635321,-0.0126178594187851,1,1.637502089312721,-0.6256139778694353
17721.0,1.3070902279146166,-1.058145946714099,-0.7968089995649278,-1.0050227523118491,-1.0458699940988507,0.128122550814017,0,-2.1103558761500474,1.0227580105036227
17722.0,0.0773306527470905,0.2992073267345332,1.1240620893401532,1.1676617693016154,1.0994248524597794,1.564911693571058,1,2.133277854490679,1.3118585344256235
17723.0,0.2551824986059697,0.654643185938614,0.9287753225404796,0.3989514243478757,-1.4880589811139169,0.7404558829709355,1,0.444666474857216,0.688461461713992
17724.0,-0.1138130260237924,-0.2017513803877423,0.0754032176439577,-0.3308725774292323,-0.0789096183560038,0.2826938620662771,0,-0.11555684789752399,0.1972785822819819
17725.0,-1.0395356639262063,1.15560189306089,0.941599393246976,0.9662459585752804,0.8153422320095451,0.1518746505335866,1,2.1105788164250967,-0.677339159013515
17726.0,0.9794848831855826,0.654643185938614,0.115429520367922,-0.0737273568542482,0.1727297634470911,-0.7885796364278872,0,-0.17657861943058464,-0.27296454521835145
17727.0,-1.0784157615666077,-1.058145946714099,0.0941477787055028,0.1714218258238153,0.3650304751021734,1.808570515621917,1,0.7200647975745245,1.1269710442736764
17728.0,-1.8243736859341724,0.2992073267345332,1.0922119648623618,0.961362625227984,1.2498335012412511,1.5048940500159074,1,2.6577984926110765,0.1907022025438236
17729.0,1.242750738519486,-1.058145946714099,-0.5408560487749824,-0.4582609676615375,-0.4772168596026035,0.6108795438934143,0,-1.3247728245077814,1.4076436094074034
17730.0,-1.9674812683483247,1.847016261407861,1.529166015086539,1.5558265707591097,1.1666290909919852,0.4469321375870803,1,3.4920632045567865,-1.0895188039063155
17731.0,-0.0462426723707365,0.4896629879592288,0.4378995846538431,0.231698391536616,0.5407159979871611,0.0256742028878225,1,0.7757080608267447,-0.12023837302626285
17732.0,0.942827752064887,0.8001660338568091,0.703289161027352,0.5518840134438602,0.6162076636214244,0.1351105115917141,1,0.9433176512054162,0.45967161958030883
17733.0,-0.4907754257615954,-0.5571872395918231,-0.2127518424219041,-0.0462278667786565,-0.1914684658752519,0.2896095980630891,0,-0.1991606462539351,0.11475186352767552
17734.0,-0.2865430233339383,0.4896629879592288,0.3157291346967993,0.2625488904832523,0.4791576523996084,-0.2040215387812153,1,0.7099141611763329,-0.4324216002308881
17735.0,-2.1519790306632065,2.1575193073054413,2.1032542532202214,2.0300767644949715,1.8143115984463487,1.171795505913286,1,4.674159411872691,-0.6689020404624326
17736.0,-1.3798409325433134,-0.2017513803877423,-0.6488883953142965,-0.4825737499159102,-0.4437267787202448,-1.0788667182133949,0,-0.7123313891990628,-1.5997972331193921
17737.0,-1.3798409325433134,-0.5571872395918231,-1.2287783268609818,-0.9989607652635912,-1.2818823689972492,-1.620686517168418,0,-1.9013618225556304,-1.96742833217144
17738.0,-0.9353081791524545,1.3460575542855853,1.0827685174193056,1.1305940185129866,1.147982991607394,0.1910359113579108,1,2.4548982410469806,-0.6373127681959937
17739.0,-1.2115801184678894,1.7233615276208618,1.5251500047922226,1.0168535845543771,0.2324210325411989,0.5822230688792204,1,2.6017711975060416,-0.5438209106616206
17740.0,0.9696934685856776,0.4896629879592288,-0.5603765084073229,-0.5281484048190704,-1.614523128595098,-1.8453694820724924,0,-1.8514470237750313,-1.0572086867043022
17741.0,0.9986303407132076,-0.5571872395918231,-1.5929409605020772,-0.9637172845910724,-1.4880589811139169,-2.302299735308756,0,-3.0975093963376916,-1.1995649441922995
17742.0,0.1808966364835151,1.15560189306089,0.5857668660640163,0.1795169549510284,0.1727297634470911,-0.51675369229202,1,0.7155509997815753,-0.5982605906718924
17743.0,1.060040892608841,-1.058145946714099,-1.0071017706767451,-1.0756752990814846,-1.9471638881929467,-0.2685140401491022,0,-2.664572598139221,0.5990855891487157
17744.0,-1.8243736859341724,0.654643185938614,0.7536094230936714,1.3415316995601143,0.8567153541898691,0.4107353373922519,1,2.3245316199257156,-0.7313618966912352
17745.0,1.101520337621945,-0.5571872395918231,-0.3151795721320285,-0.7262712480428852,-0.3507527121214226,0.0967180172563053,0,-1.1904384224843048,0.7725487627940716
17746.0,0.6609917087814282,0.0739460908215904,-0.0204761956786446,0.2138065254653223,-0.2159596295778201,-0.2872702832629278,0,-0.2621506874329111,0.15362086607097328
17747.0,0.1808966364835151,-1.058145946714099,-1.840642282868084,-2.397537599248726,-2.515817022689194,-1.8406682584670984,0,-4.134589220305332,-1.2638733854320903
17748.0,1.1639826455004636,-1.058145946714099,-0.6865879639315788,-0.9811029912456316,-0.7132292345010023,0.3360122257415034,0,-1.7991152357996982,1.099924759396977
17749.0,0.4702544582071883,-0.2017513803877423,0.0706346256049402,-0.070777930661493,0.1727297634470911,0.2737171642576781,0,-0.07583524821865674,0.5258897833262863
17750.0,-1.7074462772723475,0.9303406571479472,0.4742926968781417,1.3636690346235123,0.7098254282188435,-0.4546971919584922,1,1.9537567391552988,-1.431336267083031
17751.0,1.0202674598207486,-1.058145946714099,-1.274387921029181,-0.7977873505159858,-0.2412044847042052,-0.7726467639081844,0,-2.0968469182876923,0.12095904333051223
17752.0,0.9183600631720789,-1.058145946714099,-1.7540896491503444,-0.6231769669374269,-2.515817022689194,-1.677419938540639,0,-3.4379159385842946,-0.5483055164168492
17753.0,1.0824965852277768,0.0739460908215904,-0.6243297009782518,-0.8881581216111365,0.3274486497920416,-1.4203317167828504,0,-1.3262439273835054,-0.6670983997128025
17754.0,-2.4120140217391843,1.3460575542855853,1.147604913540298,1.4395475883997757,1.2026961322161416,0.312990430535963,1,3.1521739440039753,-1.3215841870836575
17756.0,0.9479515492166356,-0.2017513803877423,-0.1708434985577737,-0.142204561494289,0.2031181655606824,-0.1806875938557353,0,-0.5021246109387147,0.41204039721078345
17757.0,-2.4120140217391843,3.0807148010694942,1.6677458284245874,1.5386047997639418,1.7512570039357047,-0.686476939529124,1,4.109113722800633,-2.612229607692923
17758.0,-0.9353081791524545,1.2544959545938104,1.2130075856390596,1.2314066996300856,1.839048941612768,0.5445565331232837,1,2.9220749489350912,-0.3474805548467352
17759.0,-1.0028785328055103,0.2992073267345332,0.2280184746721806,0.4435125253493402,0.8082392174469527,-0.1221093444652192,1,1.0568525686120025,-0.7071629484422459
17760.0,-0.8456753236698794,0.4896629879592288,-0.0088286999271096,0.2213993478973344,0.2607132519567318,-0.8135083999689021,1,0.4299241058120698,-1.2275882767503434
17761.0,-0.5950029105353472,-1.058145946714099,-0.1916596053061219,-0.1454931730396027,-0.6267921989603487,1.2695045940159817,0,-0.2956134954831018,0.9687887157617099
17762.0,1.071367018304198,-1.058145946714099,-1.4147135002384086,-0.8830791702047491,-0.7601216003714991,-1.0373171045395244,0,-2.51766240056773,-0.05057919810482652
17763.0,0.7194498921096045,0.0739460908215904,-1.707026676679282,-1.6262149283445646,-1.0458699940988507,-3.426799030855963,0,-3.270757687381722,-2.505947547127003
17764.0,-0.3225146116861712,0.2992073267345332,0.4010042999990158,0.2518249419564132,0.8896672959534744,0.2032566148277822,1,0.9720153708265792,-0.0927154135074884
17765.0,0.3982900810201226,0.0739460908215904,-0.4037354411428346,-0.6063545425438546,0.4240770344914922,-1.0069932068674063,0,-0.7065646221959041,-0.684410228415208
17766.0,0.9564012788108172,-0.5571872395918231,-0.8148004994871617,-0.7631624647057185,-0.5486003891756687,-0.8433696483831272,0,-1.7751791561609542,-0.06312397720621135
17767.0,-1.0784157615666077,-0.5571872395918231,-0.5840860293827078,-0.6030410799249616,-0.144576100004755,-0.4094505222671654,0,-0.6527143200097285,-0.832097137139207
17768.0,-1.4474112861963695,0.654643185938614,0.9562033659146106,1.043883237951556,0.939783214329445,0.7920983921412905,1,2.3166522772781497,-0.24905929231343582
17769.0,-1.1640528084915374,1.6565606001831652,1.464155204807576,1.219100991024766,1.6755474745837462,0.5449375628339165,1,3.212277436893229,-0.5740935785767779
17770.0,0.5413976634342754,0.2992073267345332,0.1484224377185869,-0.2022729611569515,-0.1914684658752519,-0.2717415044017338,0,-0.22817224962913032,0.00018830990039953691
17771.0,-0.2524823540546596,0.0739460908215904,-0.6301501319881719,-0.1880514138269199,0.3274486497920416,-1.4312259199926332,0,-0.5868883175217927,-1.3393206841033873
17772.0,-1.2629135238814884,-0.2017513803877423,-0.6350646823769941,-0.9194840867058316,0.6514988276797011,-1.0529293587286808,0,-0.48461287886716786,-1.6072750708113308
17773.0,1.1479948039640142,-0.5571872395918231,-0.3334682726261654,-0.4246569123197467,0.1083521949576072,0.0622814033231881,0,-0.89174466760178,0.7800060143939463
17774.0,0.0839084047561103,0.9303406571479472,0.9179583538565144,0.7720459798054511,1.5585297595388092,0.3793379980461584,1,1.9403749845923572,0.13113912913062775
17775.0,0.6997152519968288,-1.058145946714099,-2.007936628688272,-1.2626334870875635,-1.9471638881929467,-2.156204825238773,0,-3.704124258768547,-1.1455630193038093
17776.0,0.9663961595288088,-0.5571872395918231,-0.7270056498137931,-0.3831542564881224,0.457567115373851,-0.678295359912324,0,-1.0883582158426282,0.0692603214194422
17777.0,-0.7670473650770303,-0.2017513803877423,-0.2406560940576486,0.0133596082852886,0.9812559531764108,-0.3119869483124289,1,0.3549308463577319,-0.6559063741893767
17778.0,1.3099987372027848,-1.058145946714099,-1.113138744855277,-0.5521774127817789,-1.117253523671916,-0.4685120892111586,0,-2.264200069410972,0.5901053000270319
17779.0,-0.8741833591389503,-0.2017513803877423,-0.2485768693884106,-0.1471436655965733,0.4465549626877331,-0.3268815333395235,0,0.08228478600527292,-0.7190963966452276
17780.0,1.3148171310090695,-0.2017513803877423,-0.6971788710557607,-0.7506340680270399,0.4791576523996084,-1.1694530242258725,0,-1.3463084504036071,-0.2603013276153133
17781.0,0.3982900810201226,-0.5571872395918231,-1.149127559508554,-1.7461316338435953,-0.9802035124500996,-1.4712916161271197,0,-2.5974283098646187,-0.9576917035316166
17782.0,0.9597502430728068,-0.5571872395918231,-0.2265742044413929,0.052319131491566,-0.2941514393624997,0.2635769352567777,0,-0.6623922278656661,0.9053450180184572
17783.0,-0.10496702096475,-0.2017513803877423,-0.644200513898204,-0.0811593109439519,0.6251737972068488,-1.0700711617389047,0,-0.4719421349461223,-0.8994241826020181
17784.0,1.1913278063103443,-1.058145946714099,-1.514384129486547,-1.2626334870875635,-0.6267921989603487,-1.2253074876379044,0,-2.7841534915651938,-0.18086095780982264
17785.0,-0.2983107883386734,-0.2017513803877423,-0.6011148775800383,-0.5135641944509618,0.1083521949576072,-0.9892187270191116,0,-0.784091397055674,-0.9605609647550714
17786.0,0.0001383902963132,-0.5571872395918231,-0.8666494421551219,-0.5964638157260045,0.2466890975132978,-0.9408266310300804,0,-1.123232655341322,-0.6863331348408545
17787.0,0.373777854108697,0.0739460908215904,0.7405295946040819,0.6144676992234456,0.6514988276797011,1.1451438182299325,1,1.1843433016431,1.1568509369241626
17788.0,-0.0876328522714647,-0.5571872395918231,0.1322661487683087,-0.5614195452564948,-1.9471638881929467,0.9396084894058016,0,-0.9300534885012757,0.8890898583742157
17789.0,0.7617503989180828,-0.5571872395918231,-0.6123029591599478,-0.5997442262109776,-0.3507527121214226,-0.4625401652696724,0,-1.340500090949958,0.14578747800986921
17790.0,-0.7195200551006783,1.847016261407861,0.7892754400322161,0.6754067582274664,1.215822701168371,-0.9426626907192964,1,1.924576113203117,-1.6193653416003004
17791.0,-0.6542442484349309,-1.058145946714099,-1.558489219843724,-1.5522358034901935,-1.117253523671916,-1.3084948106775978,0,-2.595618157807348,-1.2696790098934947
17792.0,1.086620877247503,-0.5571872395918231,-0.6630990079090116,-0.7802470860088049,0.0565206627106016,-0.5580987451606786,0,-1.4114046606666535,0.2106739120812444
17793.0,-0.7670473650770303,-1.058145946714099,-0.7607176616925861,-0.4992963694822978,0.1249263557760024,0.1961950059026993,0,-0.7010252419543491,-0.06354237952095856
17794.0,1.3337366504688906,-0.5571872395918231,-1.3239546866887064,-1.5522358034901935,-1.3785107536966998,-1.79907337161835,0,-3.1486077988711036,-0.6717780490541704
17795.0,0.4773803670621637,-0.5571872395918231,-0.7023281762717632,-0.2468813028931192,0.0200527453205781,-0.631885142258971,0,-1.027375364382206,-0.12871664928411786
17796.0,-0.4749394310824503,0.654643185938614,0.2744642237698992,-0.1775834856216042,1.0262202498700983,-0.4900919327178989,1,0.7512320892949182,-0.8791208325303712
17797.0,-0.8456753236698794,0.8001660338568091,0.546041171409568,0.5161008008596119,1.3515360227957012,-0.1605416677494924,1,1.6227255415474433,-0.7990348518547993
17798.0,1.2275321383409905,-1.058145946714099,-1.1681714395119485,-0.8203916692661117,0.0200527453205781,-0.5723101431562937,0,-1.9506416146353112,0.3830874061346359
17799.0,-0.8456753236698794,1.847016261407861,1.3824869476660706,1.320755243050152,1.978750163576668,0.1710261570372791,1,3.2134483203231357,-0.756197395553058
17800.0,-0.5236711079833221,0.9303406571479472,0.1826960179970939,0.2581018083703786,0.1571027565423948,-1.0016836659171435,1,0.5259720999619009,-1.3100063930790335
17801.0,1.0643116644325106,-0.2017513803877423,-0.1100891190943871,0.3433574474678515,0.3650304751021734,-0.0663961467505129,0,-0.17825223649796992,0.6100387375145758
17802.0,-0.0226329437380984,1.0480979277381186,1.2188180845632104,1.13295822285156,1.549909087672658,0.8027524569119855,1,2.4654339939496817,0.42087331115781246
17803.0,0.9746078619728364,-1.058145946714099,-1.1620519638845932,-1.0622519568722428,-0.3507527121214226,-0.5607681013710082,0,-2.1330969388186864,0.2456920699317633
17804.0,0.9479515492166356,-0.2017513803877423,-0.6342059443155292,-0.6130319698342725,0.5407159979871611,-1.0513180278723515,0,-1.0748833406812701,-0.355197486468278
17805.0,-0.0876328522714647,-0.5571872395918231,-0.0025116346692534,0.5374534008296096,-1.117253523671916,0.6856515190126906,0,-0.21159352184139096,0.7568107013950062
17806.0,-1.2629135238814884,-1.058145946714099,-0.3833754799037029,0.2500204938045738,0.0200527453205781,0.9079061875093482,0,0.1635916714224274,0.3198857022099252
17807.0,0.9794848831855826,-0.2017513803877423,-0.5421356162535098,-0.4196361174135791,0.5979759564957379,-0.8785027620565058,0,-0.8723420686848433,-0.1810744952824189
17808.0,1.190162819252791,0.0739460908215904,-0.9093633684031016,-0.8158082295413044,-0.2941514393624997,-1.952933434793908,0,-1.8854988219811841,-1.0043515858900236
17809.0,-1.0395356639262063,1.847016261407861,1.8010505539792732,1.254760192095845,0.2745016951337471,0.958696201005035,1,2.9792069716537544,-0.15566103566230222
17810.0,1.3167343976054071,-0.5571872395918231,-0.6539136990871269,-0.935724935040335,0.1571027565423948,-0.540820456288339,0,-1.5047407866343134,0.33103097145428423
17811.0,-1.8243736859341724,2.868391025713604,1.681931571287928,1.5591680899132532,2.0755688284711327,-0.4230170191890626,1,4.067779836458357,-2.0308541287662165
17812.0,-1.1640528084915374,0.654643185938614,0.1625282008107162,0.1369345126340181,1.094407142278882,-0.7002155880741902,1,1.0236603807358282,-1.399454957075188
17813.0,-1.1198059414673356,0.2992073267345332,0.4635192707699872,0.3046093056627695,1.5893857849282496,0.3208896959782686,1,1.6024987857668043,-0.4615952765534919
17814.0,0.9462481612329638,-0.5571872395918231,0.398195659422783,0.6991067916340292,0.7938459876173184,1.4408078564810098,1,0.7618771585548727,1.8672065076665085
17815.0,0.9762376600515654,-1.058145946714099,-0.3252920560367698,0.1369345126340181,-0.91940584661767,1.0174582710747713,0,-0.9162782937327084,1.6697354106727056
17816.0,-0.5236711079833221,0.4896629879592288,-1.5178097922909155,-1.0756752990814846,-0.0181119525235737,-3.6083060738772863,0,-1.9847194782086408,-3.4340805581873703
17817.0,-1.8243736859341724,0.4896629879592288,-0.1015575778553952,-0.2022729611569515,0.8153422320095451,-0.987397216483758,1,0.6679432680821832,-1.9735680063364975
17818.0,1.3795972273515245,-1.058145946714099,-1.412347560207662,-1.1176717491805908,0.0011923041824166,-1.0328546668472676,0,-2.4052919620591973,0.0649034100130198
17819.0,-0.10496702096475,1.2544959545938104,1.4125944380968445,0.8634372645868037,0.3650304751021734,0.920280480016384,1,2.0896692933083467,0.4418569544322252
17820.0,0.9445402369244064,-1.058145946714099,-1.166334038358705,-0.975256544405366,-0.0581390644641013,-0.5688445911746393,0,-1.9657857259535279,0.21830549540210337
17821.0,0.9970565357545048,-1.058145946714099,-0.7354157605057449,-0.7342923345111426,-1.4880589811139169,0.243917330253536,0,-2.0048016143226968,0.9930033858410579
17822.0,1.0187459283862368,0.2992073267345332,0.6160198977163615,0.6754067582274664,1.0424661878166923,0.6079395614873194,1,1.044869049254903,1.0077315928835702
17823.0,1.0202674598207486,-0.5571872395918231,-0.4550451279329319,-0.4196361174135791,0.5979759564957379,-0.1666013960455299,0,-0.7752537597040405,0.5031795830784337
17824.0,-0.3225146116861712,-1.058145946714099,-0.8177068473902764,-0.1292121204849814,-0.91940584661767,0.088706782615761,0,-1.160011866830291,0.17753063474650344
17825.0,1.2459654079011129,0.0739460908215904,-0.1725521131983152,0.0547551377532697,-0.4437267787202448,-0.573048636104905,0,-0.7753136845121599,0.23793483631861134
17826.0,0.9445402369244064,-1.058145946714099,-1.3885210028943895,-1.1548410131689797,-0.1914684658752519,-0.9879150123971452,0,-2.341848037747969,-0.13295864372689764
17827.0,-1.7074462772723475,0.4896629879592288,0.6788718993482482,0.7650641746523024,1.4152191667836551,0.4790492203012931,1,2.1636519589816503,-0.6516636326190935
17828.0,-0.8183807704906293,0.0739460908215904,0.4832592668298027,0.1934480251337977,0.2031181655606824,0.6605734002636723,1,0.8984268356291144,0.08715159426387972
17829.0,0.8014326545102536,0.2992073267345332,1.1752719290584075,1.1835858516147453,0.8567153541898691,1.6614153126564446,1,1.868586436906619,1.8003594065730761
17830.0,-2.1519790306632065,-0.2017513803877423,-0.6095031326275658,-1.1033729047604708,-0.6688728615528973,-1.0049616334111318,0,-0.8153824696897932,-2.0165880587688845
17831.0,-0.5950029105353472,-1.058145946714099,-2.336149178111677,-2.397537599248726,-2.183176263091345,-2.7752518139980467,0,-4.281239374343251,-2.4615707314158772
17832.0,-0.3349679194593694,-1.058145946714099,-1.2857720804128836,-0.5707933990113551,0.3014022381220454,-0.7941186107294509,0,-1.3542164994302224,-0.6426655602203507
17833.0,1.3664458738438814,-1.058145946714099,-0.7189863144306785,-0.8067360727591756,-0.321964036982949,0.2749051737641517,0,-1.6521093963284614,1.1617815709919013
17834.0,1.011083648486406,-0.5571872395918231,-0.1740184641680811,0.212851229816185,0.2031181655606824,0.3625627840110306,0,-0.34046541018632137,1.0076081722379797
17835.0,-1.9674812683483247,-0.2017513803877423,-0.7018156852059663,-0.2335550971816399,0.0565206627106016,-1.178149291857939,0,-0.2602539244308793,-2.00047683235999
17836.0,-0.3738480170997701,-1.058145946714099,-1.5313536066817008,-1.132288371569837,-0.4772168596026035,-1.2573138925634135,0,-2.1907553076876223,-1.0605552278965513
17837.0,-0.4443943630945455,0.8001660338568091,0.3874562069341551,0.0274495927313415,0.7791957222855813,-0.4584772193736025,1,0.8617638018956821,-0.8432369445356988
17838.0,-0.7195200551006783,1.3460575542855853,1.4245219156343685,1.3948249381248277,0.9812559531764108,0.8341539912066274,1,2.8054890672431125,0.0358776699919321
17839.0,-0.4443943630945455,-1.058145946714099,-0.7264965166148449,-0.3644942549377236,0.1411722937225966,0.2607400601655124,0,-0.6950867285371586,0.17883311639780033
17840.0,1.054301926358555,-1.058145946714099,-1.1579495372766342,-0.8390516708165107,0.0384893202353487,-0.553030448308307,0,-1.8868830164582522,0.30079067964579564
17841.0,-2.1519790306632065,4.703608573249776,3.121800906617881,2.8436557105696334,3.1978991004060235,0.2492662561471945,1,6.924053235057558,-2.0858353411901738
17842.0,1.2491640439523517,-1.058145946714099,-0.5540221632784077,-1.12493945781088,-0.6688728615528973,0.5860467227495437,0,-1.733972743166776,1.3326906803572551
17843.0,0.8099271521892553,-0.5571872395918231,-0.7536584986538699,-0.3855244245982789,0.2607132519567318,-0.7284153620208835,0,-1.1507623161202731,-0.04876217667788302
17844.0,0.1462219650521856,-1.058145946714099,-2.0714129082935338,-1.473214373913271,-1.614523128595098,-2.2759284610848463,0,-3.559886248952382,-1.5826435699873955
17845.0,1.197121207936731,0.0739460908215904,-0.3177605604374295,-0.609684782260171,0.0011923041824166,-0.8456923375952089,0,-1.0417483741824163,-0.09623112634587243
17846.0,0.0001383902963132,-1.058145946714099,0.5629700120283158,-3.628661084298931,-2.515817022689194,2.692823699455809,0,-2.1020993834009443,2.1824766125465813
17847.0,1.1504805636606206,-0.5571872395918231,-1.415044249857557,-1.8475197636971112,-1.1954453334565955,-1.969652784491955,0,-3.2507615525205242,-0.9484581528741831
17848.0,-0.0304066776915911,2.3282062876889484,0.984656890390325,0.6981932901832864,0.7413828979433381,-1.123719121790829,1,1.7669029595124293,-1.493297016664447
17849.0,0.5996007235020872,0.8001660338568091,0.0965271506569355,-0.5222758574236794,-0.4437267787202448,-1.0042512995222408,0,-0.5387428913324146,-0.7120294718060867
17850.0,0.94111068223374,4.324638360695156,2.959644555229872,2.514948675858605,0.7017426726202728,0.3622911307492685,1,4.563094651476525,-0.11299300122846778
17851.0,1.0217853899940603,0.4896629879592288,0.3737498505057655,0.4174199643090983,1.2026961322161416,-0.0949507645161792,1,0.7370230706171366,0.35818130327331477
17852.0,-1.2115801184678894,0.2992073267345332,-0.2435253261650135,-0.1827966247136157,0.5407159979871611,-1.007582931637996,1,0.21610913905146337,-1.589760029722211
17853.0,0.9986303407132076,-0.2017513803877423,0.3941188118977738,0.1528350679553599,0.5602500888610992,0.8828903178567635,1,0.36919848835768615,1.3145506379505343
17854.0,0.4948562494227654,0.4896629879592288,0.1017127761183601,0.1347850958883998,0.8010741670374462,-0.6060596263588437,1,0.31292737041041085,-0.3556830637918998
17855.0,0.942827752064887,-1.058145946714099,-0.5756255652253723,-0.1521201403247171,-0.7132292345010023,0.5453001975306911,0,-1.2222842241249654,1.2309998459744267
17856.0,-2.1519790306632065,0.0739460908215904,0.3034988847498635,0.3464857336924171,-0.9802035124500996,0.3221576277782664,1,0.7036673869067479,-0.8515522191643794
17857.0,-1.8243736859341724,2.062432694683636,2.4698465149693978,2.493681289979559,-0.5486003891756687,1.971139536928581,1,4.190791591532803,0.335765838959992
17858.0,-1.608585561882396,2.3282062876889484,1.8883470885497269,1.5781491456620982,1.147982991607394,0.5730713942117416,1,3.8000815988476293,-0.91656106125641
17859.0,0.8141325783983266,-1.058145946714099,-1.3195464865044295,-0.8932765983286024,-0.4772168596026035,-0.8578210633773915,0,-2.223553818826281,-0.06032172742981919
17860.0,0.935931715741001,0.0739460908215904,0.0631314642433825,0.3266852938434061,0.8961017842882889,-0.1300684422793649,1,0.25597111251596716,0.39369735039201187
17861.0,-1.9674812683483247,1.7233615276208618,1.2293722621147063,1.4589516539458385,1.673065194151025,0.0258643885750011,1,3.329956478254512,-1.4295729479269532
17862.0,0.8527660599238526,0.0739460908215904,0.2292466947377625,-0.0752070446297544,0.6162076636214244,0.182420550789177,0,0.15291893908020562,0.5731125691474335
17863.0,-0.2307404346856175,1.2544959545938104,1.3112954179068468,1.5111659848933372,1.0531207928583963,0.7295593596455168,1,2.611840288344783,0.2526655333843145
17864.0,-1.1640528084915374,0.2992073267345332,-0.0046189633970725,0.5345288920593108,0.6428173386552047,-0.5592755410235813,1,0.8343756750168714,-1.1331678712760611
17865.0,-0.6338830081757483,2.842379197713229,2.409402006775249,2.1451289913516747,1.8143115984463487,0.9741335265735084,1,4.633658167755432,-0.1679355694210369
17866.0,0.3307197273670667,-0.2017513803877423,0.1431638559345448,0.0486481213729288,-0.586765087019821,0.4102627940864968,0,-0.21467429122325896,0.6056228249217019
17867.0,-0.6542442484349309,1.5110377522649707,0.3999567841061608,0.1983527528500262,0.8431548296299944,-1.2835311667455187,1,1.0890888897192053,-1.8008589892833473
17868.0,0.9647411258391284,-1.058145946714099,-0.9902404981898628,-1.110483470649885,-0.6688728615528973,-0.2367117218709276,0,-2.102226438476684,0.5119073300583864
17869.0,0.1462219650521856,0.654643185938614,0.0776020590129333,0.0786314777309225,0.435392980203531,-0.8595267780524306,1,0.22391383620869218,-0.7847920617827236
17870.0,-2.1519790306632065,1.3460575542855853,0.8687147461201066,0.8733173786374865,1.3253709285855884,-0.2113507810534689,1,2.559774809465654,-1.6655020113944883
17871.0,0.5603544681590024,0.2992073267345332,0.1329677880662114,0.2372488121448318,0.3401681767824983,-0.3007881343040515,1,0.17712761162568139,0.007489939214264417
17872.0,0.9580779469522994,-1.058145946714099,-0.9865194891076816,-0.6800964371201603,-0.8098576192004525,-0.2296934665619306,0,-1.952330816768328,0.5634268020358119
17873.0,-0.0382757972626953,1.7233615276208618,1.401987087182759,1.4201638894777158,0.3526935049184267,0.3504791866929001,1,2.3448718362517593,-0.05147225781628789
17874.0,0.4948562494227654,0.4896629879592288,-0.2218845865471826,-0.5311044589581426,-0.1002197270566499,-1.2128313016897467,0,-0.7176376146581598,-0.8736715214360234
17875.0,1.3346681324029106,-1.058145946714099,-1.233648661400789,-1.0622519568722428,-0.4115503779538524,-0.6958077885504682,0,-2.34672678380848,0.3369920728843299
17876.0,0.9875317290149478,-0.2017513803877423,0.9384378514306684,0.901090801667944,-1.9471638881929467,1.9086445069071307,0,0.2612440204469444,2.3257576103354656
17877.0,0.4409316275594932,-1.058145946714099,-0.981245502015778,-1.0622519568722428,-0.9802035124500996,-0.2197461143545463,0,-2.036012303342638,0.256496545807495
17878.0,-0.4152381970004986,-0.2017513803877423,0.3005985567242778,0.4839803445557598,0.5407159979871611,0.7067340342118033,1,0.8583055219334501,0.4290316464134579
17879.0,0.4557606165093461,-1.058145946714099,-1.18628581560377,-1.5663808849782732,-1.4880589811139169,-0.6064759603762473,0,-2.7067236488459745,-0.0763105939020403
17880.0,0.9289607210324548,-0.2017513803877423,-0.0865083999532835,-0.0419890490645959,0.0200527453205781,-0.0220293848038069,0,-0.435595001880379,0.5482773029779974
17881.0,0.8120333123706301,-1.058145946714099,-1.3951413022232777,-1.7848322627584738,-1.2818823689972492,-1.0004016658521484,0,-3.056920870993494,-0.23047419555818546
17882.0,0.9530347346034082,-0.5571872395918231,-0.7823427221038833,-0.8582565662530369,0.0914362748936436,-0.7823489959546313,0,-1.5185033026412025,-0.05368244220191748
17883.0,-1.9674812683483247,0.654643185938614,0.0490368957556866,-0.0211952960450161,1.0583966506364906,-0.913087917787902,1,1.0645289986090065,-2.0276547583347995
17884.0,-1.8243736859341724,1.847016261407861,0.8604960090028754,1.2006256484284332,1.6111193223129396,-0.809199513673766,1,2.7557611317243,-2.08340658455639
17885.0,-1.2115801184678894,-1.058145946714099,-1.1409020834248556,-0.7144200996877884,0.1411722937225966,-0.5208769703517337,0,-1.0610277648913802,-0.9105539750898601
17886.0,-0.6141483680629726,0.4896629879592288,0.3942038886244585,0.2482110815525285,0.9637379981128577,-0.0564932640556737,1,1.0899095007253863,-0.5160946786567774
17887.0,0.2651257241188405,-1.058145946714099,-1.524004498433126,-1.8259532106467025,-1.117253523671916,-1.2434526208377026,0,-2.974342482692115,-0.7392420925602182
17888.0,-0.8741833591389503,2.110890520920167,0.4833977461866984,0.7449411232227339,1.0040461146997783,-1.814313670931128,1,1.614066261102054,-2.464955699227026
17889.0,0.5817849890277144,0.654643185938614,-0.1315547940075558,-0.1148959846829668,0.6770053294538549,-1.2513907944733462,0,-0.12406787521909889,-0.8929761368029026
17890.0,0.8507897095190223,-0.5571872395918231,-0.3130855709643334,-0.1164713649302792,0.5979759564957379,0.1006609991935489,0,-0.42905670529589873,0.6568235237602719
17891.0,0.4102035851912229,-1.058145946714099,-1.0911385533521936,-0.1537873679317828,-0.1676872918813187,-0.4270171728039799,0,-1.3783817299976822,0.12679381370213982
17892.0,-0.2636361169073439,-0.2017513803877423,-0.961907757283064,-0.9929541396007278,-0.3507527121214226,-1.6653760939935731,0,-1.593336640334653,-1.5167167452427825
17893.0,0.6197789110416514,-1.058145946714099,-1.518255054440688,-0.7383398607540069,-0.8098576192004525,-1.2326085016935335,0,-2.4395232920418684,-0.4400790080065007
17894.0,-0.10496702096475,1.7233615276208618,0.6983123398058639,0.4724858996865095,1.3253709285855884,-0.9708925567005176,1,1.5777743120681795,-1.2965764840188572
17895.0,-0.4152381970004986,-1.058145946714099,-1.6151589192821976,-0.8780391383485852,-0.8098576192004525,-1.4153804457726291,0,-2.2855528145383364,-1.1708668911236646
17896.0,-0.8183807704906293,-1.058145946714099,-0.9268479053743348,-0.3576310176485259,-2.183176263091345,-0.1171459290301711,0,-1.7539241087678272,-0.22813498282885103
17897.0,0.4520853904121776,0.9303406571479472,0.7359547549426699,0.4871379163370291,1.3100360324395852,0.0369939637069922,1,1.3951435894662518,0.03881959616953083
17898.0,0.0001383902963132,0.0739460908215904,-0.8158319917246398,-0.4477372081299453,0.1083521949576072,-1.778385077777218,0,-1.0752703834996844,-1.4979761932222146
17899.0,0.3982900810201226,-1.058145946714099,-1.2837932494106168,-0.6989435988405914,-0.2941514393624997,-0.7903863056260388,0,-1.888432524011092,-0.22294296495487229
17900.0,0.5118685254199581,-0.5571872395918231,-1.5185732673659744,-1.2536847648443734,-1.7640984679528429,-2.163326880256728,0,-3.118161973436099,-1.3713021967915469
17901.0,-0.6752731880764764,-0.2017513803877423,-0.916394673175331,-1.6749572933624948,-0.5121324717856456,-1.5802066141273945,0,-1.804655265643933,-1.735233446685448
17902.0,1.187826477146772,-1.058145946714099,-1.0483265604918,0.0375105298426944,-0.4437267787202448,-0.3462687818312116,0,-1.6000200053522755,0.6510455025513027
17903.0,0.9778633268252848,-1.058145946714099,-0.6419716787635507,-0.8203916692661117,0.0384893202353487,0.4201637215676507,0,-1.30575475711079,1.0483328495013613
17904.0,-0.8741833591389503,-1.058145946714099,-1.1353454577912925,-1.3491740126569909,-0.1914684658752519,-0.5103965290274673,0,-1.5970750312743764,-0.7655240968494333
17905.0,-0.1138130260237924,1.3460575542855853,0.6775042487287657,0.6677919589740022,0.9088213112787455,-0.5704089509095275,1,1.4518098205703627,-0.8381221662416533
17906.0,0.6793540117376464,-1.058145946714099,-1.8258654186998136,-1.9168175809686256,-0.9802035124500996,-1.8127973763733367,0,-3.4101878451881116,-0.9876395127539687
17907.0,1.2893566040861313,-1.058145946714099,-0.8338678144222103,0.4890252087045914,-0.91940584661767,0.0582253217632374,0,-1.3889432745396082,1.1007913697411633
17908.0,0.9445402369244064,0.2992073267345332,0.3001956587782757,0.3573190293585997,1.1712251425483466,0.0136209423241164,1,0.6365615068503742,0.4481449952721506
17909.0,1.3787288112420826,-1.058145946714099,-1.399444969559048,-1.6262149283445646,-1.2818823689972492,-1.00851888230079,0,-3.163571596042814,0.09032883115269498
17910.0,1.369097808148474,-1.058145946714099,-0.911937211501823,-0.9248532670431824,-0.4115503779538524,-0.0890226285704372,0,-1.9508333322772706,0.8608248064351804
17911.0,-1.3798409325433134,-1.058145946714099,-0.6705560443380871,-0.5252055769172435,-0.0581390644641013,0.3662502881367924,0,-0.5023656658410364,-0.2571184817423107
17912.0,0.8245270555146574,0.4896629879592288,-0.6525918785127263,-0.5460873605785668,0.1083521949576072,-2.0171569847244264,0,-1.1962063114994421,-1.354873045799014
17913.0,-0.2307404346856175,1.4312993642702228,0.9500457956749172,0.8253827270193658,1.3588610094679472,-0.1588415267814326,1,2.043867326566466,-0.5961253637311485
17914.0,-1.8243736859341724,-1.058145946714099,-0.7315400402487973,-0.0322034348256864,0.435392980203531,0.2512273888072129,0,0.0083311304138877,-0.5670545117142292
17915.0,1.1924906809695346,-1.058145946714099,-0.96772295186181,-0.6265937067707593,-0.3507527121214226,-0.1942410141752073,0,-1.7895271613662795,0.7058335646158654
17916.0,1.2772557696380078,-0.5571872395918231,-2.1854006245102777,-1.1176717491805908,-0.8098576192004525,-3.4030367608525167,0,-3.599694833793181,-1.98425533491363
17917.0,-0.4011425702790203,-0.2017513803877423,-0.7212564306836884,-0.6404409748334174,0.4897435161402434,-1.2146066174677317,0,-0.7805991714230366,-1.2293441542817904
17918.0,1.131598183073706,-0.2017513803877423,-0.6136797622531438,-0.2260596207476965,-0.1676872918813187,-1.0127999073151743,0,-1.2226789865457943,-0.15261275415170628
17919.0,0.0221288371626836,-0.5571872395918231,0.4912200073479327,0.7045613158222488,-0.1002197270566499,1.6161609286461942,1,0.7799714079111271,1.5417046433366126
17920.0,-1.8243736859341724,3.0365845316001647,2.3567656586997687,2.128770374798137,2.3085314115408413,0.6575479807669646,1,5.162367536525693,-1.1547646306425976
17921.0,-0.1794070292720186,1.0480979277381186,0.689485890804342,0.4607869974830055,1.380451546493704,-0.1930117470069604,1,1.565839195115706,-0.5313403727048065
17922.0,1.183128103028089,-1.058145946714099,-1.2196396345048313,-1.5115390548677536,-1.2818823689972492,-0.6693851367334505,0,-2.8575036598562114,0.26882843355719427
17923.0,0.7640205789835691,-0.2017513803877423,-0.4510549215459931,-0.8296554976039625,-2.183176263091345,-0.7074462670649032,0,-2.0568858447625056,-0.07803584168028067
17924.0,-1.2115801184678894,0.8001660338568091,0.9617630825376662,0.6155051141684996,-0.3507527121214226,0.6214648126257876,1,1.5176203259171774,-0.28109622804905443
17925.0,0.942827752064887,-1.058145946714099,-0.4639610640077226,-0.8112565093766205,-2.515817022689194,0.755912416202799,0,-2.16251484745256,1.4157360202480824
17926.0,0.2845613084095361,0.2992073267345332,0.0771364091372133,0.0925520172177983,-0.3507527121214226,-0.4057030028930797,0,-0.15122963187039676,-0.21271767260346522
17927.0,1.3655594532482656,-1.058145946714099,-0.8283753124220607,-0.9989607652635912,-1.117253523671916,0.0685848184671875,0,-2.188948225605806,1.0104979437266604
17928.0,-0.4011425702790203,-0.2017513803877423,-0.7213406465614912,-0.5281484048190704,-0.3507527121214226,-1.214764535598298,0,-1.077064973037044,-1.1806882643480907
17929.0,-1.2629135238814884,1.2544959545938104,0.8626518247282788,-0.0886762034903892,-1.4880589811139169,-0.1143933597511365,1,0.6491371581654123,-1.0450449444778143
17930.0,-0.540774126845729,1.3460575542855853,1.0983822440446631,1.3361822409478057,-0.0581390644641013,0.2204019066269214,1,1.9440664848804887,-0.32224047492780916
17931.0,0.2893295474663386,1.4312993642702228,0.941224344570844,0.8940021317100467,1.5234898547932807,-0.1754175172219737,1,1.9730356089681094,-0.32418040820862326
17932.0,-0.6752731880764764,-0.2017513803877423,0.2581994220261736,0.3037772740036711,0.5602500888610992,0.6268807324525894,1,0.817696800036049,0.20251692508004204
17933.0,1.2803024508967262,-1.058145946714099,-1.5028945767469353,-1.3491740126569909,-0.9802035124500996,-1.203636856706386,0,-2.987213694536564,-0.1073381409399284
17934.0,-0.3102985242592435,-0.2017513803877423,0.0865711397563769,0.153881561316635,-0.1220981718085144,0.3037175090798302,1,0.1676278258977556,0.15690643912865276
17935.0,0.3080557011550128,0.654643185938614,-0.2190686167017238,-0.4662657837754595,0.2880622196936218,-1.4151059033236226,0,-0.45820422067736144,-1.1939347922445531
17936.0,-1.7074462772723475,-1.058145946714099,-0.6256559464279683,-0.4196361174135791,0.3891614223084505,0.4509370877582133,0,-0.11700201054626894,-0.37798629396322986
17937.0,-1.3798409325433134,0.654643185938614,1.102750282864373,0.8287643331255561,-0.6267921989603487,1.06807608334144,1,1.6992072052091112,0.05979283429737422
17938.0,1.0187459283862368,-1.058145946714099,-1.338730812607957,-1.4609201666402376,-0.2941514393624997,-0.8940049305897445,0,-2.498681234477979,-0.042314306677850196
17939.0,0.4022858895777679,-1.058145946714099,-1.6069085911368175,-1.6420643925920622,-0.9802035124500996,-1.3998193686485352,0,-2.961805755936685,-0.7780745462124493
17940.0,-0.3476678433474425,1.5859404542672264,2.511596595623938,3.385321964661057,-1.0458699940988507,2.6005429350669496,1,3.954040708884733,1.8963306665462043
17941.0,0.2749171387187454,0.0739460908215904,0.311201623177199,0.5268637473001856,-1.614523128595098,0.3366554002942988,0,-0.22349760139418318,0.54039202482626
17942.0,-1.4474112861963695,-1.058145946714099,-1.7823518266848182,-1.6749572933624948,-2.183176263091345,-1.7307256879071145,0,-3.086881666677245,-2.0120862364237855
17944.0,1.0232997359133336,-1.058145946714099,-1.801797067003428,-1.1548410131689797,-0.4437267787202448,-1.7674016696332324,0,-2.910547789818225,-0.709312093583366
17945.0,1.342991142929533,-0.2017513803877423,-0.6821873813539389,-0.4662657837754595,0.3650304751021734,-1.1413345934849926,0,-1.2528643955828491,-0.18840499247935105
17946.0,0.6420881238566438,-0.5571872395918231,-1.3129604129315482,-1.2361445003371931,-0.6688728615528973,-1.7784747385213338,0,-2.477818462157904,-1.0351528609803766
17947.0,-0.5236711079833221,-1.058145946714099,-1.1937096853546665,-0.7105166998701326,-1.1954453334565955,-0.6204782409785802,0,-1.88511815322114,-0.5530599425762385
17948.0,0.3482913799359889,-1.058145946714099,-0.6857658152856293,-0.8112565093766205,-2.515817022689194,0.3375628935769705,0,-2.2129455391349566,0.7503853146446636
17949.0,-2.4120140217391843,3.990143955266911,3.492864456765341,3.158937522560877,0.2607132519567318,1.7363404302214671,1,6.265889435737824,-0.668321507602761
17950.0,-0.10496702096475,0.654643185938614,0.310965452912595,0.3503752834002815,0.9336836095984208,-0.4215406280668223,1,0.8844802570876594,-0.5631495949386841
17951.0,-0.4749394310824503,0.0739460908215904,0.4065009228517622,0.3887877638884077,-0.4437267787202448,0.5160494745606198,1,0.5329680310937863,0.20738961374985138
17952.0,0.9513448121530388,0.0739460908215904,-0.0911561900720458,0.0094639151263962,0.5698454386786636,-0.4201183534964168,0,-0.19731316375369842,0.15005394891327511
17953.0,1.1795815951948991,-1.058145946714099,-1.2610848380458404,-1.0556416405393652,-0.586765087019821,-0.7475556043028637,0,-2.3972267270387073,0.21835841879865311
17954.0,-1.7074462772723475,1.7867352234743037,1.0443041081493427,1.2372729255773638,1.9804610986224889,-0.3950243287531191,1,3.0804798878925714,-1.680396773133848
17955.0,0.5413976634342754,0.4896629879592288,0.0150310938411873,0.2070901336643004,-0.7601216003714991,-0.7687453696057684,0,-0.4080914712911037,-0.38490257444641496
17956.0,0.6845052458484283,-1.058145946714099,-3.037668199183025,-3.628661084298931,-2.515817022689194,-4.098398166306909,0,-6.143192619435123,-2.9380453731082343
17957.0,-0.1599714449813229,-1.058145946714099,-1.521891038783556,-0.3599108152129162,-0.2412044847042052,-1.2394663904689096,0,-1.7860289750617735,-0.861555427675217
17958.0,0.2030134902092342,-0.5571872395918231,0.032977813724553,-0.3667980083921493,-0.144576100004755,0.7525184336493773,0,-0.2857163827898959,0.8364791304895388
17959.0,1.2384392923735166,-1.058145946714099,-1.3565055416916074,-1.5115390548677536,-2.183176263091345,-0.927530134103676,0,-3.3946996797554094,0.13051413577585697
17960.0,0.4446711436871723,-0.2017513803877423,-1.385921591622517,-1.3807506813715704,-0.1002197270566499,-2.4563308042015977,0,-2.3405326261512425,-1.8183572522276839
17961.0,-0.8741833591389503,3.787515622239936,0.8421312811048367,0.7419543866133782,1.9923387650392004,-2.9954586117884583,1,2.547211549633883,-3.920901418105549
17962.0,0.3262505441323444,0.0739460908215904,-0.21772754905226,0.1775024941456337,1.0096460890517032,-0.6578963574766553,1,0.12507508496702394,-0.38876575501253036
17963.0,1.092078996990952,0.0739460908215904,-0.2563316355480192,-0.2411369787048411,0.6853342645162757,-0.7303836486362641,0,-0.4862814248850859,-0.054125182885660705
17964.0,-0.6141483680629726,-0.5571872395918231,-0.1710789288163741,-0.0010388380035462,0.5602500888610992,0.3680995351690979,1,0.21713707204397525,0.08147205175167697
17965.0,-0.5070123740010525,2.28769393059658,1.478008884093884,1.451869215221442,2.148346399258342,-0.1526291584140521,1,3.374224905696764,-0.9450680668844483
17966.0,-0.5070123740010525,1.0480979277381186,0.5418765016751277,1.361338459382352,0.5407159979871611,-0.470277974590894,1,1.5861166120332537,-0.807993409522942
17967.0,0.94111068223374,-0.5571872395918231,-0.68831552418012,-0.6030410799249616,0.2745016951337471,-0.6055299310832609,0,-1.218891372921197,0.10036722370081519
17968.0,0.9445402369244064,0.0739460908215904,-0.0334408123797245,0.036261296914809,0.7490861757345402,-0.3116415524915388,0,-0.04688172967607726,0.22883078112506597
17969.0,0.4257516242273519,1.847016261407861,0.6733886924290857,0.4705504762041935,0.8010741670374462,-1.1596324608481277,1,1.176138320297297,-1.1677202467204846
17970.0,0.5787669825224744,-1.058145946714099,-0.3367698523720103,0.036261296914809,-0.3507527121214226,0.995809814087355,0,-0.6156563926084293,1.3982837825400953
17971.0,1.188995712108433,-1.058145946714099,-1.2561145982616808,-1.3595320367867216,-0.5486003891756687,-0.7381811547968935,0,-2.5219596722656723,0.19890711843391337
17972.0,0.6662919472041413,-1.058145946714099,-1.3808558895120375,-1.6920419146655814,-0.2672508963742018,-0.9734577182864254,0,-2.5311099613068264,-0.32472963101054153
17973.0,-0.3102985242592435,-1.058145946714099,-0.7302385407132718,-0.6800964371201603,-0.8098576192004525,0.2536821680950679,0,-1.2844359620819996,0.25757573091857705
17974.0,-0.7670473650770303,0.4896629879592288,0.4981292548046775,0.6024183127780941,1.5382721116074227,0.1389565849790049,1,1.6531868618522263,-0.43197324069924725
17975.0,-1.0784157615666077,2.062432694683636,1.4565841173801135,0.9985823835702587,1.4253684886861164,0.0633590567750633,1,2.9989620239822337,-1.0368093707437436
17976.0,0.94111068223374,-1.058145946714099,-0.1981498349568302,-0.5583243821854503,0.2324210325411989,1.257263267081087,0,-0.6186463740634308,1.7233166410479501
17977.0,-0.6752731880764764,-0.5571872395918231,0.3748039382965504,0.935112795236374,0.6514988276797011,1.396716046045293,1,1.2944396351747447,0.9703978771468225
17978.0,0.9289607210324548,0.0739460908215904,0.3253699841843852,0.8446851782167959,0.3145288070742748,0.3633233397746467,1,0.5385696137178254,0.8672513966193393
17979.0,-0.540774126845729,0.0739460908215904,-0.1476711177180603,-0.1471436655965733,0.8223842757380923,-0.5263082317633417,1,0.2391993409033348,-0.7829641284161644
17980.0,0.4257516242273519,0.0739460908215904,0.0756958556288464,0.297923393566484,-0.0181119525235737,-0.106439669334655,0,0.03501946616235352,0.17035092208248223
17981.0,1.0048872215498614,-1.058145946714099,-0.9766997276693622,-0.4246569123197467,-0.7132292345010023,-0.2111722559640872,0,-1.7961921345739444,0.625475886288285
17982.0,1.3281191675561623,-1.058145946714099,-1.369690150524575,-0.9467793286780029,-0.91940584661767,-0.952397837701104,0,-2.645987471085727,0.15997323150505302
17983.0,0.9794848831855826,-1.058145946714099,-1.2141531238149843,-0.9989607652635912,-0.4772168596026035,-0.659036940336597,0,-2.212776053738893,0.18083421805254493
17984.0,0.3395657324261091,0.2992073267345332,0.1780331771080114,0.4414898043123751,1.3022597367090245,-0.2160828321297827,1,0.7895607611717227,-0.06770516534848155
17985.0,-0.8456753236698794,-1.058145946714099,-0.2748555785799904,-0.6545860563214968,-0.586765087019821,1.11258732554906,0,-0.5287291269425934,0.6511204181447172
17986.0,-0.2636361169073439,-1.058145946714099,-2.7055676050686475,-2.5074125686447046,-2.515817022689194,-3.472017873679955,0,-4.967149177138833,-2.839586287211605
17987.0,0.4948562494227654,0.2992073267345332,0.0546461658922677,0.4692570226136769,0.9696189771111754,-0.4479565784053091,1,0.48509862393799313,-0.152459551750781
17988.0,-1.2115801184678894,1.4312993642702228,-0.4619310155945808,-0.6439488281553082,0.8153422320095451,-2.791510929035002,1,-0.05887703465243253,-3.391421655606922
17989.0,0.9530347346034082,-1.058145946714099,-1.008260910410257,-0.270373833714497,-0.3805884749031534,-0.2707003123158489,0,-1.6028093504661993,0.5494421254221831
17990.0,0.6529583027123002,0.4896629879592288,0.3571004129653259,0.2937099202278743,-0.0378814165327151,-0.1262523255587347,1,0.2607455502323113,0.17308200381549602
17991.0,0.6197789110416514,-0.2017513803877423,-0.7662762541729674,-1.0490970995891926,-0.1002197270566499,-1.2990103172740577,0,-1.5839236752590289,-0.7513078697390596
17992.0,0.9696934685856776,-1.058145946714099,-0.9330069789326594,-0.8730374341016977,0.1249263557760024,-0.1287626571124029,0,-1.6014489841689912,0.5904128833164177
17993.0,1.264922212625839,-1.058145946714099,-0.9885911235078024,-0.975256544405366,0.2880622196936218,-0.2336008096524307,0,-1.732887166326517,0.6502704884829741
17994.0,0.2296283133843863,1.15560189306089,0.6559715284283683,0.975905182218599,1.3697273015336937,-0.3849377782259282,1,1.646700733945084,-0.43821332255208206
17995.0,0.7640205789835691,-0.2017513803877423,-0.4532576857091189,-0.4171400197733095,-0.321964036982949,-0.711584292117794,0,-1.091928893075705,-0.12303434775321816
17996.0,0.954720215728158,-0.2017513803877423,-0.4726009645460721,0.1095483360519587,0.3274486497920416,-0.7479196086944424,0,-0.6543632334910712,-0.02375264125930417
17997.0,-0.0876328522714647,0.8001660338568091,0.5405072776878176,1.006352530971259,0.9336836095984208,-0.1709424496839686,1,1.4375060470458352,-0.3229780594128687
17998.0,0.954720215728158,-0.2017513803877423,-0.2700109139291193,0.0798028421345739,0.2466890975132978,-0.367184585041107,0,-0.4869635083663843,0.2851199605302906
17999.0,-0.5236711079833221,-0.2017513803877423,-0.1735949826607578,-0.1504571282154663,0.8831819415705221,-0.185863096763795,1,0.232432101229965,-0.4321125803149285
18000.0,1.2074192468466634,-1.058145946714099,-1.4456812527472451,-0.9929541396007278,-1.4880589811139169,-1.0957258825491285,0,-2.947112282791569,-0.0016255523896408347
18001.0,-1.2115801184678894,0.4896629879592288,0.0180106619733205,0.3851194836668946,0.8499631098416093,-0.7631548930656161,1,0.8942722564367515,-1.397771242933228
18002.0,0.9479515492166356,0.0739460908215904,-0.944996968795981,-1.2626334870875635,0.1727297634470911,-2.019367578042884,0,-1.8638214846776688,-1.2569885107101861
18003.0,0.9479515492166356,-1.058145946714099,-0.685665617396568,-0.3330613346531344,-0.4772168596026035,0.3377518784333157,0,-1.3279148473976177,1.037132885942089
18004.0,0.9236822945372614,-1.058145946714099,-1.2235601498449495,-1.210681155040306,-0.2159596295778201,-0.676779684016753,0,-2.196420456954166,0.10288994453365204
18005.0,-1.8243736859341724,-0.5571872395918231,-0.9455715586977284,-1.0963383891618057,0.1727297634470911,-1.089122670504985,0,-0.9039659740891605,-1.856012370449539
18006.0,-0.8183807704906293,0.0739460908215904,0.0504884019730369,-0.1373022709324161,0.2466890975132978,-0.1538439410561045,1,0.301460000469691,-0.60729810167067
18007.0,0.9762376600515654,-1.058145946714099,-1.035449097177056,-0.4451323693240469,0.0741642041589574,-0.3219803903548502,0,-1.5322130821958193,0.4828493982734197
18008.0,-0.1227827554391228,2.0119964593872464,2.202340200350377,1.812465817366824,0.4897435161402434,1.5248560932485289,1,3.483318492440271,0.8085311412592728
18009.0,0.6475462436000934,0.8001660338568091,0.6051867479792146,0.1795169549510284,1.0040461146997783,-0.0493622952056266,1,0.9172488797809035,0.09334867927976115
18010.0,0.7047061347631505,-1.058145946714099,-1.2013747748086052,-1.3807506813715704,-0.862804573858747,-0.6349354899575337,0,-2.4532974212856025,0.0282045499896579
18011.0,0.942827752064887,-0.5571872395918231,-0.4088620136356878,-0.6030410799249616,0.3274486497920416,-0.0796647124198609,0,-0.9007264903360599,0.5246562393121663
18012.0,1.3664458738438814,-1.058145946714099,-1.49910507858611,-1.3491740126569909,-0.91940584661767,-1.1964894230403398,0,-2.9847836212472862,-0.056923211679495295
18013.0,0.3820531327806657,-0.5571872395918231,-1.1519158962152836,-0.3644942549377236,-0.2412044847042052,-1.4765230129743194,0,-1.6384301914952533,-0.8651209505594147
18014.0,-0.6970151074455184,-1.058145946714099,-1.2365695246463284,-1.29969799342043,-0.2941514393624997,-0.7013168758778884,0,-1.7793095134151082,-0.8131310298857468
18015.0,-1.8243736859341724,-1.058145946714099,-1.4703783518848423,-0.7547837407119178,0.0741642041589574,-1.1423074799898028,0,-1.267053145010678,-1.7513690217047935
18016.0,-0.6141483680629726,0.654643185938614,0.5367660981868924,0.5841917903818861,0.8153422320095451,0.0028211595719048,1,1.3436137894599292,-0.47065740963420677
18017.0,-0.0304066776915911,0.0739460908215904,-0.2171206984821942,-0.142204561494289,-2.515817022689194,-0.6567567309974736,0,-1.3781572340139203,-0.45861846092136405
18018.0,0.1521328382198956,0.0739460908215904,-0.8186943078787514,-0.6439488281553082,0.0200527453205781,-1.7837302129549024,0,-1.254660044645865,-1.4345302703590341
18019.0,-0.3102985242592435,-1.058145946714099,-2.2781664532161976,-2.7168662556421554,-1.614523128595098,-2.665889660388559,0,-4.2223093144469654,-2.2740234742212073
18020.0,1.1843059274157668,-1.058145946714099,-1.139809904494136,-1.3092999294811465,-0.9802035124500996,-0.5188169940362759,0,-2.5525453467572317,0.39818228717375853
18021.0,1.1429941922828974,-0.5571872395918231,-1.013831926339093,-0.7066363290939456,-0.2159596295778201,-1.217333280247256,0,-1.8797092796882713,-0.27252361247053053
18022.0,-0.540774126845729,0.2992073267345332,0.4133830212659372,0.675879768631748,1.6137959741395975,0.2265474665815757,1,1.5535115563914441,-0.18355622618589928
18024.0,0.373777854108697,-0.5571872395918231,-0.6257665771424867,-0.6510211644571734,-0.5486003891756687,-0.4878698959253035,0,-1.3401488337222836,-0.08426126072117221
18025.0,0.954720215728158,0.4896629879592288,0.169796833988793,0.4934079441710827,0.5505411819726732,-0.4782139367484215,1,0.3063492737052612,0.04775272605879764
18026.0,1.131598183073706,-0.5571872395918231,0.5773396681850795,0.042483868766071,-0.9802035124500996,1.7785095067204657,0,-0.1514242559019295,2.255663378909429
18027.0,0.0968649100434169,-1.058145946714099,-1.4990431213909725,-1.210681155040306,-0.5486003891756687,-1.1963725645742354,0,-2.369694481174152,-0.7572178692249911
18028.0,1.2286312392078274,-1.058145946714099,-1.1339256429594118,-0.8631467072838476,-1.7640984679528429,-0.5077185933488485,0,-2.6759361653414917,0.5113016726470226
18029.0,1.2903547758033207,-1.058145946714099,-0.5488991656245179,-0.4425378060430995,-0.6688728615528973,0.5957092913400276,0,-1.4203953394543924,1.4316595977830646
18030.0,-1.8243736859341724,-0.5571872395918231,-1.0025770829577063,-1.3092999294811465,-1.2818823689972492,-1.196197295712146,0,-1.6689342242963654,-1.8991708088422714
18031.0,0.9530347346034082,-1.058145946714099,-0.5034111043827969,-0.3308725774292323,0.1249263557760024,0.6815050580943891,0,-0.8845535167478672,1.2914985757705741
18032.0,0.8722016442145482,-1.058145946714099,-1.8200384881004528,-1.6107384274973675,-1.614523128595098,-1.80180710848876,0,-3.583687657065388,-0.8137199381183092
18033.0,-0.1696156146721137,-1.058145946714099,-1.615377313936877,-0.4425378060430995,-0.2159596295778201,-1.415792363457002,0,-1.9107804646693343,-1.0189915186013356
18034.0,-0.8456753236698794,-0.2017513803877423,-0.1142751829730403,0.4541965521735231,1.189356113787718,-0.0742717864694642,1,0.8074042954097235,-0.47170115313626026
18035.0,-0.540774126845729,0.2992073267345332,0.2279226079948397,0.5575687587617849,0.1727297634470911,-0.1222895959086696,1,0.7022944832477637,-0.4135298203250485
18036.0,-0.6141483680629726,1.15560189306089,0.3738880284090713,0.2687247193212898,1.3478488567818283,-0.9141811896814572,1,1.2690422852326375,-1.4005184449167258
18037.0,0.3779288407609402,1.5110377522649707,-1.232278223507444,-1.6920419146655814,-0.2412044847042052,-4.265267549686208,0,-2.2776915484266027,-3.7952078647561005
18038.0,1.198273634480128,-1.058145946714099,-1.3137743991092825,-1.1548410131689797,-0.4115503779538524,-0.8469342361457741,0,-2.432931286681959,0.1304180162377246
18039.0,0.9445402369244064,0.0739460908215904,-0.3410051512197236,0.0902522913125902,0.9578145568046976,-0.8893123799966295,0,-0.2609796061904751,-0.24278868355282493
18040.0,-0.9353081791524545,-0.5571872395918231,-0.6884965549956934,-0.7933582365477243,-0.6688728615528973,-0.6058704257753695,0,-1.1155128034031596,-0.9081691431461542
18041.0,-1.2115801184678894,2.611849228042442,1.6145939028192433,1.8148970109100115,1.954414686952492,-0.261883473672381,1,3.8544692596398042,-1.463144063078092
18042.0,-0.2865430233339383,-0.5571872395918231,-0.8604680181783809,-1.2902342195152068,-0.91940584661767,-0.929209099591046,0,-1.838082758602174,-0.852094342413601
18043.0,-0.7670473650770303,-0.2017513803877423,-0.0432909206381833,-0.0591107344650019,0.7490861757345402,0.0592926650515964,1,0.43389813762097257,-0.35224731357541644
18044.0,-1.8243736859341724,1.7233615276208618,0.955402378157809,0.7675368126727622,0.9024861982765124,-0.4887991603223111,1,2.3493710173647484,-1.80265142097682
18045.0,-0.4011425702790203,-1.058145946714099,-1.1438857538974396,-0.8203916692661117,0.0200527453205781,-0.5265045194041633,0,-1.4170407519268389,-0.4749367622640821
18046.0,1.298284709279553,-1.058145946714099,-1.143015814804047,-1.5808368721392685,-0.3805884749031534,-0.524863713234153,0,-2.4700918759276567,0.4019083426638681
18047.0,0.9564012788108172,-0.5571872395918231,-0.7182940918550437,-0.8390516708165107,0.457567115373851,-0.6619123072032241,0,-1.290431227905244,0.031260418062727995
18048.0,0.5540975873223486,-0.2017513803877423,-0.604061143557185,-0.4297163291046267,0.2324210325411989,-0.9947483223527138,0,-0.9619919733992592,-0.49368507121379784
18049.0,1.0441334768929462,-0.5571872395918231,-0.3697011789851396,-0.1024269678570621,0.5407159979871611,-0.0059387282842158,0,-0.5666498210794019,0.6807559702518123
18050.0,0.9183600631720789,-0.5571872395918231,-0.5858110419365545,-0.4503524041750327,-0.5121324717856456,-0.4126962479362868,0,-1.3579820317759697,0.29440967144903774
18051.0,1.2823255604571917,0.654643185938614,0.6462414294815295,0.7929532956163405,-0.0181119525235737,0.2087200290140728,1,0.6204602039253421,0.7964649435349902
18052.0,1.2085533323744282,-1.058145946714099,1.771192513558115,2.351305398852586,-0.7601216003714991,4.971671667448472,1,2.347722128831565,5.213057411346815
18053.0,-0.1138130260237924,-0.2017513803877423,-0.3511365487183807,-0.1276059635480851,-0.2941514393624997,-0.5196926943808887,0,-0.5621611071646523,-0.4222898956856623
18054.0,0.9762376600515654,-1.058145946714099,-1.1944400574447185,-1.0756752990814846,-1.0458699940988507,-0.6218558075701528,0,-2.463144518395775,0.22681931899022947
18055.0,-1.5229485149574664,1.4312993642702228,1.7919805693139974,1.3437621366016053,1.6503800698286364,1.4256555726757798,1,3.705645052327677,0.015426668509114179
18056.0,0.777475447277631,-0.5571872395918231,-0.3721870569402652,-0.2604831068966469,-0.321964036982949,-0.0106189735778596,0,-0.9189059999438025,0.5530474463836951
18057.0,0.9762376600515654,-0.2017513803877423,0.185423077538099,0.4448575584127773,0.8567153541898691,0.4898325293678909,1,0.4150225041208941,1.0001598603808655
18058.0,-1.3187161125298097,-0.2017513803877423,-0.1323074785397075,-0.1521201403247171,-0.9802035124500996,-0.1081963360865696,0,-0.25081157584383545,-0.7231896041689724
18059.0,-0.8183807704906293,-0.2017513803877423,-0.7985646320808419,-0.4297163291046267,-0.7132292345010023,-1.3595249948926915,0,-1.133095388620455,-1.5011667605769095
18060.0,1.0002002930243403,-0.5571872395918231,0.1745131016298143,0.3917077284569989,0.457567115373851,1.019222041539752,0,0.22306158468452628,1.539761390995242
18061.0,-0.8456753236698794,2.245808014503504,1.3990053983744255,1.3027737803757162,-0.2672508963742018,-0.2535476337797203,1,2.3190646684064222,-1.10877647014257
18062.0,0.4520853904121776,0.4896629879592288,0.4049983784459095,0.3378468867216029,0.0741642041589574,-0.0361961912240246,1,0.4415149281341023,0.13502504019435257
18063.0,0.972973911537828,-0.5571872395918231,-1.15456140334348,-1.5248267984910486,-2.183176263091345,-1.4814863382316543,0,-3.178058378358012,-0.5742033369361349
18064.0,0.2845613084095361,1.15560189306089,1.1345022235026916,1.114530780586549,0.1880646595930938,0.5147862613132858,1,1.7116759498088034,0.38704576807917884
18065.0,-1.608585561882396,2.28769393059658,1.3263644891618005,0.9968431469319168,1.2372441024225518,-0.4374225750868538,1,2.964285977148722,-1.7860914044208689
18066.0,-0.0791383545924629,-0.2017513803877423,0.3147699157314284,0.0486481213729288,-0.1002197270566499,0.7334254612537935,1,0.2975239788529739,0.6202520384695679
18067.0,-0.4749394310824503,-1.058145946714099,-0.6137885693538543,-0.6334808999499925,-0.1220981718085144,0.4733203392673563,0,-0.8016464135143844,0.3188471498102724
18068.0,0.7796907351412116,-1.058145946714099,-1.5887187228893136,-2.804692648559184,-2.515817022689194,-1.3655111644548583,0,-4.244976617634241,-0.5910808382021234
18069.0,-0.7428435417295326,1.15560189306089,1.1417627617722037,1.2295754568541564,2.1676182632903656,0.5284502411552084,1,2.916248254035495,-0.2433353023736482
18070.0,1.3167343976054071,-1.058145946714099,-0.7808776360763978,-1.147237218205978,-1.1954453334565955,0.1581709527161675,0,-2.225461303728753,1.0447762762646455
18071.0,0.7071870864019181,0.4896629879592288,0.3088616326556179,0.3410014296454213,0.1727297634470911,-0.2169295152382346,1,0.30239673651767857,0.12482046311107729
18072.0,0.4982949986740278,-1.058145946714099,-0.9521544732961074,-0.3576310176485259,-0.6688728615528973,-0.1648770553851106,0,-1.56220037584054,0.38927922966979434
18073.0,0.1864977655259916,1.2544959545938104,1.028040963446935,1.2048703933246534,-0.4772168596026035,0.196558463679295,1,1.4011556272625527,0.08803379027995209
18074.0,0.9445402369244064,-0.5571872395918231,0.348292829644975,0.067994249564734,-0.1002197270566499,1.346745506819874,0,0.04107831011166015,1.766671512063156
18075.0,-0.8183807704906293,1.847016261407861,1.3160562725130345,1.2404872065685464,1.1803407147432114,0.046122123241955,1,2.7649754160838693,-0.8147454575688375
18076.0,0.954720215728158,-1.058145946714099,-1.3038776851596945,-0.7262712480428852,-1.2818823689972492,-0.8282678841739579,0,-2.506484440657713,0.09354060907223354
18077.0,-1.4474112861963695,1.7233615276208618,1.1089774990065986,1.230796851706185,0.9812559531764108,-0.200397843368456,1,2.645339386101777,-1.318969678731427
18078.0,0.5966655916107547,0.0739460908215904,-0.0695394989922707,-0.093227923655073,0.3526935049184267,-0.3794930764138921,0,-0.2023178388694652,-0.012600298331471001
18079.0,-0.4011425702790203,0.2992073267345332,1.0928897897039251,1.8903913028546937,0.7567177940893411,1.506171301937404,1,2.446893709907787,1.0892028093338275
18080.0,-0.9353081791524545,-0.5571872395918231,0.2019464745726449,0.1683602798515559,-2.183176263091345,1.0709218134078682,0,-0.34652311990493245,0.6133081517976179
18081.0,-0.540774126845729,-0.2017513803877423,-0.7167024069582384,-0.6130319698342725,-0.862804573858747,-1.2060669412195486,0,-1.2812798080263024,-1.236054599487896
18082.0,-0.7428435417295326,-1.058145946714099,-0.2012226009437711,0.1465208984497059,0.3145288070742748,1.2514676735405008,1,0.2687483499457072,0.8602461883891672
18083.0,0.9843250963403034,-1.058145946714099,-0.4901062347953509,-0.3999276484574282,-0.1220981718085144,0.7065995874425589,0,-1.0152751549329722,1.3330976821510103
18084.0,-1.0395356639262063,-0.2017513803877423,-0.0970460295269821,0.2800424998431318,-1.3785107536966998,-0.0418562138178484,0,-0.2626299453236686,-0.4548866194649181
18085.0,0.8644979455921589,0.0739460908215904,0.4107448428935294,0.1073073766820068,0.0011923041824166,0.5240394019149025,0,0.1723194112482236,0.9018789936958926
18086.0,0.7456300658619328,-1.058145946714099,-1.5912490955317184,-1.0111411307468456,-1.3785107536966998,-1.3702837411508786,0,-2.9209267650796376,-0.4843537392718838
18087.0,0.0904193764038643,1.6565606001831652,1.9912130874676257,1.8078301024457768,0.0384893202353487,1.5374445893012754,1,2.9777492309996134,1.0509355588023521
18088.0,-0.2097114950440718,-1.058145946714099,-1.231209379445447,-0.9929541396007278,-0.144576100004755,-0.6912070194700591,0,-1.7191188684945868,-0.5130122122854763
18089.0,1.058610958462758,-1.058145946714099,-0.557770989981562,-1.0824911210991477,-1.1954453334565955,0.5789760001764885,0,-1.8773528820879977,1.2500041219085354
18090.0,1.0217853899940603,-1.058145946714099,-0.7043612280372258,-0.2865150349101377,0.0914362748936436,0.3024897853462385,0,-1.1126619462413443,1.0284657072470276
18091.0,1.2395198742615607,-1.058145946714099,-0.6811909857892071,0.0535382624037394,-0.4115503779538524,0.3461915533549788,0,-1.2049398775362878,1.240088297904606
18092.0,-2.1519790306632065,1.7233615276208618,2.0572998165767644,1.8915094324470456,0.0011923041824166,1.5843615159649345,1,3.775532201869801,-0.15130449465081933
18093.0,0.0571826544512456,0.8001660338568091,1.1276873373216032,1.2694974806210635,0.0200527453205781,0.9338650956895844,1,1.759934247175454,0.7181967669910895
18094.0,-0.0226329437380984,1.3460575542855853,1.3881032913022655,1.3971979567139372,0.217900422374825,0.7655897458411036,1,2.2335096988150602,0.39768015897300774
18095.0,0.8306838247077005,0.2992073267345332,0.6527792262904029,0.7777405689610907,-0.1002197270566499,0.6771486573207977,1,0.715933027128432,1.021670185460029
18096.0,-1.2115801184678894,0.4896629879592288,0.477375089608254,0.7184463048116405,1.5948733843663454,0.0999183400892045,1,1.8478422569560933,-0.6987639633026659
18097.0,-1.4474112861963695,1.15560189306089,1.160982056383296,1.1220118185319234,0.5793298571111467,0.5646214708438418,1,2.4458563314317248,-0.5411908681932054
18098.0,0.9811023498659778,-1.058145946714099,-0.3770802171722236,-0.5430633509352029,0.5698454386786636,0.9197797841899658,0,-0.6739648010845031,1.4586184673303892
18099.0,0.2551824986059697,-1.058145946714099,-1.2284803412059777,-0.7889587489815226,-0.6267921989603487,-0.6860597363837774,0,-1.9655525304639845,-0.2113456664148676
18100.0,1.1913278063103443,-1.058145946714099,-0.5200010774153185,-0.0796661867185862,-0.2672508963742018,0.6502144420974626,0,-1.0212617742027088,1.4398578535329067
18101.0,-1.2629135238814884,0.2992073267345332,-0.2814462594329637,-0.4503524041750327,0.607142454731596,-1.078666672864162,1,0.09368724841260219,-1.7053628228439435
18102.0,-2.4120140217391843,4.242786172024185,4.671412840086591,3.904126225491664,1.7952564514672058,3.678155222126037,1,8.527955914732445,0.8410987103467491
18103.0,1.190162819252791,-1.058145946714099,-1.56051052034888,-1.9942859497559235,-1.117253523671916,-1.312307218196118,0,-3.3807330667961257,-0.30348302824755197
18104.0,-0.5236711079833221,-1.058145946714099,-0.1505927989997479,-0.2076863327758596,-0.0789096183560038,1.3469613604515804,0,-0.07582494509108728,1.0399881565714222
18105.0,-0.5070123740010525,-1.058145946714099,-1.5104709398950542,-1.5522358034901935,-0.6688728615528973,-1.2179267575673651,0,-2.4041898032286624,-1.1354693931713633
18106.0,0.8644979455921589,0.4896629879592288,0.3252221813196177,0.0198015886647239,0.8896672959534744,-0.1861779592389343,1,0.41749159919384915,0.17193051403694942
18107.0,1.0514130692268566,-1.058145946714099,-1.2335200720733324,-1.3190441216122355,-0.0789096183560038,-0.6955652541437598,0,-2.2408624526855023,0.14088899002768665
18108.0,0.6972051697365015,-0.2017513803877423,-0.0659607735760689,-0.4221417240201969,0.0200527453205781,0.0166335234625288,0,-0.5203320368066127,0.4140410342693845
18109.0,-2.1519790306632065,2.611849228042442,1.7029282654908235,1.5022081672148837,1.2784785627150907,-0.0959347678429451,1,3.813464081328086,-1.846840050393625
18110.0,-0.9040178174155592,-0.5571872395918231,-0.5461531002221997,-0.6439488281553082,0.2607132519567318,-0.3380725429573737,0,-0.517673074419207,-0.7006613055358374
18111.0,1.235186579405105,-1.058145946714099,-0.5967267987382333,-0.4992963694822978,-0.3507527121214226,0.5055008203033701,0,-1.3485691978753058,1.3084319196259202
18112.0,-1.2115801184678894,0.0739460908215904,-0.130543161477545,-0.0693081625888552,0.2745016951337471,-0.4941286572427789,1,0.2754968458898691,-1.0933104418666129
18113.0,0.935931715741001,-1.058145946714099,-1.2984637366453204,-0.8112565093766205,-2.515817022689194,-0.8180565484678475,0,-3.047497917425225,0.13801590296795327
18114.0,0.7818983972139277,-1.058145946714099,-1.0361657488100693,-1.437000405574019,-0.321964036982949,-0.3233320785708729,0,-2.103494560901218,0.2930480891071386
18115.0,1.3439092893982052,-1.058145946714099,-3.2183894196967127,-3.172763669970543,-1.9471638881929467,-4.439259378227165,0,-6.090209450652658,-2.831137796105975
18116.0,-0.1411075792030422,1.3460575542855853,0.6046753962447383,0.6222087176356097,1.627049785132738,-0.7070490431887259,1,1.66007710242264,-1.0003970957688437
18117.0,-0.7428435417295326,-1.058145946714099,-0.7658953850522435,0.143340936064449,0.3891614223084505,0.1864292182749702,0,-0.302025920998373,-0.005418639182599166
18118.0,-1.2629135238814884,2.28769393059658,1.425627051098169,1.267192381513502,1.918347645728336,-0.2510327480915894,1,3.371913740763303,-1.448451049121209
18119.0,0.9341960578512236,-1.058145946714099,-0.6784282233293059,-0.4503524041750327,-0.2941514393624997,0.3514024442379252,0,-1.2950444960310514,1.0206759869293747
18120.0,0.5877787261013253,-1.058145946714099,-1.5252884064032513,-1.8050714269853785,-0.7132292345010023,-1.245874220390024,0,-2.8986244651236004,-0.5798107836926693
18121.0,0.3568999011193944,-0.5571872395918231,-0.2328748848411288,-0.0649184626094477,-0.321964036982949,0.2517106466472102,0,-0.5478287407902938,0.5538919795686583
18122.0,-1.4474112861963695,0.4896629879592288,0.4856768499567983,0.597642585100213,1.4118079641262418,0.1155334478649577,1,1.7973032528694217,-0.8196904152382029
18123.0,-0.7922005967383016,-0.2017513803877423,-0.2206959139400061,0.1549263922572553,0.1880646595930938,-0.2744507613501549,1,0.12100405888963078,-0.5897299014690708
18124.0,1.0934362995056883,-1.058145946714099,-1.522850933900322,-1.4857427705919497,-0.586765087019821,-1.2412768641470264,0,-2.850945617628504,-0.2717716677709049
18125.0,-0.6542442484349309,0.0739460908215904,0.1482460888026988,0.3161485654770629,1.1044120596547775,0.0300220056792978,1,0.9236857588298653,-0.3609919555124256
18126.0,-0.2097114950440718,-1.058145946714099,-1.0807666101155202,-0.8112565093766205,0.1727297634470911,-0.4074544832007807,0,-1.3418963171905416,-0.279269333265536
18127.0,-0.9353081791524545,0.0739460908215904,-0.3632546885657152,-0.4451323693240469,0.2324210325411989,-0.9310583603477448,0,-0.25166744103848177,-1.3311094929752323
18128.0,1.1760153661788,-1.058145946714099,-0.5720225061436838,-0.5311044589581426,0.0011923041824166,0.5520959854393479,0,-1.1726000101489658,1.294724970452845
18129.0,0.6689257299564773,-1.058145946714099,-1.516348722224106,-1.5248267984910486,-0.91940584661767,-1.229012937720361,0,-2.8682637956530703,-0.4842295896512951
18130.0,-1.0784157615666077,-0.2017513803877423,0.0935635984020797,0.3322897666727036,0.2607132519567318,0.316881149456371,1,0.6574945021653115,-0.2537573529736493
18131.0,1.2803024508967262,-1.058145946714099,-1.0269044141607415,0.0691846950278294,-1.7640984679528429,-0.305864125756058,0,-2.1397449226344696,0.7966776701653543
18132.0,1.1354193971521174,-1.058145946714099,-1.014337650130427,-0.5460873605785668,0.2880622196936218,-0.2821617492165832,0,-1.5180179472840047,0.5828803471020134
18133.0,0.5817849890277144,-1.058145946714099,0.0009508815084152,0.6566888831307086,-2.515817022689194,1.6327903430693482,0,-0.8652558881922495,2.074410075229955
18134.0,1.2448956408493488,-0.5571872395918231,-0.530522745636807,-0.8881581216111365,-0.3507527121214226,-0.3086585499247825,0,-1.5399665370610494,0.5069359036816193
18135.0,-0.6752731880764764,1.0480979277381186,0.2124633886067893,0.2731007896147724,-0.4772168596026035,-1.088021650806322,1,0.35471385759892154,-1.4645326877998024
18136.0,-0.1893502547848894,0.2992073267345332,0.4044203206282661,0.360381763362304,0.4897435161402434,0.2096838395738827,1,0.8190318316243965,0.014419757775536318
18137.0,1.1924906809695346,-0.5571872395918231,-1.330348287754133,-1.3916223493687232,-0.3805884749031534,-1.811051318092381,0,-2.6211974614823172,-0.7875161484094847
18138.0,0.7928241333268481,-1.058145946714099,-1.298416836768471,-1.6749572933624948,-1.2818823689972492,-0.8179680898528803,0,-2.8964265420058513,-0.08234323642950697
18139.0,-0.9682038613741812,0.4896629879592288,1.5882664517312153,1.5869649540560724,-0.144576100004755,2.192236449883726,1,2.637845463747584,1.2934955705454236
18140.0,1.096142317017561,-1.058145946714099,-0.3961736624256045,-0.1504571282154663,0.1249263557760024,0.8837673288164277,0,-0.7303104958816838,1.551967498838959
18141.0,0.9907224082272228,-0.5571872395918231,-0.0379696636692119,-0.0901899462501785,-0.0789096183560038,0.6188473434100106,0,-0.4492965700395094,1.18603308524191
18142.0,0.3902229910202726,-0.5571872395918231,0.0659472521107665,0.6196384879529337,-1.1954453334565955,0.814640336883139,0,-0.2816717546735976,1.1355842485114227
18143.0,0.2030134902092342,-0.5571872395918231,0.0521457503926414,0.0902522913125902,0.2745016951337471,0.78863482985723,0,0.12373775622403346,0.8928966459814657
18144.0,-1.4474112861963695,1.7867352234743037,1.2195135168100393,0.9892528521267336,0.1571027565423948,-0.0658847399773323,1,2.311062668027552,-1.2145202005959768
18145.0,-1.1640528084915374,1.15560189306089,1.2951379693242009,1.5314333166097096,1.448573071542019,0.817161091133373,1,3.053688749305071,-0.17871529318678722
18146.0,0.3217499979517362,-0.5571872395918231,-1.2631808186310058,-0.7716493042481812,-1.117253523671916,-1.685183272745879,0,-2.2930157231913704,-1.0690121999172881
18147.0,-0.3873500989396135,-0.5571872395918231,-1.1830018306544894,-0.5867196235949155,-1.3785107536966998,-1.5348382091828638,0,-2.0085300406520368,-1.3067504211344583
18148.0,1.2953224629098814,-1.058145946714099,-1.5065788861984584,-1.3389765845331374,-1.1954453334565955,-1.2105858922494492,0,-3.0804416391821423,-0.09407802227411878
18149.0,-0.3225146116861712,0.654643185938614,0.4014787318026582,0.4032596555081397,0.2031181655606824,-0.2514907898757522,1,0.7696744373902542,-0.5071159895107036
18150.0,-0.6141483680629726,-0.2017513803877423,-0.3568145727049515,-0.2644215674002995,-0.2941514393624997,-0.5303646497545216,0,-0.4765449859865836,-0.7196435874937741
18151.0,0.294062596246371,0.4896629879592288,0.5063690994789024,0.4502103524641729,0.6935794902722501,0.1544564391551367,1,0.9085736112901472,0.1861631335944114
18152.0,1.2943319990854762,-1.058145946714099,-0.5607302399052013,-1.2361445003371931,-1.117253523671916,0.573394511115716,0,-1.9937776816290262,1.3561200070916053
18153.0,1.3070902279146166,-1.058145946714099,-0.9557017655029248,-0.5964638157260045,-0.7132292345010023,-0.171567660490666,0,-1.9489007515325765,0.8063688769861389
18154.0,-1.9674812683483247,0.2992073267345332,0.0018004100065318,0.1517869068748762,-0.1676872918813187,-0.5472197409144895,1,0.5749144628974859,-1.5672143788772943
18155.0,-0.0791383545924629,-0.2017513803877423,-0.6600564408074647,-0.4097080656836057,-0.6267921989603487,-1.0998193549980633,0,-1.1714824044815335,-0.886429416296505
18156.0,-1.1640528084915374,-0.5571872395918231,0.0083849340471895,-0.1862951485943219,0.7017426726202728,0.7061817572416521,1,0.5508891572307407,0.02800230032119705
18157.0,1.2153160509140626,-1.058145946714099,-1.051815318040754,-0.8022464926048176,-0.4115503779538524,-0.352848983773475,0,-1.9939184598055366,0.5750833269835086
18158.0,-1.3798409325433134,-0.5571872395918231,-0.5170772588807725,-0.2223436733560928,-0.4437267787202448,-0.2833550086340458,0,-0.4328130786664042,-0.8441061497537595
18159.0,0.8056939671904363,-1.058145946714099,-0.4046167349211365,-0.8343368051868192,-0.4772168596026035,0.8678427134614776,0,-1.220567449938511,1.3376658841579236
18160.0,-0.2524823540546596,-0.2017513803877423,0.0548182889451822,0.0287156584520272,0.2324210325411989,0.2439443272320785,1,0.20429895118400498,0.11190648989529588
18161.0,-1.0784157615666077,0.4896629879592288,0.4765048802261491,0.436065270976093,0.2466890975132978,0.098281557670497,1,1.112461026025009,-0.5950862386627833
18162.0,1.3743690038409726,-1.058145946714099,-0.6456207381696804,-0.2585226853594002,0.0565206627106016,0.413281171704348,0,-1.1614839842392448,1.3162812543265838
18163.0,1.2297284596616558,-1.058145946714099,-0.1756260181217559,-0.062008188220434,-0.1914684658752519,1.2997458016813437,0,-0.6273497844140394,1.9850671226577377
18164.0,-0.5236711079833221,-1.058145946714099,-0.6077924714887638,-0.6510211644571734,-0.4437267787202448,0.4846296762631873,0,-0.9219534581344708,0.3138111666664123
18165.0,0.4666615905535427,-1.058145946714099,-0.8080009373920439,-0.439953437536103,-1.117253523671916,0.1070132561742213,0,-1.624099054918552,0.6037006703617503
18166.0,1.2721455816534404,-1.058145946714099,-1.1985112160568436,-1.1176717491805908,-1.117253523671916,-0.6295344855610615,0,-2.6091403141903555,0.38220093201467836
18167.0,-0.8183807704906293,-0.2017513803877423,0.2864549440905259,-0.1724113414944718,-0.4437267787202448,0.680095606412942,1,0.25123395792782965,0.16394170928385732
18168.0,0.4630484812852117,1.5859404542672264,1.0078342178035888,0.97079138743876,1.3022597367090245,-0.231003042246895,1,1.9439970078042454,-0.2974294556095996
18169.0,-0.2097114950440718,-1.058145946714099,-1.0954073363469274,-1.370055796318314,-1.1954453334565955,-0.4350685933337533,0,-2.188721530186437,-0.2966611681062078
18170.0,-0.5950029105353472,0.9303406571479472,0.8132965455035862,0.5704601655615137,0.2745016951337471,0.1824429127027846,1,1.4126557792375447,-0.3643137940566481
18171.0,-0.2307404346856175,0.9303406571479472,0.6935787582039605,0.4535338609952382,0.4791576523996084,-0.0426782244826546,1,1.2020583457702545,-0.3672480050818823
18172.0,-1.0784157615666077,2.990819440597063,2.113003338473688,1.7764752545618738,1.1620071460508272,0.2501022194303302,1,4.025220602162843,-1.0464532230575254
18173.0,0.0148821476427679,0.2992073267345332,0.7663358535139316,0.8197077915649662,-0.1676872918813187,0.8909861882248515,1,1.0826032266889496,0.7536397171235947
18174.0,-1.5229485149574664,-0.5571872395918231,-1.2536422752369103,-1.1942372750823944,-2.515817022689194,-1.6673025612036938,0,-2.4875929186883083,-2.048364500333929
18175.0,1.323400049877103,-1.058145946714099,-1.1960657618175143,-1.2809046880716817,-1.3785107536966998,-0.6249220748361671,0,-2.80784114124469,0.40937444676179413
18176.0,0.9165761254464796,-1.058145946714099,-0.4815721156892688,-0.3691098594149052,-0.2672508963742018,0.7226959272796986,0,-1.0308902685162236,1.3184636335307391
18177.0,-0.6338830081757483,0.9303406571479472,0.6252968634524798,0.6003000470540513,0.3650304751021734,-0.1710241153509741,1,1.2769141971443834,-0.6728930306993471
18178.0,0.2651257241188405,1.15560189306089,1.3549105811343232,1.345643539607747,1.2824902726998832,0.9297069593197788,1,2.5151976424371822,0.6866071816051177
18179.0,-1.3798409325433134,0.8001660338568091,0.7254429506720396,0.8497866404363418,0.7098254282188435,0.1767789055866231,1,1.8700035226233576,-0.7573725446665016
18180.0,-1.7074462772723475,0.4896629879592288,0.4925610753384786,0.8162791776906921,0.7642790739473241,0.1284826309298292,1,1.719497649266697,-0.9012705100981686
18181.0,-0.7922005967383016,0.2992073267345332,0.1868454389496048,0.0350096867582246,0.9696189771111754,-0.1995171213809417,1,0.8223794614880593,-0.7022609143744825
18182.0,1.081115906117918,-1.058145946714099,-0.8354201537162836,-0.7144200996877884,-1.117253523671916,0.0552974295567479,0,-1.9739181658749072,0.871983808970253
18183.0,0.6254293898743742,-0.5571872395918231,-0.2781263101001373,-0.191578076103695,-0.1220981718085144,0.1664916754644165,0,-0.656153952116324,0.6108530870713069
18184.0,-1.0784157615666077,-1.058145946714099,-2.0959556047660586,-1.3807506813715704,-2.515817022689194,-2.3222188371659565,0,-3.5351251429238606,-2.243648166349318
18185.0,0.6845052458484283,-1.058145946714099,-0.8037629078866803,-0.6545860563214968,-0.7132292345010023,0.1150066720511501,0,-1.6206099617668326,0.6903150903498656
18186.0,1.3664458738438814,-1.058145946714099,-0.746318969162614,-0.2526762385191352,-1.0458699940988507,0.2233526123635394,0,-1.7213144530577242,1.2079884452938396
18187.0,1.2803024508967262,-1.058145946714099,-0.1795365646627622,-0.3093765158786823,0.1083521949576072,1.292370056711001,0,-0.639062517591234,1.9686768559911512
18188.0,-1.0784157615666077,0.4896629879592288,0.907611416538712,0.8771586055506533,0.6600894093898906,0.909706259442156,1,1.9494588276140856,0.08761496498278826
18189.0,-0.0543097623705864,-0.2017513803877423,0.2962004102024556,0.3417877070119912,0.5105140700321456,0.6984503770749332,1,0.661675069782734,0.6077600146223782
18190.0,0.5185490566485405,0.2992073267345332,-0.1592461990659752,-0.0090274496374472,-0.1676872918813187,-0.8495210257978467,0,-0.4465691443122505,-0.46184817062080524
18191.0,0.7170160174661255,-0.5571872395918231,-0.4056349534847911,-0.2644215674002995,-0.8098576192004525,-0.0735895817171878,0,-1.140131531972493,0.4902232331394097
18192.0,-0.10496702096475,-1.058145946714099,0.0211207453783454,-0.2507389147655574,0.0565206627106016,1.670833048975323,0,0.01219186459589374,1.5218694762811151
18193.0,0.4218998096527606,-0.2017513803877423,0.1876867759879225,0.4089604143933763,0.3650304751021734,0.4940950613423336,1,0.36909566439665964,0.7172928046217238
18194.0,-0.0226329437380984,0.4896629879592288,1.0790531503424658,0.836217341359496,-0.4772168596026035,1.2326274167902826,1,1.3106442499388808,0.9759003305649168
18195.0,0.9663961595288088,-1.058145946714099,-1.5925176217113242,-1.3807506813715704,-1.614523128595098,-1.3726763288597486,0,-3.263008432551711,-0.3915345711753828
18196.0,0.0706847362910886,0.0739460908215904,0.3266250860203564,0.4896531046365794,1.306157098229331,0.3656857666867709,1,1.052484744749449,0.3175680682240911
18197.0,1.2208976805661906,-1.058145946714099,-1.0042900010486977,-0.7183468035229781,-1.1954453334565955,-0.2632107160550492,0,-2.2313517553985562,0.6941090450762745
18198.0,-1.8243736859341724,1.6565606001831652,1.2700534567320076,1.3828296949200345,0.5307717179635321,0.179782934874538,1,2.813498455586006,-1.1650837804376455
18199.0,1.3309340595609251,-1.058145946714099,-0.7139879119925711,-1.0556416405393652,-0.586765087019821,0.2843327413064448,0,-1.86281372306279,1.1367237150129736
18200.0,0.140256106228435,-1.058145946714099,-1.247935446110473,-0.9811029912456316,-0.2941514393624997,-0.7227543238646087,0,-1.902580307530561,-0.3383431060827655
18201.0,1.3664458738438814,-1.058145946714099,-0.5264466262223191,-0.6265937067707593,-0.3507527121214226,0.6380573884232983,0,-1.3746556664331973,1.4750780359296412
18202.0,0.5445962994855142,-0.2017513803877423,0.292734628929475,0.102802421133135,0.217900422374825,0.6919228271151711,1,0.23728964003393888,0.9206926923013697
18203.0,0.3902229910202726,0.0739460908215904,-0.4403975723003033,-0.96946160877935,-0.0378814165327151,-1.0757443688659711,0,-1.1056179372145662,-0.7603555041888309
18204.0,-0.1138130260237924,-0.2017513803877423,0.5488753557627575,0.57928136653745,1.0791672045283929,1.1744530330506435,1,1.296622208991774,0.9588280857426161
18205.0,-0.540774126845729,-0.5571872395918231,-0.4221808225069107,-0.6231769669374269,-0.2672508963742018,-0.1047376074921413,0,-0.7088636050941373,-0.28648952708954983
18206.0,1.194810123638174,-1.058145946714099,-0.779598124774855,-0.4609184296153759,-0.6267921989603487,0.1605842596408877,0,-1.6270179520100063,1.0232471348029804
18207.0,1.1290379992392874,-1.058145946714099,-0.385446549342368,-0.2783949201827544,-0.2412044847042052,0.9039999100017716,0,-0.9414531374235897,1.589917672057399
18208.0,1.2096854159849515,-1.058145946714099,-0.6827260083810862,-1.178194505634738,-0.7132292345010023,0.3432963224600918,0,-1.9019625255408519,1.1111507574430681
18209.0,-0.6752731880764764,-1.058145946714099,-1.364942598941736,-1.4026767430063911,-1.2818823689972492,-0.9434434040071488,0,-2.381359222604578,-0.9634107199101887
18210.0,-2.1519790306632065,0.654643185938614,0.7854405288597702,0.7254996800624545,0.8223842757380923,0.4706398262311695,1,2.156449815627549,-0.9232298851526703
18211.0,-0.7428435417295326,0.2992073267345332,-0.3155031891275991,-0.2131446291541037,-0.1002197270566499,-1.1424871659829172,0,-0.2868449671906704,-1.4158401994944556
18212.0,0.8567005826867328,-0.5571872395918231,-0.3824803003023556,-0.7144200996877884,-0.0378814165327151,-0.029998096139998,0,-1.0500258615007345,0.5226494421921511
18213.0,0.6529583027123002,-1.058145946714099,-0.9969068734136408,-0.4992963694822978,-0.8098576192004525,-0.2492852798152204,0,-1.7832030787874498,0.3980315766377112
18214.0,1.1688228586551843,0.0739460908215904,0.4673562565898109,0.4522064721717343,-0.0789096183560038,0.630628354670608,1,0.2665090490497237,1.1936168919999979
18215.0,0.0292945563903604,0.2992073267345332,0.6351773514461295,0.5473005737190528,0.1880646595930938,0.644007719523719,1,0.958475614752229,0.5184087436192214
18216.0,-0.6338830081757483,-1.058145946714099,-0.4734662015484375,-0.5964638157260045,-0.3805884749031534,0.7379846228181178,0,-0.6929008425588599,0.4609587415949627
18217.0,-0.6752731880764764,0.0739460908215904,0.0113387362458284,0.2616618762708548,-0.1914684658752519,-0.227457548770063,1,0.22091209544068657,-0.5286364800446649
18218.0,0.5787669825224744,0.0739460908215904,0.1476222231359619,0.5076061319118196,-0.4115503779538524,0.0288484015651065,0,-0.0011724465791177986,0.40258122642498934
18219.0,-1.9674812683483247,1.6565606001831652,0.9670780670290162,0.789779726425166,0.5887058798168258,-0.3895771706579705,1,2.2817995998630733,-1.7668329257412405
18220.0,0.6254293898743742,0.4896629879592288,0.5224065212187855,0.657661843276783,-0.7132292345010023,0.1846255471085059,1,0.3353862969145886,0.4763126737132897
18221.0,-0.8456753236698794,0.4896629879592288,0.3069993142872715,0.4594741808020236,0.4240770344914922,-0.2204298062017134,1,0.9447177116328251,-0.7307691324265844
18222.0,0.0571826544512456,-1.058145946714099,-0.533761372021396,-0.2585226853594002,-0.6267921989603487,0.6242609282683984,0,-0.915791912460702,0.7936298711131106
18223.0,-1.7074462772723475,2.1575193073054413,1.9530922159548656,1.7044512518064177,1.233004335585143,0.8890282018980732,1,3.9814004150660347,-0.6602383737190372
18224.0,0.7218745649366273,-1.058145946714099,-1.2694605373068972,-1.2902342195152068,-1.117253523671916,-0.763353145912468,0,-2.5941686296590256,-0.045854714190070936
18225.0,-1.9674812683483247,2.1575193073054413,1.9026518867490003,1.7667337105858072,1.499269850589834,0.7940675077443609,1,4.148824403627564,-0.8856515027485408
18226.0,-0.4152381970004986,2.1575193073054413,1.8346675938808656,1.816902259227906,1.5948733843663454,0.6660982200650771,1,3.655994735506386,-0.13538249101049515
18227.0,0.5996007235020872,-0.5571872395918231,-0.6276683909950093,-2.0222782993066613,-1.4880589811139169,-0.4914477699219579,0,-2.4478665347452107,-0.05879065004421543
18228.0,-0.2524823540546596,-0.5571872395918231,-0.1268982343411036,-0.4825737499159102,-0.4772168596026035,0.4513195522660659,0,-0.5062113736115442,0.3455592262187445
18229.0,-1.2115801184678894,2.245808014503504,1.7663091993963873,1.2205485773885911,0.4465549626877331,0.4369795029348742,1,3.0808040029635695,-0.7909291527910487
18230.0,-1.3798409325433134,0.9303406571479472,1.1010465380732253,0.9137268807479656,0.0011923041824166,0.7239323253919369,1,2.010774260823227,-0.3106346020803138
18231.0,0.5185490566485405,2.245808014503504,1.4412660540822086,1.1645201416488054,1.3366868742976272,-0.1741599041826597,1,2.5399042924189654,-0.3802009886941478
18232.0,-0.0226329437380984,0.0739460908215904,-0.32406570020308,-0.3265167937029618,-0.2412044847042052,-0.8575250599743494,0,-0.6356574866595841,-0.7369264681315861
18233.0,0.8567005826867328,-1.058145946714099,-0.5386467680737343,-3.0259974839117305,-2.515817022689194,0.6150465038948957,0,-3.2567813041229496,1.0320372580031267
18234.0,1.1936514508770608,-1.058145946714099,-1.1819636844064607,-1.1942372750823944,-0.2672508963742018,-0.5983239189402413,0,-2.2499458494315907,0.3187014556652507
18235.0,-0.10496702096475,-0.2017513803877423,0.4738558583659749,0.7592582774673706,0.7017426726202728,1.0331069092872331,1,1.1420076028851316,0.8841900247729036
18236.0,-0.6542442484349309,1.2544959545938104,0.4734027093328137,0.2213993478973344,0.5207054191909427,-0.8451056530642691,1,1.0270484691102135,-1.3607114927717119
18237.0,-1.9674812683483247,0.2992073267345332,0.0426838581776621,0.1475774784982984,-0.0378814165327151,-0.4704286601823221,1,0.6702271573623401,-1.5112545633181385
18238.0,1.1492388881540097,-1.058145946714099,-0.8870802001452132,-0.9637172845910724,-0.862804573858747,-0.0421394181115531,0,-2.0616207220100096,0.7941763063247264
18239.0,0.6025224834477799,0.4896629879592288,0.6033569091419527,0.4927836242961985,0.5698454386786636,0.336932754201429,1,0.8839853616886622,0.5132087613170716
18240.0,-0.3873500989396135,-1.058145946714099,-0.5676884573693263,-0.8984352203714877,-1.4880589811139169,0.560270504809845,0,-1.472075810155989,0.47172068284296836
18241.0,-1.3187161125298097,1.904492494064476,0.8400722804182815,0.7131061866636672,0.7098254282188435,-0.9133409231830768,1,1.9769257997986351,-1.9139941952113646
18242.0,-0.10496702096475,0.8001660338568091,0.9755844634701036,0.9219096304654908,0.8010741670374462,0.6474825519843556,1,1.8099415320423053,0.32750294094441207
18243.0,1.0095401454577722,-1.058145946714099,-0.4243805985240541,-0.5311044589581426,-0.3805884749031534,0.830565771214361,0,-1.12235891320674,1.4456569858348012
18244.0,1.035287471833904,-0.5571872395918231,-0.354203954656957,0.3573190293585997,-0.6267921989603487,0.0232390605286618,0,-0.8162430749853562,0.7977745012392732
18245.0,-1.5229485149574664,1.847016261407861,1.3805632974065838,1.5302734283010304,1.6902854707597983,0.1674087794819294,1,3.4012675575441005,-1.097437840771014
18246.0,-0.7922005967383016,-0.2017513803877423,-0.146617653450122,-0.5521774127817789,-1.9471638881929467,-0.135116826830031,0,-1.02006400899012,-0.45262759409789177
18247.0,1.011083648486406,-0.2017513803877423,-0.0737015531970089,-0.2585226853594002,-0.321964036982949,0.002067978350487,0,-0.6915458763358138,0.6064434418766725
18248.0,0.2348212583467873,-0.5571872395918231,-0.1049777752378377,0.0185182303281739,-0.0581390644641013,0.4926120022679108,0,-0.22505063405964593,0.6784044354570701
18249.0,-1.0028785328055103,-1.058145946714099,-1.634785173901677,-0.8881581216111365,-1.2818823689972492,-1.4523978414942604,0,-2.32407200514321,-1.5037373466406707
18250.0,0.8245270555146574,-1.058145946714099,-0.7046286209941472,-0.5997442262109776,-0.5486003891756687,0.3019854511728851,0,-1.4646866799376386,0.9167638268075191
18251.0,0.0148821476427679,0.9303406571479472,2.40678732581283,2.8791237591452505,0.5887058798168258,3.184593863103496,1,4.131900985321174,2.6187317614298133
18252.0,-0.3225146116861712,0.654643185938614,0.3638942184879751,0.4167191427842878,0.8831819415705221,-0.3221119892216825,1,1.0186736260406264,-0.5932929045221443
18253.0,1.2913513963594865,-1.058145946714099,-0.7722847012411689,-0.8881581216111365,-1.3785107536966998,0.1743782258496848,0,-2.1626092025468244,1.0781242991471354
18254.0,1.226431150604787,-1.058145946714099,-0.8951280310536153,-0.6369517309004904,-0.7601216003714991,-0.0573185619274807,0,-1.8978849471226142,0.8525379168975652
18255.0,0.0292945563903604,-0.5571872395918231,-0.8063643300535369,-0.5931996852608044,-0.7601216003714991,-0.8275105019369239,0,-1.4851120034995722,-0.5333064008412145
18256.0,0.9680469331528012,-1.058145946714099,-1.5281855907475088,-0.6653981508446892,-1.117253523671916,-1.2513386465594194,0,-2.652064715075826,-0.24279355173968808
18257.0,-0.4907754257615954,1.2544959545938104,1.1511562029568678,1.0263575798899018,1.3404244345531768,0.4281642933301926,1,2.4142035739848446,-0.19572835353111825
18258.0,1.0824965852277768,0.4896629879592288,0.5723216625066894,0.908767915772886,-0.2672508963742018,0.2785353615404626,1,0.5492706696398396,0.8088424425708998
18259.0,-0.7670473650770303,0.654643185938614,1.1055887219235403,0.675879768631748,0.1571027565423948,1.0734222678025551,1,1.7649354138214768,0.3505706455018056
18260.0,0.4520853904121776,2.0119964593872464,1.7078742261491708,1.5492175077066546,1.3138967127742598,0.5937234650566501,1,2.9974790199552794,0.30752071200576
18261.0,-0.4296506057480915,-0.5571872395918231,-0.7580540565493585,-0.8022464926048176,-0.6267921989603487,-0.7366805594775938,0,-1.3336890937229304,-0.738938385553524
18262.0,0.3172176455272237,-0.2017513803877423,-0.3430325223853763,0.0691846950278294,-0.0378814165327151,-0.5044605139903041,0,-0.4889151048526382,-0.16474878133269008
18263.0,-0.7428435417295326,-0.2017513803877423,0.1911432358357044,0.7117643549732271,0.2745016951337471,0.5006035992602914,1,0.840722364981883,0.11687434569883103
18264.0,1.1290379992392874,-1.058145946714099,-0.3117008933755441,-0.4743692243337022,-0.1220981718085144,1.0430927824118603,0,-0.9057505690173469,1.6775053108937885
18265.0,-0.10496702096475,-0.5571872395918231,-0.1072280477620534,-0.3072650503773302,0.0384893202353487,0.4883730008671584,0,-0.23459258983289608,0.45121026433011907
18266.0,1.0397257262171895,-1.058145946714099,-0.9416161828006492,-0.8390516708165107,-0.862804573858747,-0.1450006155312889,0,-2.026814910014933,0.6632520342302545
18267.0,1.320551820774439,-1.058145946714099,-0.8911994811051674,-0.853402515152758,-0.7132292345010023,-0.0499088604396814,0,-2.005380837100624,0.8864390861015466
18268.0,0.2893295474663386,0.4896629879592288,0.3392602969046842,0.2354038714153275,-0.1220981718085144,-0.1597897880946644,1,0.292772051146615,-0.05601103398374301
18269.0,0.9307105862349312,-1.058145946714099,-0.7298975525807522,-0.7759341463654605,-1.3785107536966998,0.2543253113173784,0,-1.95232368701625,0.9558948438240187
18270.0,-0.5070123740010525,-0.2017513803877423,-0.5312501685484938,-0.567653913628976,-0.7132292345010023,-0.8580639861223686,0,-1.0117203556288648,-0.9378278648487781
18271.0,1.2576165577225409,-0.5571872395918231,-0.2246376227234605,-0.2906129979414018,-0.6267921989603487,0.2672241970409906,0,-1.0527038606671413,1.052417008948767
18272.0,-1.9674812683483247,0.9303406571479472,1.116808979495382,1.1547759495177163,1.0040461146997783,0.7536074096318865,1,2.740754091315284,-0.6301272618728709
18273.0,-2.1519790306632065,0.0739460908215904,-0.6888990085987832,-0.8296554976039625,-2.515817022689194,-1.5411485389297763,0,-1.5399032212642971,-2.409814272077165
18274.0,-0.6542442484349309,-1.058145946714099,-1.1967985270824448,-1.132288371569837,-1.0458699940988507,-0.6263041552335178,0,-1.9839332193058634,-0.6785560656547999
18275.0,1.2231168011153777,-0.5571872395918231,-0.1628939959407448,-0.1148959846829668,-0.6267921989603487,0.3835163972377383,0,-0.8937103294968323,1.1452332268813328
18276.0,-0.4152381970004986,0.4896629879592288,0.4154422894040058,0.6040025470377427,0.5307717179635321,-0.0165574349108219,1,1.0379025624083849,-0.3194018998783918
18277.0,-0.2415192631816249,0.2992073267345332,0.1712198392840876,-0.0663784430952912,0.1880646595930938,-0.2288904061245961,1,0.2617138717259474,-0.3986941225243562
18278.0,-0.0876328522714647,-0.5571872395918231,-0.582087397697493,-0.8296554976039625,-0.5121324717856456,-0.4056899406257054,0,-1.218791735738724,-0.29087931009428236
18279.0,1.1541912309005586,-1.058145946714099,-1.000433891745542,0.1559695660505654,-0.91940584661767,-0.2559376460379559,0,-1.6805285305604796,0.7387933571015394
18280.0,0.7548912404987429,-0.5571872395918231,-0.4639757953946582,-0.616396278646906,-0.321964036982949,-0.1834115182337843,0,-1.1767470079341051,0.365025778303611
18281.0,0.4809138481706168,-0.5571872395918231,-1.100770212170649,-0.8022464926048176,-0.7132292345010023,-1.380548359992734,0,-2.0170421996044263,-0.755956864862979
18282.0,-1.4474112861963695,-0.5571872395918231,-1.1881748692224972,-1.0298453562635617,-0.9802035124500996,-1.5445411634906272,0,-1.7264563583119146,-1.959467069875849
18283.0,-1.8243736859341724,1.959413366567396,0.777019635200272,0.820846702566093,1.728339506560601,-1.0941730644387602,1,2.545725715712619,-2.3877433571639965
18284.0,1.0367703053241684,-1.058145946714099,-0.5040649295830727,-0.0036909421566538,-0.321964036982949,0.6802718678275431,0,-0.9431286829199411,1.389312180407442
18285.0,1.309030698983018,-1.058145946714099,-0.5602081258484076,-0.8067360727591756,-0.9802035124500996,0.5743792788682435,0,-1.7388902245728135,1.401989825534962
18286.0,1.1001800545869456,-0.5571872395918231,0.238942273323555,0.1326286318621574,0.3771846686209953,1.1406450438517857,0,0.1050965686702212,1.6705694051420261
18287.0,-0.4296506057480915,0.654643185938614,1.0826703551091168,1.18445931912533,0.8499631098416093,1.030256493434202,1,2.1624699561806575,0.521195910161956
