Customer ID,Recency,Frequency,Monetary,TotalQuantity,UniqueProducts,AverageOrderValue
12346.0,0.8567005826867328,1.2544959545938104,3.186624925127968,3.2922276252068756,-0.3507527121214226,4.26424208070228
12347.0,-2.1519790306632065,0.8001660338568091,1.297126898401073,1.24148845647846,0.8896672959534744,1.2530008066857974
12348.0,-0.07913835459246295,0.2992073267345332,0.5581002802090212,1.1157431697571303,-0.4115503779538524,0.4989038573639431
12349.0,-0.9353081791524545,0.07394609082159041,1.1237904757983177,0.7781454448980404,0.9637379981128575,1.8673726787013813
12350.0,0.8245270555146574,-1.058145946714099,-0.7358882665423826,-0.6063545425438546,-0.7132292345010023,0.2430261289887914
12351.0,0.9462481612329638,-1.058145946714099,-0.8116432502100952,-0.42214172402019695,-0.5486003891756687,0.10014343115962299
12352.0,-0.540774126845729,1.0480979277381186,0.8062136019330891,0.24730450533896833,0.4126028186801636,0.02639835110872504
12353.0,0.5572336581134208,-0.5571872395918231,-0.5951168503060144,-0.5583243821854503,-0.47721685960260357,-0.43020541953436053
12354.0,0.639341544931368,-1.058145946714099,0.10703478335829149,0.042483868766071,0.26071325195673184,1.8328769031700178
12355.0,0.5877787261013253,-0.5571872395918231,0.013293636149089459,0.05839231350401781,-0.14457610000475504,0.7154303566156293
12356.0,-0.8183807704906293,0.48966298795922886,1.386089476166847,1.267192381513502,0.7336066022127771,1.8111678141205974
12357.0,-0.5950029105353472,-0.20175138038774237,2.1455566904121377,1.6987850649438987,1.48376101337308,4.184766049242527
12358.0,-2.1519790306632065,0.2992073267345332,1.0298130843193911,0.5094356767321276,0.23242103254119895,1.3873183850487645
12359.0,-0.2415192631816249,1.0480979277381186,1.629548615617157,1.1248850124951375,1.6111193223129396,1.5763878954556951
12360.0,-0.31029852425924354,0.8001660338568091,1.09460951849595,1.0508717566665338,1.0842787042858788,0.8715766694414923
12361.0,0.7752524807579259,0.07394609082159041,-0.4307250356946276,-0.4908819143496147,-0.6688728615528973,-1.0576077747136134
12362.0,-1.9674812683483254,1.15560189306089,1.260787806723553,0.9866049002391734,1.27039580711652,0.752490579070607
12363.0,0.16379361762110795,-0.5571872395918231,-0.3755670779485127,-0.12921212048498146,-0.47721685960260357,-0.016982605250083375
12364.0,-1.4474112861963695,0.07394609082159041,0.2481418238480768,0.7285619047969425,0.4126028186801636,0.21797671302098537
12365.0,0.7840984858169682,-0.5571872395918231,-0.26760635016403844,-0.6875706191280061,-0.5121324717856456,0.18630247585037304
12366.0,1.2823255604571917,-1.058145946714099,-0.4463819100317048,-0.33967165098601143,-1.9471638881929467,0.7890687423484848
12367.0,-1.8243736859341724,-1.058145946714099,-1.225973632136558,-0.6913398038775899,-1.0458699940988507,-0.6813317919348346
12368.0,1.2762369843581085,-1.058145946714099,-0.009792819642406811,-0.26838375371270823,-0.6688728615528973,1.6125264748619017
12369.0,1.0079929186546535,-0.20175138038774237,0.4717159362276892,0.6013600326804203,0.6162076636214244,1.0290752601490085
12370.0,-0.3225146116861712,0.654643185938614,1.1059406575367758,1.0887927420804586,1.124063132285242,1.0740851386453587
12371.0,-0.40114257027902034,0.2992073267345332,1.0624790099301915,0.6972785182155126,0.939783214329445,1.4488682068592877
12372.0,-0.10496702096475002,-0.20175138038774237,0.2398359136370775,0.30792694668854886,-0.16768729188131876,0.5922975942195962
12373.0,0.8265858861715248,-0.20175138038774237,0.13851813636300608,0.024910126492420626,-0.12209817180851448,0.4015158773222288
12374.0,-0.7670473650770303,0.07394609082159041,0.8406098737166032,0.6625051710449167,0.5105140700321456,1.3337039051979758
12375.0,-1.2629135238814884,-0.5571872395918231,-0.5106045853990369,-0.6727062364625485,-0.862804573858747,-0.27117348256796225
12376.0,0.9713357875339578,-0.5571872395918231,-0.4422105298820197,-0.47709271037340434,-1.0458699940988507,-0.14244220338289576
12377.0,0.8347557444111318,0.07394609082159041,0.938921588175991,0.9486810386245867,0.9088213112787457,1.5189574790626041
12378.0,0.2700401175059993,-0.5571872395918231,1.2688254308985092,1.2474641572337715,1.544111232749301,3.082328011056967
12379.0,-0.022632943738098474,0.07394609082159041,0.3994857936487846,0.32507520506186094,0.26071325195673184,0.5028424465847204
12380.0,-0.8456753236698794,1.15560189306089,1.6869004002395795,1.2551522761246285,1.0636387966331442,1.5550575180125432
12381.0,-1.7074462772723475,0.2992073267345332,0.49317018242034116,0.3194086511543575,0.4126028186801636,0.37669134415203276
12383.0,0.4948562494227654,0.2992073267345332,0.49521628821595803,0.739812668866803,0.5602500888610992,0.3805422063337656
12384.0,-0.6752731880764764,-0.5571872395918231,-0.33346827262616546,-0.8984352203714877,-0.3805884749031534,0.062281403323188135
12385.0,0.9530347346034082,-1.058145946714099,0.5286158674588288,0.13693451263401815,0.3526935049184267,2.628027792704216
12386.0,0.8798139021176289,-0.5571872395918231,-0.24614465998902862,0.087944496177151,-1.1172535236719159,0.22671972595957512
12387.0,1.0110836484864059,-1.058145946714099,-1.3404687978432628,-0.8582565662530369,-1.1954453334565955,-0.8972829726034164
12388.0,-1.0395356639262063,0.8001660338568091,1.032410492565875,0.9153715951304119,0.5505411819726732,0.754463360121531
12389.0,0.9923118147379644,-0.20175138038774237,0.31122674311883225,0.1390769280097574,-0.0181119525235737,0.7267519088043594
12390.0,-0.03827579726269536,-1.058145946714099,-0.3783872026170448,-0.22419902279177215,-0.21595962957782017,0.9173146578400132
12391.0,-0.8456753236698794,0.48966298795922886,0.7866336652980758,0.5901440566960836,1.4186162443378565,0.6819060931274483
12392.0,1.2373568867177072,-1.058145946714099,-0.9899347734684332,-1.2536847648443734,-1.3785107536966998,-0.23613508953763399
12393.0,-0.10496702096475002,0.48966298795922886,0.682302227152804,0.6374226790498783,0.32744864979204164,0.48550573634456046
12394.0,-0.1794070292720186,-0.5571872395918231,0.22551612818958255,0.3282914507803025,-0.3805884749031534,1.1153414604103264
12395.0,-0.9353081791524545,1.5110377522649707,1.220832707556722,1.3253510006383613,1.0040461146997783,0.25680659798866456
12396.0,1.3215026366622098,-1.058145946714099,0.000896786694072814,0.1140074781407906,0.3526935049184267,1.6326883139666069
12397.0,-0.540774126845729,-0.5571872395918231,0.685432413207794,0.6129085022732468,0.7791957222855813,1.9822937832781489
12398.0,-0.3873500989396135,-1.058145946714099,0.4063160278217033,0.6777684158413487,0.5698454386786636,2.397356090521869
12399.0,0.21379231870524154,0.654643185938614,0.5374417530076331,0.9771026717415688,0.37718466862099537,0.004091638533387645
12400.0,1.0095401454577722,-1.058145946714099,-1.0862657538295757,-1.110483470649885,-1.0458699940988507,-0.41782650694856543
12401.0,0.8099271521892553,-1.058145946714099,-1.7224879522343173,-2.4501833640843116,-1.614523128595098,-1.617815467749021
12402.0,0.8507897095190223,0.48966298795922886,0.2166458810045926,0.10618402723932531,0.020052745320578196,-0.39021260819620235
12403.0,-0.3349679194593694,-0.5571872395918231,0.06583426662857028,-0.4246569123197467,-1.614523128595098,0.8144274417716157
12404.0,1.3290588383452664,-1.058145946714099,-1.9268109782125342,-3.628661084298931,-2.515817022689194,-2.003192426028661
12405.0,0.3568999011193944,-1.058145946714099,0.4384893060393343,0.35808605094850776,0.2031181655606824,2.4580386300351447
12406.0,-0.8456753236698794,0.2992073267345332,1.3879725191008505,1.2669999247633916,0.8082392174469527,2.0623014814131686
12407.0,-0.3349679194593694,0.2992073267345332,0.4375328716433562,0.6880601341150026,0.24668909751329784,0.2719887370476254
12408.0,-0.5950029105353472,0.8001660338568091,1.1093443807891596,0.9863100242249067,0.7336066022127771,0.8993231365004806
12409.0,-0.04624267237073655,0.654643185938614,2.3237749034892867,2.15308315705251,1.1666290909919852,3.3695243305322746
12410.0,0.8224615941517993,-0.20175138038774237,0.0618330658825848,-0.24688130289311921,-0.12209817180851448,0.2571488579671709
12411.0,1.0033287148318906,-1.058145946714099,-0.7095208745810196,-0.8390516708165107,-0.5121324717856456,0.2927580926927766
12412.0,-0.07913835459246295,0.48966298795922886,0.7392714245530759,0.9140561528143194,0.5407159979871611,0.5927414950155894
12413.0,-0.15047015714448805,0.07394609082159041,0.05163454075304758,-0.2906129979414018,-0.0181119525235737,-0.15168865828020667
12414.0,0.5966655916107547,0.48966298795922886,0.016930668881998765,-0.0023635533331493675,-0.5486003891756687,-0.7651812664544482
12415.0,-0.7922005967383016,2.245808014503504,3.634818888417153,3.4289336043022756,2.0123087504134847,3.958067709249973
12416.0,1.305143867698893,-1.058145946714099,-1.095725861850919,-0.8680734789258341,-1.0458699940988507,-0.435669369429717
12417.0,-1.9674812683483254,1.8470162614078611,1.4345270849654825,1.1570549571298792,1.5114692286462774,0.2688970660930134
12418.0,0.18089663648351514,0.07394609082159041,0.5587419799910415,0.5148939731103717,0.6162076636214244,0.8027202442408515
12419.0,0.9647411258391285,-0.5571872395918231,-0.44241066288216335,-0.5021252811070448,-0.47721685960260357,-0.14281893011074928
12420.0,-0.1794070292720186,-1.058145946714099,-0.315119659004559,-0.239233298826501,-0.2941514393624997,1.0366445933598778
12421.0,-1.0395356639262063,0.48966298795922886,0.11972812865742527,0.17851049578171257,0.038489320235348796,-0.5722363159263567
12422.0,0.07733065274709057,1.6565606001831652,1.2438534763887785,1.0865173262229997,0.9578145568046977,0.13051466758536603
12423.0,-2.4120140217391843,1.0480979277381186,0.7462989375961246,0.8432203202865513,0.9024861982765124,-0.08623687880006713
12424.0,0.41412607569926796,0.07394609082159041,0.9205468431432504,0.9232094746411379,0.5001945244425666,1.4843312745068722
12425.0,-0.054309762370586455,-0.5571872395918231,0.4514335418451367,0.549596286132849,0.5887058798168258,1.5411609107780115
12426.0,0.5284411581469689,-0.5571872395918231,0.2655378190696108,0.10618402723932531,0.44655496268773315,1.1907694027717404
12427.0,-0.8456753236698794,-0.20175138038774237,0.1395708191771376,0.13693451263401815,-0.3805884749031534,0.40349784982676234
12428.0,-0.7428435417295326,0.9303406571479473,1.545899715283685,1.2897017793101082,1.4743130042630095,1.5618118677086708
12429.0,-1.3798409325433134,0.8001660338568091,1.50197690253432,1.2529929157827497,0.8766449105123539,1.6389543388690622
12430.0,-0.4296506057480915,-1.058145946714099,-0.9266239099862701,-0.9467793286780029,-1.0458699940988507,-0.11672344771213194
12431.0,-0.540774126845729,2.202452120611942,1.769918878499132,1.4791951746473948,1.428723884190206,0.49307407131506203
12432.0,-0.4296506057480915,0.2992073267345332,1.2197015102667987,0.8461467809045136,0.7567177940893411,1.7451463937395002
12433.0,-2.4120140217391843,1.0480979277381186,2.230693578746148,2.326791690673834,1.5556662555596725,2.7094432659004903
12434.0,0.0001383902963132679,-0.20175138038774237,0.12288640737665117,0.04495650678653084,0.31452880707427483,0.3720853424092284
12435.0,-0.03827579726269536,0.48966298795922886,1.9492261703299174,1.5119622573136025,0.5979759564957379,2.8727312713591315
12436.0,0.10324630795624619,-1.058145946714099,-0.4338830018801858,-0.5614195452564948,-0.7601216003714991,0.8126431348193681
12437.0,-2.1519790306632065,2.6431297898006605,1.881885670479615,1.8265912414691103,1.520501170041236,0.2052887405673819
12438.0,-1.1198059414673356,-0.5571872395918231,0.8204815545618942,0.5682362549429633,0.5602500888610992,2.236915842833187
12439.0,1.329997134341211,-0.5571872395918231,0.15775122196521063,-0.017114284365895672,0.40096584261492885,0.98763412539912
12440.0,1.079732248194294,-0.5571872395918231,-0.05720403526091208,-0.26639967697796235,-0.5486003891756687,0.5826106532293733
12441.0,0.932455689893557,-1.058145946714099,-0.7091067405709995,-0.47165696919616373,-1.0458699940988507,0.2935391975356478
12442.0,-1.9674812683483254,-1.058145946714099,-1.212694306154117,-0.6581703754853391,-0.9802035124500996,-0.65628544079249
12443.0,1.3743690038409726,-1.058145946714099,-0.4681717446903203,-0.6581703754853391,-0.5486003891756687,0.7479705833820608
12444.0,-0.8741833591389503,0.2992073267345332,1.2119906995005112,0.5530249000071237,0.9637379981128575,1.7306144577038403
12445.0,-0.8456753236698794,-0.5571872395918231,-0.5468964822322149,-0.5771176875341992,-0.4437267787202448,-0.3394714407950649
12446.0,-0.2415192631816249,-1.058145946714099,0.05369157136574365,-0.2279254970027644,0.24668909751329784,1.732265409755929
12447.0,0.6689257299564773,-1.058145946714099,-0.48136080689871313,-0.630028288668433,-0.3805884749031534,0.7230944802013393
12448.0,-0.41523819700049863,-1.058145946714099,-0.5233686023146806,-0.46895585271479406,-0.5121324717856456,0.6438628990130063
12449.0,-0.8456753236698794,0.48966298795922886,1.1871611300533496,1.001759088023092,0.8831819415705221,1.4363044637941147
12450.0,0.38615107131684145,0.2992073267345332,-0.21691155810702126,-0.07669006879540254,-0.24120448470420522,-0.9576813091172529
12451.0,-1.2629135238814884,0.8001660338568091,1.881117197765915,1.9297736845528775,1.7283395065606013,2.3535374697389893
12452.0,-1.0028785328055105,-0.5571872395918231,-0.5542224996300724,-0.6474754904320826,-0.5486003891756687,-0.35325737863732937
12453.0,0.2893295474663386,-1.058145946714099,-0.19742693558799163,-0.03220343482568643,0.020052745320578196,1.258626739252525
12454.0,-0.26363611690734395,0.2992073267345332,2.0792447988617253,1.801711724010781,-0.4437267787202448,3.3655968300708063
12455.0,-0.09624137345486956,1.0480979277381186,1.327998440664329,1.2446822518347616,1.2622326247684965,1.008339581297491
12456.0,-0.41523819700049863,-0.20175138038774237,0.8854131404331999,0.7817781564643708,0.7413828979433381,1.8086943091179757
12457.0,-0.15997144498132296,0.8001660338568091,0.8422202513869449,0.5185078335142564,0.32744864979204164,0.3964773820227905
12458.0,-0.1138130260237924,0.07394609082159041,0.46620244253804993,0.45021035246417296,0.4240770344914922,0.6284557891618859
12459.0,1.252346805813942,-1.058145946714099,-0.5155564848567276,-0.42971632910462676,-0.47721685960260357,0.6585974598842329
12460.0,1.0713670183041981,-1.058145946714099,-0.7527342097225023,-0.7027787172215069,-0.6688728615528973,0.21125272356360802
12461.0,0.06396922782168996,-0.5571872395918231,-0.08480037812457847,-0.3599108152129162,-0.14457610000475504,0.5306223550249108
12462.0,-0.9353081791524545,-0.5571872395918231,0.17701708996453228,0.049874069423682894,0.15710275654239486,1.0239408840239936
12463.0,-0.2983107883386734,0.07394609082159041,0.26530761386052454,0.2928639767816046,0.3526935049184267,0.25028051083981695
12464.0,-1.3187161125298095,0.8001660338568091,0.19048415939757424,-0.9752565444053659,-1.4880589811139169,-0.8281230578762903
12465.0,-1.0028785328055105,-0.5571872395918231,-0.16256425827842164,-0.02393010638355865,0.07416420415895746,0.3841374848702822
12466.0,1.3290588383452664,-1.058145946714099,-2.0038057089759405,-3.628661084298931,-2.515817022689194,-2.148413430871868
12467.0,1.0232997359133336,-1.058145946714099,-1.3980973103714018,-0.8830791702047491,-1.1954453334565955,-1.0059770405477806
12468.0,0.5051176715181148,0.2992073267345332,0.9885611246837952,0.9779993602769184,0.8961017842882889,1.3095946921993946
12469.0,1.1591056242877176,-0.5571872395918231,0.8599449022445523,1.075278326034127,0.47915765239960845,2.3113233996195173
12470.0,1.3365270473241955,-1.058145946714099,-1.063229564316052,-1.0824911210991475,-0.47721685960260357,-0.3743775779667603
12471.0,-2.1519790306632065,3.499524356127016,2.708857059155471,2.3177382124519936,1.4647549187845361,0.8042515400890186
12472.0,-0.6141483680629726,1.7867352234743035,2.1293364960837144,2.056622110032656,1.8267735047541662,1.6466873094992027
12473.0,-0.6752731880764764,0.2992073267345332,1.0392914878720863,1.0455025763291823,0.9754580982530536,1.405177502090066
12474.0,-1.0028785328055105,2.3674323185913275,1.8670226415439106,1.8227989066727788,1.7669266519203308,0.48848703468209176
12475.0,-0.28654302333393833,-0.5571872395918231,0.1524227603477079,0.2886178617193495,0.2031181655606824,0.9775927225214651
12476.0,-1.0395356639262063,2.0119964593872464,1.9589639597186963,1.5972970913044138,1.7421666831507694,1.0664265362618728
12477.0,-0.8183807704906293,0.9303406571479473,2.2199394076680687,1.6503191113352924,1.583861231680227,2.8322994194753064
12478.0,-1.8243736859341724,-1.058145946714099,-0.2244896830202428,-0.48810084915407465,-0.12209817180851448,1.2075832543677476
12479.0,-1.2629135238814884,-1.058145946714099,-0.4086300549943878,-0.16727955260903868,-0.24120448470420522,0.8602731256725952
12480.0,-0.6970151074455184,0.654643185938614,1.2752519808335092,1.17101122963215,1.1666290909919852,1.3930312946418593
12481.0,-0.8183807704906293,1.5110377522649707,1.8633562710535871,1.7621257148327412,1.4420098920812565,1.4664698496989574
12482.0,1.2208976805661906,2.2876939305965793,2.332098893671559,2.627604354437342,0.0011923041824166546,1.4546443746869866
12483.0,-1.0028785328055105,1.7867352234743035,1.2283725970966677,0.9692797321219857,0.3891614223084505,-0.04923436521926229
12484.0,-0.5950029105353472,1.2544959545938104,1.3856903348145204,1.2384801225001825,1.673065194151025,0.8696220671859215
12485.0,1.1664073183274863,-1.058145946714099,-0.19639983377045753,-0.11963349091914988,-0.16768729188131876,1.2605639725740743
12486.0,1.0367703053241684,-1.058145946714099,0.07837978750892079,0.03375569030819123,0.12492635577600246,1.7788302528374045
12487.0,1.3734934744233138,-1.058145946714099,-0.8499463725301332,-0.6875706191280061,-2.183176263091345,0.027899293712858056
12488.0,-1.3187161125298095,-0.20175138038774237,0.24017975306924744,0.04124405513070575,0.07416420415895746,0.5929451186344228
12489.0,0.8760190673835795,-1.058145946714099,-0.7347504819867268,-1.017316959584883,-0.8098576192004525,0.2451721228097862
12490.0,-1.7074462772723475,1.9044924940644754,1.69778898014713,1.6270199994062968,1.2456584639501014,0.6981094188240013
12491.0,-0.4907754257615954,-1.058145946714099,-0.506061206597252,-0.4246569123197467,-0.4115503779538524,0.6765066575193813
12492.0,-0.18935025478488945,-0.20175138038774237,-0.18921057690949597,-0.07372735685424821,-0.07890961835600385,-0.2152347837693545
12493.0,0.42575162422735197,-0.5571872395918231,-0.5489488897098911,-0.5739479419351734,-0.586765087019821,-0.3433336483683888
12494.0,-1.0395356639262063,0.9303406571479473,0.5038470371674197,0.4515417718232907,0.5505411819726732,-0.39919614685213184
12495.0,1.2893566040861313,-1.058145946714099,-0.6880943260387802,-0.8780391383485852,-0.7132292345010023,0.33317105184951695
12496.0,1.2680279097306315,-0.5571872395918231,-2.0375357794098,-1.7651973438095343,-1.1172535236719159,-3.1296544094842353
12497.0,-0.022632943738098474,-0.20175138038774237,1.3717983605345798,1.6019403928962954,-0.0181119525235737,2.7256542326604256
12498.0,-0.8741833591389503,-0.20175138038774237,-0.6005448725806419,-0.74651041226979,-0.5486003891756687,-0.98814892039001
12499.0,1.2028627431408645,-1.058145946714099,-0.6185376507220602,-0.3265167937029618,-0.3507527121214226,0.46436302022052084
12500.0,-0.8183807704906293,1.7867352234743035,1.3371615459708077,1.2594498443261402,0.5979759564957379,0.15528706157397518
12501.0,0.8779192915851238,-1.058145946714099,0.6097029386055521,0.8395438381660941,1.0262202498700983,2.7809674268189752
12502.0,0.07733065274709057,0.2992073267345332,0.998913373331173,0.3290930607988527,0.7178293264081053,1.3290991392417277
12503.0,1.2297284596616558,-1.058145946714099,0.13746391348081222,0.07980284213457398,-2.183176263091345,1.89026977680024
12504.0,-0.9682038613741811,0.07394609082159041,-0.12768301827973227,-0.053353840479229184,-1.0458699940988507,-0.4887548033917071
12505.0,1.00176641150428,-1.058145946714099,0.019036288710363617,-0.2804155698175485,0.0011923041824166546,1.6669015215983831
12506.0,0.6420881238566438,-1.058145946714099,-1.8200384881004534,-1.9942859497559235,-0.47721685960260357,-1.8018071084887601
12507.0,0.2893295474663386,0.07394609082159041,0.49268215684640543,0.6092559370975342,0.07416420415895746,0.6783170253235333
12508.0,-0.7428435417295326,-0.5571872395918231,-0.6102787689785804,-0.39509144329435947,0.24668909751329784,-0.45873185906805436
12509.0,0.7685369722885271,-1.058145946714099,-1.1944400574447185,-1.4370004055740193,-1.3785107536966998,-0.6218558075701528
12510.0,0.33071972736706673,0.9303406571479473,1.2364092745737199,0.9309550511675031,0.6514988276797011,0.9788090567947558
12511.0,1.0323114794921844,-1.058145946714099,0.8631004343231886,0.8283894565472655,1.2244584972993122,3.258904534826331
12512.0,-0.15997144498132296,-0.5571872395918231,-1.3704671821489867,-1.0556416405393652,-0.24120448470420522,-1.8861945019520914
12513.0,0.18089663648351514,-1.058145946714099,-0.30100016592116446,-0.04764689848078281,-0.14457610000475504,1.0632755972365975
12514.0,0.7290940618003953,-0.5571872395918231,0.38943306984012965,0.34492345044290107,0.47915765239960845,1.4242908633557128
12515.0,0.9075812346760709,-1.058145946714099,-0.6370661494667486,-0.8730374341016977,-0.7601216003714991,0.42941611957860615
12516.0,-0.054309762370586455,0.07394609082159041,0.753468017277878,0.8990732511938954,0.12492635577600246,1.1695193379909747
12517.0,-0.6970151074455184,0.2992073267345332,0.712689160445,0.6668338802338629,1.3875239442341725,0.7899578301091532
12518.0,-2.4120140217391843,0.2992073267345332,0.5713488713940832,0.640922532668474,0.5602500888610992,0.523843314954129
12519.0,-0.1794070292720186,-0.5571872395918231,-0.1779004635490936,-0.15045712821546633,-0.16768729188131876,0.35525090541703225
12520.0,-0.04624267237073655,0.2992073267345332,0.7495520368925794,0.6986501995026727,0.8567153541898691,0.8593773845375806
12521.0,0.33071972736706673,-1.058145946714099,-0.3159708926288769,-0.3114947816027251,-0.07890961835600385,1.0350390678771064
12522.0,-0.4907754257615954,-0.5571872395918231,-1.1314290796348148,-0.616396278646906,-1.0458699940988507,-1.4380837717885069
12523.0,-0.9353081791524545,2.0119964593872464,1.1145337137974238,0.9997393248339274,1.1620071460508272,-0.5215632927639903
12524.0,-1.3798409325433134,1.6565606001831652,1.7874963120362026,1.7552900584306341,1.0688476589388138,1.1536917542182417
12525.0,1.1277540644784607,-0.20175138038774237,0.03286693106201732,0.015943976792285198,0.23242103254119895,0.20262501939851044
12526.0,-2.4120140217391843,-0.20175138038774237,0.25009132775857257,0.15805096316353273,0.34016817678249833,0.6116109721223771
12527.0,-0.022632943738098474,0.2992073267345332,-0.1690704351972716,0.03751052984269448,-0.3805884749031534,-0.8679512604690963
12528.0,-1.3798409325433134,0.48966298795922886,0.5267854957170025,0.2757125241073478,0.14117229372259663,0.19286344450696957
12529.0,1.1651961277902847,-1.058145946714099,-0.7754553343678393,-0.6231769669374269,-0.5486003891756687,0.1683980435167
12530.0,-0.22013977682524094,0.9303406571479473,1.0057274117982482,1.115500870642655,0.6514988276797011,0.5445069410253186
12531.0,-1.0784157615666075,-0.5571872395918231,0.5266811882609814,0.5333554377983455,0.8896672959534744,1.6830094086932839
12532.0,-0.6542442484349309,-1.058145946714099,-0.7034774806316502,-0.7716493042481812,-0.7601216003714991,0.3041566355968049
12533.0,1.2762369843581085,-0.5571872395918231,0.2775767369402186,0.22890551711162638,0.32744864979204164,1.2134594853755312
12534.0,0.2749171387187454,-1.058145946714099,0.11352839223023588,0.17750249414563374,0.32744864979204164,1.8451246037086464
12535.0,0.050323496031906285,-0.5571872395918231,-0.18806451204604246,-0.5370567252723396,-0.32196403698294906,0.3361068293255176
12536.0,-0.4296506057480915,-0.20175138038774237,1.8772367636805045,1.1369579690213827,1.480623751205243,3.678750549378487
12537.0,1.00176641150428,-1.058145946714099,-0.17158929173876,-0.06637844309529126,0.020052745320578196,1.3073595364889514
12538.0,-0.6752731880764764,-0.5571872395918231,-0.2686503384705731,-0.25656808974912876,-0.1914684658752519,0.18433645539300772
12539.0,-0.8456753236698794,0.654643185938614,1.793213907061874,1.453320817970905,1.5294347580327998,2.3692034067805046
12540.0,-0.9040178174155593,2.442335020593583,2.287014549070969,2.037157488913506,1.7329745079127619,1.1943430334058083
12541.0,-0.6542442484349309,-0.20175138038774237,0.03835358600264531,0.20612502573059738,0.07416420415895746,0.21295237814318738
12542.0,1.1095037419429616,-0.5571872395918231,-0.47327217876320055,0.032499298448011193,-0.05813906446410138,-0.20090957288963837
12543.0,1.060040892608841,-1.058145946714099,0.037670952359800065,0.21380652546532233,0.020052745320578196,1.7020486615812727
12544.0,-0.540774126845729,-1.058145946714099,-0.6579708980015706,-0.848584025185672,-0.6267921989603487,0.38998733584079404
12545.0,-0.07913835459246295,-0.5571872395918231,0.05231127577475666,0.03375569030819123,0.0011923041824166546,0.7889467184615405
12546.0,-0.37384801709977017,-0.5571872395918231,0.15981211831091882,0.15908919690525258,0.27450169513374717,0.9915178696345834
12547.0,0.5381829940526488,-0.20175138038774237,-0.6372909601458605,-0.3114947816027251,-0.9194058466176699,-1.0571066865942556
12548.0,0.42575162422735197,-1.058145946714099,-1.6358330918391786,-1.5115390548677536,-1.614523128595098,-1.4543743364357757
12549.0,1.2208976805661906,0.48966298795922886,0.3794118108328601,0.6644325597906297,-0.07890961835600385,-0.084305541050283
12550.0,-0.04624267237073655,-1.058145946714099,0.026257164737590474,0.08909940593623888,0.24668909751329784,1.680520932460983
12551.0,0.9165761254464796,-1.058145946714099,-1.2298009284861466,-1.0490970995891926,-1.1172535236719159,-0.688550517374994
12552.0,-0.4907754257615954,-0.5571872395918231,-0.5422177173550808,-1.132288371569837,-0.586765087019821,-0.33066687627852237
12553.0,-1.4474112861963695,1.2544959545938104,1.1525018050057771,1.0140319545777978,0.7717713000569296,0.43069620766421846
12554.0,1.0614676455862315,-1.058145946714099,-0.49352075780922117,-0.47709271037340434,-0.3805884749031534,0.7001594004555014
12555.0,1.3290588383452664,-1.058145946714099,-1.4175850531376322,-3.628661084298931,-2.515817022689194,-1.0427331868265979
12556.0,-0.3349679194593694,-0.5571872395918231,-0.31115253301872087,-0.21497417397441176,0.7017426726202728,0.1043009059326483
12557.0,-1.0395356639262063,0.8001660338568091,2.162244536935202,1.7179705674497938,-0.8098576192004525,2.883533847805144
12558.0,-1.4474112861963695,-1.058145946714099,-0.8896287197162562,-0.609684782260171,-1.0458699940988507,-0.04694622202267667
12559.0,0.8265858861715248,-0.5571872395918231,-0.3630241479353173,-0.36910985941490526,-0.5486003891756687,0.006632483481336049
12560.0,-1.7074462772723475,-0.20175138038774237,0.5978595977723733,0.5280488303934219,0.6251737972068488,1.2667535325298982
12561.0,0.8099271521892553,-1.058145946714099,-0.9775104457270524,-0.6763909572414488,-0.7601216003714991,-0.21270136438248113
12562.0,-1.4474112861963695,0.9303406571479473,1.2064220729787922,1.0145972497899107,0.8010741670374462,0.9223387814061416
12563.0,1.00176641150428,-1.058145946714099,-0.9469524466787939,-0.96946160877935,-0.9194058466176699,-0.15506542899071815
12564.0,0.7145728708968584,-1.058145946714099,-0.5115481819864242,-0.8631467072838476,-0.5486003891756687,0.6661575846456277
12565.0,0.7796907351412116,-1.058145946714099,-1.3306915324343807,-1.1942372750823944,-1.1954453334565955,-0.8788419144528317
12566.0,0.00755263702131852,-1.058145946714099,-0.6997489241044423,-0.4121760645974459,-0.6267921989603487,0.31118912626372663
12567.0,-0.8183807704906293,1.5110377522649707,1.9379588630835456,1.6467629806143809,1.7580092482839644,1.6070277885779674
12568.0,1.2933400032205151,-1.058145946714099,-1.8547128892061715,-1.5248267984910486,-1.614523128595098,-1.8672070562641734
12569.0,-2.1519790306632065,2.4054512011867506,1.0725589499997084,0.8461467809045136,0.6340429977198944,-1.0462175108840455
12570.0,1.3290588383452664,-1.058145946714099,-1.7821682594547847,-3.628661084298931,-2.515817022689194,-1.7303794587906873
12571.0,-0.4749394310824503,-0.5571872395918231,-0.4190597754329534,0.03375569030819123,-0.24120448470420522,-0.09886226019511789
12572.0,-1.3798409325433134,-0.5571872395918231,0.06658246556839703,-0.06200818822043408,0.18806465959309385,0.8158372509112632
12573.0,0.6254293898743742,0.2992073267345332,-0.187000505685877,-0.02393010638355865,0.7567177940893411,-0.9015845016775708
12574.0,0.8367820500425664,-1.058145946714099,-1.0415634756039331,-1.370055796318314,-1.0458699940988507,-0.33351281822801526
12575.0,1.0727688225756027,-0.5571872395918231,-0.2887328183050169,-0.2988863263835296,-0.16768729188131876,0.1465183523679666
12576.0,-0.540774126845729,0.8001660338568091,0.6007933538505618,0.7233036147875206,0.8082392174469527,-0.05762185847856254
12577.0,-0.5583457794146515,0.8001660338568091,0.41423704737248096,0.5776363779213901,1.4774744457749929,-0.4081822070570525
12578.0,-0.8741833591389503,0.07394609082159041,1.1577506047247825,1.0294032305970442,1.0262202498700983,1.9313830809181
12579.0,-0.054309762370586455,-1.058145946714099,-0.5379608154682934,-0.3644942549377236,-0.2941514393624997,0.6163402901793501
12580.0,0.6793540117376464,-0.5571872395918231,0.08913973575193213,0.08909940593623888,0.17272976344709118,0.8583419136924946
12581.0,-0.4749394310824503,-1.058145946714099,-1.1131024803849439,-0.7383398607540069,-0.8098576192004525,-0.4684436902081401
12582.0,0.6583250720961007,0.07394609082159041,0.5440545893128053,0.44954363072557546,0.5979759564957379,0.7750595761033268
12583.0,-1.9674812683483254,2.202452120611942,1.9757166696037534,1.9028802841948216,0.9812559531764108,0.8804258505496542
12584.0,-1.8243736859341724,0.9303406571479473,0.6636614879248577,-0.11647136493027929,0.038489320235348796,-0.09891726904162085
12585.0,0.6448229902562577,-0.5571872395918231,0.5654455504382919,0.6211818307153746,0.4897435161402434,1.7560867146700552
12586.0,-1.0028785328055105,0.07394609082159041,0.5733699659220548,0.212851229816185,0.5407159979871611,0.8302698659663685
12587.0,-1.4474112861963695,-1.058145946714099,-1.3401705596555469,-1.4857427705919495,-1.7640984679528429,-0.8967204607422373
12588.0,-0.4907754257615954,0.07394609082159041,0.021729141982727518,-0.08265583249698989,-0.24120448470420522,-0.20792154312720548
12589.0,-0.6752731880764764,0.8001660338568091,1.1659610383769927,0.8325013939678924,0.8567153541898691,1.0059434100942766
12590.0,0.5787669825224744,-0.5571872395918231,1.7007621324319129,1.4157265323594512,0.3891614223084505,3.896897697893161
12591.0,0.8388019735984524,-0.20175138038774237,0.2692430881203293,0.20322117580925303,0.32744864979204164,0.6476793915107717
12592.0,0.050323496031906285,0.2992073267345332,0.7353024149033083,0.872616557112676,0.0011923041824166546,0.8325420805228813
12593.0,0.1579897300569208,-0.20175138038774237,-0.5753504115176329,-0.5771176875341992,-0.862804573858747,-0.9408589061726035
12594.0,-0.5070123740010525,1.5110377522649707,1.224072742962024,1.1286965171931427,0.5001945244425666,0.2629008847200549
12595.0,1.1366880923212137,-1.058145946714099,-0.8162161800216983,-0.3975051008243698,-0.6267921989603487,0.09151835440782433
12596.0,-0.3225146116861712,-0.5571872395918231,-0.29400792068556425,-0.03081729956279179,-0.4115503779538524,0.1365848786452256
12597.0,-0.9353081791524545,0.07394609082159041,1.0156165387712415,0.9883713854697097,1.1982735174240835,1.6634930490256665
12598.0,-1.3187161125298095,1.15560189306089,1.1407354579719435,1.1606850232678891,0.9151078788768329,0.5265168869334117
12599.0,-0.6752731880764764,1.3460575542855853,0.6507842802384404,0.9744052478426446,0.09143627489364367,-0.6205488514638806
12600.0,-0.6752731880764764,1.9044924940644754,1.2175051956383593,0.687131149583718,0.18806465959309385,-0.2051481012106916
12601.0,0.5118685254199581,0.48966298795922886,-0.22420445647805134,-0.35309499319525317,-0.4437267787202448,-1.2171750633861966
12602.0,-0.23074043468561758,-1.058145946714099,-1.2962159786773781,-0.7342923345111426,-0.9802035124500996,-0.8138170158724032
12603.0,-0.8456753236698794,-1.058145946714099,-0.1654691942145438,-1.3491740126569907,-2.183176263091345,1.3189027512439475
12604.0,-0.04624267237073655,-0.5571872395918231,-0.9328657719878788,-0.5931996852608044,-0.8098576192004525,-1.0652524532596994
12605.0,0.9479515492166357,0.07394609082159041,0.20279373293903685,0.41108552428350564,0.32744864979204164,0.13264601084577543
12606.0,1.3290588383452664,-1.058145946714099,-2.698986799901052,-3.628661084298931,-2.515817022689194,-3.459605710800236
12607.0,-0.22013977682524094,-1.058145946714099,0.3811601206573814,0.5944393923787606,0.7098254282188435,2.349909127854113
12608.0,0.9954788591929878,-1.058145946714099,-0.5793331710471076,-0.28244244642561867,-0.7601216003714991,0.5383072223276294
12609.0,-0.054309762370586455,0.9303406571479473,0.9409245843531826,0.7487613911099927,0.9088213112787457,0.42255276478784753
12610.0,-0.8183807704906293,0.2992073267345332,0.5861305923144983,0.49090710108661284,0.5698454386786636,0.5516698209806352
12611.0,-0.31029852425924354,-1.058145946714099,0.17927110765862025,0.34959921140604505,0.3526935049184267,1.96912300075439
12612.0,-0.0876328522714647,-1.058145946714099,-0.20053749518751757,-0.41963611741357915,-0.6267921989603487,1.2527598625690295
12613.0,-0.2524823540546596,1.0480979277381186,1.4364438857016981,1.3970400215615861,1.3366868742976272,1.212590092907942
12614.0,0.7548912404987429,-1.058145946714099,-0.7774554680601654,-1.2275467185765694,-0.586765087019821,0.16462555906561596
12615.0,-2.1519790306632065,0.8001660338568091,1.3107660210377432,1.247662415242449,1.258120370257919,1.2786941552508575
12616.0,0.07068473629108864,-0.20175138038774237,0.14071744926674506,0.0016026151001768691,-0.21595962957782017,0.40565671041175383
12617.0,-0.6752731880764764,-1.058145946714099,-0.6918639602064749,-0.5552437164184574,-0.05813906446410138,0.3260610839816368
12618.0,-0.8456753236698794,-1.058145946714099,-1.1911591970644329,-1.0756752990814846,-1.0458699940988507,-0.6156677238344046
12619.0,-1.0395356639262063,1.0480979277381186,1.0099539336373637,1.2863460529551973,0.21790042237482501,0.40962246610901415
12620.0,-1.0784157615666075,-0.20175138038774237,0.26242651430226194,0.5687929379544485,0.607142454731596,0.6348416062700714
12621.0,-2.1519790306632065,2.5129551665095216,2.364348185425064,2.1914720366672893,1.7095331115410488,1.2601427839153374
12622.0,0.639341544931368,-1.058145946714099,-1.1799714432767938,-1.2902342195152068,-1.0458699940988507,-0.5945663207790215
12623.0,0.7502773702473149,0.654643185938614,1.003535623114059,0.9054410450539636,0.7938459876173184,0.881225090741055
12624.0,0.14025610622843504,-0.5571872395918231,-0.2678868435688,-0.22049354291306064,-0.12209817180851448,0.18577425515784238
12625.0,0.5817849890277144,0.07394609082159041,1.2345786915457464,1.2460746753312681,0.9984076522496489,2.0762010283493253
12626.0,-0.8183807704906293,0.9303406571479473,1.413461218939475,1.2740835836095863,1.3875239442341725,1.3122928653339603
12627.0,-1.2629135238814884,0.654643185938614,1.1318528510971715,1.1248850124951375,1.0944071422788821,1.122891982527598
12628.0,-1.8243736859341724,-0.20175138038774237,-0.12087013023093712,-0.06784167159379038,-0.16768729188131876,-0.08667925410961663
12629.0,0.9647411258391285,-0.5571872395918231,0.3713875201703678,0.24548759551282698,-0.037881416532715165,1.390276404921348
12630.0,-1.3187161125298095,-0.5571872395918231,0.2246102058807405,0.06440993040089163,0.28806221969362183,1.1136341272429175
12631.0,-0.2524823540546596,0.48966298795922886,0.950445250762379,0.7712284272591602,0.921346639414674,0.9903765142643031
12632.0,1.1566531348790148,-0.5571872395918231,-0.10420837903148004,0.21950934389907822,-0.21595962957782017,0.4940613734198357
12633.0,-0.23074043468561758,0.654643185938614,1.3028389456894147,1.2318129509949511,1.3441450443638419,1.445007537206675
12634.0,1.1748222026740256,-0.5571872395918231,-0.46125560170056945,-0.2546192855417444,-0.586765087019821,-0.17829136470591483
12635.0,0.03638109477975766,0.07394609082159041,0.8262964238841423,0.898062150397071,1.0791672045283927,1.306734404590642
12636.0,1.3804644691318602,-1.058145946714099,-1.3552357736844585,-3.628661084298931,-2.515817022689194,-0.9251352041638264
12637.0,-0.15047015714448805,1.2544959545938104,1.579847165132116,1.4158800440741885,1.583861231680227,1.2352709987452777
12638.0,-0.5950029105353472,-0.5571872395918231,-0.006826203568380036,0.18949773735042588,0.09143627489364367,0.67752252663225
12639.0,0.6583250720961007,-0.20175138038774237,0.2477414135533185,0.15701108794485863,0.26071325195673184,0.6071854891478611
12640.0,-0.7922005967383016,-0.20175138038774237,0.16787467975483591,-0.30726505037733026,0.09143627489364367,0.4567897492759746
12641.0,0.19205039933619955,-1.058145946714099,-1.1572552126772906,-1.2626334870875637,-1.1172535236719159,-0.5517208714709796
12642.0,-0.7670473650770303,-0.20175138038774237,0.061513428898068725,0.06918469502782947,-0.05813906446410138,0.2565471716804845
12643.0,0.26017338137229135,1.2544959545938104,1.5807200238812977,1.4886071668727916,-0.862804573858747,1.2369151448404125
12644.0,0.2700401175059993,0.07394609082159041,0.5211799793778008,0.48017113928223104,0.7490861757345402,0.7319816746674218
12645.0,-0.5764124726865254,0.8001660338568091,0.9622924813209467,0.9548977289403598,0.7865535568710715,0.6224613491092055
12646.0,-1.7074462772723475,-0.5571872395918231,0.2664792885614668,0.3880557427345978,0.020052745320578196,1.1925438063684823
12647.0,-0.8456753236698794,2.5468070428147276,2.1310977843856707,1.7272140529382254,1.4152191667836551,0.782705144665433
12648.0,0.3820531327806657,0.07394609082159041,0.1284563817240119,0.02744959273134157,-0.07890961835600385,-0.007204704161900358
12649.0,0.14622196505218568,0.8001660338568091,0.6501348102688064,0.9014264592097044,0.6514988276797011,0.03514906837005468
12650.0,-1.9674812683483254,-1.058145946714099,-0.7801005190106136,-0.439953437536103,-0.586765087019821,0.15963668576120899
12651.0,0.8741131961478769,0.07394609082159041,-0.6482983613958955,-0.4121760645974459,-0.2672508963742018,-1.4651899261888732
12652.0,0.8664325630436192,-0.5571872395918231,0.06418690494758336,0.049874069423682894,0.15710275654239486,0.8113233719189764
12653.0,0.3568999011193944,-0.20175138038774237,1.0788436773472514,0.8008208647712892,0.47915765239960845,2.1733257703253757
12654.0,-1.2629135238814884,0.2992073267345332,-0.3132170148234063,-0.4146533591976824,-0.24120448470420522,-1.138203636570515
12655.0,1.024810514465536,-1.058145946714099,-0.9128979110257436,-1.1942372750823944,-0.7601216003714991,-0.09083461945387618
12656.0,-1.0028785328055105,0.8001660338568091,1.3899394852599218,1.150194106266891,1.15268439735128,1.4278523006503523
12657.0,-1.2629135238814884,0.07394609082159041,0.40961937088926076,0.48776761570423377,-0.14457610000475504,0.5219204941748568
12658.0,-0.9353081791524545,-1.058145946714099,-0.2191630045000293,-0.2885608248606143,-0.12209817180851448,1.2176299887288187
12659.0,-0.6542442484349309,-1.058145946714099,-1.6626943966096532,-1.017316959584883,-1.614523128595098,-1.5050378770637003
12660.0,-1.2629135238814884,-1.058145946714099,-0.9589737420015977,-0.8932765983286024,-0.9194058466176699,-0.1777389881938659
12661.0,1.042667590085983,-1.058145946714099,-1.2558493004157927,-0.5460873605785668,-1.0458699940988507,-0.7376807722462877
12662.0,-2.4120140217391843,1.8470162614078611,1.4523886962390016,1.2980169461758893,1.0994248524597794,0.30249366411464473
12663.0,1.2731708819498868,-0.5571872395918231,-0.975859945321222,-0.6617743348522026,-1.1954453334565955,-1.1460183199108345
12664.0,-1.4474112861963695,1.15560189306089,1.350921670128721,0.7237434148298558,-1.1172535236719159,0.9221957478856985
12665.0,0.854736338582082,-0.20175138038774237,-0.7820219799052706,-0.7222970913063499,-0.9194058466176699,-1.3285229994983603
12666.0,0.9778633268252847,-1.058145946714099,0.2117716301905014,-0.19334852384513587,-0.24120448470420522,2.030422761052432
12667.0,-0.2415192631816249,-1.058145946714099,-0.29184683671633216,-0.15045712821546633,-0.1914684658752519,1.0805398392387031
12668.0,-1.2115801184678894,1.0480979277381186,1.8078371387592684,1.5274295047165265,1.4899997739109212,1.9123610228756718
12669.0,0.3653943987983962,-0.20175138038774237,0.7789595553542561,0.5310022297825363,0.6853342645162757,1.6080463876272273
12670.0,-1.3187161125298095,0.654643185938614,1.0059247676509568,0.7793585794666286,0.4240770344914922,0.885724106098845
12671.0,1.2534042260021032,-1.058145946714099,0.7463239330562185,0.7081726958702182,0.05652066271060163,3.038650490323284
12672.0,0.8644979455921589,-0.5571872395918231,-0.5434832569994282,-0.8390516708165107,-0.5121324717856456,-0.3330483991600471
12673.0,-1.7074462772723475,-0.20175138038774237,0.20108065817858,0.22516314036460627,0.3891614223084505,0.5193161197436114
12674.0,-0.4907754257615954,0.07394609082159041,0.5404816940878927,0.5415259893141285,0.17272976344709118,0.7683308938002892
12675.0,1.195966706816979,-0.5571872395918231,0.0215188901324923,-0.2546192855417444,0.7865535568710715,0.7309278967409353
12676.0,-0.7670473650770303,1.15560189306089,0.804505413740594,0.8698057795921804,0.37718466862099537,-0.10587525319119166
12677.0,1.197121207936731,-0.5571872395918231,-0.6160227432415666,-0.6800964371201603,-0.9194058466176699,-0.46953848754000427
12678.0,-0.44439436309454555,1.9044924940644754,2.5983374305220903,2.502918014358104,1.2622326247684965,2.3946771127870448
12679.0,-0.23074043468561758,0.07394609082159041,0.12911646117740516,0.07155914142905798,0.020052745320578196,-0.005963062856952402
12680.0,-2.4120140217391843,0.07394609082159041,-0.039324899092718996,-0.07372735685424821,-0.1914684658752519,-0.32270214748350445
12681.0,-1.0784157615666075,2.8158079328937515,2.522773026412663,2.344981825677096,1.9455454864394472,1.2174554563127942
12682.0,-1.8243736859341724,2.990819440597063,2.342441592621252,2.037097801909626,1.6680779869560265,0.6817708604841723
12683.0,-1.8243736859341724,1.9044924940644754,1.882645379641063,1.8000020247408066,1.4014884185366627,1.0461451484744433
12684.0,-1.4474112861963695,0.654643185938614,0.646667357659223,0.9100939665019113,0.3014022381220454,0.2095212741383407
12685.0,-0.6970151074455184,0.48966298795922886,0.8095524659857308,0.73593991417152,0.8293663864529791,0.7250570710778842
12686.0,0.9411106822337401,-1.058145946714099,-1.1872498199717567,-0.5521774127817789,-1.3785107536966998,-0.6082941845794396
12687.0,1.1055244621722873,-0.5571872395918231,0.5995115154777667,0.6819981470667436,0.8896672959534744,1.8203083492837155
12688.0,0.18649776552599168,-1.058145946714099,1.1927883696508383,1.187724529896296,1.1384985731749109,3.8807342727610545
12689.0,-0.7428435417295326,-0.5571872395918231,0.21130431756566243,0.15388156131663502,0.24668909751329784,1.0885575757423533
12690.0,0.5634601652637944,-1.058145946714099,-0.6271878476793239,-1.0111411307468456,-0.7601216003714991,0.4480477440740847
12691.0,-0.6970151074455184,0.654643185938614,0.1653079066391275,-0.07225099049068223,-0.4437267787202448,-0.6949995087828537
12692.0,1.2853483085455746,-1.058145946714099,-1.5265746060443293,-1.709582179172762,-0.9194058466176699,-1.248300142299931
12693.0,0.2551824986059697,0.654643185938614,0.4353794130457862,0.049874069423682894,0.32744864979204164,-0.18777985973473107
12694.0,-0.12278275543912286,-0.20175138038774237,0.4924048110657996,0.6591185901376412,0.40096584261492885,1.0680540001283818
12695.0,-1.5229485149574664,0.654643185938614,0.29793730480186037,-0.059110734465001924,0.07416420415895746,-0.4460099018696203
12696.0,1.0411983450016138,-0.5571872395918231,-0.06333692319938468,0.08330447031022294,0.020052745320578196,0.5710568031730464
12697.0,-0.6752731880764764,-0.20175138038774237,0.020835147635930043,0.014653061875805272,-0.10021972705664996,0.17997853570632347
12698.0,1.2362726511275435,-1.058145946714099,-0.7244847204371283,-0.9811029912456316,-0.7601216003714991,0.26453454141859295
12699.0,1.0156919930971386,-1.058145946714099,-0.2712838579707655,-0.18805141382691998,-0.0181119525235737,1.119324005458815
12700.0,-1.4474112861963695,0.07394609082159041,1.2025052705227806,1.1743437191400288,1.2372441024225518,2.015742734356649
12701.0,-0.03827579726269536,0.48966298795922886,0.6962630730304717,0.8185669050017028,0.8362895757000253,0.5117833053059037
12702.0,-0.9040178174155593,-1.058145946714099,-1.039759737096173,-1.4609201666402376,-0.9802035124500996,-0.33011075790552125
12703.0,-0.1138130260237924,0.07394609082159041,0.05671608608532785,0.11843659210905207,0.23242103254119895,-0.14213282738307154
12704.0,-1.5229485149574664,0.8001660338568091,0.6644896870055323,0.46340479572007903,0.34016817678249833,0.06214253787903929
12705.0,-1.0784157615666075,1.4312993642702228,1.82754907047211,1.756205594406423,1.6503800698286364,1.492665982237021
12707.0,0.7862910527348936,-1.058145946714099,-0.31149818984587946,-0.4348149665659621,-0.1914684658752519,1.043475104811995
12708.0,-0.6542442484349309,1.7233615276208618,1.2550985622139326,1.0672430146254968,0.9151078788768329,0.07422969080983136
12709.0,-1.0784157615666075,2.478149591821275,2.5280076272710588,2.1938279419686295,1.2201519621759485,1.60779898477863
12710.0,0.0839084047561103,-0.20175138038774237,0.1520343780847676,0.3534704464713255,0.46843340743959727,0.4269644038516721
12711.0,1.2597123935708792,-0.5571872395918231,0.2622329553323118,0.28776533932026865,0.23242103254119895,1.1845406833987753
12712.0,-0.6752731880764764,1.9044924940644754,1.473284988459724,1.0207836402693722,0.8896672959534744,0.2756777653704801
12713.0,-2.4120140217391843,-1.058145946714099,-0.06618127332001718,0.014653061875805272,-0.07890961835600385,1.5061713019374041
12714.0,-1.3798409325433134,1.2544959545938104,1.9578553986545564,1.887325347841145,1.9034648238468983,1.9475075786162668
12715.0,0.14025610622843504,-1.058145946714099,-0.6952471755560378,-0.6063545425438546,-0.586765087019821,0.3196799468857202
12716.0,-1.8243736859341724,-0.5571872395918231,0.08954302923566328,0.2326267204681548,0.28806221969362183,0.8591018511737293
12717.0,0.3653943987983962,-0.20175138038774237,0.24584054611171974,0.12393136875236042,0.28806221969362183,0.6036056908886472
12718.0,-0.1138130260237924,-1.058145946714099,-0.9793153136902869,-0.5867196235949155,-0.6267921989603487,-0.2161055549891818
12719.0,-1.7074462772723475,-0.5571872395918231,-0.2636127706353285,-0.18629514859432195,-0.16768729188131876,0.19382315553698662
12720.0,-1.9674812683483254,2.3282062876889484,1.57293413154211,1.671261344510818,1.48688632403703,-0.02014776035003548
12721.0,-0.6141483680629726,0.8001660338568091,1.0527966119582075,1.1012925660072024,1.193826931703096,0.7928460591524928
12722.0,0.0001383902963132679,0.07394609082159041,0.050322457285473444,0.08562857498574035,0.14117229372259663,-0.1541559946734275
12723.0,-1.8243736859341724,0.2992073267345332,-0.1793579002794013,-0.0886762034903892,0.18806465959309385,-0.887249056067769
12724.0,-1.7074462772723475,0.654643185938614,0.657278067005592,0.6706578499519347,0.6514988276797011,0.22948226595921828
12725.0,0.9393890028136239,0.07394609082159041,0.7658548273789816,0.6349113322080078,0.6340429977198944,1.1928561035555492
12726.0,-0.6970151074455184,1.15560189306089,1.0530694252241501,1.4652470514328928,0.32744864979204164,0.3615553622750083
12727.0,-1.2629135238814884,1.0480979277381186,1.3030127554730804,1.1437254252933526,0.9275383145186272,0.9612869476775971
12728.0,-0.1138130260237924,0.2992073267345332,0.10085221375063422,0.05839231350401781,0.10835219495760728,-0.3611414128515911
12729.0,0.18649776552599168,-1.058145946714099,-0.517695991278546,-0.49647957314787533,-0.3805884749031534,0.654562102277753
12730.0,1.1578805519021536,-1.058145946714099,-0.08274045888241154,-0.49367478877460497,0.09143627489364367,1.4749387546849764
12731.0,-0.7922005967383016,1.6565606001831652,2.3928571825743243,2.073271265268394,0.9578145568046977,2.29436311421055
12732.0,0.47738036706216375,-1.058145946714099,-0.9853340277580659,-0.9811029912456316,-0.9802035124500996,-0.227457548770063
12733.0,0.6448229902562577,0.07394609082159041,0.6898929577506432,0.38732290595816304,0.8293663864529791,1.0497511595560343
12734.0,0.9075812346760709,-0.20175138038774237,-0.2695496046758559,-0.4121760645974459,-0.7132292345010023,-0.36631721087136615
12735.0,0.8347557444111318,-0.5571872395918231,-0.12720281367410202,-0.1969037808196001,-0.07890961835600385,0.4507458151363582
12736.0,0.8702843776182111,-1.058145946714099,-0.992230876816157,-0.6913398038775899,-1.7640984679528429,-0.24046580713446433
12737.0,1.1290379992392874,-0.5571872395918231,0.9963222325196782,-3.361978192741088,-2.183176263091345,2.5684706101793897
12738.0,0.9411106822337401,-1.058145946714099,-0.788695251794101,-0.33967165098601143,-1.0458699940988507,0.14342602148845196
12739.0,-0.054309762370586455,0.07394609082159041,0.7744037907490913,0.42646333491537686,0.5698454386786636,1.2089626217035714
12740.0,-0.1794070292720186,-1.058145946714099,-0.5591986559318347,-0.24496094842291352,-0.3507527121214226,0.5762832563767066
12741.0,1.1664073183274863,-0.5571872395918231,-0.5963372506290014,-0.5521774127817789,-0.7601216003714991,-0.43250160031028323
12742.0,1.2741945456928903,-1.058145946714099,0.18420167202315693,0.6610559138912184,0.37718466862099537,1.9784226178108137
12743.0,0.2893295474663386,-0.5571872395918231,-0.38286193207989955,-0.2906129979414018,0.8082392174469527,-0.03071658586709617
12744.0,-0.31029852425924354,1.15560189306089,2.3799200882674434,1.7382126700362766,1.4320656120576276,2.8613061357253193
12745.0,1.1134584833473364,-0.20175138038774237,-0.00377062521331752,-0.03917827154410035,-0.5486003891756687,0.1336674821237534
12746.0,1.180765944929144,-1.058145946714099,-0.931821699718947,-1.0689293841626601,-0.7132292345010023,-0.12652708285000305
12747.0,-2.1519790306632065,2.1575193073054413,1.6565010888451002,1.12631691641078,0.5698454386786636,0.3308558425953152
12748.0,-2.4120140217391843,5.276266197153594,2.9596357707277137,2.8702536754160275,3.261267017269096,-0.6849318264894659
12749.0,-1.8243736859341724,0.9303406571479473,1.4429801679564338,1.0238551509784724,1.480623751205243,1.3679032014604813
12750.0,0.2651257241188405,-1.058145946714099,-0.8740545464178263,-0.8438005790920419,-0.8098576192004525,-0.01757152230523625
12751.0,1.0557414896988655,-1.058145946714099,-0.894137193547546,-0.6334808999499925,0.3014022381220454,-0.055449727309305724
12752.0,-0.030406677691591163,-1.058145946714099,1.1136483192814748,0.9959718008930533,0.18806465959309385,3.731466945970905
12753.0,-0.8183807704906293,0.48966298795922886,2.259791467958089,2.0607233121546145,0.9275383145186272,3.4583226982147424
12754.0,0.6502579820962507,-0.20175138038774237,0.8457772627709451,1.6881163659157408,0.12492635577600246,1.7339847127699863
12755.0,0.7617503989180828,1.15560189306089,1.6371457813523238,1.3337520209374347,-0.16768729188131876,1.4613148191527046
12756.0,0.014882147642767907,-1.058145946714099,-1.5193375522079253,-0.8112565093766205,-1.7640984679528429,-1.2346502182102363
12757.0,-1.0395356639262063,1.3460575542855853,1.5368454575620638,1.0354525460888564,1.4049427101962726,1.0456597171355941
12758.0,0.20301349020923423,0.654643185938614,1.7036037579341767,1.6541767232077311,1.211470473151452,2.2002844818719947
12759.0,-0.31029852425924354,0.8001660338568091,1.214186641338368,1.2244617556257054,1.2904553164025458,1.0967715568892349
12760.0,1.0713670183041981,-1.058145946714099,-0.7076591429817957,-0.6030410799249616,-0.5486003891756687,0.29626953472143225
12761.0,1.0741675694743047,-0.5571872395918231,-0.12408925978922844,-0.37375808327557425,-0.3507527121214226,0.4566108418251399
12762.0,-1.4474112861963695,-0.5571872395918231,0.5136437977393866,0.5939040069696255,0.31452880707427483,1.6584321982283534
12763.0,0.30805570115501285,-0.5571872395918231,-0.09595790087568733,0.019801588664723924,-0.7601216003714991,0.5096035574909575
12764.0,0.8388019735984524,-1.058145946714099,0.43150390194739646,-0.1655778157249051,0.05652066271060163,2.4448633465916028
12765.0,1.0934362995056883,0.48966298795922886,0.2966363081657677,0.46536132945478387,0.12492635577600246,-0.2399068504682198
12766.0,-1.8243736859341724,0.9303406571479473,1.7155124652087512,1.5736965305898964,1.4583204304497215,1.8814349003351603
12767.0,0.9479515492166357,-1.058145946714099,0.014970467195159232,0.12173896359300188,0.020052745320578196,1.6592329099921492
12768.0,1.0643116644325106,-1.058145946714099,-1.2268648514444616,-1.0362001973790858,-1.1172535236719159,-0.6830127350610226
12769.0,0.6583250720961007,-1.058145946714099,0.14863022212194393,-0.21864860218355642,-0.21595962957782017,1.9113307318185442
12770.0,0.5787669825224744,-0.5571872395918231,0.90007546190613,0.8613006489380512,-0.6267921989603487,2.3869903347023014
12771.0,1.1121429440166524,-1.058145946714099,-0.8575369605294626,-1.0235513279573643,-0.8098576192004525,0.013582563130337457
12772.0,-0.22013977682524094,-1.058145946714099,-0.029859082952707464,0.07392504663772897,0.21790042237482501,1.5746791716441702
12773.0,1.2074192468466634,-1.058145946714099,-1.4456812527472453,-0.9929541396007278,-1.4880589811139169,-1.0957258825491283
12774.0,1.1748222026740256,-1.058145946714099,-1.6100817446765523,-1.4609201666402376,-1.4880589811139169,-1.4058043047732944
12775.0,-1.0028785328055105,0.654643185938614,0.4281970937178716,0.5118671801993483,0.21790042237482501,-0.20127877967079488
12776.0,1.3157764807748435,-1.058145946714099,-2.0193246416770387,-1.5522358034901937,-1.7640984679528429,-2.177683940406771
12777.0,1.0741675694743047,-1.058145946714099,-0.41928127065152704,-0.053353840479229184,-0.3805884749031534,0.8401836958480468
12778.0,-0.9040178174155593,0.9303406571479473,0.4654687090018494,0.8216048824065979,0.4897435161402434,-0.47126610671604907
12779.0,-0.5070123740010525,1.4312993642702228,1.4244543960462883,1.3089427944060974,0.9870131210634252,0.7335068409751196
12780.0,1.2459654079011127,-1.058145946714099,-0.7294715441984954,-0.3644942549377236,-0.586765087019821,0.2551288126054481
12781.0,-0.1794070292720186,-0.5571872395918231,-0.08492224551239087,0.19737472896898794,-0.4115503779538524,0.5303927763097185
12782.0,-1.7074462772723475,1.15560189306089,1.1539837508039332,0.9206072123392999,0.9870131210634252,0.5514502295526403
12783.0,-2.1519790306632065,0.48966298795922886,0.6282280191572591,0.14968556023503557,0.47915765239960845,0.38373563704773733
12784.0,-1.3798409325433134,-0.20175138038774237,0.4771636216103308,0.376976520538054,0.8567153541898691,1.0393388167904267
12785.0,0.9272060682311211,-0.20175138038774237,0.12090674562502847,-0.060557865827245164,0.0011923041824166546,0.36835822908377286
12786.0,1.2576165577225409,-1.058145946714099,-0.17596178864544032,-0.2804155698175485,-0.6688728615528973,1.2991124994753
12787.0,-1.3187161125298095,0.07394609082159041,-0.054711990848350614,0.017232362980571646,-0.2672508963742018,-0.35162453496340806
12788.0,1.0811159061179179,0.07394609082159041,-0.5306843317250728,-0.616396278646906,-0.586765087019821,-1.2449656148592358
12789.0,-0.1696156146721137,-0.20175138038774237,-0.8806692571211853,-1.709582179172762,-1.614523128595098,-1.5133241879734531
12790.0,0.5185490566485405,-0.5571872395918231,-0.3254257456625334,-0.3178908216871508,-0.12209817180851448,0.077424856724569
12791.0,0.9445402369244065,0.48966298795922886,0.09133120411892545,-0.06491846260944777,-0.7132292345010023,-0.6255489556646167
12792.0,0.7047061347631505,-0.5571872395918231,-0.08468723400186476,-0.1521201403247171,-0.05813906446410138,0.5308355005423527
12793.0,0.8741131961478769,-0.20175138038774237,0.06439922295505178,0.03751052984269448,-0.16768729188131876,0.2619794241102795
12794.0,-0.2983107883386734,-0.5571872395918231,-0.05619112540994231,0.11511755593814922,0.020052745320578196,0.5845189020340008
12795.0,-0.9353081791524545,-1.058145946714099,-0.5543727884532439,-1.29969799342043,-0.862804573858747,0.585385402946121
12796.0,1.2762369843581085,-1.058145946714099,-0.6421414320242504,-0.6581703754853391,-1.3785107536966998,0.41984354720182315
12797.0,0.9307105862349311,-0.5571872395918231,-0.10310938926012618,-0.2624493891945898,-0.3507527121214226,0.4961316287922283
12798.0,-1.3187161125298095,0.07394609082159041,1.594438045606146,1.862969598946634,-0.3507527121214226,2.7546274409259963
12799.0,1.1664073183274863,-1.058145946714099,-1.0386142498325408,-0.8438005790920419,-0.8098576192004525,-0.32795023588264477
12800.0,1.0907188157836787,-0.20175138038774237,-0.33472306162930215,-0.3667980083921493,-0.24120448470420522,-0.4888415900453667
12801.0,1.131598183073706,-1.058145946714099,0.10196134107377898,0.010765045004341275,0.14117229372259663,1.8233078017618332
12802.0,0.5017154078421048,0.654643185938614,0.6873785436396235,0.9057744904039728,0.7642790739473241,0.28611173062192186
12803.0,0.9762376600515654,-1.058145946714099,0.11592378375750535,0.36948531269097756,0.21790042237482501,1.8496425903440163
12804.0,1.0852490581173193,-0.5571872395918231,-0.7519209362873491,-0.3975051008243698,0.28806221969362183,-0.7251480901926989
12805.0,0.9580779469522994,0.07394609082159041,0.3120401557749272,0.11622576334237679,0.038489320235348796,0.3382336709089575
12806.0,1.0411983450016138,0.07394609082159041,0.8135367866018763,0.9430353306654173,0.26071325195673184,1.2826930696803993
12807.0,0.9597502430728069,-1.058145946714099,-0.7446424868106208,-0.8067360727591756,-0.7601216003714991,0.22651465279597452
12808.0,-0.5236711079833221,0.2992073267345332,-0.01894934620701067,-0.1845435605050292,0.07416420415895746,-0.5861868101671329
12809.0,0.4702544582071883,-0.20175138038774237,0.4574176696129089,0.02744959273134157,0.46843340743959727,1.002137430885603
12810.0,1.1736268151912543,-0.5571872395918231,-0.3980802077595084,-0.16049886431851781,-0.21595962957782017,-0.05936712833331467
12811.0,0.7145728708968584,0.2992073267345332,0.0760301535835872,-0.08716593660681468,0.09143627489364367,-0.4077815018951683
12812.0,-0.40114257027902034,-1.058145946714099,-1.0057257569379692,-0.7262712480428852,-0.8098576192004525,-0.26591871841939624
12813.0,1.1328744525473045,-0.20175138038774237,0.42891428879637017,0.5461497056409784,-0.10021972705664996,0.948439096271671
12814.0,0.1158217147681432,-1.058145946714099,-1.4361368329803106,-1.5115390548677536,-2.183176263091345,-1.077723998323326
12815.0,0.3526100844636154,-0.5571872395918231,0.09632409230814035,-0.17758348562160425,-0.07890961835600385,0.8718796630304179
12816.0,0.07733065274709057,-0.5571872395918231,-0.3497145774237116,-0.8881581216111365,-0.3507527121214226,0.03169175488077503
12817.0,0.7617503989180828,-0.20175138038774237,-0.2140107751774144,-0.5370567252723396,-0.7601216003714991,-0.26187831985721727
12818.0,0.7170160174661255,-1.058145946714099,0.3638895486664318,0.41108552428350564,-0.862804573858747,2.3173348231728026
12819.0,1.0741675694743047,-1.058145946714099,-0.39068368216127203,-0.24113697870484116,-0.6267921989603487,0.8941220692337377
12820.0,-1.9674812683483254,1.15560189306089,0.7645062434090705,0.903102182253235,0.921346639414674,-0.18104655408590378
12821.0,0.5877787261013253,-0.5571872395918231,-1.0338879631685094,-0.7342923345111426,-0.9194058466176699,-1.2549938412031747
12822.0,-0.1138130260237924,-0.5571872395918231,0.014257721760984278,0.06680164554114096,-0.0181119525235737,0.7172468204656872
12823.0,-0.07913835459246295,1.7233615276208618,1.4003952857574973,0.4117923711423014,-2.515817022689194,0.3474846844470895
12824.0,-0.22013977682524094,-1.058145946714099,-0.6123572568095846,-0.4992963694822978,-0.4115503779538524,0.4760199609669534
12825.0,1.1566531348790148,-0.5571872395918231,-0.4204175034637325,-0.8343368051868192,-0.586765087019821,-0.10141817885864805
12826.0,-1.9674812683483254,1.2544959545938104,0.8324986817515434,0.9133974437569533,0.6428173386552047,-0.17105922546378333
12827.0,-1.608585561882396,-0.20175138038774237,-0.5549241157977796,-0.6063545425438546,-0.6267921989603487,-0.9025129625586368
12828.0,-1.9674812683483254,0.48966298795922886,0.06537508084740587,-0.0036909421566538865,0.07416420415895746,-0.6742705710414857
12829.0,0.8779192915851238,-0.20175138038774237,-0.6340753564518342,0.06680164554114096,-0.7132292345010023,-1.0510729927352656
12830.0,-0.5070123740010525,0.48966298795922886,1.4342871259697894,1.9632678844102665,-0.9194058466176699,1.9020052615179999
12831.0,0.7170160174661255,-0.20175138038774237,-0.5207179508557206,-0.3243496716804167,-0.7601216003714991,-0.8382871296785769
12832.0,-0.6141483680629726,-0.5571872395918231,-0.6383222407805823,-0.6130319698342725,-0.3507527121214226,-0.5114903617659939
12833.0,0.3395657324261091,-1.058145946714099,-0.5765894314376263,-0.7589597607014165,-0.4437267787202448,0.5434822339052574
12834.0,0.7662827513425954,-1.058145946714099,-0.7848218294491394,-0.9870018732865309,-0.6688728615528973,0.1507317459132304
12835.0,1.0308182885991817,2.703410827734218,1.3477419871057947,1.0230188877522657,0.9637379981128575,-0.8652393857268094
12836.0,-0.23074043468561758,1.5110377522649707,1.4096575021594235,0.9883713854697097,1.5411968671369618,0.6120887633318678
12837.0,0.45208539041217766,-0.5571872395918231,-0.2166920260214183,-0.567653913628976,0.5505411819726732,0.2821886889275799
12838.0,-0.5764124726865254,1.0480979277381186,0.933044332443204,0.8620136256352996,1.380451546493704,0.2649253700156783
12839.0,-1.9674812683483254,2.1575193073054413,1.7157593170788505,1.7244354185738933,1.0636387966331442,0.4423353625278629
12840.0,0.33515798175035244,0.654643185938614,1.0579642665075009,0.9948082075974299,0.7717713000569296,0.9837258246251702
12841.0,-1.7074462772723475,2.6736379125253507,1.507229166648309,1.5698211612412005,1.6164639213921022,-0.53282225317546
12842.0,-0.12278275543912286,0.07394609082159041,0.5209922505993064,0.38069036969863373,0.05652066271060163,0.7316281489898664
12843.0,-0.15997144498132296,2.3282062876889484,1.4099626707025665,1.1883756313572933,0.9151078788768329,-0.3263249078125816
12844.0,-0.6752731880764764,0.07394609082159041,-0.2595524534200115,-0.5252055769172435,0.5979759564957379,-0.7364306212559346
12845.0,0.7290940618003953,0.07394609082159041,-0.6947802794871701,-0.5835033778764733,-0.3805884749031534,-1.5521487412482682
12846.0,1.3290588383452664,-1.058145946714099,-2.9028031903715754,-3.628661084298931,-2.515817022689194,-3.8440270956687215
12847.0,-0.8456753236698794,-0.5571872395918231,0.4068617717128731,0.7402415707005902,0.7017426726202728,1.4571431172858118
12848.0,1.323400049877103,-1.058145946714099,-1.0767213340626407,-1.4026767430063911,-0.7601216003714991,-0.39982462272276337
12849.0,-0.6338830081757483,0.48966298795922886,0.8646264182858023,0.8750661723792841,0.8700553726182927,0.828758648989498
12850.0,1.0571778289304525,-1.058145946714099,-0.7454040407583367,-0.5964638157260045,-2.183176263091345,0.22507827359920282
12851.0,0.0839084047561103,-0.5571872395918231,-0.8528971982569772,-0.7424124492385259,0.4240770344914922,-0.9149798215042162
12852.0,0.7928241333268481,-1.058145946714099,-0.7867328823507745,-0.7889587489815226,-0.7132292345010023,0.14712727817975946
12853.0,0.29406259624637104,1.15560189306089,1.033589553178139,0.7957176626827412,0.7865535568710715,0.3249065719067282
12854.0,-0.04624267237073655,0.654643185938614,0.8417656662656131,0.7825827081717943,1.215822701168371,0.5766546743104164
12855.0,0.942827752064887,0.07394609082159041,-0.25696138467749874,-0.3999276484574282,0.3526935049184267,-0.7315659902909506
12856.0,-1.4474112861963695,0.48966298795922886,0.6131938639961656,0.5094356767321276,1.0583966506364906,0.3554436644802272
12857.0,0.5787669825224744,0.48966298795922886,0.9919405296609365,0.6899141760440615,0.4240770344914922,1.0685323894292018
12858.0,0.9597502430728069,-1.058145946714099,-1.1886982489169204,-1.3491740126569907,-0.12209817180851448,-0.6110260897991228
12859.0,1.07556327230771,-1.058145946714099,-0.3460780602531143,-0.34859003764638075,-0.5486003891756687,0.9782534529132754
12860.0,1.3393053557797783,-1.058145946714099,-2.01970735912833,-1.8928978199024078,-0.7601216003714991,-2.1784057899709754
12861.0,1.2680279097306315,-1.058145946714099,-1.8726965395026152,-1.8928978199024078,-1.7640984679528429,-1.9011263094507775
12862.0,1.0278214364224065,-0.5571872395918231,0.057995171878300784,0.13800659264123738,0.8431548296299944,0.7996565537741015
12863.0,-0.31029852425924354,0.48966298795922886,0.7915852010805344,0.386589251739533,-0.4437267787202448,0.6912285216246927
12864.0,0.30805570115501285,-0.5571872395918231,-0.8148963899903275,-0.06930816258885521,-1.614523128595098,-0.8435499093189914
12865.0,-0.7428435417295326,0.07394609082159041,0.9169663023760704,0.9061077667925612,1.0636387966331442,1.4775840323605778
12866.0,0.7662827513425954,-0.20175138038774237,0.19951604245448992,0.07037298973010923,0.26071325195673184,0.5163698646538877
12867.0,-0.7428435417295326,1.3460575542855853,1.5419797841700618,1.8215575330319136,1.7580092482839644,1.0553289401867783
12868.0,0.4982949986740278,0.8001660338568091,0.6350395324254522,0.6227215604988681,0.5793298571111467,0.00676508372784098
12869.0,1.3290588383452664,-1.058145946714099,-0.7288968320923159,-0.8112565093766205,-0.14457610000475504,0.2562127863881657
12870.0,0.9462481612329638,-0.20175138038774237,0.42426977237733016,0.3946147870627308,0.5698454386786636,0.9396893943638105
12871.0,-0.007362574730335169,-0.20175138038774237,-0.16079208077247734,-0.017114284365895672,-0.9194058466176699,-0.1617805638871421
12872.0,0.858658829090127,1.2544959545938104,0.9914500703435474,0.8655669618781198,1.3329322084435713,0.12774399641241074
12873.0,0.7640205789835691,-0.20175138038774237,0.5609123893649222,0.30127484509224106,-0.1914684658752519,1.197133724405381
12874.0,0.9630818100393996,-0.5571872395918231,0.013908674365651541,0.14863236395105792,0.038489320235348796,0.7165891690574668
12875.0,0.33071972736706673,0.2992073267345332,0.27181593540073845,1.5416545159179476,-2.183176263091345,-0.039752355148245586
12876.0,-0.2415192631816249,0.07394609082159041,1.065026805698994,1.1918373284999075,0.8293663864529791,1.7566157250179477
12877.0,-1.8243736859341724,1.8470162614078611,0.8323573153766394,0.9959718008930533,1.0262202498700983,-0.861939916399529
12878.0,0.6502579820962507,-0.5571872395918231,-0.06073942852023095,0.06321080347110442,-0.07890961835600385,0.5759502527969903
12879.0,-0.40114257027902034,-0.20175138038774237,-0.3484334332666267,-0.19334852384513587,-1.3785107536966998,-0.5146120337830048
12880.0,0.9580779469522994,-0.5571872395918231,-0.2690099102948912,-0.3784393908584309,-0.21595962957782017,0.18365931706992056
12881.0,0.7502773702473149,-1.058145946714099,-0.8186702073701252,-2.051515154316317,-1.3785107536966998,0.08688977380344041
12882.0,-1.3798409325433134,-0.5571872395918231,0.3260002693426018,-0.4609184296153759,-0.9802035124500996,1.30472740960401
12883.0,-0.7670473650770303,0.07394609082159041,-0.20112030498982136,-0.609684782260171,-0.05813906446410138,-0.626707526895636
12884.0,0.02212883716268363,-1.058145946714099,-0.7925198806682179,-1.5956177399879288,-1.3785107536966998,0.13621232721684903
12885.0,-0.18935025478488945,-0.20175138038774237,0.16826687265580476,0.18152526472149003,0.36503047510217346,0.4575282146384671
12886.0,-0.14110757920304226,-0.5571872395918231,0.2830881429460451,0.28776533932026865,0.46843340743959727,1.2238470778429134
12887.0,0.9614181899137091,-1.058145946714099,-1.0287084752257958,-1.0490970995891926,-0.9194058466176699,-0.3092667944590724
12888.0,0.5877787261013253,-0.5571872395918231,-0.6947194022966463,-1.2275467185765694,-1.7640984679528429,-0.6175746220190723
12889.0,0.9564012788108172,0.07394609082159041,-0.6337769587426781,-0.9088754544805527,-0.4115503779538524,-1.4380139747727425
12890.0,-0.7922005967383016,-0.5571872395918231,-0.18714094481272994,-0.041989049064595975,0.8766449105123539,0.33784636100808074
12891.0,0.4982949986740278,1.15560189306089,-0.07304188505400569,1.0140319545777978,-2.183176263091345,-1.7497457868507782
12892.0,0.982715747443508,-1.058145946714099,-0.907343599130211,-0.8296554976039625,-0.6688728615528973,-0.08035854210826666
12893.0,-0.6338830081757483,-1.058145946714099,-1.1486702336051557,-1.0756752990814846,-0.3507527121214226,-0.5355286038306872
12894.0,1.219785234148785,-1.058145946714099,-1.2767050158687598,-1.7651973438095343,-0.5486003891756687,-0.7770170738967294
12895.0,-0.44439436309454555,-0.5571872395918231,-0.6577780971555776,-0.5645293427226981,-0.5121324717856456,-0.5480897648783851
12897.0,0.5603544681590024,0.07394609082159041,-0.42651718048164416,-0.4529780401521651,-1.1172535236719159,-1.0497173468092402
12898.0,1.0824965852277768,-0.5571872395918231,-0.7880944300905118,-0.47709271037340434,-0.3507527121214226,-0.7931628589700045
12899.0,1.0095401454577722,-1.058145946714099,-0.6702225408357011,-0.9989607652635911,-0.7132292345010023,0.3668793144773618
12900.0,1.0217853899940603,-1.058145946714099,-0.7232592215744031,-0.8343368051868192,-0.9194058466176699,0.2668459746103788
12901.0,-1.3798409325433134,2.245808014503504,2.120169054578646,2.52326674373646,-0.2672508963742018,1.1030850715961318
12902.0,0.7242901052643254,-1.058145946714099,-1.3671060799163346,-1.3190441216122357,-1.1172535236719159,-0.9475239804047184
12903.0,1.0323114794921844,-1.058145946714099,-0.07903529001984558,-0.005021015286987677,-0.0181119525235737,1.4819271335000022
12904.0,-0.9682038613741811,-0.5571872395918231,-0.43307809855458296,-0.3265167937029618,0.27450169513374717,-0.1252512609023477
12905.0,1.22200820066849,-0.5571872395918231,0.06517011891058656,0.04495650678653084,0.17272976344709118,0.813176009064765
12906.0,-1.2115801184678894,0.2992073267345332,0.8236860313070907,0.8268878099159703,0.21790042237482501,0.9990013139518239
12907.0,0.9811023498659778,-0.5571872395918231,-0.4340243057392941,-0.6763909572414488,-0.47721685960260357,-0.12703242674472165
12908.0,0.46304848128521175,0.2992073267345332,0.465598484226999,1.1816162981718437,-2.515817022689194,0.3248025136380802
12909.0,-0.4749394310824503,0.8001660338568091,0.8675642721975738,0.8977247710930301,0.8499631098416093,0.44416968832059395
12910.0,-0.8183807704906293,1.3460575542855853,1.3177025526059893,1.3073154427994775,0.46843340743959727,0.6330671040455539
12911.0,1.1936514508770608,-1.058145946714099,0.4257798478326246,0.3290930607988527,1.3441450443638419,2.434067115705643
12912.0,-1.9674812683483254,0.2992073267345332,0.4179507256678601,0.196395248611044,-0.7132292345010023,0.23514195343954972
12913.0,-1.7074462772723475,1.3460575542855853,1.4221560328150245,1.2305934433424774,0.17272976344709118,0.8296996240996214
12914.0,0.9891290528763733,-1.058145946714099,-1.02363000650951,-0.25656808974912876,-1.1954453334565955,-0.2996882126167636
12915.0,0.3568999011193944,0.07394609082159041,0.16797887681522788,-0.06200818822043408,0.07416420415895746,0.06714430705603962
12916.0,0.3126530340951926,0.654643185938614,1.1595438604187185,0.836217341359496,0.5407159979871611,1.175051903296011
12917.0,0.26017338137229135,0.48966298795922886,1.1123966900367108,0.5244871559562593,0.05652066271060163,1.2954434793357406
12918.0,1.2741945456928903,-1.058145946714099,1.77623045611038,-3.628661084298931,-2.515817022689194,4.98117381223849
12919.0,-1.4474112861963695,0.48966298795922886,0.2601542990704583,0.19932932457925942,-0.16768729188131876,-0.30846599588918006
12920.0,-1.0028785328055105,0.07394609082159041,-0.46406419004118676,-0.10863192839430982,0.27450169513374717,-1.1201146195938763
12921.0,-1.3798409325433134,3.419785968132268,2.6320073973372695,2.4831022284423305,1.6554756952610448,0.7482764624756586
12922.0,0.4062569561281632,-1.058145946714099,-0.5975597213352362,-0.19334852384513587,-0.32196403698294906,0.5039298315448658
12923.0,-0.1794070292720186,-0.20175138038774237,-0.11775642588430278,-0.48533149374139894,0.2031181655606824,-0.08082129208919417
12924.0,0.02212883716268363,1.2544959545938104,0.7030004448999704,0.6913012857437157,0.23242103254119895,-0.41431654482879304
12925.0,-1.7074462772723475,-0.20175138038774237,-0.17514238859851064,0.1754818445108397,0.07416420415895746,-0.1887737219270201
12926.0,1.0048872215498614,0.07394609082159041,0.3668627621852883,0.28434415637220195,1.274447139088575,0.4414278770366147
12927.0,0.9794848831855826,-1.058145946714099,-1.114554484619326,-0.8067360727591756,-1.0458699940988507,-0.4711823388385449
12928.0,-0.5583457794146515,1.2544959545938104,1.1033647213528743,1.1590993339957447,0.6514988276797011,0.33824626450004713
12929.0,0.8286381285590276,-1.058145946714099,-1.4834760368285176,-1.6920419146655814,-1.2818823689972492,-1.1670112350361714
12930.0,-0.054309762370586455,-0.5571872395918231,-0.5793158821363088,-0.44513236932404693,-0.586765087019821,-0.4004750761399101
12931.0,-0.8456753236698794,3.10220258082986,3.3124034882676967,3.182871611620863,-0.10021972705664996,2.384396993905148
12932.0,1.1783950542480568,0.8001660338568091,0.43349090311071276,0.7720459798054511,0.40096584261492885,-0.37201815595587456
12933.0,-0.7922005967383016,0.8001660338568091,0.42858566298993683,0.43196730794482957,1.3697273015336935,-0.3812319301984715
12934.0,1.3787288112420826,-1.058145946714099,-1.173830268543982,-1.8050714269853785,-2.183176263091345,-0.5829833519605825
12935.0,-2.1519790306632065,1.5110377522649707,1.09307824421167,1.2242563782817089,0.8010741670374462,0.016572890454199133
12936.0,-1.0028785328055105,0.07394609082159041,0.09662189164113888,0.07745802346995725,0.23242103254119895,-0.06708323411094394
12937.0,-1.0784157615666075,0.9303406571479473,0.8662677896722377,0.9094312753236264,0.9024861982765124,0.2820858817899693
12938.0,-0.7428435417295326,-1.058145946714099,-1.5063285063635554,-0.8296554976039625,-1.1954453334565955,-1.2101136468002274
12939.0,-0.1794070292720186,1.8470162614078611,2.3784311464660606,1.9945658942917128,-0.4437267787202448,2.046449134703134
12940.0,-0.27498730170981883,-0.5571872395918231,-0.013063174512395956,-0.12440536872230934,0.5887058798168258,0.6657716685147473
12941.0,1.3673310709462236,-1.058145946714099,-0.6487931958693478,-0.17413087434004473,-0.3507527121214226,0.40729754801477414
12942.0,0.2749171387187454,-0.20175138038774237,0.00951598376795095,-0.39509144329435947,0.3891614223084505,0.15867407849067003
12943.0,1.2005722935676086,-0.5571872395918231,-0.4517787720916428,-0.5281484048190704,-0.5121324717856456,-0.1604530560792738
12944.0,-0.540774126845729,-0.5571872395918231,-0.3101998556376699,-0.3553590950482323,-0.2941514393624997,0.10609480154433318
12945.0,0.777475447277631,-0.5571872395918231,-0.023723535933892172,-0.070777930661493,0.09143627489364367,0.645687113341048
12946.0,1.0441334768929462,-1.058145946714099,-0.757588936235999,-0.7889587489815226,-0.586765087019821,0.2020961455025022
12947.0,0.33515798175035244,0.48966298795922886,0.5172424666141532,0.6562018627909401,0.5505411819726732,0.17491089333935153
12948.0,-1.0395356639262063,0.9303406571479473,0.6572500945736298,0.6339041023958422,0.607142454731596,-0.1109685018912635
12949.0,-0.6338830081757483,1.9594133665673954,2.0276275344809367,1.8454713771864977,1.7166361261036414,1.256069761425585
12950.0,-2.1519790306632065,-0.20175138038774237,0.49226805202399665,0.6711342867267018,-0.9194058466176699,1.0677963361270613
12951.0,-1.3798409325433134,1.5110377522649707,0.8927759895228659,0.7933489172455954,0.7791957222855813,-0.3597894984546738
12952.0,-1.608585561882396,0.07394609082159041,0.2879768216149447,0.17951695495102846,0.34016817678249833,0.29294364574452025
12953.0,-1.3187161125298095,-0.5571872395918231,-0.08312244627656486,-0.20407247237197493,0.05652066271060163,0.5337833156784125
12954.0,1.2873555878018408,-1.058145946714099,-1.2538626738187175,-1.1703175140161766,-1.1172535236719159,-0.7339337637456408
12955.0,-2.4120140217391843,1.15560189306089,1.1753355382023427,1.313083380570927,0.5307717179635321,0.5916364592978269
12956.0,0.816224995258786,0.07394609082159041,-0.4159108439258405,-0.24880728066408775,0.0011923041824166546,-1.0298275228971405
12957.0,-1.3187161125298095,1.3460575542855853,1.6108459441499643,1.4748593058663604,1.8370157483611393,1.18503096156748
12958.0,0.9875317290149478,-0.5571872395918231,-0.3920555940225663,-0.8730374341016977,0.05652066271060163,-0.04802507981065509
12959.0,1.1095037419429616,-1.058145946714099,-1.3064339899369017,-0.9929541396007278,-1.2818823689972492,-0.8330893718881277
12960.0,1.0095401454577722,0.07394609082159041,0.2530438556100395,0.6706578499519347,0.12492635577600246,0.22720152613049266
12961.0,0.9530347346034082,-1.058145946714099,-1.0630942225947353,-0.6653981508446892,-0.10021972705664996,-0.3741223077609691
12962.0,-1.5229485149574664,-0.5571872395918231,-0.8991859047540544,-0.8830791702047491,-0.8098576192004525,-1.0019705946627206
12963.0,-1.4474112861963695,1.2544959545938104,0.9748607514931362,0.8490602781992872,0.9088213112787457,0.0965487764191493
12964.0,1.0441334768929462,-1.058145946714099,-1.4011195748995087,-1.4253590231077382,-0.3805884749031534,-1.0116773824714678
12965.0,0.029294556390360493,-1.058145946714099,-0.13430916627922676,-0.36910985941490526,0.7642790739473241,1.3776741830398984
12966.0,-1.3187161125298095,-1.058145946714099,-1.2639404431505006,-1.2361445003371931,-1.1172535236719159,-0.7529416071971196
12967.0,0.9165761254464796,-0.20175138038774237,1.1037043629602485,0.6175750480211145,0.09143627489364367,2.2201937721660086
12968.0,0.17524615765079224,-1.058145946714099,-1.3813292891727302,-1.2536847648443734,-1.614523128595098,-0.9743506050299282
12969.0,1.2502267205812954,-1.058145946714099,-1.4561122164195586,-1.4370004055740193,-1.614523128595098,-1.1153998915489265
12970.0,-1.5229485149574664,1.0480979277381186,0.35585482999828144,0.4686093406915149,1.5411968671369618,-0.8193221368905855
12971.0,-1.8243736859341724,3.9692025014910746,2.0480374192945714,2.2216399704932046,0.7178293264081053,-0.9571278763069146
12972.0,1.0095401454577722,0.07394609082159041,0.15962613478747054,0.3480443148454563,0.40096584261492885,0.05143039377167712
12973.0,1.0095401454577722,-1.058145946714099,-0.633609164317051,-1.8050714269853785,-1.4880589811139169,0.43593639508563753
12974.0,0.5381829940526488,-0.5571872395918231,-0.5912570398883866,-1.0235513279573643,-0.3507527121214226,-0.4229431313733327
12975.0,1.0441334768929462,0.48966298795922886,0.5863192458793979,0.39823063420581406,0.6340429977198944,0.3048731403744209
12976.0,0.5817849890277144,0.8001660338568091,0.8798069755486062,1.1084350841392718,0.7490861757345402,0.46720933286301314
12977.0,0.38615107131684145,0.07394609082159041,-0.42180558232725834,-0.8730374341016977,0.2031181655606824,-1.0408820007050594
12978.0,0.9630818100393996,0.2992073267345332,0.7126834045178198,0.6777684158413487,0.8896672959534744,0.7899469910778859
12979.0,1.3717388216219801,-1.058145946714099,-0.4217083297246945,0.029979291768293403,0.23242103254119895,0.835605980543057
12980.0,0.39426922020759336,1.9044924940644754,2.060248217134551,0.884774406773776,-1.3785107536966998,1.3806577561328564
12981.0,-0.6542442484349309,-0.5571872395918231,-0.6588970608122154,-0.47165696919616373,-0.9802035124500996,-0.5501946249442939
12982.0,0.6689257299564773,0.8001660338568091,0.7791642827426738,0.8193277158890873,0.9696189771111754,0.2778361021951205
12983.0,1.2448956408493488,-1.058145946714099,-0.4611382030105733,0.1642559237007804,-0.2672508963742018,0.7612366599071949
12984.0,-0.9353081791524545,-1.058145946714099,-1.6188075000269513,-1.9168175809686259,-1.7640984679528429,-1.4222620928249825
12985.0,-2.4120140217391843,-0.5571872395918231,0.20653892815024083,0.7402415707005902,0.44655496268773315,1.079576714347388
12986.0,1.0323114794921844,1.0480979277381186,0.7752249013925846,0.5592646452332911,0.3014022381220454,-0.03186199945042722
12987.0,-0.0876328522714647,0.2992073267345332,0.2476536226576609,0.10730737668200685,0.3014022381220454,-0.08518917873620577
12988.0,0.7862910527348936,-1.058145946714099,-0.3976366872299689,-0.848584025185672,0.46843340743959727,0.8810078941110425
12989.0,-1.9674812683483254,2.442335020593583,1.9296008898410761,1.7326415312228693,0.14117229372259663,0.5214718544945998
12990.0,-0.6338830081757483,0.654643185938614,0.019262333515145048,-0.022561279794168585,-1.1954453334565955,-0.9689032134121947
12991.0,-0.8183807704906293,-0.20175138038774237,-0.14094976163259781,-0.018471810005313997,0.05652066271060163,-0.12445447992715777
12992.0,1.3682150479281203,-1.058145946714099,-1.6498256316415092,-2.051515154316317,-1.4880589811139169,-1.4807658916793038
12993.0,-0.8183807704906293,0.8001660338568091,0.21820807807251136,0.27135385382335897,0.24668909751329784,-0.7761268763979996
12994.0,-1.8243736859341724,-0.20175138038774237,0.03337685009336651,-0.0519224559342961,0.17272976344709118,0.20358481725180907
12995.0,0.0001383902963132679,-1.058145946714099,-1.0653645563041205,-0.9989607652635911,-1.9471638881929467,-0.3784044208268546
12996.0,0.9479515492166357,-1.058145946714099,-0.6919245966305824,-0.9194840867058315,-0.5121324717856456,0.3259467166430971
12997.0,-0.8456753236698794,0.8001660338568091,0.5900205680287233,0.5715693073737764,0.3526935049184267,-0.07787395673954357
12998.0,1.1212955486788323,-0.20175138038774237,-0.007928452520497427,0.5362851572919094,0.26071325195673184,0.1258422793456631
12999.0,0.5317049066607064,-0.20175138038774237,-0.5131551373753865,-0.24496094842291352,-0.4115503779538524,-0.8240852812794898
13000.0,0.14622196505218568,0.07394609082159041,0.07505468406637691,0.06440993040089163,0.24668909751329784,-0.10764549470889329
13001.0,-1.8243736859341724,2.442335020593583,2.3465728165069666,2.1726062131916315,1.5976034802539407,1.3065220328673461
13002.0,0.8408155551547154,-0.20175138038774237,-0.582208895225347,-0.5931996852608044,-0.6267921989603487,-0.953733072522974
13003.0,0.14025610622843504,-0.20175138038774237,-1.315501175790863,-1.0298453562635617,-1.7640984679528429,-2.325343770953283
13004.0,-1.2115801184678894,2.5468070428147276,1.8207015997732103,1.8868754703004824,1.8669969064568752,0.19868716564426628
13005.0,0.4557606165093461,0.07394609082159041,0.05180018359182137,-0.04764689848078281,-0.0181119525235737,-0.1513771705829661
13006.0,-0.26363611690734395,-1.058145946714099,-1.7459274324553202,-1.4370004055740193,-1.7640984679528429,-1.6620250498457
13007.0,1.2253282695095484,-1.058145946714099,-1.1995326097892989,-1.3916223493687232,-1.0458699940988507,-0.631460952771181
13008.0,0.8507897095190223,-0.20175138038774237,-0.3011881845540475,-0.17758348562160425,-0.24120448470420522,-0.42580141077244893
13009.0,1.3205518207744387,-1.058145946714099,-0.992230876816157,-0.9302666386620904,-1.7640984679528429,-0.24046580713446433
13010.0,0.9445402369244065,-0.5571872395918231,-0.745142845869619,-0.28244244642561867,-1.1172535236719159,-0.7124024983848665
13011.0,0.9411106822337401,-1.058145946714099,-1.5929409605020772,-1.9168175809686259,-1.9471638881929467,-1.3734747949881796
13012.0,-1.3798409325433134,1.15560189306089,0.8366492927070055,0.7529802698395117,0.6600894093898906,-0.045455933608292406
13013.0,-2.4120140217391843,2.2876939305965793,1.878604284796215,1.686287386381136,1.567060786745896,0.6007061218833282
13014.0,-1.2629135238814884,1.15560189306089,1.2641226153705956,0.9081038865001225,0.9754580982530536,0.7587687235661672
13015.0,-0.2983107883386734,1.15560189306089,1.4097450189009526,1.2895157985542238,1.480623751205243,1.0329682042006791
13016.0,-0.09624137345486956,-0.20175138038774237,-0.11773820331810748,0.03875739455507873,-0.05813906446410138,-0.08078700890916093
13017.0,-1.5229485149574664,-1.058145946714099,-1.0906462728369555,-1.5248267984910486,-2.515817022689194,-0.42608867457587046
13018.0,-1.0395356639262063,2.5129551665095216,1.6933393341603453,1.7144704921099352,1.8349775036925169,-0.002597213185224877
13019.0,0.9530347346034082,0.48966298795922886,0.20103968162643227,-0.14714366559657338,0.07416420415895746,-0.4195299090622076
13020.0,1.206283152308942,-0.5571872395918231,-0.2932054718582653,-0.3807925988742401,-0.07890961835600385,0.13809595160533658
13021.0,-1.8243736859341724,1.6565606001831652,1.1947708591824382,1.0737307466405912,1.114296432923324,0.03823115170154491
13022.0,1.0338012018782479,-1.058145946714099,-1.90406630004993,-1.7276030581980808,-1.614523128595098,-1.9602933213125426
13023.0,-0.1794070292720186,-0.20175138038774237,0.31907141181905524,0.10730737668200685,0.40096584261492885,0.7415273742352594
13024.0,1.092078996990952,-0.5571872395918231,-0.3705417924248825,-0.6617743348522026,-0.3805884749031534,-0.007521382469217733
13025.0,1.3743690038409726,-1.058145946714099,-0.7599397592832171,-0.4743692243337022,-0.9194058466176699,0.19766222019695606
13026.0,-2.4120140217391843,0.9303406571479473,0.44798031603965016,1.0527406625603497,0.17272976344709118,-0.5041015873877489
13027.0,0.18649776552599168,1.7867352234743035,2.1070162014909863,2.93387465686664,-1.3785107536966998,1.6046316381126577
13028.0,-0.8183807704906293,-0.5571872395918231,-0.2455786864198424,0.31122793699920287,-0.037881416532715165,0.2277856078987661
13029.0,-0.6338830081757483,0.2992073267345332,0.5244797627922451,-0.616396278646906,-0.9194058466176699,0.43561991531026795
13030.0,-1.2629135238814884,-0.5571872395918231,0.19943977586279832,0.12173896359300188,0.47915765239960845,1.066197728102001
13031.0,0.9986303407132077,0.2992073267345332,0.9374378008709479,1.0346309083320302,1.5264676913009443,1.2132789039360679
13032.0,-0.31029852425924354,0.9303406571479473,0.8046219522641143,0.6222087176356097,1.0152080971839796,0.16612723339158159
13033.0,0.9147872115980474,-0.5571872395918231,-1.0347006317531224,-1.0622519568722428,-0.9802035124500996,-1.256519745022585
13034.0,-0.27498730170981883,-0.20175138038774237,-0.005897246889088507,0.032499298448011193,0.0011923041824166546,0.1296650800786599
13035.0,-0.0876328522714647,-0.20175138038774237,0.27563167268411176,0.4089604143933763,-0.3507527121214226,0.6597112990526213
13036.0,1.331869618003757,-1.058145946714099,-0.7970662248190301,-1.6749572933624948,-1.4880589811139169,0.1276373941091177
13037.0,0.30805570115501285,1.2544959545938104,1.0349617699208933,0.9564427635686323,1.1848607981176718,0.2095751681191881
13038.0,-0.03827579726269536,-0.20175138038774237,-0.017077015198175956,-0.21132015936061974,-0.4437267787202448,0.10862465163404877
13039.0,1.2297284596616558,0.07394609082159041,0.05971371454962838,-0.35309499319525317,-0.10021972705664996,-0.1364957020581136
13040.0,-1.3798409325433134,-0.5571872395918231,-0.22872854085937297,-0.22049354291306064,-0.07890961835600385,0.2595195820034239
13041.0,1.0643116644325106,0.07394609082159041,-0.10936828259437745,-0.25852268535940026,-0.47721685960260357,-0.45434176628263473
13042.0,1.2448956408493488,-0.20175138038774237,0.3706106899864506,0.3370558812879524,1.1044120596547777,0.8386072149081605
13043.0,0.7432937237559131,-1.058145946714099,-0.4234887407020943,-0.439953437536103,-0.9194058466176699,0.8322479186522197
13044.0,0.7840984858169682,1.15560189306089,1.1898392519909364,1.075535902281322,1.7375834697941206,0.6189353487983212
13045.0,0.09686491004341691,-0.20175138038774237,-0.10060495976768039,-0.13405425969568574,-0.0181119525235737,-0.048552275254393415
13046.0,-0.6338830081757483,-0.20175138038774237,0.014538354635242005,0.010765045004341275,0.14117229372259663,0.1681268883630512
13047.0,-0.6141483680629726,2.062432694683636,1.618107047476344,1.2694974806210635,1.2244584972993122,0.3671197476331864
13048.0,-1.1198059414673356,0.9303406571479473,1.0654537977392526,1.1135592576051712,0.8831819415705221,0.6569283081524014
13049.0,-0.1794070292720186,0.07394609082159041,0.2985102272391971,0.14546261835203206,-0.6267921989603487,0.3127683592128478
13050.0,-1.0784157615666075,2.5129551665095216,1.8623728452919015,1.7578503544881214,2.036606470810011,0.31523313501653655
13051.0,1.2242234885320706,-0.5571872395918231,-1.2837932494106168,-1.2626334870875637,-1.7640984679528429,-1.7238178082882116
13052.0,0.5817849890277144,0.654643185938614,0.8825745880568926,0.7054660215203357,1.0893585536871893,0.6534754203801072
13053.0,1.270090050410331,-1.058145946714099,-1.4263810306242324,-1.5383885354275355,-0.7132292345010023,-1.0593234219831755
13055.0,-0.054309762370586455,0.07394609082159041,0.6583929716421797,0.853406467618376,1.0040461146997783,0.9904135357057254
13056.0,1.1924906809695346,-1.058145946714099,-1.0716365514819797,-0.7506340680270399,-0.6688728615528973,-0.39023413219891306
13057.0,1.167616225752049,-0.20175138038774237,-0.1823215076608722,-0.041989049064595975,-0.16768729188131876,-0.20227721034175494
13058.0,-0.7670473650770303,-0.20175138038774237,-0.8858093124126096,-1.473214373913271,-1.614523128595098,-1.5229485174648767
13059.0,0.6870654296828469,1.0480979277381186,0.6528042454744825,0.3634303015606991,1.0583966506364906,-0.26193511597934743
13060.0,0.6972051697365015,-1.058145946714099,-0.7960612295771703,-0.9141583819899257,-0.8098576192004525,0.129532931861357
13061.0,-0.10496702096475002,-1.058145946714099,-0.9487688873296926,-1.0050227523118493,-1.1172535236719159,-0.15849144703047377
13062.0,0.5152174896819478,-1.058145946714099,-0.7093551924149509,-0.24304618451220317,-1.0458699940988507,0.29307058850128875
13063.0,1.1055244621722873,-1.058145946714099,-1.147680355386535,-0.9523769874762635,-0.9802035124500996,-0.5336615785400571
13064.0,-1.1640528084915374,0.48966298795922886,0.4258955469135446,0.196395248611044,0.26071325195673184,0.0030997538926882517
13065.0,0.942827752064887,0.2992073267345332,0.218939372181538,-0.05766678012257356,0.12492635577600246,-0.1391798157684893
13066.0,-0.7922005967383016,-0.5571872395918231,-0.4899993139319454,-0.28447558850457283,0.10835219495760728,-0.23239293085467858
13067.0,-0.022632943738098474,-0.20175138038774237,-0.43458979842696566,-0.8730374341016977,-0.4437267787202448,-0.676513950158091
13068.0,-1.3187161125298095,-0.5571872395918231,-0.7155527185957684,-0.5964638157260045,-2.515817022689194,-0.6567567309974736
13069.0,-2.4120140217391843,2.611849228042442,1.6874087977567644,2.2574810649401065,2.1271828940350566,-0.12509606166221618
13070.0,0.5185490566485405,0.07394609082159041,-0.15340190910264365,-0.18981238124781294,-0.9802035124500996,-0.5370744297874704
13071.0,1.2597123935708792,-1.058145946714099,-1.4176403876093506,-1.8259532106467022,-0.9802035124500996,-1.0428375540671317
13072.0,0.7290940618003953,-1.058145946714099,-1.191806085427554,-1.2902342195152068,-1.3785107536966998,-0.6168878304206918
13073.0,1.0048872215498614,-0.5571872395918231,-0.5753847999858734,-0.42214172402019695,-0.4115503779538524,-0.3930782968972674
13074.0,1.144248005387688,0.07394609082159041,0.2832657357284511,0.3338823120967778,-0.3805884749031534,0.2840772062075344
13075.0,0.2700401175059993,-1.058145946714099,-0.008296243833286024,-0.015759554867775548,-0.5121324717856456,1.6153491906590696
13076.0,1.0741675694743047,-1.058145946714099,-1.3842290643438688,-1.5808368721392683,-1.1954453334565955,-0.9798199177997349
13077.0,-2.4120140217391843,1.15560189306089,0.8585664637928874,1.132722184471562,1.298343771960628,-0.004254065674745829
13078.0,-1.9674812683483254,3.10220258082986,2.490895429655187,2.1032004400825652,1.0478107868958557,0.8366881255715707
13079.0,-1.8243736859341724,0.48966298795922886,-0.5734958670514912,-0.7506340680270399,-1.0458699940988507,-1.8698257284696014
13080.0,0.4738273097812196,0.07394609082159041,-0.8615414706227331,-0.6197778847530964,-0.7132292345010023,-1.8637180196774723
13081.0,-1.2115801184678894,2.245808014503504,2.992069341590964,2.908077761907477,2.3344703973940772,2.746133074184501
13082.0,0.2501524712613207,1.9044924940644754,1.4873775431605172,1.863824640174052,0.6935794902722501,0.30218499036262525
13083.0,-1.8243736859341724,-0.20175138038774237,-0.6154226504860848,-0.3157518899197936,-0.6267921989603487,-1.01607071557601
13084.0,1.1199960037583185,-1.058145946714099,-1.4564041318205936,-0.8112565093766205,-2.183176263091345,-1.11595047790006
13085.0,0.39426922020759336,0.8001660338568091,0.6923867879838953,0.42160928381509843,0.14117229372259663,0.11460588891878612
13086.0,0.9597502430728069,-1.058145946714099,-0.5397423792718093,-0.7631624647057185,0.09143627489364367,0.6129800539245617
13087.0,1.3690978081484741,-1.058145946714099,-0.7819303654931449,-1.147237218205978,-0.8098576192004525,0.15618538276596167
13088.0,1.014159554616912,-1.058145946714099,-0.9857897436643946,-1.2275467185765694,-0.6267921989603487,-0.22831708189893957
13089.0,-1.9674812683483254,4.656082860368571,3.4812901626434876,3.154269381254192,2.4569601496537685,0.9781669857116412
13090.0,-1.3798409325433134,2.062432694683636,1.9583347923924168,1.2725584329231612,1.0994248524597794,1.0074941863382108
13091.0,-0.6970151074455184,-0.20175138038774237,0.6586132639375989,0.6513117217601294,-0.0181119525235737,1.3812391538470288
13092.0,-0.1138130260237924,1.2544959545938104,0.5999727015777119,0.1904875357897548,0.17272976344709118,-0.6077130985141102
13093.0,0.7502773702473149,3.058846686938299,2.9382416763828556,2.607477666609051,1.2622326247684965,1.7277407829131668
13094.0,-0.8741833591389503,1.3460575542855853,0.6923394233855645,0.9433502557079703,-1.614523128595098,-0.5425667706240065
13095.0,-0.1138130260237924,-1.058145946714099,-1.8113854976427854,-0.8112565093766205,-1.4880589811139169,-1.7854865634761077
13096.0,0.9778633268252847,-1.058145946714099,-0.5726046376496325,-2.804692648559184,-2.515817022689194,0.5509980178069326
13097.0,-0.5950029105353472,2.245808014503504,1.9209070133636206,1.5676311893884047,1.8122160850282965,0.727914618757867
13098.0,-2.4120140217391843,2.245808014503504,2.474858557760411,2.281130875390959,1.0636387966331442,1.7712637024985014
13099.0,0.09686491004341691,-1.058145946714099,-1.0789313205603754,-0.35763101764852595,-2.515817022689194,-0.4039929139383941
13101.0,0.6448229902562577,0.07394609082159041,-0.20942264726311577,-0.02530178767071874,0.10835219495760728,-0.6422999241729589
13102.0,-2.4120140217391843,2.579756093947218,1.8235451198463453,1.697685948801015,1.3138967127742598,0.166911618658766
13103.0,-0.4749394310824503,-0.20175138038774237,-0.19483657021807474,-0.10088483130343502,-0.3507527121214226,-0.2258163960247732
13104.0,-1.9674812683483254,0.9303406571479473,0.4379459373798608,0.34021421119261025,-0.8098576192004525,-0.5229400736443991
13105.0,1.042667590085983,-1.058145946714099,-1.834695125389483,-1.0490970995891926,-2.515817022689194,-1.8294512287244125
13106.0,0.28456130840953614,-0.5571872395918231,-0.3114505031833249,-0.5021252811070448,-0.8098576192004525,0.10373982763295092
13107.0,-0.41523819700049863,0.9303406571479473,1.246776567354844,1.4207735960695176,0.9870131210634252,0.9983330324470515
13108.0,0.942827752064887,-0.5571872395918231,0.11967570091120554,0.4871379163370291,-0.3507527121214226,0.9158828331944137
13109.0,-0.22013977682524094,-0.20175138038774237,0.1425800148251922,0.2765808027005175,0.24668909751329784,0.4091635381227398
13110.0,-0.6338830081757483,1.2544959545938104,0.8329177431781698,0.28176653998834345,1.1191943164689204,-0.17027175571369937
13111.0,1.362892816562938,-1.058145946714099,-0.7633018729047346,-0.6653981508446892,-0.9802035124500996,0.1913208834110126
13112.0,1.180765944929144,-1.058145946714099,-2.712209063673221,-2.4501833640843116,-2.183176263091345,-3.4845444359864652
13113.0,-2.4120140217391843,2.579756093947218,2.1587553991107167,1.4547692240590073,1.114296432923324,0.7976051522417278
13114.0,1.3734934744233138,-1.058145946714099,-0.9910666034224858,-1.244856163309911,-0.7601216003714991,-0.2382698522884023
13115.0,-1.2115801184678894,1.0480979277381186,1.2791765642954374,1.3598358598078293,1.1712251425483466,0.9164014266827204
13116.0,0.30805570115501285,-1.058145946714099,-0.4450892113218102,-0.3508386584307874,-0.2672508963742018,0.79150692225702
13117.0,-0.8456753236698794,1.7233615276208618,0.7521586963342983,0.936704955149197,0.8634124775613803,-0.8700053863552505
13118.0,-0.9040178174155593,0.9303406571479473,0.68707741633487,0.34021421119261025,0.7865535568710715,-0.05490022899271685
13119.0,1.3167343976054073,-1.058145946714099,-1.3868753881318567,-0.9870018732865309,-1.0458699940988507,-0.9848111918235768
13120.0,0.6583250720961007,-1.058145946714099,-2.438049448424981,-2.397537599248726,-2.515817022689194,-2.9674475591090297
13121.0,0.7338623008571977,-1.058145946714099,-0.8539088057057488,-0.44513236932404693,0.14117229372259663,0.02042568452322187
13122.0,0.06396922782168996,-0.5571872395918231,-0.006123520952790851,0.10730737668200685,0.2031181655606824,0.6788464332138329
13123.0,1.0947907354871098,-0.5571872395918231,-0.43708325186625047,-0.4047996776888514,-0.12209817180851448,-0.1327906378188055
13124.0,0.03638109477975766,0.07394609082159041,1.179155405841191,1.1322498534359628,1.3291602796973225,1.9717293386849257
13125.0,1.1603283609761827,-1.058145946714099,-1.2711745178338603,-1.448851553929116,-0.586765087019821,-0.7665859122581562
13126.0,-1.7074462772723475,1.3460575542855853,1.0501294539284194,1.2656511483798893,1.193826931703096,0.12965491528733422
13127.0,-0.054309762370586455,-1.058145946714099,-0.9189107036390709,-0.8932765983286024,-0.8098576192004525,-0.10217544468390884
13128.0,1.279288497801991,-1.058145946714099,-0.9070166017758173,-1.8050714269853785,-2.515817022689194,-0.07974178711847342
13129.0,1.0657289582664145,-0.5571872395918231,-0.9945343198780584,-0.33967165098601143,-1.1172535236719159,-1.1810925528900682
13130.0,0.06396922782168996,-1.058145946714099,-1.9183359377820741,-1.7848322627584738,-2.183176263091345,-1.9872075154354913
13131.0,-0.8183807704906293,0.654643185938614,0.914860712398283,0.73593991417152,0.7567177940893411,0.714258276982813
13132.0,0.7170160174661255,-1.058145946714099,-1.7841900755327393,-2.0821123426729526,-1.9471638881929467,-1.7341928387393872
13133.0,0.7456300658619328,-0.20175138038774237,-1.1032341471699312,-1.4370004055740193,-0.9802035124500996,-1.929552570712302
13134.0,0.00755263702131852,0.48966298795922886,0.7046989992911311,0.6634695714212294,0.7791957222855813,0.527662190998025
13135.0,0.5349521297947235,-0.5571872395918231,0.9272918404684175,1.4368769380129935,-0.6688728615528973,2.4383080779719504
13136.0,-0.26363611690734395,1.3460575542855853,1.3747969385509484,1.2050819131652948,1.2824902726998832,0.7405398793777843
13137.0,-1.2629135238814884,1.5859404542672264,1.5234807040080232,1.4174131938099002,2.202250385005428,0.7388113877752005
13138.0,-0.8456753236698794,0.654643185938614,0.32806452878004844,0.24183864890648465,-0.0181119525235737,-0.3894226057109105
13139.0,-1.0395356639262063,0.8001660338568091,1.567884687473211,1.4646772260225003,1.3215639934150147,1.7631531068896127
13140.0,0.15213283821989562,0.2992073267345332,0.19263728349632386,0.17446918697622335,0.607142454731596,-0.18862897037902096
13141.0,0.0001383902963132679,1.6565606001831652,1.5193472997813724,1.5393685555363976,1.5556662555596725,0.648811052727609
13142.0,-0.9353081791524545,-1.058145946714099,-0.7970896134867352,-0.42971632910462676,-0.47721685960260357,0.12759328036532763
13143.0,1.2308238061257522,-1.058145946714099,-0.5980563885568684,-0.6030410799249616,-0.47721685960260357,0.5029930594789989
13144.0,0.8702843776182111,-0.5571872395918231,-1.3844932598216593,-1.8475197636971112,-1.4880589811139169,-1.9124585538051984
13145.0,-0.4749394310824503,0.654643185938614,0.3062813653467922,-0.40970806568360574,-1.614523128595098,-0.43033842559104923
13146.0,-0.7428435417295326,-1.058145946714099,-1.0080101275626039,-0.7673921959311133,-0.7601216003714991,-0.2702273067377725
13147.0,-1.3187161125298095,0.07394609082159041,-0.19163941468541695,-0.8112565093766205,-2.515817022689194,-0.60890080025083
13148.0,-0.6752731880764764,2.1575193073054413,1.603764184735893,1.4585202200577514,1.931152256609813,0.23166522666274622
13149.0,-1.1198059414673356,0.07394609082159041,0.4238874617879085,0.6216954745827957,0.47915765239960845,0.5487832386187086
13150.0,1.1095037419429616,-0.20175138038774237,-0.5225372285188542,-0.6989435988405914,-1.3785107536966998,-0.8417033671425931
13151.0,0.7949871208707016,-0.20175138038774237,0.7347667201163365,0.33863694199834826,0.921346639414674,1.5247561513969548
13152.0,1.014159554616912,0.654643185938614,0.6020225825314919,0.4441853857034769,0.8082392174469527,0.12554356419202015
13153.0,-1.608585561882396,-1.058145946714099,-0.46682460600039877,-0.11332436878869706,-0.8098576192004525,0.750511443415908
13154.0,0.9859304168251346,-0.20175138038774237,0.40153635177500235,0.44351252534934027,0.5001945244425666,0.8968633820783034
13155.0,-0.5950029105353472,0.48966298795922886,0.45505137637459214,0.3967866798633863,0.5105140700321456,0.05793126839754193
13156.0,0.9630818100393996,-0.20175138038774237,0.3843581624892579,0.40039063923024915,0.6514988276797011,0.8645036070145771
13157.0,-0.3476678433474425,0.9303406571479473,1.3040053317608475,1.4854387490600722,1.147982991607394,1.1061153642828485
13158.0,0.07068473629108864,0.2992073267345332,0.3478823195580672,0.4541965521735231,0.4126028186801636,0.10331774411451627
13159.0,-1.3798409325433134,0.07394609082159041,0.3134939757734535,0.49714146945909393,0.8082392174469527,0.34097003321111685
13160.0,-0.8456753236698794,-1.058145946714099,-1.6617619921350268,-1.4253590231077382,-1.7640984679528429,-1.5032792539295845
13161.0,0.8306838247077005,-0.5571872395918231,-0.47776298949400864,-1.0111411307468456,-0.2672508963742018,-0.20936220423767668
13162.0,0.22962831338438636,1.5859404542672264,1.6564195299798523,1.6099881188400622,1.207095033142026,0.9891049952451226
13163.0,1.2576165577225409,-1.058145946714099,-2.8180261285796298,-3.172763669970543,-2.183176263091345,-3.6841277106197343
13164.0,1.2130697256793863,-0.5571872395918231,-0.6589356767741552,-0.9302666386620904,-1.3785107536966998,-0.5502672644990635
13165.0,-0.3873500989396135,-0.20175138038774237,0.3201291397426403,0.8219836448350352,0.09143627489364367,0.7435196260889396
13166.0,0.7662827513425954,-0.5571872395918231,-0.03657626793410732,0.03875739455507873,0.21790042237482501,0.6214724810804095
13167.0,-0.9353081791524545,0.2992073267345332,0.1369202264533019,0.4640576205268311,0.34016817678249833,-0.29335983370298957
13168.0,-0.540774126845729,0.2992073267345332,0.504784724186523,0.3989514243478757,0.8961017842882889,0.3985507405037634
13169.0,-0.1794070292720186,-0.20175138038774237,-0.0734016291761013,-0.33967165098601143,-0.7601216003714991,0.0026323276461360143
13170.0,-0.7195200551006783,-1.058145946714099,-1.494719302397768,-0.7977873505159858,-0.2941514393624997,-1.18821733975914
13171.0,-0.8456753236698794,-0.20175138038774237,-0.493658903924147,-0.5078198702626843,-0.10021972705664996,-0.7874712502766414
13172.0,0.9875317290149478,-1.058145946714099,-1.8587840478182966,-1.5248267984910486,-2.515817022689194,-1.8748857342550822
13173.0,-1.8243736859341724,1.15560189306089,0.750942518869177,0.7765244436122027,1.0842787042858788,-0.2065336873884937
13174.0,-1.0395356639262063,1.2544959545938104,1.6732601995499037,1.4541902443219668,2.1676182632903656,1.4112411849169184
13175.0,1.2275321383409903,-0.5571872395918231,-0.08083355340112691,-0.1055221309281067,-0.037881416532715165,0.5380952454454464
13176.0,-0.3873500989396135,-1.058145946714099,-0.4570996164839859,-0.060557865827245164,0.36503047510217346,0.7688539031616646
13177.0,-0.1696156146721137,-0.5571872395918231,-0.4293898878169839,-0.6653981508446892,-0.47721685960260357,-0.11830843026981998
13178.0,-0.7428435417295326,1.9044924940644754,1.956088396231189,1.887625095340377,1.2414620708765944,1.1844600855129737
13179.0,1.2669943475426584,-1.058145946714099,-0.3495763051930652,-0.1969037808196001,-0.16768729188131876,0.97165535664967
13180.0,1.2544599055801144,-1.058145946714099,-1.7074402165228277,-1.6107384274973675,-1.7640984679528429,-1.5894336904641253
13181.0,0.9564012788108172,-1.058145946714099,-0.6835047366707482,-0.6989435988405914,-0.6267921989603487,0.34182755045968016
13182.0,-0.40114257027902034,-1.058145946714099,-1.463563761142574,-0.5931996852608044,-1.0458699940988507,-1.1294543703630107
13183.0,-1.4474112861963695,1.5110377522649707,1.4573371359946379,1.3751996243768554,0.34016817678249833,0.7018335102450985
13184.0,-1.0784157615666075,1.0480979277381186,0.4346474618905275,0.8051082460722441,0.9637379981128575,-0.6715357414666011
13185.0,0.7314826127879408,-1.058145946714099,-1.840642282868084,-2.397537599248726,-2.515817022689194,-1.8406682584670984
13186.0,-0.4749394310824503,-0.20175138038774237,0.3795077811543177,0.3290930607988527,0.40096584261492885,0.8553667739723898
13187.0,0.8779192915851238,0.07394609082159041,-0.6690271207926084,-0.1845435605050292,0.15710275654239486,-1.5039751035128188
13188.0,-1.2629135238814884,-1.058145946714099,-1.5034553739059764,-1.9416401849203377,-2.183176263091345,-1.204694585282636
13189.0,-0.9353081791524545,-0.5571872395918231,-0.9147405447630049,0.3464857336924171,-0.2941514393624997,-1.031197957955024
13190.0,1.1843059274157668,-0.20175138038774237,-0.35165317975415245,-0.3136198914928544,-0.7601216003714991,-0.5206637245069108
13191.0,1.3061177861834476,-1.058145946714099,-1.2440543637140646,-0.958022695435433,0.26071325195673184,-0.7154341516931177
13192.0,0.07068473629108864,0.48966298795922886,0.728554913320345,0.7801660945328344,0.9458378031172426,0.5725680263367889
13193.0,-0.2097114950440718,-1.058145946714099,-1.4832941683656162,-1.4985144522516916,-0.5121324717856456,-1.1666682099918604
13194.0,0.298760970365054,-0.5571872395918231,-0.4869815332315248,-0.2763804593773598,-1.1172535236719159,-0.22671305950423684
13195.0,1.0095401454577722,-1.058145946714099,-1.2113631095485815,-1.1703175140161766,0.020052745320578196,-0.6537746493814025
13196.0,-1.2629135238814884,0.654643185938614,0.8595459663704625,0.9170122069533917,0.9812559531764108,0.6101241556130239
13197.0,1.2576165577225409,-1.058145946714099,-0.6573733832119981,-0.5835033778764733,-0.6267921989603487,0.3911143181328295
13198.0,-1.3187161125298095,0.8001660338568091,1.2074816037977134,1.2733214503391352,1.4961914490148744,1.0841427632497238
13199.0,-1.8243736859341724,3.2987295869199396,2.0684996794823425,2.094287212124725,0.3014022381220454,-0.1768169372593876
13200.0,-0.9353081791524545,0.07394609082159041,-0.04813869902933748,0.024910126492420626,0.0011923041824166546,-0.3392692887846304
13201.0,1.1328744525473045,0.07394609082159041,0.20725313703618028,0.48461307278041543,0.3526935049184267,0.141036628494977
13202.0,0.9778633268252847,0.654643185938614,0.3815202109894073,0.09255201721779839,0.21790042237482501,-0.2889945287138379
13203.0,-1.3187161125298095,1.0480979277381186,0.7533673847019718,1.0384564667461031,1.074023657541187,-0.07295032560776578
13204.0,1.3734934744233138,-1.058145946714099,0.027621212001528582,-0.09781136337988046,0.24668909751329784,1.6830936840292874
13205.0,1.0528591244028263,-1.058145946714099,0.794327133602721,-0.4348149665659621,-2.515817022689194,3.129190101929618
13206.0,0.9875317290149478,1.3460575542855853,1.5830373309816492,1.7531794766973159,1.8184866357374985,1.132654275648247
13207.0,-1.0784157615666075,0.07394609082159041,-0.39691151468119906,-0.6727062364625485,-1.1172535236719159,-0.9941943493471359
13208.0,-0.23074043468561758,0.9303406571479473,0.5469943826453648,0.6542501671784144,1.258120370257919,-0.31815108711471146
13209.0,-0.6542442484349309,1.3460575542855853,1.5943178228547459,1.6129523714582674,1.5527927217737973,1.1539004003050324
13210.0,0.06396922782168996,-1.058145946714099,-0.6960192324711495,-0.2968082174231356,-0.5121324717856456,0.3182237578725628
13211.0,-1.3187161125298095,1.0480979277381186,0.7750876747070142,0.8778546066090467,0.6853342645162757,-0.03211997463074669
13212.0,-0.9040178174155593,-0.20175138038774237,-0.11938921464848087,-0.3093765158786823,0.9024861982765124,-0.08389314424651662
13213.0,-0.2524823540546596,1.15560189306089,1.02319414006173,1.1732347643354104,1.1848607981176718,0.30535001400565726
13214.0,1.0156919930971386,0.654643185938614,0.9040099952082025,1.1741220777095214,1.294409025534889,0.6938298210452412
13215.0,0.9907224082272229,-1.058145946714099,-1.7456656682733773,-1.0756752990814846,-2.515817022689194,-1.6615313321957155
13216.0,0.7314826127879408,-1.058145946714099,-0.7373076464862326,-0.33746082221933615,-1.614523128595098,0.24034901355950866
13217.0,0.22962831338438636,0.07394609082159041,-0.23998644795565838,0.019801588664723924,-1.9471638881929467,-0.6996942367295789
13218.0,0.2551824986059697,-1.058145946714099,-1.9335729279656988,-1.132288371569837,-1.614523128595098,-2.015946248635968
13219.0,1.2659591169727051,-1.058145946714099,-1.7941051638553929,-2.4501833640843116,-1.0458699940988507,-1.7528938469129132
13220.0,-0.054309762370586455,0.2992073267345332,0.2606394961813802,-0.14879831034045113,0.07416420415895746,-0.06077002684790694
13221.0,0.6609917087814282,-0.5571872395918231,-0.06714887717770189,-0.4662657837754595,0.31452880707427483,0.5638754573535182
13222.0,1.22200820066849,-1.058145946714099,-1.687853239642209,-1.8259532106467022,-2.515817022689194,-1.5524903771199345
13223.0,0.5445962994855142,0.48966298795922886,0.029450790302450285,0.087944496177151,-1.2818823689972492,-0.7416890004328243
13224.0,-0.22013977682524094,-0.5571872395918231,0.6052268386555752,0.7337784894895687,0.7098254282188435,1.8310830973829433
13225.0,-1.9674812683483254,1.5859404542672264,2.0608817426913246,1.7754098316418525,0.28806221969362183,1.7510249339620079
13226.0,0.7432937237559131,-0.5571872395918231,-0.7846378990907675,-0.669042043482492,-0.32196403698294906,-0.7866642217957737
13227.0,0.5509461058021287,-1.058145946714099,-0.9229937100788813,-1.0556416405393652,-1.1954453334565955,-0.10987646905390845
13228.0,-0.030406677691591163,-1.058145946714099,-0.6868889845406771,-0.5964638157260045,-2.183176263091345,0.33544446591043003
13229.0,0.62261037347245,-1.058145946714099,-1.2605061734659087,-1.3491740126569907,-1.1172535236719159,-0.746464175695586
13230.0,-1.8243736859341724,2.3282062876889484,1.3846297840841675,1.307858340840046,2.2342261025376673,-0.37389260556139386
13232.0,-1.1640528084915374,0.654643185938614,0.2721395483371945,0.2945547770412876,1.0152080971839796,-0.49445729286181717
13233.0,-0.0876328522714647,0.07394609082159041,0.1690261395043933,0.7700001898549745,0.457567115373851,0.06911454259463654
13234.0,1.3205518207744387,-0.5571872395918231,-0.6889996571299339,-0.7342923345111426,0.23242103254119895,-0.6068166921849563
13235.0,0.5817849890277144,-1.058145946714099,0.07405694651209928,-0.07817644443094136,0.18806465959309385,1.7706768726370778
13236.0,-0.7670473650770303,-0.5571872395918231,-0.15998974068568309,-0.11647136493027929,-0.16768729188131876,0.3889868106973295
13237.0,0.9680469331528011,-1.058145946714099,-0.2657913941907772,-0.8881581216111365,-0.4437267787202448,1.1296834300751017
13238.0,-1.0028785328055105,0.48966298795922886,0.05678760330065495,-0.07669006879540254,-0.4437267787202448,-0.6903880486035002
13239.0,0.7170160174661255,0.2992073267345332,0.3880480291133038,0.5518840134438602,0.5793298571111467,0.17888014283543568
13240.0,0.07733065274709057,0.8001660338568091,0.45023735771525447,0.35961741587499746,1.0842787042858788,-0.3405604687633036
13241.0,1.0064419500660224,-1.058145946714099,-1.4973722876091824,-1.5248267984910486,-0.037881416532715165,-1.1932211780012614
13242.0,0.17524615765079224,0.654643185938614,-0.20529552740399432,-0.2297966815900328,-0.6267921989603487,-1.3893510093320653
13243.0,0.5540975873223486,0.2992073267345332,0.22865538217611953,0.10053831928015587,1.1093691324834083,-0.12091180969912958
13244.0,0.05718265445124563,-1.058145946714099,-1.4602685392622237,-1.6749572933624948,-0.3507527121214226,-1.1232391991701112
13245.0,-0.3225146116861712,-0.5571872395918231,0.04422825754569316,-0.191578076103695,0.020052745320578196,0.7737165019689608
13246.0,-0.9682038613741811,1.15560189306089,0.9306982313825856,1.1397667459824001,1.3768923519432,0.13137384017349119
13247.0,-0.9682038613741811,0.07394609082159041,-0.44511791277990664,-0.2723699534220584,-0.6688728615528973,-1.0845947738490014
13248.0,0.24508268044213674,-0.5571872395918231,-0.49786197178631375,-0.32003673203707234,-0.4115503779538524,-0.24719127931494628
13249.0,0.050323496031906285,0.9303406571479473,0.3944501067522786,0.6040025470377427,-0.5486003891756687,-0.6045845598244215
13250.0,1.0783455985755337,-0.5571872395918231,-0.9276324380131798,-0.9989607652635911,-0.7132292345010023,-1.0554201687551552
13251.0,0.9907224082272229,-1.058145946714099,-0.9371140637268656,-0.5491253379834612,-0.4115503779538524,-0.13650909605539543
13252.0,0.9778633268252847,-0.5571872395918231,-0.6084222426884981,-0.8582565662530369,-0.6267921989603487,-0.4552389717809789
13253.0,0.39022299102027264,0.07394609082159041,0.8313669734563663,1.1848956182715489,0.44655496268773315,1.3162883068797977
13254.0,0.9479515492166357,-1.058145946714099,-2.07347233569588,-1.5956177399879288,-1.7640984679528429,-2.2798127803597503
13255.0,-1.3798409325433134,-0.20175138038774237,-0.020253328531407832,0.02618108522376143,-0.3805884749031534,0.10264693043628006
13257.0,1.042667590085983,-1.058145946714099,-1.3121473451999,-1.7651973438095343,-1.3785107536966998,-0.8438654234970147
13258.0,-1.2115801184678894,0.2992073267345332,0.07692085733155014,-0.06346171574858953,-0.2941514393624997,-0.4061079954615946
13259.0,-0.19945007294872236,0.9303406571479473,0.31125186218481193,0.02618108522376143,1.3945358933915557,-0.7606838808035209
13260.0,-0.2097114950440718,-1.058145946714099,-0.368280832559078,-0.8203916692661117,-1.2818823689972492,0.936376445582932
13261.0,0.7338623008571977,-0.5571872395918231,0.010622387774612134,-0.5645293427226981,-1.2818823689972492,0.7103973873982479
13262.0,0.7194498921096045,-0.20175138038774237,-0.34814486226109265,-0.45826096766153757,0.10835219495760728,-0.5140696441074497
13263.0,-2.4120140217391843,2.6431297898006605,1.610657247183478,1.566899575365464,2.026973564945969,-0.3044255412766286
13264.0,1.0528591244028263,-1.058145946714099,-0.18185328273295162,-0.1845435605050292,-0.07890961835600385,1.2880004573532846
13265.0,-0.2983107883386734,0.2992073267345332,0.588910799336299,0.8280143661813507,0.36503047510217346,0.5569036668681537
13266.0,-1.2629135238814884,1.7867352234743035,1.3585957409019052,1.7232821962934026,1.0531207928583965,0.19559442544347003
13267.0,-1.9674812683483254,2.5468070428147276,1.6929776243219687,1.3876540755144422,1.0424661878166923,-0.04142596729347903
13268.0,-0.9682038613741811,1.15560189306089,0.892993386350805,1.3120057381581292,1.4711393327727598,0.06047293820595877
13269.0,-2.4120140217391843,2.245808014503504,1.6259726481029186,1.6964848145049893,1.4083825184101708,0.17301669248854643
13270.0,0.9307105862349311,-1.058145946714099,0.17118933217552887,-0.142204561494289,-2.515817022689194,1.9538798335280747
13271.0,-0.5236711079833221,-1.058145946714099,-1.045085555925707,-0.4425378060430995,0.5105140700321456,-0.3401558707901211
13272.0,-0.6338830081757483,-0.5571872395918231,-0.8722869842186413,-1.0756752990814846,-0.8098576192004525,-0.9514216670140305
13273.0,0.18089663648351514,-1.058145946714099,-1.365560073836075,-0.7716493042481812,-0.7601216003714991,-0.9446080333750584
13274.0,1.00176641150428,-1.058145946714099,-0.6811909857892071,-0.5997442262109776,-0.6267921989603487,0.3461915533549788
13275.0,0.9614181899137091,-0.5571872395918231,-0.9691172946426234,-0.8296554976039625,0.10835219495760728,-1.1333533348517384
13276.0,-0.1794070292720186,0.2992073267345332,0.5289353336624069,0.356551112238319,1.3022597367090243,0.4440062967153256
13277.0,-1.0395356639262063,0.654643185938614,-0.4139703422666817,-0.17241134149447188,-1.1172535236719159,-1.7790640848905181
13278.0,-0.4594850640247002,0.07394609082159041,0.31249165526187883,0.6605721176657967,0.5207054191909427,0.3390834765155435
13279.0,-0.054309762370586455,-1.058145946714099,-1.371919886825082,-1.2536847648443734,-1.1954453334565955,-0.956603379338622
13280.0,0.22962831338438636,0.654643185938614,0.6588645011029919,0.7237434148298558,1.0791672045283927,0.23246675000012054
13281.0,1.0470552368386385,-1.058145946714099,-0.7013854742076836,-0.5931996852608044,-0.5121324717856456,0.3081024026904053
13282.0,-0.9682038613741811,0.07394609082159041,0.24819117409801802,-0.12600371929944124,0.0011923041824166546,0.21806958131952
13283.0,-0.22013977682524094,0.07394609082159041,-0.6566993646822646,-0.5835033778764733,-0.6267921989603487,-1.4809099504413423
13284.0,0.8664325630436192,-1.058145946714099,-1.1005919931017514,-1.110483470649885,-0.9194058466176699,-0.4448474581500517
13285.0,-0.8183807704906293,0.48966298795922886,0.9258245678582564,1.0503368067071488,1.189356113787718,0.9440067711247204
13286.0,1.2470333934915165,-1.058145946714099,-0.16965770773974084,-0.39029053921352713,0.07416420415895746,1.3110027282566916
13287.0,1.2502267205812954,-0.20175138038774237,-0.12534043363802297,-0.09627999845339072,0.07416420415895746,-0.09508933911978704
13288.0,1.0528591244028263,0.2992073267345332,-0.0020614191778239614,-0.17758348562160425,-1.3785107536966998,-0.5544724417511804
13289.0,1.3673310709462236,-1.058145946714099,-0.7950809575914675,-0.935724935040335,-0.7601216003714991,0.13138183868097883
13290.0,1.045596020739638,-1.058145946714099,-1.0745524783571185,-3.628661084298931,-2.515817022689194,-0.395733908958419
13291.0,0.38615107131684145,1.15560189306089,0.916396012966336,0.7761185682899702,1.0583966506364906,0.10447836248426375
13292.0,-0.4907754257615954,0.2992073267345332,0.048067598061715185,0.042483868766071,0.21790042237482501,-0.4603150903816103
13293.0,0.9746078619728364,0.48966298795922886,0.17904179811761647,0.07274315784026578,0.15710275654239486,-0.46085004586435757
13294.0,0.5118685254199581,-0.20175138038774237,0.42965208372705394,0.45684066001113044,0.6428173386552047,0.9498290179986154
13295.0,0.9201390523816813,0.07394609082159041,0.12193318986871346,0.25541905439068696,0.23242103254119895,-0.01947497797711326
13296.0,0.30342517418781684,0.48966298795922886,-0.1153550225635419,0.17951695495102846,0.14117229372259663,-1.0132593893736297
13297.0,-1.4474112861963695,0.654643185938614,1.113951817216693,1.1108801462071543,0.7642790739473241,1.0891742815050325
13298.0,-2.4120140217391843,-1.058145946714099,-0.6828856789240842,-1.0756752990814846,-2.183176263091345,0.3429951652709165
13299.0,0.7314826127879408,-0.20175138038774237,0.19442369813649088,-0.11647136493027929,0.23242103254119895,0.506780780064314
13300.0,0.43717017866052393,-0.20175138038774237,0.23285163334937584,-0.05766678012257356,0.038489320235348796,0.5791447789091705
13301.0,0.12815527178031155,0.07394609082159041,-0.29421740220835524,-0.239233298826501,0.46843340743959727,-0.8015048675955544
13302.0,0.3820531327806657,-0.5571872395918231,-1.268335137800309,-2.397537599248726,-1.9471638881929467,-1.6948448232293567
13303.0,0.9875317290149478,-1.058145946714099,-1.9440660811720698,-1.9168175809686259,-1.7640984679528429,-2.0357375543200593
13304.0,0.9039476544244855,0.07394609082159041,0.19400411126292214,0.24000655597032053,0.27450169513374717,0.11610821666569975
13305.0,-1.8243736859341724,1.5859404542672264,1.0048549497560604,1.0241336692713514,1.0478107868958557,-0.23659998024644938
13306.0,1.0338012018782479,-1.058145946714099,-2.043314213679434,-1.244856163309911,-1.7640984679528429,-2.2229310594940697
13307.0,0.21911455007042469,-0.20175138038774237,-0.8806955230694508,-0.8296554976039625,-0.8098576192004525,-1.5133733700606755
13308.0,-0.8183807704906293,0.07394609082159041,0.42143844597252256,0.505771483752071,0.3526935049184267,0.5441723725033772
13309.0,-1.5229485149574664,0.48966298795922886,0.4367946648076339,0.8861496732211169,0.6600894093898906,0.02359627623098564
13310.0,-0.6970151074455184,0.2992073267345332,0.36347848581580927,0.32588074213598256,0.5207054191909427,0.13265699849196394
13311.0,-1.8243736859341724,-0.5571872395918231,-0.3173037126796466,-0.32003673203707234,-0.4115503779538524,0.09271830262258192
13312.0,1.0643116644325106,-1.058145946714099,-1.4428103598757176,-1.6262149283445646,-1.614523128595098,-1.0903110451509488
13313.0,-0.8456753236698794,1.2544959545938104,0.9429053012784845,1.0092072270273422,0.7413828979433381,0.036464672680624415
13314.0,-2.1519790306632065,-0.20175138038774237,-0.1305617107576182,0.07863147773092258,0.21790042237482501,-0.10491207987189605
13315.0,1.3355982633836874,-1.058145946714099,-0.7897131696124785,-0.4992963694822978,-0.5121324717856456,0.14150611025599616
13316.0,-0.5236711079833221,1.0480979277381186,1.9101912185010665,2.4728427829054884,0.8153422320095451,2.1052712963393567
13317.0,-0.15997144498132296,1.7867352234743035,1.3986856668520469,1.2134874069728436,1.3515360227957012,0.2709935399909128
13318.0,-2.4120140217391843,-0.20175138038774237,-0.2683021742835699,-0.3221896666559816,-0.862804573858747,-0.36397172813039463
13319.0,-1.7074462772723475,3.1233230300705346,2.281424189941208,1.9234897911682678,1.7119076227707086,0.4188923931426005
13320.0,-0.054309762370586455,0.48966298795922886,0.628936320593838,0.7342113430351721,0.6853342645162757,0.38506858447548337
13321.0,-0.10496702096475002,-0.5571872395918231,-0.3558249733400813,-0.18981238124781294,-1.1172535236719159,0.02018699493352778
13322.0,-1.0028785328055105,-1.058145946714099,-1.1067122489283867,-0.9467793286780029,-0.4115503779538524,-0.45639097148179647
13323.0,-1.9674812683483254,0.2992073267345332,-0.11959928281046736,-0.6838229113311526,-1.4880589811139169,-0.7751301183644161
13324.0,-0.540774126845729,1.7233615276208618,1.7466876304049999,1.8624249024858504,-0.12209817180851448,0.9992793234844702
13325.0,-0.022632943738098474,-1.058145946714099,-0.23052697851818282,-0.47709271037340434,-0.9802035124500996,1.1961962138514255
13326.0,1.0367703053241684,-1.058145946714099,-0.8589117986142709,-0.8296554976039625,-0.9194058466176699,0.010989458820562112
13327.0,-0.4907754257615954,1.8470162614078611,1.701872997867265,1.445150266455122,1.1573590143130723,0.7719712649001256
13328.0,0.8367820500425664,-1.058145946714099,0.24560396044822475,0.20612502573059738,-0.7132292345010023,2.0942344654054383
13329.0,-0.6141483680629726,0.8001660338568091,1.227301093378791,1.2803377125594788,0.3891614223084505,1.1214728160079015
13330.0,0.05718265445124563,0.48966298795922886,0.7950924953538491,0.9067738133697881,0.5207054191909427,0.6978318957330136
13331.0,0.9907224082272229,-1.058145946714099,-0.9100196463697763,-1.448851553929116,-0.9802035124500996,-0.08540587801404105
13332.0,-1.1198059414673356,-1.058145946714099,-0.7012830808636251,-0.669042043482492,-0.5486003891756687,0.30829552842986807
13333.0,1.0048872215498614,-0.20175138038774237,0.06327322399313198,0.21093646590547468,0.2031181655606824,0.259859825433631
13334.0,-0.022632943738098474,0.2992073267345332,1.3735546065889643,1.2295754568541564,1.6164639213921022,2.035124803514547
13336.0,-0.06247962061019341,-1.058145946714099,-0.11298874886288744,0.07745802346995725,0.15710275654239486,1.4178869665664946
13337.0,1.1866551065949535,-1.058145946714099,0.3792198318367596,0.44619984650887157,0.5887058798168258,2.346249517781801
13338.0,0.39426922020759336,0.07394609082159041,0.6960304350615799,0.5518840134438602,0.8010741670374462,1.0613129172493965
13339.0,0.5477790613471053,-1.058145946714099,-0.056433759230750516,-0.2763804593773598,0.2031181655606824,1.5245562456436998
13340.0,-0.40114257027902034,1.2544959545938104,2.2820132538986173,1.9489558305319614,1.2244584972993122,2.558522920939814
13341.0,0.7145728708968584,-1.058145946714099,-0.13064518842738929,-0.3286910797782772,0.0011923041824166546,1.3845848708245225
13343.0,0.4702544582071883,-1.058145946714099,-0.6961208805165711,-0.853402515152758,-0.6267921989603487,0.3180320378528927
13344.0,-0.14110757920304226,-0.20175138038774237,0.7243592177013501,0.4401378594606127,0.8153422320095451,1.5051416980669978
13345.0,0.777475447277631,-1.058145946714099,-0.6262830785063167,-0.8250072737432935,-0.586765087019821,0.4497542438196193
13346.0,1.0811159061179179,0.48966298795922886,-0.815304067045953,-0.6653981508446892,-1.7640984679528429,-2.3195460292461765
13347.0,-0.12278275543912286,-1.058145946714099,-0.7210880284493156,-0.5803027830506975,-1.2818823689972492,0.27094109701950525
13348.0,-0.1794070292720186,-1.058145946714099,-0.9929671777905745,-0.848584025185672,-0.862804573858747,-0.241854556290566
13349.0,-1.2629135238814884,-1.058145946714099,-0.9525026139700503,-0.5193591300769778,-0.7601216003714991,-0.16553368913128394
13350.0,-1.0395356639262063,-0.5571872395918231,0.03684064460738147,-0.3599108152129162,-0.12209817180851448,0.7597967354777032
13351.0,-0.15997144498132296,-1.058145946714099,-0.6555838058543438,-0.9467793286780029,-0.7601216003714991,0.3944896688814643
13352.0,-0.22013977682524094,-1.058145946714099,-0.6108023443619761,-0.2865150349101377,-0.4437267787202448,0.4789527064398714
13354.0,-0.1138130260237924,-1.058145946714099,-0.1612661711487127,0.12829437605349844,0.15710275654239486,1.326830140910063
13355.0,0.22962831338438636,-1.058145946714099,-0.2311665582858514,-0.30097102207113285,-0.21595962957782017,1.1949898921250255
13356.0,-0.03827579726269536,-1.058145946714099,-0.13773889993790148,-0.27839492018275447,0.0011923041824166546,1.3712053070100854
13357.0,0.7047061347631505,0.2992073267345332,1.0207284190138695,0.960136105639346,1.5527927217737973,1.3702013723868312
13358.0,0.7338623008571977,-1.058145946714099,-0.5402334918976625,-0.3644942549377236,-0.2941514393624997,0.6120537584714776
13359.0,-0.1794070292720186,-0.5571872395918231,0.08255265771672643,-0.17413087434004473,0.17272976344709118,0.8459297508127746
13360.0,1.0367703053241684,0.07394609082159041,0.3692723945584353,0.4202158067285957,0.26071325195673184,0.4459639556624991
13361.0,1.0934362995056883,-0.5571872395918231,0.3198015590395233,-0.2804155698175485,-0.2941514393624997,1.2930439367365234
13362.0,-1.3798409325433134,0.654643185938614,1.265859718343138,1.056727667730221,1.207095033142026,1.3753359484778
13363.0,-0.9682038613741811,-0.20175138038774237,0.44413874339111276,0.5490231088078554,0.5001945244425666,0.9771205755045629
13364.0,-0.1138130260237924,-1.058145946714099,-1.3865573156669262,-1.2717056438696925,-1.1172535236719159,-0.9842112702119001
13365.0,-0.5764124726865254,-0.5571872395918231,0.6280532624354667,0.6045297782794461,0.8634124775613803,1.8741167453601717
13366.0,-0.3349679194593694,-1.058145946714099,-2.010955878179093,-0.8112565093766205,-2.515817022689194,-2.161899480451955
13367.0,1.0367703053241684,-1.058145946714099,-0.43220360930534385,-0.4425378060430995,-0.586765087019821,0.8158106642701067
13368.0,0.7047061347631505,0.07394609082159041,0.13458089633505121,0.13046507419147776,0.05652066271060163,0.004315920426283499
13369.0,0.9307105862349311,-1.058145946714099,-0.29600045819616794,-0.33525739992806775,-0.862804573858747,1.0727056267015673
13370.0,0.9411106822337401,-1.058145946714099,0.3486267932036249,0.211894544645614,-0.05813906446410138,2.2885474936632564
13371.0,1.1366880923212137,-0.5571872395918231,0.6510790154768623,0.4718413911206734,0.46843340743959727,1.9175268000415593
13372.0,0.03638109477975766,-1.058145946714099,-0.646607072732607,-0.74651041226979,-0.47721685960260357,0.41142083015993847
13373.0,-0.2097114950440718,0.48966298795922886,1.5116594615986136,1.412648749771696,1.5755040145163772,2.0478370332725735
13374.0,1.0110836484864059,-0.5571872395918231,-0.5673142911198653,-0.853402515152758,-0.7132292345010023,-0.37789241389324707
13375.0,0.029294556390360493,-0.5571872395918231,0.4721500551404667,0.5362851572919094,0.31452880707427483,1.5802125676588787
13376.0,0.09686491004341691,-0.20175138038774237,0.06611669712430808,-0.005021015286987677,0.05652066271060163,0.26521243779353015
13377.0,0.982715747443508,-0.5571872395918231,0.3689154047640948,0.26872471932128983,0.4240770344914922,1.385616701754574
13379.0,-0.7428435417295326,-0.20175138038774237,-0.34926214876338535,0.12502483689915586,0.5698454386786636,-0.5161696591542482
13380.0,1.0382497182035755,-1.058145946714099,-1.9362955753770021,-1.5248267984910486,-1.9471638881929467,-2.0210814778780595
13381.0,-0.6141483680629726,1.2544959545938104,1.5697610241937663,1.5337469748287054,1.0531207928583965,1.2162725955422808
13382.0,0.7617503989180828,0.2992073267345332,0.2878678519325583,0.36266949067331455,0.457567115373851,-0.009564512316725607
13383.0,1.1843059274157668,-1.058145946714099,-0.8013355154310978,-0.35763101764852595,-2.515817022689194,0.11958501615409523
13384.0,-0.6338830081757483,1.15560189306089,1.4199991550447204,1.3937145926129326,1.233004335585143,1.052279587991164
13385.0,0.8644979455921589,-1.058145946714099,-0.3986450835325692,-0.37375808327557425,-0.14457610000475504,0.8791059415632276
13386.0,1.0095401454577722,-0.5571872395918231,-0.07737071343637927,0.022360817336503108,-0.4437267787202448,0.5446187461054085
13387.0,1.014159554616912,-1.058145946714099,-1.143734384679868,-0.9036346224583335,0.4240770344914922,-0.5262190194789068
13388.0,0.2749171387187454,-0.20175138038774237,0.1746284883588213,0.2261007327383554,0.3891614223084505,0.46950668263861084
13389.0,-1.2629135238814884,-0.20175138038774237,-0.11042275000376485,-0.09627999845339072,0.14117229372259663,-0.0670238424771764
13390.0,-0.07913835459246295,-1.058145946714099,-0.3859619431224691,-0.5222758574236794,-0.9194058466176699,0.9030278174716191
13391.0,0.5572336581134208,-1.058145946714099,-1.9664697454805227,-3.0259974839117305,-2.515817022689194,-2.0779934672998825
13392.0,1.324346655508488,-1.058145946714099,-1.666905211590464,-1.178194505634738,-1.2818823689972492,-1.5129799631864662
13393.0,1.2297284596616558,0.07394609082159041,0.14094019339442496,0.18850644712690176,0.18806465959309385,0.016278462787244624
13394.0,-2.1519790306632065,1.7867352234743035,1.4135939751621724,1.562492718418263,1.4615439829551946,0.29903533165778534
13395.0,0.4948562494227654,-0.20175138038774237,0.17132965418208393,0.792557435875949,0.4897435161402434,0.4632951911877359
13396.0,-0.6752731880764764,-0.5571872395918231,0.2739353441524722,0.12393136875236042,0.0011923041824166546,1.2065964219314493
13397.0,-0.09624137345486956,1.0480979277381186,0.8878614985761443,0.6498375613997025,0.3891614223084505,0.1799375034821101
13398.0,0.5185490566485405,-0.5571872395918231,-0.2358313004445731,-0.24688130289311921,-0.10021972705664996,0.2461427801145599
13399.0,1.0824965852277768,-0.20175138038774237,-0.8753048529621619,-0.9302666386620904,-1.1172535236719159,-1.5032792539295845
13400.0,1.2286312392078274,-1.058145946714099,-0.7883947783225908,-0.3667980083921493,-0.47721685960260357,0.14399274935448653
13402.0,0.2551824986059697,0.07394609082159041,0.36063668124279397,0.5262704040584975,0.21790042237482501,0.4297075559596478
13403.0,-0.9682038613741811,-0.20175138038774237,-1.0061632945411423,-0.9637172845910725,-1.1954453334565955,-1.7481505725958335
13404.0,-2.4120140217391843,-0.5571872395918231,-0.9376539722638425,-0.9811029912456316,-1.0458699940988507,-1.0742481852315942
13405.0,-0.0876328522714647,0.48966298795922886,0.19152949500210037,0.356551112238319,-0.1914684658752519,-0.4373941817131661
13406.0,1.0293216130101532,-0.5571872395918231,-0.3538498423887334,-0.34859003764638075,-1.3785107536966998,0.023905787247544493
13407.0,1.2242234885320706,-0.20175138038774237,0.6342826606707153,0.8043307980635127,0.5698454386786636,1.335388962269966
13408.0,-2.1519790306632065,3.858815183182004,2.8948603981091856,2.684801129797152,1.6529318387821261,0.7556109960910172
13410.0,-0.7922005967383016,0.9303406571479473,0.6204361994063226,0.6029468149670815,-0.4115503779538524,-0.1801588314008288
13411.0,0.14622196505218568,-1.058145946714099,-1.0578356254360257,-1.2626334870875637,-0.7132292345010023,-0.3642039827550663
13412.0,1.2680279097306315,-1.058145946714099,-0.4651552831793918,-0.6800964371201603,-0.1914684658752519,0.753659980141353
13413.0,1.2883568763718705,0.48966298795922886,-0.5561117369579732,-0.05766678012257356,-0.07890961835600385,-1.837418263161556
13414.0,0.2893295474663386,0.48966298795922886,0.7101809820563861,1.1128296724623568,0.10835219495760728,0.5379810903518876
13415.0,1.0947907354871098,0.07394609082159041,-0.10798269912001407,0.006853907975982671,0.5698454386786636,-0.45173814752479313
13416.0,-0.41523819700049863,-0.20175138038774237,0.008101894007549605,-0.5707933990113551,-0.7601216003714991,0.15601258734405293
13417.0,-1.7074462772723475,0.48966298795922886,0.42105894354372875,0.04495650678653084,0.24668909751329784,-0.005995509631707906
13418.0,-1.2115801184678894,2.3674323185913275,1.8558687347225953,1.7933778745386644,1.670575380230482,0.46750053491264776
13419.0,-0.1794070292720186,-1.058145946714099,-1.0330437589491386,-0.3879031647636542,-0.7601216003714991,-0.31744364308678985
13420.0,0.36116121379957716,-0.5571872395918231,-1.2654172982586933,-1.0426170379233037,-1.2818823689972492,-1.68937551045955
13421.0,-0.4749394310824503,0.8001660338568091,1.0687816501591165,1.0403609340836106,1.15268439735128,0.8229437893987027
13422.0,-0.1794070292720186,-1.058145946714099,0.7473721374106308,0.6448996933210679,0.8961017842882889,3.040627525480359
13423.0,1.0323114794921844,-1.058145946714099,-1.046241384890367,-0.8250072737432935,-0.9802035124500996,-0.3423358984622822
13424.0,1.0628912315177839,-1.058145946714099,-0.34899836316589206,0.04124405513070575,-0.037881416532715165,0.9727454224385238
13425.0,0.15213283821989562,0.2992073267345332,0.934135160037209,1.0299554732313394,0.8766449105123539,1.207057032903415
13426.0,-2.4120140217391843,1.9594133665673954,1.564750972255611,1.4999157495257318,1.0944071422788821,0.38468360815353236
13427.0,-0.9353081791524545,0.48966298795922886,0.05671608608532785,0.3754850891987499,-0.14457610000475504,-0.690522272308323
13428.0,-1.3187161125298095,-0.20175138038774237,-0.4467557884719262,-0.20047835993770063,0.8634124775613803,-0.6993699412402843
13429.0,-1.2629135238814884,0.07394609082159041,0.05690916627935728,0.675879768631748,0.21790042237482501,-0.14176973669796586
13430.0,-0.9353081791524545,-0.5571872395918231,-0.22611869264313722,0.27135385382335897,0.10835219495760728,0.2644348222513607
13431.0,-0.15047015714448805,0.8001660338568091,0.9153974622468406,0.7559174655160901,0.8010741670374462,0.5341922292515072
13432.0,1.2153160509140626,-0.5571872395918231,-0.54011886900982,-0.5430633509352029,0.6853342645162757,-0.3267171921245062
13433.0,1.131598183073706,0.07394609082159041,-0.24885005106627248,-0.630028288668433,-0.5121324717856456,-0.7163367596461789
13434.0,-0.0876328522714647,0.2992073267345332,0.41992355606394494,0.3634303015606991,-0.7132292345010023,0.23885402590527388
13435.0,-1.7074462772723475,0.9303406571479473,1.1313218057079015,1.1341371458035248,0.6685909679263046,0.7809309572634019
13436.0,-2.1519790306632065,-1.058145946714099,-1.1160822445363359,-1.2275467185765694,-0.9802035124500996,-0.4740638714850981
13437.0,-1.1198059414673356,0.654643185938614,0.9350721642560581,0.6232340037961621,0.9927301689877395,0.7523115002891821
13438.0,1.1878264771467721,-1.058145946714099,-2.1443554285227555,-2.5074125686447046,-2.515817022689194,-2.4135065262128825
13439.0,0.6997152519968288,-0.20175138038774237,0.04232642651566327,0.42715385564946473,0.9275383145186272,0.22043043122020856
13440.0,1.0232997359133336,0.654643185938614,0.23828660262814585,0.09369887180446144,0.12492635577600246,-0.5580204674761852
13441.0,0.050323496031906285,-0.5571872395918231,-0.18350837546120524,0.029979291768293403,-0.1914684658752519,0.34468830709175075
13442.0,1.3148171310090697,-0.20175138038774237,-0.5723135131122598,-0.958022695435433,-0.1914684658752519,-0.9351581107513212
13443.0,1.0614676455862315,0.48966298795922886,0.22984877163262857,0.32022115396158196,1.1620071460508272,-0.3654081200838148
13444.0,0.9445402369244065,-0.5571872395918231,-0.2785703651510677,-0.2546192855417444,0.15710275654239486,0.16565545736383924
13445.0,1.2741945456928903,-1.058145946714099,-0.9684049527202745,-0.6030410799249616,-1.3785107536966998,-0.19552734700588506
13446.0,1.0338012018782479,1.15560189306089,1.0288524119933922,1.0357261974091367,0.8010741670374462,0.31599464993120363
13447.0,-0.8183807704906293,-0.20175138038774237,0.13946880814794954,0.10618402723932531,0.21790042237482501,0.4033057850490413
13448.0,-1.0028785328055105,1.3460575542855853,1.6537252347852989,1.4340461039143382,1.6529318387821261,1.2657982296359767
13449.0,-0.7922005967383016,-1.058145946714099,-0.8335725095245863,-0.5281484048190704,-0.6267921989603487,0.05878230109861366
13450.0,-0.7195200551006783,1.3460575542855853,1.0717463228037276,1.4210782375473143,0.24668909751329784,0.17030667401173435
13451.0,-0.7428435417295326,1.15560189306089,1.4730105069254478,1.5518441423118956,2.1098500016332093,1.1521210962709147
13452.0,0.7096584775096997,-0.20175138038774237,-0.1746788038445828,-2.804692648559184,-2.183176263091345,-0.18790173439713592
13453.0,0.42575162422735197,-0.20175138038774237,-0.12524836152842195,-0.24688130289311921,-0.1914684658752519,-0.0949161230728078
13454.0,1.2893566040861313,-1.058145946714099,-1.0369157383623435,-0.6030410799249616,-0.47721685960260357,-0.32474664597468433
13455.0,-0.7670473650770303,0.48966298795922886,0.8202535336529265,0.44954363072557546,0.5105140700321456,0.7452056129294168
13456.0,-0.9682038613741811,0.48966298795922886,0.46182548112380384,0.2834860728339163,0.020052745320578196,0.0706718101712886
13457.0,1.3355982633836874,-0.5571872395918231,-1.3194981942310078,-1.0756752990814846,-1.1954453334565955,-1.790724035811751
13458.0,-1.5229485149574664,1.5859404542672264,1.8395273538658434,1.715833846631745,1.5698848620204007,1.3339751831481252
13459.0,1.2731708819498868,-0.5571872395918231,0.1591361484158859,0.45021035246417296,0.24668909751329784,0.9902440082103122
13460.0,-0.6752731880764764,-0.5571872395918231,-1.1668027168517148,-0.36219854252392675,-0.7601216003714991,-1.5044514164767426
13461.0,-0.4907754257615954,0.48966298795922886,1.0786999540409261,1.2099281890051887,-0.2672508963742018,1.2319620468786154
13462.0,0.6946852246521797,0.2992073267345332,0.1550544790413604,0.2223423171467483,0.34016817678249833,-0.2592760793893071
13464.0,-0.2415192631816249,0.48966298795922886,0.8662747662488577,0.6991067916340292,0.9024861982765124,0.8318626103771446
13465.0,1.0571778289304525,-0.5571872395918231,0.0006571751192534275,0.10618402723932531,-0.16768729188131876,0.6916218431117923
13466.0,0.49139896235014185,0.2992073267345332,0.06157736763861168,0.18651937329283408,0.12492635577600246,-0.43493512359101816
13467.0,-1.2629135238814884,-0.5571872395918231,0.10990370051418177,0.10618402723932531,0.607142454731596,0.8974685670896532
13468.0,-2.1519790306632065,3.3863916056978276,1.920976431222289,1.6178256599488805,1.5698848620204007,-0.5511442899049107
13469.0,1.3012333360775918,-1.058145946714099,-1.7387201382842286,-1.473214373913271,-1.4880589811139169,-1.6484312559412482
13470.0,0.09686491004341691,-0.5571872395918231,-1.2427074196162766,-1.0490970995891926,-1.3785107536966998,-1.6468025890127573
13471.0,-2.4120140217391843,0.07394609082159041,0.7209132847825788,0.7642378919571898,1.3215639934150147,1.1081883651279176
13472.0,1.0824965852277768,-0.5571872395918231,-0.3249518670502992,-0.3093765158786823,-0.4437267787202448,0.07831714224304234
13473.0,-0.2097114950440718,0.8001660338568091,0.7559494628296362,0.4594741808020236,0.3526935049184267,0.2341634048480352
13474.0,0.6502579820962507,-0.20175138038774237,-0.24289636595742503,-0.26048310689664694,0.8223842757380923,-0.3161997070413017
13475.0,0.5152174896819478,0.07394609082159041,0.3104476174465749,0.46731206031274974,0.34016817678249833,0.33523622786559054
13476.0,0.4738273097812196,0.2992073267345332,0.5729508275440551,0.2372488121448318,0.5793298571111467,0.5268589352470432
13477.0,-0.5070123740010525,1.15560189306089,0.8022418455112009,0.9455505189649677,0.7938459876173184,-0.11012962362196277
13478.0,1.0893557436471168,0.2992073267345332,0.6249426318636951,0.5732295209741893,0.8082392174469527,0.6247383738858205
13479.0,0.5477790613471053,0.07394609082159041,-0.06379329437374989,0.24000655597032053,0.05652066271060163,-0.3686932301839793
13480.0,1.014159554616912,-0.5571872395918231,-0.2829801919748776,-0.20768633277585966,-0.037881416532715165,0.157351177595854
13481.0,-0.3873500989396135,1.15560189306089,1.0193156381501343,0.9328772764192019,1.0944071422788821,0.29805369905917767
13482.0,0.639341544931368,-0.5571872395918231,-0.7322664877798832,-0.6404409748334174,-0.586765087019821,-0.6881886690537671
13483.0,-0.15997144498132296,-1.058145946714099,-1.358592817124781,-0.7424124492385259,-1.1172535236719159,-0.9314669779991553
13484.0,0.6636473034612838,-0.20175138038774237,-0.11698237291687952,-0.5222758574236794,-0.07890961835600385,-0.07936501902389836
13485.0,0.6420881238566438,1.15560189306089,0.8478033484884041,0.8450508835021734,0.921346639414674,-0.02448805400706728
13486.0,-0.054309762370586455,-0.20175138038774237,0.13516483764107048,0.19541430743174126,0.40096584261492885,0.39520238022918897
13487.0,-0.2415192631816249,0.2992073267345332,-0.06760766973346963,-0.20768633277585966,-0.24120448470420522,-0.6775452879458939
13488.0,-1.0028785328055105,2.0119964593872464,2.030461132915642,1.8175693190607487,1.7691409395186153,1.2010787326377792
13489.0,0.13423422913161528,0.07394609082159041,-0.5232566307259849,0.07863147773092258,-1.0458699940988507,-1.231049255962843
13490.0,1.3022132067018704,-1.058145946714099,-1.2909519007817927,-1.9416401849203377,-1.2818823689972492,-0.8038883535601875
13491.0,-0.31029852425924354,2.202452120611942,1.145876325536119,1.0307829687552188,0.9984076522496489,-0.6794783473828322
13492.0,0.298760970365054,-0.20175138038774237,0.2240207450469135,-0.12921212048498146,-0.07890961835600385,0.5625147099583233
13493.0,0.7479579275786754,-0.5571872395918231,-0.29358914024479016,-0.17585491448525636,-1.4880589811139169,0.13737347413855155
13494.0,0.8286381285590276,-1.058145946714099,-0.7759548475575556,-0.7342923345111426,-0.6688728615528973,0.16745590362447874
13495.0,-1.4474112861963695,1.0480979277381186,1.2632089236971387,1.105980898684332,0.27450169513374717,0.886334390632403
13496.0,-1.2629135238814884,-0.5571872395918231,-0.2543245338450999,-0.24688130289311921,-0.32196403698294906,0.21131494352146446
13497.0,0.7662827513425954,0.48966298795922886,0.2520955631617135,0.10053831928015587,0.17272976344709118,-0.3236087259353701
13498.0,1.3726167481092915,-1.058145946714099,-0.751130523238153,-0.20768633277585966,-0.7132292345010023,0.21427746253472413
13499.0,-0.9682038613741811,0.2992073267345332,0.15832911577968492,0.6639512418483263,-0.24120448470420522,-0.25312100484177746
13500.0,-0.8183807704906293,0.07394609082159041,0.3276030412232129,0.3433574474678515,0.4897435161402434,0.3675265376416925
13501.0,0.777475447277631,-0.20175138038774237,0.8150739339482421,0.6076843212032644,0.6162076636214244,1.6761139291491474
13502.0,-1.0028785328055105,0.2992073267345332,-0.12634478334799767,-0.009027449637447236,-0.32196403698294906,-0.7877884283345581
13503.0,-0.1138130260237924,0.48966298795922886,0.5162452677528682,0.5327679246384178,1.074023657541187,0.17303497713821236
13504.0,-0.1794070292720186,-1.058145946714099,-0.8236762780006445,-0.6727062364625485,-0.5121324717856456,0.07744774315962911
13505.0,-0.09624137345486956,0.07394609082159041,1.1180644529336468,1.0580513166752603,1.189356113787718,1.8565800729160704
13506.0,0.8367820500425664,0.2992073267345332,0.4078729455845933,0.5648862259409839,0.21790042237482501,0.21618001084766966
13507.0,-1.9674812683483254,0.07394609082159041,0.7058417389475601,0.7671253513275911,1.0096460890517032,1.0797956663066826
13508.0,0.6715487405611223,-0.5571872395918231,-0.8455551757748273,-0.6653981508446892,-0.3507527121214226,-0.9011800667457787
13509.0,-1.3798409325433134,0.8001660338568091,0.1302152517137734,0.5869040455194251,-0.3507527121214226,-0.9411171349083229
13510.0,-2.4120140217391843,1.15560189306089,1.1445704408016664,1.1911896465777456,1.1620071460508272,0.5337342377811216
13511.0,1.324346655508488,-1.058145946714099,-0.8563678675756137,-1.3807506813715704,-1.614523128595098,0.015787608226666864
13512.0,0.7145728708968584,0.07394609082159041,-0.19104404573987055,-0.11175649930058781,-0.24120448470420522,-0.6077825631206655
13513.0,0.2551824986059697,-0.20175138038774237,-0.08679637368056727,-0.20407247237197493,-0.21595962957782017,-0.02257122435098184
13514.0,-0.0876328522714647,0.07394609082159041,-0.09442139784359167,-0.35763101764852595,-0.8098576192004525,-0.426254431316022
13515.0,-0.09624137345486956,0.48966298795922886,0.22173770719573707,0.3282914507803025,0.34016817678249833,-0.38064672181963694
13516.0,-0.8741833591389503,0.07394609082159041,0.42782968172813857,0.5304126098965184,0.21790042237482501,0.5562054823094366
13517.0,-0.22013977682524094,-0.20175138038774237,0.595970427093912,0.6658744038583051,0.8831819415705221,1.2631936763303016
13518.0,0.00755263702131852,-1.058145946714099,-0.247627003648168,-0.15545883246235384,-0.12209817180851448,1.1639435803582152
13519.0,-0.054309762370586455,-0.5571872395918231,-0.7172046645739724,-0.8631467072838476,-0.6267921989603487,-0.6598634775867184
13520.0,-0.23074043468561758,1.15560189306089,1.4442367534595608,1.2420884756219186,0.5307717179635321,1.0979273336311186
13521.0,-2.4120140217391843,-0.20175138038774237,0.11647695656588207,0.25810180837037866,1.6322919311293915,0.36001832325134436
13522.0,-0.6542442484349309,-1.058145946714099,-1.436818459855289,-1.5808368721392683,-1.614523128595098,-1.0790096257777124
13523.0,-0.5950029105353472,0.48966298795922886,1.2256859016428803,1.0221815599004038,1.1666290909919852,1.5088935911029842
13524.0,-0.4594850640247002,0.2992073267345332,-0.22534604066653968,-0.2804155698175485,-0.7132292345010023,-0.9734973896882043
13525.0,-1.0784157615666075,-0.5571872395918231,-0.2818809236363239,-0.1521201403247171,-1.614523128595098,0.1594212358948368
13526.0,1.3795972273515245,-0.5571872395918231,0.17240861022886872,0.8851184930692538,-0.2941514393624997,1.015256073905115
13527.0,-0.5764124726865254,1.2544959545938104,1.1641298671102411,1.127269790085312,1.499269850589834,0.4525762910788142
13529.0,-0.04624267237073655,-0.5571872395918231,-0.7955242487936889,-1.244856163309911,-0.8098576192004525,-0.8071313518034445
13530.0,1.2823255604571917,-1.058145946714099,-0.60182801847411,-0.39509144329435947,-0.6688728615528973,0.4958793273956747
13531.0,0.5603544681590024,0.48966298795922886,0.45023735771525447,0.12393136875236042,0.038489320235348796,0.04887740736303467
13532.0,-0.5764124726865254,-1.058145946714099,-1.0688005757936112,-0.8830791702047491,0.36503047510217346,-0.38488515266366025
13533.0,0.4879229365026979,-0.20175138038774237,-0.8874247849874018,-0.5835033778764733,0.3014022381220454,-1.5259732534126027
13534.0,-2.1519790306632065,2.5129551665095216,1.524246319137746,1.3488806133190714,1.0994248524597794,-0.32027952545323446
13535.0,0.9923118147379644,-1.058145946714099,-1.679846566628344,-2.5074125686447046,-2.515817022689194,-1.5373888618734248
13536.0,-2.4120140217391843,0.654643185938614,0.9435260329644157,0.9582920270328076,0.6251737972068488,0.7682286278466989
13537.0,1.0278214364224065,-0.5571872395918231,-0.18655930367754286,-0.2546192855417444,-0.07890961835600385,0.33894187914195195
13538.0,-0.4296506057480915,1.2544959545938104,0.8697754502499379,0.434702118283372,0.7413828979433381,-0.1010049071251708
13539.0,0.00755263702131852,0.654643185938614,0.37651756425298477,0.23447945673215612,0.40096584261492885,-0.2983943113735899
13540.0,1.086620877247503,-0.20175138038774237,-0.27776216150430394,-0.6334808999499925,-0.3805884749031534,-0.3817585658875846
13541.0,1.0293216130101532,-0.5571872395918231,-0.12197823514546072,-0.3784393908584309,-1.1172535236719159,0.4605874144305754
13542.0,0.9496504249089739,1.6565606001831652,1.0515550847770931,0.32507520506186094,0.6853342645162757,-0.23091583869309618
13543.0,1.2823255604571917,-0.5571872395918231,0.3143748660204542,-0.270373833714497,-0.10021972705664996,1.2828156367252808
13544.0,-0.4749394310824503,0.48966298795922886,-0.0829574723331113,-0.21497417397441176,1.3404244345531768,-0.9525280467823671
13545.0,0.972973911537828,-0.5571872395918231,-0.6542397376495913,-0.43226070728274824,0.2031181655606824,-0.5414337705363521
13546.0,-1.2115801184678894,0.2992073267345332,0.11548225795152235,0.11178168603758538,0.6600894093898906,-0.33364907792928583
13547.0,1.0002002930243403,-1.058145946714099,-1.198388746041377,-1.178194505634738,0.038489320235348796,-0.6293034928874992
13548.0,0.07733065274709057,-0.20175138038774237,-0.016657202194982196,0.08446754919651737,1.1289032233573464,0.109414730755005
13549.0,-0.7428435417295326,0.8001660338568091,0.05619379527093555,0.07155914142905798,0.038489320235348796,-1.0798137609293739
13550.0,0.9597502430728069,-1.058145946714099,-0.7041350499316581,-0.059110734465001924,-0.037881416532715165,0.3029163835230021
13551.0,0.8428228344109817,-0.5571872395918231,-0.9616138175859023,-1.709582179172762,-1.614523128595098,-1.1192586881886355
13552.0,-0.15997144498132296,1.9594133665673954,1.4514498420866064,1.10104488348166,1.0944071422788821,0.17157780601742187
13553.0,1.322452044975983,-1.058145946714099,-0.4215694201999079,-0.5771176875341992,0.5698454386786636,0.8358679800405783
13554.0,0.9547202157281579,0.654643185938614,0.40746864629178897,0.10280242113313501,1.0636387966331442,-0.24023448683960175
13555.0,-0.0876328522714647,1.3460575542855853,1.6346305552725133,1.4943538810744914,1.493101452679689,1.2298307720979815
13556.0,1.0323114794921844,-0.5571872395918231,-1.1019118591587913,-0.8582565662530369,-1.2818823689972492,-1.382691030475629
13557.0,-0.6970151074455184,1.3460575542855853,0.8509078600451822,1.0343568008311654,0.8896672959534744,-0.24480590520234494
13558.0,-1.608585561882396,0.07394609082159041,-0.30954561978847395,-0.24113697870484116,0.8700553726182927,-0.8302747591596333
13559.0,1.1467483017274251,-0.5571872395918231,0.04479564803435003,-0.21132015936061974,-2.515817022689194,0.7747855871115341
13560.0,-1.5229485149574664,-1.058145946714099,-1.2031394768767116,-1.3389765845331374,-0.21595962957782017,-0.6382639230209183
13561.0,0.5937169648127165,1.15560189306089,0.4835085105146583,0.5432636942583606,0.921346639414674,-0.708642821328515
13562.0,-0.022632943738098474,0.8001660338568091,1.1875022103393977,0.7695902671624874,0.5979759564957379,1.046512991423737
13563.0,-0.007362574730335169,-0.5571872395918231,-0.1290885309217563,-0.567653913628976,0.12492635577600246,0.44719369002950066
13564.0,0.33515798175035244,2.579756093947218,2.1034472665600195,1.9221404738632764,1.988962657158903,0.693496724501204
13565.0,-0.9353081791524545,-0.20175138038774237,-0.581046829780064,-0.4246569123197467,0.05652066271060163,-0.9515517826035393
13566.0,-0.4594850640247002,0.2992073267345332,0.4375328716433562,0.6144676992234456,1.4899997739109212,0.2719887370476254
13567.0,1.0308182885991817,0.07394609082159041,0.10989041401731402,0.17142182582381535,1.1803407147432114,-0.04212692256009214
13568.0,0.45208539041217766,-1.058145946714099,-1.1309456721780908,-1.2809046880716817,-0.0181119525235737,-0.5020980223438452
13569.0,-1.0028785328055105,0.07394609082159041,-0.028803327655274793,-0.13893231126810912,0.9754580982530536,-0.3029240398256698
13570.0,0.6689257299564773,-1.058145946714099,-0.9755902229941147,-0.7383398607540069,-0.3507527121214226,-0.20907960128213499
13571.0,-1.1640528084915374,2.1575193073054413,1.1427109629591699,1.2234342270011505,1.4899997739109212,-0.6344182013112114
13572.0,0.5634601652637944,-1.058145946714099,0.2861376980532081,0.04741988396874322,-0.21595962957782017,2.170685802356463
13573.0,-0.3349679194593694,0.48966298795922886,-0.01075823103288038,0.18651937329283408,0.44655496268773315,-0.817128020033375
13574.0,1.0048872215498614,-1.058145946714099,-0.5699546094081135,-0.2968082174231356,0.5602500888610992,0.5559962788603912
13575.0,-0.8183807704906293,0.2992073267345332,-0.17244397728365493,-0.06637844309529126,-0.0181119525235737,-0.8742797021994759
13576.0,-1.3187161125298095,2.245808014503504,1.8145460570863328,1.4646772260225003,1.0040461146997783,0.527740440395349
13577.0,-0.7670473650770303,1.15560189306089,0.9520387958721356,0.7929532956163405,0.7178293264081053,0.17150791568294224
13578.0,1.00176641150428,-1.058145946714099,-1.3222075580261436,-0.8932765983286024,-1.1954453334565955,-0.86284015333993
13579.0,-1.0784157615666075,0.2992073267345332,0.362468518081164,0.28262686835012835,0.43539298020353107,0.13075701348190777
13580.0,0.9970565357545049,-1.058145946714099,-1.5474722926286888,-1.5663808849782732,-1.614523128595098,-1.2877156063789539
13581.0,0.8224615941517993,-0.5571872395918231,-0.8620532010405754,-0.935724935040335,-0.21595962957782017,-0.9321883677946795
13582.0,0.9713357875339578,-0.5571872395918231,-0.9690579059124129,-1.0111411307468456,-1.1172535236719159,-1.13324178050447
13583.0,0.38615107131684145,-0.5571872395918231,0.31708136128576186,0.5203073447292799,0.6428173386552047,1.2879168667647667
13584.0,0.8183106074995556,-0.20175138038774237,-0.620859875882068,-0.20587692052381437,0.457567115373851,-1.0262742822178728
13585.0,1.1688228586551845,-0.20175138038774237,-0.22074846863269906,0.673985682545786,-0.2941514393624997,-0.2745495972703801
13586.0,1.180765944929144,-1.058145946714099,-1.4049696885994585,-1.6583052409265662,-0.586765087019821,-1.01893914408455
13587.0,-0.1794070292720186,0.07394609082159041,0.4227866497229535,0.1904875357897548,-0.3507527121214226,0.5467106895112924
13588.0,-1.0395356639262063,0.9303406571479473,0.7057807223317247,1.08904508082854,0.921346639414674,-0.0197385335035776
13589.0,-1.0784157615666075,0.48966298795922886,0.13409284619717693,-0.3463490782764294,0.10835219495760728,-0.5452642208996401
13590.0,-1.2629135238814884,1.7233615276208618,1.3833611867233042,1.5528420123137416,1.4647549187845361,0.31544116713262704
13591.0,-0.1696156146721137,0.654643185938614,0.5842069392025664,0.35269802014789625,0.607142454731596,0.09203598221995474
13592.0,-0.540774126845729,0.07394609082159041,-0.9506478043034923,-1.1625337434223337,-0.8098576192004525,-2.0298992978670416
13593.0,0.15213283821989562,1.4312993642702228,1.2829677266453916,0.9747055084910025,1.3138967127742598,0.4672154686590636
13594.0,-0.2983107883386734,-0.5571872395918231,-0.4003288862727524,-0.14879831034045113,-0.24120448470420522,-0.06360048664385137
13595.0,1.1517198397927773,-0.20175138038774237,-0.09237781027530664,-0.22419902279177215,0.8082392174469527,-0.033072922780056205
13596.0,-1.608585561882396,-0.5571872395918231,-0.20772766816993807,-0.1324362491901478,0.9336836095984207,0.2990721709540245
13597.0,0.9875317290149478,-0.5571872395918231,-0.6130997350291914,-0.5021252811070448,-0.7132292345010023,-0.4640392099939744
13598.0,-0.37384801709977017,0.2992073267345332,-0.11801159020870738,-0.14056640139761625,0.5001945244425666,-0.772150637055803
13599.0,-2.4120140217391843,2.442335020593583,1.7225874551966538,1.689434139679278,1.3980195209492263,0.13208552307125604
13600.0,0.8286381285590276,-0.5571872395918231,-0.4207087783112503,0.1228360796752538,-0.14457610000475504,-0.10196650162047631
13601.0,-0.40114257027902034,0.07394609082159041,0.17431872431224663,0.4408141792516248,1.0842787042858788,0.0790716957881021
13602.0,-0.1696156146721137,0.07394609082159041,0.06992573608501161,0.05231913149156605,0.12492635577600246,-0.11729118731961459
13603.0,-0.7428435417295326,-1.058145946714099,-1.2455781391975007,-0.7262712480428852,-0.3507527121214226,-0.7183081692351753
13604.0,1.3070902279146166,-1.058145946714099,-0.1867898983023521,-0.47165696919616373,-0.5486003891756687,1.278689427021665
13605.0,0.9663961595288088,-0.5571872395918231,-0.41483672917465897,-0.10242696785706215,0.14117229372259663,-0.09091233021687983
13606.0,-0.6752731880764764,-0.20175138038774237,-0.8620276058869473,-0.3784393908584309,-0.037881416532715165,-1.4784150907942477
13607.0,-0.4749394310824503,-0.5571872395918231,0.10630742032485259,-0.03917827154410035,0.7791957222855813,0.89069182808732
13608.0,1.180765944929144,-1.058145946714099,-0.9855162795377164,-0.96946160877935,-0.24120448470420522,-0.22780129679428326
13609.0,1.2395198742615607,-1.058145946714099,-1.2325777841675893,-2.1142026552549544,-1.3785107536966998,-0.6937879897106375
13610.0,-1.2115801184678894,1.4312993642702228,0.6118544741978443,0.3967866798633863,1.6217739273546439,-0.7936840947919965
13611.0,0.029294556390360493,1.0480979277381186,0.9161117839791831,0.9157000450442566,1.133714926635295,0.23307394100803083
13612.0,1.2813148034334256,-1.058145946714099,-0.09231624028664312,-0.07372735685424821,0.14117229372259663,1.4568777187687068
13613.0,1.0671431268633091,0.2992073267345332,0.08016123009138294,-0.07225099049068223,0.14117229372259663,-0.4000197260638905
13614.0,-0.7922005967383016,0.48966298795922886,0.6701140456638081,0.33547101078902963,1.3697273015336935,0.4625655998292378
13615.0,0.8428228344109817,0.8001660338568091,1.374563805451626,1.1615894179635753,1.4774744457749929,1.3988839631518803
13616.0,1.2119436056379256,-0.5571872395918231,-0.8429332450800748,-0.6838229113311526,-0.24120448470420522,-0.8962518786347906
13617.0,-0.4749394310824503,0.8001660338568091,0.22905527521542904,0.11622576334237679,0.10835219495760728,-0.755779938652212
13618.0,0.4557606165093461,-1.058145946714099,-1.1910379701204878,-0.4609184296153759,-0.9194058466176699,-0.6154390757381099
13619.0,1.185481592637454,-0.5571872395918231,-0.9993491976278182,-1.1625337434223337,-0.05813906446410138,-1.1901352395810707
13620.0,1.1651961277902847,-1.058145946714099,-1.5176826250519726,-1.244856163309911,-1.614523128595098,-1.2315288333810817
13621.0,0.20301349020923423,-1.058145946714099,-1.056828741493533,-0.24304618451220317,-0.6267921989603487,-0.3623048826940686
13622.0,1.342071680121387,-1.058145946714099,-0.248161831484539,-0.17758348562160425,-0.21595962957782017,1.1629348329407514
13623.0,-0.6338830081757483,1.0480979277381186,0.7307783650769756,0.47441564465656216,1.3100360324395852,-0.11540931448879643
13624.0,0.9680469331528011,-1.058145946714099,-0.5034422254675839,0.3290930607988527,-0.5121324717856456,0.681446360113894
13625.0,1.2438240863831336,-1.058145946714099,-0.8108560946277306,-0.8112565093766205,-0.5486003891756687,0.10162809801286786
13626.0,0.6946852246521797,-0.5571872395918231,-0.197477820263685,-0.1454931730396027,0.038489320235348796,0.3183771144187547
13627.0,-0.23074043468561758,0.654643185938614,0.6346676100584577,0.7813755112489762,0.8362895757000253,0.18694813540545333
13628.0,1.323400049877103,-1.058145946714099,-0.7899910333013711,-1.0111411307468456,-0.7601216003714991,0.14098202706601243
13629.0,-0.8183807704906293,1.7867352234743035,1.9199182940675739,1.8033318321531135,-0.32196403698294906,1.2521611217352626
13630.0,-1.7074462772723475,0.654643185938614,0.5625022416483515,0.6763524391075747,0.15710275654239486,0.051217087266614295
13631.0,0.10324630795624619,1.15560189306089,0.8599167493088598,-0.040582158819487145,-1.4880589811139169,-0.0017155430903031514
13632.0,-0.7670473650770303,0.8001660338568091,0.9841140557906122,0.7841888651086907,1.114296432923324,0.6635393696929458
13634.0,-0.5950029105353472,1.5859404542672264,1.2217136683490895,0.9458642422901649,1.5084363488256922,0.17101494115334356
13635.0,-0.14110757920304226,0.07394609082159041,0.8430012754508526,0.875764390001973,0.9458378031172426,1.338209853427661
13636.0,-0.5236711079833221,0.2992073267345332,0.014439766349135734,0.11511755593814922,0.24668909751329784,-0.5234812672971056
13637.0,-0.31029852425924354,-0.20175138038774237,-0.09920058884666112,-0.12760596354808515,0.5105140700321456,-0.045909987044240125
13638.0,-1.0395356639262063,-1.058145946714099,-1.455004015141247,-1.0963383891618057,-1.2818823689972492,-1.1133096952249801
13639.0,-0.0876328522714647,-0.5571872395918231,0.26610498777811364,0.45750002942856505,0.12492635577600246,1.1918383550969673
13640.0,1.2586653317891858,-1.058145946714099,-0.5982338527019845,-0.9989607652635911,-1.7640984679528429,0.5026583414895744
13641.0,1.2893566040861313,0.2992073267345332,0.06379041054479566,0.520906089366719,-0.0181119525235737,-0.43077743795097323
13642.0,0.5937169648127165,0.07394609082159041,-0.4258601704667362,-0.4425378060430995,0.6428173386552047,-1.0484853197175033
13643.0,-0.6338830081757483,1.0480979277381186,0.6055007319308496,0.39170772845699897,0.4240770344914922,-0.35079630296722764
13644.0,-1.0395356639262063,0.07394609082159041,0.7468124064925952,0.936704955149197,0.9984076522496489,1.156980345915719
13645.0,0.21911455007042469,-1.058145946714099,-0.9387634745713663,-0.7506340680270399,-1.614523128595098,-0.139620076480455
13646.0,0.9875317290149478,-0.5571872395918231,-0.7536144580012709,-1.2024078265981781,0.26071325195673184,-0.7283325492991183
13647.0,-1.3187161125298095,0.8001660338568091,0.8602123002898994,0.8468763660473281,0.6853342645162757,0.43033437396269775
13648.0,0.9875317290149478,0.8001660338568091,0.46072401206333236,0.4326520773339149,0.6600894093898906,-0.3208601227529568
13649.0,0.7047061347631505,0.48966298795922886,0.4250981317328198,0.36266949067331455,0.6770053294538549,0.001600197062241988
13650.0,-1.0028785328055105,1.0480979277381186,0.9092367188514419,0.8257593207535624,0.8961017842882889,0.22014198830905518
13651.0,-0.5583457794146515,-0.20175138038774237,-1.0144957616302606,-1.3595320367867216,-0.862804573858747,-1.763730604051593
13652.0,-0.3873500989396135,0.2992073267345332,0.7320010072531555,0.7559174655160901,0.8223842757380923,0.8263248897336725
13653.0,1.1147713296580601,-1.058145946714099,-1.3005303590326642,-1.2626334870875637,-1.1954453334565955,-0.8219544383201248
13654.0,-0.4296506057480915,1.15560189306089,1.3786265030179758,1.4854387490600722,1.48688632403703,0.9743659785703349
13655.0,0.18649776552599168,0.48966298795922886,0.6456826086144686,0.5928319269624064,0.7257558910386418,0.41658415255478465
13656.0,0.42189980965276064,0.07394609082159041,0.10666785708101417,0.3619077987076936,0.5307717179635321,-0.048188237501523956
13657.0,-1.2629135238814884,-0.5571872395918231,-0.6399941732022755,-0.567653913628976,-0.7601216003714991,-0.5146356208536165
13658.0,-1.3187161125298095,0.9303406571479473,1.3456155724824441,0.9689769836983179,1.1044120596547777,1.1844900086391936
13659.0,0.5634601652637944,1.2544959545938104,1.195896220041259,1.0719206230008775,1.3588610094679472,0.5123540101099366
13660.0,0.9875317290149478,-1.058145946714099,-0.7797579394956113,-0.8438005790920419,-0.05813906446410138,0.1602828305157143
13661.0,1.2502267205812954,-1.058145946714099,-0.7558418820435049,-0.9412289080697872,-0.7132292345010023,0.20539129262275324
13662.0,0.00755263702131852,1.15560189306089,0.6360165168325104,0.5676791003659736,0.8896672959534744,-0.4224110658087191
13663.0,0.4738273097812196,0.2992073267345332,0.5680568513404086,0.38511948366689464,0.5887058798168258,0.5176462557972965
13665.0,0.9647411258391285,-0.20175138038774237,0.43902385042514586,0.7893819514273717,0.6770053294538549,0.9674845062063312
13666.0,-0.22013977682524094,0.2992073267345332,-1.4249820918086191,-1.448851553929116,-0.6267921989603487,-3.202573105672966
13667.0,0.3568999011193944,-1.058145946714099,-0.8019474841792174,-0.7673921959311133,0.5407159979871611,0.11843077201747183
13668.0,-1.9674812683483254,2.5129551665095216,1.9046185801746585,1.651821983401497,1.8551355954006,0.39470093271723333
13669.0,-0.3225146116861712,-0.20175138038774237,-0.5832163778680294,-0.1537873679317828,-0.9194058466176699,-0.9556241844913775
13670.0,-0.07913835459246295,-1.058145946714099,-0.703744545793683,-0.3714298651318708,-0.4115503779538524,0.30365291968268354
13671.0,0.9794848831855826,-1.058145946714099,-1.1231813814070062,-1.0050227523118493,0.3014022381220454,-0.4874536681589269
13672.0,0.8056939671904363,-0.20175138038774237,-0.5722279106272639,-0.8390516708165107,-0.9194058466176699,-0.9349974180982078
13673.0,-0.9353081791524545,-0.5571872395918231,-0.6127193457361523,-0.935724935040335,0.09143627489364367,-0.4633235505821563
13674.0,1.0382497182035755,-1.058145946714099,-0.9720333546754981,-1.0362001973790858,-0.862804573858747,-0.20237093451750038
13675.0,0.3653943987983962,-0.5571872395918231,-0.46593775838566787,-0.26838375371270823,-0.4115503779538524,-0.187104448333263
13676.0,1.1783950542480568,-0.5571872395918231,-0.9624959966280578,-1.0235513279573643,-0.9194058466176699,-1.1209158179072614
13677.0,0.9954788591929878,-0.5571872395918231,-0.3701278294125244,-0.5400531812013325,0.6853342645162757,-0.006741999324122336
13678.0,0.3695998250074675,-1.058145946714099,-0.9965366105857969,0.4075398502584155,-0.7601216003714991,-0.2485869211173919
13679.0,1.1225924655997355,-0.20175138038774237,-0.8601871399220081,-1.0362001973790858,0.038489320235348796,-1.4749682128628887
13680.0,-2.4120140217391843,1.2544959545938104,1.807269666914329,1.5498438489965423,1.7329745079127619,1.663731706836416
13681.0,-0.9682038613741811,0.07394609082159041,-0.08397396484192515,-0.21132015936061974,-0.10021972705664996,-0.40662094149953776
13682.0,0.5017154078421048,-1.058145946714099,-1.9700341047229104,-2.5074125686447046,-1.9471638881929467,-2.0847162628167903
13683.0,1.0741675694743047,-1.058145946714099,-0.920491165245112,-0.6653981508446892,-1.1172535236719159,-0.10515637883706098
13684.0,0.7730217821651971,0.07394609082159041,-0.3192171923570384,-0.4908819143496147,0.5307717179635321,-0.8484260138759282
13685.0,-1.9674812683483254,0.654643185938614,0.8713266373220427,1.5248334052780796,-0.2941514393624997,0.6323008773067907
13686.0,0.4879229365026979,-0.20175138038774237,-0.5910988589729012,-0.17931661162787071,-0.3507527121214226,-0.9704196865096494
13687.0,1.045596020739638,-1.058145946714099,1.8347864710153585,3.3974069260293143,0.05652066271060163,5.091617257391184
13688.0,1.2833347269893116,-1.058145946714099,-0.6525918785127263,-0.8780391383485852,-1.614523128595098,0.4001327913478926
13689.0,-0.18935025478488945,-0.5571872395918231,0.21813376448251667,0.24548759551282698,-1.4880589811139169,1.1014284463747974
13690.0,-0.23074043468561758,-1.058145946714099,-1.2119036116106081,-1.3092999294811463,-1.1954453334565955,-0.654794099047491
13691.0,0.9811023498659778,-1.058145946714099,-1.060426419118723,-0.8067360727591756,0.2031181655606824,-0.369090520550735
13692.0,-0.7670473650770303,0.2992073267345332,0.8701618254265757,0.9474306182122147,0.5505411819726732,1.086543955910355
13693.0,0.9445402369244065,0.9303406571479473,0.5553917234898043,0.3754850891987499,0.5001945244425666,-0.3023757929888438
13694.0,-1.8243736859341724,4.225744299162235,3.8564601889161287,3.907140046857146,2.4934280670437916,2.160597338398566
13695.0,-0.6338830081757483,1.5859404542672264,0.7859346594125713,0.8424866660679212,0.09143627489364367,-0.647591043798519
13696.0,1.0217853899940603,-0.20175138038774237,0.55845685063423,0.06918469502782947,-0.4437267787202448,1.1925068632452864
13697.0,-0.4907754257615954,-1.058145946714099,-1.304776092047578,-0.6763909572414488,-0.9802035124500996,-0.8299623839107965
13698.0,1.2438240863831336,-0.5571872395918231,-0.49809362162840903,-0.5021252811070448,-0.24120448470420522,-0.24762726344712302
13699.0,0.3820531327806657,-0.5571872395918231,-0.1415804695451169,-0.5370567252723396,-0.1914684658752519,0.42366293100050467
13700.0,-0.7428435417295326,1.3460575542855853,0.7438418595461203,1.1383638568501628,1.0994248524597794,-0.445887181280708
13701.0,1.0586109584627579,-1.058145946714099,-1.2602837338414845,-1.1942372750823944,-1.1954453334565955,-0.7460446287284683
13702.0,1.0571778289304525,-1.058145946714099,-1.385392249677314,-1.244856163309911,-1.614523128595098,-0.9820138204378365
13703.0,0.8408155551547154,-0.5571872395918231,-0.5626366390694374,-0.8881581216111365,-0.12209817180851448,-0.369090520550735
13704.0,-1.7074462772723475,0.9303406571479473,0.6543318961055581,0.7393834871623045,0.7865535568710715,-0.11645359783057878
13705.0,-1.4474112861963695,0.654643185938614,0.5637595713142974,0.46536132945478387,0.21790042237482501,0.05358158403271069
13706.0,0.8099271521892553,-0.5571872395918231,-0.27915146572472016,-0.3286910797782772,-0.07890961835600385,0.16456116450212632
13707.0,0.7290940618003953,0.2992073267345332,0.9260964312426131,0.98068211425661,0.9870131210634252,1.1919129486849447
13708.0,0.7385953496372302,-1.058145946714099,-0.8213744872378729,-0.3178908216871508,0.12492635577600246,0.08178918788180976
13709.0,-1.8243736859341724,1.7233615276208618,1.512092360338412,1.391806771293233,1.5866281586103719,0.5576493593357053
13710.0,-0.6141483680629726,-0.20175138038774237,-0.4331627828940319,-0.25656808974912876,-0.9194058466176699,-0.6738329465582017
13711.0,0.6025224834477799,0.9303406571479473,0.4721621102666364,0.3282914507803025,0.5207054191909427,-0.4586979043521911
13712.0,0.6793540117376464,-0.5571872395918231,-0.13944582295284272,0.5386195730124327,-0.21595962957782017,0.42768387507443006
13713.0,1.0002002930243403,-0.20175138038774237,-0.1615275379696682,-0.36219854252392675,0.4126028186801636,-0.16316400584707985
13714.0,1.0838742983222271,-1.058145946714099,-1.2587285761226505,-1.4985144522516916,-0.2672508963742018,-0.7431114206455319
13715.0,0.7617503989180828,1.6565606001831652,1.5920943230096807,1.5087713671797613,1.5323911326091049,0.785748660766057
13716.0,0.7338623008571977,-1.058145946714099,-1.3691725945462818,-0.8390516708165107,-0.5486003891756687,-0.9514216670140305
13717.0,-0.6141483680629726,0.8001660338568091,0.4604300024067012,0.9607496513357084,0.7791957222855813,-0.32141246808653273
13718.0,0.6767627952879732,-0.5571872395918231,-0.7983537301942152,-0.6913398038775899,-1.1954453334565955,-0.8124508199998208
13719.0,-1.0784157615666075,1.15560189306089,0.7974169790255241,0.7679480167741871,1.2414620708765944,-0.11919779032348335
13720.0,0.20301349020923423,0.07394609082159041,-0.108675157825781,0.005545010153355491,0.0011923041824166546,-0.4530393334472054
13721.0,-0.540774126845729,-0.5571872395918231,-0.16319477066266896,0.019801588664723924,-0.0181119525235737,0.3829498639858695
13722.0,0.27975735187346623,1.0480979277381186,1.2973941463462642,1.1944216970069041,0.9578145568046977,0.950706427154654
13723.0,0.5966655916107547,0.48966298795922886,0.18878917006831067,0.15492639225725532,0.15710275654239486,-0.44254152669618746
13724.0,1.2853483085455746,-1.058145946714099,-1.0596515695793807,-0.8780391383485852,-0.05813906446410138,-0.3676290643239271
13725.0,-0.3349679194593694,0.8001660338568091,0.5441127755701882,0.31778062819737996,0.6600894093898906,-0.16416605997405773
13726.0,-0.4907754257615954,-0.5571872395918231,0.10720817439961419,0.49403167199289083,-0.05813906446410138,0.8923891832438434
13727.0,-0.6752731880764764,0.8001660338568091,0.10746818275828654,-0.19334852384513587,0.457567115373851,-0.9837490113021582
13728.0,-0.5236711079833221,1.5859404542672264,0.8075595826293566,0.6160232086724894,0.46843340743959727,-0.6070202255420091
13729.0,1.042667590085983,-0.20175138038774237,-0.17969541464510352,-0.11175649930058781,-0.12209817180851448,-0.19733773118149023
13730.0,0.298760970365054,-0.5571872395918231,-0.1525408138108488,-0.011712028624911322,-0.07890961835600385,0.4030176369821994
13731.0,0.6025224834477799,-0.5571872395918231,-0.30300037680627323,-0.3807925988742401,-0.12209817180851448,0.119651577263647
13732.0,-0.6970151074455184,-1.058145946714099,-0.4585310171663749,0.0016026151001768691,-0.1914684658752519,0.7661541152233374
13733.0,1.0048872215498614,-0.5571872395918231,-0.4656276193982582,-0.25852268535940026,-0.32196403698294906,-0.18652068659860682
13734.0,1.1417379231273606,0.07394609082159041,1.4222398946022696,-0.3243496716804167,-0.4437267787202448,2.429970980945174
13735.0,-0.7670473650770303,1.3460575542855853,1.6970243144377353,1.3962497764361157,1.7512570039357047,1.3473625357419194
13736.0,-1.7074462772723475,0.654643185938614,0.7847585925855816,0.7483380110253343,1.6630602767751295,0.46935639669226653
13737.0,0.5445962994855142,-1.058145946714099,-0.7248019992964118,-0.9036346224583335,-0.2941514393624997,0.26393611663934097
13738.0,0.9811023498659778,-1.058145946714099,-0.5371287499196221,-0.47709271037340434,0.5979759564957379,0.6179096624451582
13739.0,-0.9682038613741811,-0.5571872395918231,-0.8327856209314033,-1.2275467185765694,-1.4880589811139169,-0.8771777959532947
13740.0,0.6636473034612838,0.2992073267345332,0.38943757702634907,0.45353386099523824,0.5505411819726732,0.18149444449689894
13741.0,-0.10496702096475002,-0.20175138038774237,-0.23788435035177752,-0.5400531812013325,-0.16768729188131876,-0.3067747198825236
13742.0,-1.0028785328055105,1.2544959545938104,0.8739958197897473,0.5362851572919094,1.2663243691962696,-0.0930727403801635
13743.0,-1.9674812683483254,0.654643185938614,0.2636028791802317,0.8369580181706596,-1.2818823689972492,-0.5104872282218972
13744.0,0.07068473629108864,-0.5571872395918231,0.15661894726529457,0.6055829745634238,0.2031181655606824,0.9855003660019244
13745.0,0.4102035851912229,-0.5571872395918231,-0.12924589700064315,0.5490231088078554,0.07416420415895746,0.4468972601247905
13746.0,1.0095401454577722,-1.058145946714099,-1.1936691308251455,-1.1703175140161766,-1.1954453334565955,-0.6204017504256607
13747.0,0.9445402369244065,-0.5571872395918231,-0.9464918565975323,-1.29969799342043,-1.7640984679528429,-1.0908515591326946
13748.0,0.07733065274709057,0.9303406571479473,0.6418317172883496,0.5268637473001856,-0.037881416532715165,-0.13994827682848648
13750.0,-0.28654302333393833,1.15560189306089,0.9749787541393311,0.6663543170053218,0.15710275654239486,0.21465367144275432
13751.0,0.777475447277631,-1.058145946714099,-0.8229001164579275,-0.7759341463654605,-1.1954453334565955,0.07891167397718561
13752.0,0.2399724924575698,0.654643185938614,0.3862575211963878,0.4640576205268311,0.46843340743959727,-0.28009307586035026
13753.0,0.777475447277631,0.07394609082159041,0.5844236067168829,0.7036553639726696,0.34016817678249833,0.8510882831138701
13754.0,0.3695998250074675,-0.20175138038774237,-0.5272181909431338,-0.2988863263835296,-0.7601216003714991,-0.8504930976218881
13755.0,-1.8243736859341724,0.9303406571479473,0.6070286144425638,0.613428645391542,1.3875239442341725,-0.20535473898527354
13756.0,-2.1519790306632065,2.0119964593872464,1.6511186507559419,1.5730925072773503,0.9870131210634252,0.48692122872284793
13757.0,1.322452044975983,-1.058145946714099,-1.1209782923301217,-1.448851553929116,-1.2818823689972492,-0.4832983862801269
13758.0,-1.2115801184678894,1.5110377522649707,1.6673274265641325,1.5263922942688857,1.3177393102307873,1.0972172507075304
13759.0,-0.5950029105353472,-0.5571872395918231,-0.24765973680444073,-0.3599108152129162,-0.4437267787202448,0.22386643106703957
13760.0,-0.28654302333393833,0.2992073267345332,0.2753360273906753,0.14863236395105792,0.6600894093898906,-0.033132504230197764
13761.0,-0.3349679194593694,0.48966298795922886,0.5337140977646171,0.5094356767321276,0.8362895757000253,0.2058980639077383
13762.0,0.6025224834477799,0.2992073267345332,0.7038982932346968,1.089549468076269,-0.47721685960260357,0.7734038412585006
13763.0,-0.18935025478488945,-0.20175138038774237,1.2418732856640644,1.2289639078200407,0.14117229372259663,2.4806863592348876
13764.0,-0.1138130260237924,0.48966298795922886,0.8318915851407925,0.946804515415001,1.583861231680227,0.767118940958208
13765.0,1.3012333360775918,-1.058145946714099,-0.6973601059920985,-0.33746082221933615,-0.7132292345010023,0.31569471467507154
13766.0,1.1238867651285056,-1.058145946714099,-1.140299297248564,-0.8438005790920419,-0.7601216003714991,-0.5197400456120959
13767.0,-2.1519790306632065,3.4032016091410844,2.62433368348213,2.250225690388988,0.8293663864529791,0.7522860402940285
13768.0,1.369979354952335,-0.5571872395918231,-0.04329092063818332,-0.18805141382691998,-0.2672508963742018,0.6088222241613596
13769.0,-2.1519790306632065,1.8470162614078611,1.3181871336833206,1.080921832052092,0.8567153541898691,0.05012803587766979
13770.0,1.0217853899940603,0.07394609082159041,-0.12186826429544,-0.03917827154410035,0.10835219495760728,-0.47782935121692865
13771.0,-0.1794070292720186,0.9303406571479473,1.309238376539376,1.2116055145908227,1.189356113787718,1.1159716830063753
13772.0,-0.5764124726865254,0.8001660338568091,0.870120190158046,0.7063694844904232,1.820566213675165,0.4489796191928084
13773.0,0.982715747443508,-0.5571872395918231,-0.8101888786933937,-0.6875706191280061,-0.6267921989603487,-0.8347003429054851
13774.0,-0.022632943738098474,-1.058145946714099,-0.7134670640063235,-0.6231769669374269,-0.5121324717856456,0.2853151211028735
13775.0,1.2373568867177072,-1.058145946714099,0.08692100720521437,-0.05766678012257356,0.32744864979204164,1.7949399852123875
13776.0,1.0308182885991817,-0.5571872395918231,-0.28739411186166436,-3.361978192741088,-2.515817022689194,0.14903927085765767
13777.0,-2.4120140217391843,3.184600854015305,2.9580940244596916,2.6202671913142765,0.038489320235348796,1.624568138201227
13778.0,0.12201814170468762,0.07394609082159041,0.13649778636728707,0.01851823032817396,-0.1914684658752519,0.007921773449006183
13779.0,1.1504805636606206,-1.058145946714099,-1.2597057119643915,-1.4609201666402376,-0.3507527121214226,-0.7449544123333911
13780.0,-1.5229485149574664,-0.20175138038774237,-0.16876719847209437,-0.021195296045016156,0.6162076636214244,-0.1767820670614295
13781.0,0.6896154338329958,-0.20175138038774237,-0.12788627814039247,-0.3308725774292323,0.23242103254119895,-0.09987883577597831
13782.0,-1.1640528084915374,1.3460575542855853,0.4727485494709597,0.1754818445108397,1.211470473151452,-0.9543673300672619
13783.0,1.1147713296580601,0.07394609082159041,0.36389421848797515,1.271029737432418,-1.7640984679528429,0.43583970075045275
13784.0,-1.3187161125298095,1.4312993642702228,0.8213186646021764,1.1425635791357187,-0.9194058466176699,-0.4006470337056695
13785.0,1.0323114794921844,0.07394609082159041,-0.38806698723608507,-0.7802470860088049,-0.3805884749031534,-0.977604680604699
13786.0,0.932455689893557,0.48966298795922886,0.9246138521828483,0.7893819514273717,0.5207054191909427,0.9417266110482287
13787.0,-0.07075489928216207,0.48966298795922886,0.19666523072236083,0.4581587384859318,0.4240770344914922,-0.4277471523767658
13788.0,1.1366880923212137,-1.058145946714099,-3.8035824913276346,-3.628661084298931,-2.515817022689194,-5.543001479107597
13789.0,0.9680469331528011,-1.058145946714099,-0.9756801192193193,-0.42971632910462676,-0.6688728615528973,-0.20924915600395028
13790.0,-1.8243736859341724,-1.058145946714099,-0.7055961780526018,0.26872471932128983,0.05652066271060163,0.30016052618284045
13791.0,0.26017338137229135,-0.5571872395918231,0.3516065203891052,0.57928136653745,-1.3785107536966998,1.3529913856966926
13792.0,-0.15997144498132296,-0.20175138038774237,-0.6365980190289238,-0.7589597607014165,-0.47721685960260357,-1.055806477624077
13793.0,1.2953224629098814,-1.058145946714099,-1.6298654125339962,-1.473214373913271,-1.3785107536966998,-1.4431186001446308
13794.0,1.1878264771467721,-1.058145946714099,-1.4355125742499035,-1.3491740126569907,-1.1954453334565955,-1.0765465738526776
13795.0,0.9680469331528011,0.07394609082159041,-0.07664743375087679,0.606108940955952,-0.47721685960260357,-0.39285183850500954
13796.0,1.1290379992392874,-1.058145946714099,-0.8389561771986145,-0.5400531812013325,-0.5121324717856456,0.04862807857439071
13797.0,1.0441334768929462,-0.20175138038774237,0.17085366871126198,0.09369887180446144,0.4240770344914922,0.46239894528636133
13798.0,-2.4120140217391843,3.904160316263359,3.1704682833579128,3.0097380258783284,1.124063132285242,1.224292216785755
13799.0,0.20301349020923423,0.9303406571479473,0.7944222059514529,0.7428091247957953,0.34016817678249833,0.14694366261757988
13800.0,0.8245270555146574,-0.20175138038774237,0.42538976220612484,0.383646423837706,0.44655496268773315,0.9417993123406726
13801.0,-0.15047015714448805,-1.058145946714099,-0.7568144022492292,-0.7105166998701326,-0.47721685960260357,0.20355700656050824
13802.0,0.3126530340951926,1.7867352234743035,2.406245577672017,2.2006592801150227,1.3138967127742598,2.1685338567028225
13803.0,0.6997152519968288,-0.20175138038774237,0.26215766835627075,0.33784688672160296,0.44655496268773315,0.6343352872004733
13804.0,-0.6338830081757483,0.9303406571479473,0.8916094436784174,0.8577241260479385,1.0262202498700983,0.32976223293526374
13805.0,-0.31029852425924354,-0.5571872395918231,-0.004400946318357785,0.8813236069440135,-1.1172535236719159,0.6820918985133457
13806.0,-0.1794070292720186,-1.058145946714099,-0.9266799023059377,-1.4253590231077382,-1.1172535236719159,-0.11682905573030417
13807.0,0.932455689893557,-0.20175138038774237,-0.39833569195208046,-0.7759341463654605,-0.4437267787202448,-0.60839526839111
13808.0,-1.608585561882396,0.2992073267345332,0.45401367461052883,0.297923393566484,0.4126028186801636,0.30300168709275166
13809.0,0.8141325783983266,-0.20175138038774237,-0.2258539925124745,-0.37375808327557425,-0.47721685960260357,-0.2841510973310985
13810.0,-0.6752731880764764,-0.20175138038774237,0.3434905332572454,-0.305160341577133,-0.21595962957782017,0.7875222963694707
13811.0,0.49139896235014185,-0.20175138038774237,-0.09565740699329064,-1.29969799342043,-1.3785107536966998,-0.03924352419156757
13812.0,-0.44439436309454555,-0.20175138038774237,-0.3927091691068891,-0.2624493891945898,-0.1914684658752519,-0.597822305209068
13813.0,-0.4749394310824503,0.8001660338568091,0.7845658676937182,0.6278281151785982,0.5602500888610992,0.2879983087348455
13814.0,0.050323496031906285,-0.20175138038774237,0.6383207908066182,0.5869040455194251,0.23242103254119895,1.342998586609929
13815.0,-0.8456753236698794,0.8001660338568091,1.5009974044117118,1.5658006261727826,1.2784785627150907,1.6371086185027406
13816.0,-0.7922005967383016,-0.5571872395918231,-0.3503811703195256,-0.4023591519246488,-0.4115503779538524,0.030436673874287855
13817.0,-0.6752731880764764,-0.5571872395918231,-0.6384160667930847,-0.5614195452564948,-0.586765087019821,-0.5116668688751353
13818.0,1.0338012018782479,-1.058145946714099,-1.9491390779538007,-1.3807506813715704,-1.614523128595098,-2.045305815458255
13819.0,0.8078140524230828,0.48966298795922886,0.7517608014003977,1.0094920163536385,0.09143627489364367,0.6162530496745835
13820.0,1.0156919930971386,-0.20175138038774237,-0.24630800423943877,-0.3599108152129162,0.3891614223084505,-0.32261510679763905
13821.0,0.3395657324261091,0.48966298795922886,0.29978232685628525,-0.018471810005313997,1.074023657541187,-0.23399408117402853
13822.0,-1.608585561882396,-0.5571872395918231,-0.2782059921415466,0.13586068229131587,0.6162076636214244,0.1663416229163082
13823.0,-0.9353081791524545,0.654643185938614,0.9340970618599523,0.7534006731384558,0.7642790739473241,0.7504755773568663
13824.0,-0.5950029105353472,1.2544959545938104,0.9150758949647828,0.7000190260920628,0.27450169513374717,-0.01585456033206132
13825.0,1.270090050410331,-0.5571872395918231,-0.9288950862381177,-0.6581703754853391,-0.07890961835600385,-1.0577924327056925
13826.0,0.46304848128521175,-1.058145946714099,-1.1435073904560347,-1.178194505634738,-1.1172535236719159,-0.5257908820083054
13827.0,-0.2415192631816249,-0.20175138038774237,-0.5858284873895236,-0.8250072737432935,0.5505411819726732,-0.9605272287307945
13828.0,-0.8456753236698794,-1.058145946714099,-1.0716023165883894,-0.30726505037733026,-0.8098576192004525,-0.39016956121335916
13829.0,1.0202674598207486,-1.058145946714099,-1.586616845392446,-2.397537599248726,-2.515817022689194,-1.361546779371282
13830.0,1.2275321383409903,-1.058145946714099,-1.2789839335101303,-1.5383885354275355,-1.0458699940988507,-0.7813153772553277
13831.0,-1.0395356639262063,1.7233615276208618,1.4560457647557963,1.0765651997352166,0.8567153541898691,0.4521845294527155
13832.0,-0.9353081791524545,-0.5571872395918231,-0.29935709216144346,-0.10707519171773172,0.2031181655606824,0.12651204613472852
13833.0,0.3982900810201226,-0.5571872395918231,-0.20328183510022965,-0.4662657837754595,0.020052745320578196,0.3074455698313695
13834.0,1.22200820066849,-0.5571872395918231,-0.7581648437453701,-0.5311044589581426,-0.8098576192004525,-0.7368888764452151
13835.0,-0.7670473650770303,0.654643185938614,0.11754259212360134,0.029979291768293403,0.28806221969362183,-0.7846158636527061
13836.0,0.9859304168251346,-0.5571872395918231,-0.2915684586721062,-0.3926866108572838,-0.2941514393624997,0.14117858194527916
13837.0,0.5817849890277144,-0.5571872395918231,-0.8862326926583973,-0.6545860563214968,-0.7132292345010023,-0.977629550864436
13838.0,-1.608585561882396,1.0480979277381186,0.5388314618730551,0.30792694668854886,1.670575380230482,-0.47599517070772596
13839.0,1.1121429440166524,-1.058145946714099,-1.3605839008349099,-1.9416401849203377,-1.3785107536966998,-0.9352223931326972
13840.0,1.0126234456218501,-1.058145946714099,-0.25645312323303066,-0.21497417397441176,-0.037881416532715165,1.147296493703433
13841.0,0.6946852246521797,-1.058145946714099,-1.7165986583868813,-1.0490970995891926,-2.515817022689194,-1.6067075755353364
13842.0,-0.23074043468561758,1.7233615276208618,1.296690649386634,1.1545476138310609,1.3215639934150147,0.15243414813630632
13843.0,0.9564012788108172,-1.058145946714099,-0.7680712870989569,-0.8067360727591756,-0.6688728615528973,0.18232521429273574
13844.0,-1.2629135238814884,-1.058145946714099,-0.6796592261848551,-0.609684782260171,-0.586765087019821,0.3490806298764069
13845.0,-0.1696156146721137,-1.058145946714099,-0.7834434947565135,-0.6581703754853391,-1.1954453334565955,0.1533314452314663
13846.0,-0.7670473650770303,0.07394609082159041,0.24522416058781685,0.22983779358069165,0.5307717179635321,0.21248622106332948
13847.0,1.3637829280157905,-1.058145946714099,-0.7886490169503138,-1.0756752990814846,-0.6267921989603487,0.14351322577382306
13848.0,0.050323496031906285,0.8001660338568091,0.9194611555640756,1.9863642994489341,-1.9471638881929467,0.5418407324733464
13849.0,-0.31029852425924354,0.2992073267345332,0.9479019306018311,0.8754153738415913,1.2201519621759485,1.232992579455217
13850.0,0.2651257241188405,-1.058145946714099,0.38840469470826045,0.42160928381509843,0.6428173386552047,2.36357323594175
13851.0,0.07733065274709057,0.8001660338568091,1.1521437447326877,1.0682853618148216,0.7865535568710715,0.9799215472071452
13852.0,1.2586653317891858,-1.058145946714099,-1.1516863104579458,-1.1548410131689795,-1.0458699940988507,-0.5412172750800537
13853.0,-0.2524823540546596,-1.058145946714099,0.11416265907412752,-0.305160341577133,-0.47721685960260357,1.8463209046437288
13854.0,-1.3798409325433134,2.6431297898006605,1.8570669008038914,1.3212871645824251,0.3014022381220454,0.15861990466286846
13855.0,1.131598183073706,0.07394609082159041,0.24662677277273634,0.09598659911547203,0.34016817678249833,0.21512566631674107
13856.0,0.43717017866052393,1.15560189306089,0.14764113609399812,0.5250821093562177,-0.1914684658752519,-1.3377291408099625
13857.0,0.9762376600515654,0.48966298795922886,0.052757285330486764,0.297923393566484,0.6935794902722501,-0.697952057577762
13858.0,-0.2524823540546596,-1.058145946714099,-1.0490893211136711,-1.2361445003371931,-1.0458699940988507,-0.34770743695559064
13859.0,0.8567005826867328,-0.5571872395918231,-0.4242690559120746,-0.7144200996877884,-0.16768729188131876,-0.10866866359408178
13860.0,-2.4120140217391843,0.2992073267345332,0.2103167723405536,0.1140074781407906,0.26071325195673184,-0.15539134459657683
13861.0,1.0323114794921844,-0.5571872395918231,-0.8809056851293,-0.5193591300769778,-0.5486003891756687,-0.9676188320379848
13862.0,-0.9682038613741811,0.9303406571479473,0.7278535676779381,0.8905995326117603,0.8010741670374462,0.02176157211970401
13863.0,0.6819348007287381,0.07394609082159041,0.20663768211507175,0.07037298973010923,0.27450169513374717,0.13987860825536685
13864.0,0.9663961595288088,-1.058145946714099,-0.24440462133464974,-0.6231769669374269,-2.515817022689194,1.1700213676680518
13865.0,-0.2415192631816249,0.07394609082159041,-0.4444867446276287,-0.5835033778764733,-0.3805884749031534,-1.0834113846674163
13866.0,-0.0876328522714647,-1.058145946714099,-1.3319187427136268,-1.4139201097638212,-1.3785107536966998,-0.8811565755749504
13867.0,-0.6338830081757483,-0.20175138038774237,0.06295422532983988,0.02108244776242612,0.15710275654239486,0.2592593383665943
13868.0,-1.5229485149574664,-0.5571872395918231,0.8880126938227266,0.903102182253235,-0.21595962957782017,2.3642456158771594
13869.0,0.23482125834678733,1.0480979277381186,1.5598106632871125,1.42714162170848,2.0188588295763243,1.444992954167583
13870.0,-2.1519790306632065,1.5110377522649707,1.3071300407043183,1.2733214503391352,1.0791672045283927,0.41915076379412164
13871.0,-0.8183807704906293,1.6565606001831652,1.539477041188061,1.2833487435752506,1.193826931703096,0.6867001340094606
13872.0,1.1639826455004636,-0.20175138038774237,-0.00832755389130175,-0.2507389147655574,0.15710275654239486,0.12509115921332234
13873.0,0.21911455007042469,0.8001660338568091,0.07951709192984395,-0.03359249751475335,0.21790042237482501,-1.0361222259215288
13874.0,0.9165761254464796,0.654643185938614,0.56863351436761,0.3634303015606991,0.07416420415895746,0.06274749071446406
13875.0,-0.28654302333393833,1.4312993642702228,1.183947957087433,1.1972100175711455,1.0791672045283927,0.28092258826273114
13876.0,-0.1794070292720186,-1.058145946714099,-1.4546544106267802,-1.709582179172762,-1.3785107536966998,-1.1126503005055597
13877.0,0.00755263702131852,-0.20175138038774237,-0.523000760982471,-0.02530178767071874,-0.47721685960260357,-0.8425737817759175
13878.0,-0.27498730170981883,0.07394609082159041,0.7040672434739359,0.43196730794482957,0.6428173386552047,1.0764528102424171
13879.0,1.2943319990854762,-1.058145946714099,-0.6152954223041192,-0.5835033778764733,-0.4115503779538524,0.4704782395883428
13880.0,-0.8741833591389503,1.6565606001831652,1.117741357065807,1.0847420999393502,1.0207326504320022,-0.10655527117759722
13881.0,-1.8243736859341724,2.7608870603908318,2.797243508342471,2.690594696392134,1.189356113787718,1.7962545984862985
13882.0,-1.9674812683483254,0.2992073267345332,0.1779485578812203,0.4278436521875796,0.2031181655606824,-0.21624190012401762
13883.0,-1.2629135238814884,1.5110377522649707,1.4068513395101025,1.2985675706859099,1.2663243691962696,0.6068072624792183
13884.0,-1.5229485149574664,1.0480979277381186,0.5098249683728666,0.31040424128878547,0.7642790739473241,-0.5304505550747979
13885.0,0.5085019812125491,-0.5571872395918231,-0.43701229591546714,-0.6581703754853391,-0.32196403698294906,-0.13265706970025828
13886.0,-0.1138130260237924,-1.058145946714099,-0.9634971068842216,-0.8984352203714877,-0.7601216003714991,-0.18627057973284605
13887.0,0.5572336581134208,-1.058145946714099,-0.7040528209460208,-0.7977873505159858,-0.6267921989603487,0.3030714769404747
13888.0,0.21911455007042469,0.654643185938614,0.6095900460536058,0.3924356985797981,0.8766449105123539,0.13977711741544493
13889.0,0.05718265445124563,0.48966298795922886,0.5479825057117239,0.4455290448813163,0.24668909751329784,0.23274189577028365
13890.0,-2.4120140217391843,1.4312993642702228,0.8255512103313949,0.6768247701431739,0.7017426726202728,-0.39269934697042286
13891.0,0.9513448121530387,-0.20175138038774237,-0.05356086999803875,-0.02393010638355865,0.6770053294538549,0.03996673763542767
13892.0,-0.7195200551006783,0.48966298795922886,0.22277789754103314,1.208457011982913,-0.1914684658752519,-0.37869250951250694
13893.0,0.799291332992275,-1.058145946714099,-0.08984897930535973,-0.630028288668433,-0.5486003891756687,1.4615312595416903
13894.0,-0.7922005967383016,-0.20175138038774237,-0.3593072730178584,-0.22234367335609284,-0.4115503779538524,-0.5350496348416638
13895.0,-0.6970151074455184,0.48966298795922886,1.0519775518972796,0.9344748505318453,1.0531207928583965,1.1816221185097198
13896.0,1.2741945456928903,-1.058145946714099,-0.6280382578875646,-0.7889587489815226,-0.5486003891756687,0.44644377164967125
13897.0,-0.3349679194593694,-0.20175138038774237,0.1593284612698218,0.3290930607988527,0.26071325195673184,0.44069812807028536
13898.0,0.8567005826867328,-0.5571872395918231,-0.21879601026872,0.05960024945199777,0.020052745320578196,0.27822608648427577
13899.0,-1.0395356639262063,-0.5571872395918231,-0.6280937542992829,-0.7589597607014165,-0.6267921989603487,-0.49224800072192115
13900.0,0.4879229365026979,0.48966298795922886,0.3951927280909555,0.41741996430909833,0.5207054191909427,-0.05463397043887394
13901.0,-0.10496702096475002,1.5110377522649707,1.3026079802408947,1.2529929157827497,1.5411968671369618,0.41064254762730285
13902.0,1.2803024508967262,0.2992073267345332,2.594418855895038,4.008112886109351,0.26071325195673184,4.337108498659846
13903.0,0.9875317290149478,-1.058145946714099,-1.2407566473560219,-1.0298453562635617,-1.1172535236719159,-0.7092142756255668
13904.0,-0.5236711079833221,-0.5571872395918231,-0.7396795103631021,-0.26442156740029954,-0.4437267787202448,-0.7021289224989181
13905.0,1.3752433396257897,-1.058145946714099,-0.7842012525562411,-0.853402515152758,-0.9802035124500996,0.1519022260107075
13906.0,1.00176641150428,-1.058145946714099,-2.2160757739085937,-1.0490970995891926,-2.515817022689194,-2.548779427635683
13907.0,1.3383805896515117,-1.058145946714099,-1.3768706457653603,-1.29969799342043,-1.7640984679528429,-0.9659410857104118
13908.0,-0.03827579726269536,0.07394609082159041,0.673270151070948,0.7162265222834185,0.7336066022127771,1.018437789886125
13909.0,1.0232997359133336,-0.5571872395918231,-0.8466817873859548,-0.3265167937029618,-0.14457610000475504,-0.9032976299721454
13911.0,-0.2524823540546596,1.8470162614078611,1.0915709274595797,1.4463237207160877,1.1712251425483466,-0.37565784284459885
13912.0,1.024810514465536,-1.058145946714099,-1.44166519768381,-1.8475197636971112,-1.3785107536966998,-1.088151136251101
13913.0,1.139217978043039,-1.058145946714099,-2.212398417408409,-2.5074125686447046,-1.9471638881929467,-2.5418435061664004
13914.0,-1.2115801184678894,-0.5571872395918231,-0.28455184936900907,-0.17585491448525636,-0.32196403698294906,0.15439156096512957
13915.0,0.9778633268252847,-1.058145946714099,-1.8466389318238425,-1.967436469196142,-2.183176263091345,-1.8519786348839364
13916.0,1.0824965852277768,0.07394609082159041,0.22739793502607816,0.19932932457925942,0.43539298020353107,0.17894173860735763
13917.0,-0.3349679194593694,-0.5571872395918231,-0.8841182745990542,-0.5106857612406167,-0.7601216003714991,-0.9736560868760178
13918.0,-0.3349679194593694,-0.5571872395918231,0.19095329365138208,0.5455735155569927,-0.2672508963742018,1.0502043355634605
13919.0,-0.23074043468561758,0.07394609082159041,0.2737713126216184,0.5415259893141285,0.3526935049184267,0.2662087304015773
13920.0,1.0367703053241684,0.07394609082159041,0.4650630107186601,0.835475829512291,0.5307717179635321,0.6263103103186335
13921.0,0.9907224082272229,0.07394609082159041,-0.17379191984635087,-0.5645293427226981,-0.12209817180851448,-0.5753775151515714
13922.0,0.9057670179108388,-0.20175138038774237,-0.05219525820650351,-0.040582158819487145,-0.2672508963742018,0.04253650104050901
13923.0,-0.28654302333393833,-1.058145946714099,-0.7008122587902919,-0.6474754904320826,-0.586765087019821,0.3091835535442348
13924.0,-2.1519790306632065,0.48966298795922886,0.49064449901879886,0.7580074607249936,0.6162076636214244,0.1248775296405193
13925.0,0.05718265445124563,0.07394609082159041,-0.22739060852697338,-0.26639967697796235,-0.32196403698294906,-0.6760424004787755
13926.0,-0.8183807704906293,-1.058145946714099,-1.0240465065788518,-1.0235513279573643,-1.0458699940988507,-0.3004737801223236
13927.0,-0.07913835459246295,-0.5571872395918231,-0.19623725881670093,-0.04622786677865658,-0.10021972705664996,0.3207136602134288
13928.0,-1.2629135238814884,0.07394609082159041,-0.4995779466491095,-0.8830791702047491,-0.47721685960260357,-1.186679164973146
13929.0,0.43717017866052393,1.15560189306089,0.953033232701875,0.7542406744516176,-0.07890961835600385,0.17337818423357704
13930.0,-0.2415192631816249,-0.5571872395918231,-0.7295993202707513,-0.39029053921352713,-0.8098576192004525,-0.683172933362621
13931.0,0.07733065274709057,1.15560189306089,1.2473674394509346,1.280714846135641,1.2864824609043526,0.7272258097022495
13932.0,0.7928241333268481,-1.058145946714099,-0.7963649175543306,-1.2626334870875637,-0.7601216003714991,0.1289601410643148
13933.0,0.1579897300569208,-0.5571872395918231,-0.30512431632177855,-0.5803027830506975,-0.47721685960260357,0.11565212972340165
13934.0,0.7218745649366273,-1.058145946714099,-0.006349866091321635,-0.1588145588172647,-0.24120448470420522,1.6190202851442375
13935.0,1.2438240863831336,-0.20175138038774237,1.356464648988347,0.9930589487503655,0.37718466862099537,2.696742423400854
13936.0,0.47738036706216375,-0.20175138038774237,0.007229125077439235,0.18751366061567995,0.23242103254119895,0.15436993421355688
13937.0,0.43717017866052393,-0.5571872395918231,-0.0398807925110647,0.10954833605195877,0.2031181655606824,0.6152468132948995
13938.0,-0.5583457794146515,-1.058145946714099,-1.8380591528307826,-1.2809046880716817,-1.3785107536966998,-1.8357961751967473
13939.0,-0.8183807704906293,0.654643185938614,0.37265269921100674,0.7716373305603664,0.6251737972068488,-0.3056560755889218
13940.0,-1.0028785328055105,0.07394609082159041,-0.07420742215825553,0.024910126492420626,-0.05813906446410138,-0.3882660959218282
13941.0,-0.8456753236698794,1.5110377522649707,1.7872495336660699,1.571277101932689,0.0011923041824166546,1.3230949550280409
13942.0,1.1736268151912543,-1.058145946714099,-0.7675098588215494,0.4594741808020236,-2.515817022689194,0.18338413323152689
13943.0,1.2231168011153777,-1.058145946714099,-0.954769637430381,-1.0893783142783806,-0.8098576192004525,-0.16980955868298092
13944.0,1.3012333360775918,-1.058145946714099,-1.1033056913675279,-0.7716493042481812,-0.14457610000475504,-0.44996580826427324
13945.0,0.9794848831855826,-0.5571872395918231,-0.06144690809642811,-0.12122027320581107,0.12492635577600246,0.5746174219735785
13946.0,-0.04624267237073655,0.48966298795922886,0.5051379617799777,1.147198700072104,0.12492635577600246,0.15214053360878835
13947.0,-0.1696156146721137,-1.058145946714099,-1.671140777340239,-1.5808368721392683,-1.614523128595098,-1.5209687321341996
13948.0,0.9219131204530229,0.07394609082159041,-0.3798014146105074,-0.45561419974850736,-0.47721685960260357,-0.9620999459256666
13949.0,-1.9674812683483254,0.48966298795922886,0.6906203513574174,1.054870072558935,0.8766449105123539,0.5011622605703439
13950.0,-1.2629135238814884,0.07394609082159041,-0.15978688050766182,-0.28244244642561867,-0.1914684658752519,-0.5490692080101464
13951.0,0.46304848128521175,-0.20175138038774237,-0.23143321748942744,-0.0519224559342961,-0.07890961835600385,-0.29464321655220316
13952.0,0.5996007235020872,1.4312993642702228,1.889802214608499,1.6315694158561929,1.4083825184101708,1.6099584581968513
13953.0,-1.5229485149574664,1.2544959545938104,1.4156561699222152,1.5463286304198227,-1.2818823689972492,0.9260456931438203
13954.0,-2.1519790306632065,-0.5571872395918231,-0.5387774997790276,-0.7845884941066654,-0.4437267787202448,-0.32419294424904993
13955.0,0.3779288407609402,-0.20175138038774237,-0.3845224071719521,-0.39029053921352713,0.5407159979871611,-0.5824377786116137
13956.0,-1.7074462772723475,0.2992073267345332,0.07080297210412285,-0.007689258049055044,0.8700553726182927,-0.41760247614704527
13957.0,1.0156919930971386,-0.20175138038774237,-0.5094268245959611,-0.7547837407119178,-0.5486003891756687,-0.8170838202125871
13958.0,0.9547202157281579,0.8001660338568091,1.1680400370538269,0.9965528264951548,1.1432544882744613,1.0098588158736972
13959.0,-0.04624267237073655,0.48966298795922886,0.10488393686346942,0.22516314036460627,0.8499631098416093,-0.6001061443455858
13960.0,-0.8741833591389503,-0.5571872395918231,-1.0039159260320252,-0.8203916692661117,-1.0458699940988507,-1.1987116450744575
13961.0,0.9746078619728364,-1.058145946714099,-0.3935102733112455,-0.5164552801556334,-0.6267921989603487,0.8887907900278735
13962.0,-0.8456753236698794,-0.20175138038774237,-0.6773181544250941,-0.7424124492385259,-0.47721685960260357,-1.1322010478906566
13963.0,0.8203894592349804,1.6565606001831652,0.8460475774560905,0.9347939002294943,0.9088213112787457,-0.6167442316063633
13964.0,0.9663961595288088,-0.5571872395918231,-0.5404464113598234,-0.5106857612406167,-0.5121324717856456,-0.3273335741709824
13965.0,1.1001800545869456,-0.20175138038774237,0.049586067788501095,-0.10242696785706215,-0.47721685960260357,0.23409542391552113
13966.0,1.0411983450016138,-1.058145946714099,-0.6237778183154477,0.28946928052925563,-0.5486003891756687,0.45447945551533464
13967.0,0.34394339583208783,-0.5571872395918231,-1.2370862023627285,-1.3190441216122357,-1.7640984679528429,-1.6362635615196375
13968.0,1.0232997359133336,-1.058145946714099,-1.4490836836452543,-0.6875706191280061,-1.2818823689972492,-1.1021432624012217
13969.0,-1.5229485149574664,2.5129551665095216,1.9196493388929516,1.7213556543805106,1.9684089376959415,0.4229780084091208
13970.0,0.9647411258391285,-0.5571872395918231,-0.06787968470695159,-0.03777737444621675,-1.1172535236719159,0.5624986930544196
13971.0,-0.9353081791524545,1.4312993642702228,1.1616383420850442,1.1997734021947684,1.1982735174240835,0.23895912341055098
13972.0,-0.1138130260237924,-0.5571872395918231,-1.1406759795141204,-0.6404409748334174,-0.8098576192004525,-1.4554343565512684
13973.0,0.7752524807579259,-1.058145946714099,-0.9037547637312136,-0.9929541396007278,-1.0458699940988507,-0.07358958171718785
13974.0,-0.3476678433474425,-0.5571872395918231,-0.22795308692181313,-0.21864860218355642,0.020052745320578196,0.2609800252761939
13975.0,-0.6338830081757483,1.2544959545938104,1.2611387885084098,1.3598358598078293,1.899701546343745,0.6351453071984857
13976.0,0.5665508950955468,0.07394609082159041,0.1786916585962899,-0.06200818822043408,0.12492635577600246,0.0872988126302048
13977.0,1.0048872215498614,-1.058145946714099,-0.4187830021171123,-0.3243496716804167,-0.9194058466176699,0.8411234881758075
13978.0,-1.0784157615666075,-0.5571872395918231,-1.1164464748097604,-0.2988863263835296,-0.862804573858747,-1.4099684741696052
13979.0,-0.09624137345486956,0.654643185938614,0.9367970393810917,1.0057801019196297,1.7375834697941206,0.7555591061096424
13980.0,-0.22013977682524094,0.2992073267345332,-0.10865716346542544,-0.02667633558752202,0.24668909751329784,-0.7545953489010159
13981.0,1.0126234456218501,-1.058145946714099,-0.7429265035598621,-0.49367478877460497,-0.5121324717856456,0.22975119651134954
13982.0,-0.4907754257615954,0.9303406571479473,1.1265344268856454,1.1210512912508708,0.8700553726182927,0.7719175672949278
13983.0,-0.6542442484349309,1.9044924940644754,1.4646996980390852,1.3960916134105121,1.4083825184101708,0.25953006696646275
13984.0,-0.7195200551006783,1.2544959545938104,0.568440172705773,0.6903768710605444,0.18806465959309385,-0.66687643388929
13985.0,-1.8243736859341724,1.9594133665673954,1.7121109070109082,1.5090378667534263,1.0262202498700983,0.6619768429241556
13986.0,-1.0028785328055105,-1.058145946714099,-0.7664779722943267,-0.09475219070763317,-0.9802035124500996,0.18533039107127353
13987.0,0.9547202157281579,-0.5571872395918231,-0.22285380556024947,-0.006353783602812739,0.07416420415895746,0.2705837623548499
13988.0,-0.9040178174155593,0.8001660338568091,1.1754324556258813,1.2610056604006317,1.3366868742976272,1.0237811912494654
13989.0,-0.15997144498132296,0.2992073267345332,0.5604717204510539,0.9797890782215104,0.3014022381220454,0.5033678457890703
13990.0,0.5847888596192942,-1.058145946714099,-0.7873094952947223,-0.630028288668433,-0.7601216003714991,0.14603971919623632
13991.0,-1.2115801184678894,0.48966298795922886,-0.059914912627863255,0.4581587384859318,0.26071325195673184,-0.9093232552312146
13992.0,-0.6542442484349309,-0.20175138038774237,-1.0381238835954474,-0.7673921959311133,-1.1172535236719159,-1.8079018379360303
13993.0,-0.4296506057480915,1.7867352234743035,1.4301593970145428,0.9579841773015588,0.7791957222855813,0.33019591522648417
13994.0,-1.8243736859341724,0.48966298795922886,0.6559154809445685,0.4188193710897949,0.8634124775613803,0.4358426309828976
13995.0,-1.0784157615666075,1.4312993642702228,1.0325766742119526,1.0235765146943618,1.0096460890517032,-0.0037261040213780487
13996.0,0.9647411258391285,-0.5571872395918231,-0.027210535942041432,0.13800659264123738,-0.2941514393624997,0.6391175345334026
13997.0,1.1541912309005586,-0.20175138038774237,-0.6396745154586503,-0.8022464926048176,-0.12209817180851448,-1.061579051806406
13998.0,1.0586109584627579,-0.20175138038774237,-0.3566622381632803,-0.5835033778764733,-0.2672508963742018,-0.5300783378956198
13999.0,-1.3187161125298095,2.2876939305965793,1.6738230474217763,1.523140428953885,1.15268439735128,0.2154529642262098
14000.0,0.5787669825224744,0.2992073267345332,0.5676451692635144,0.8595148185202489,-0.32196403698294906,0.5168712892471388
14001.0,-0.3873500989396135,0.9303406571479473,1.1400996063084148,0.8719149880447642,0.28806221969362183,0.7974575512415631
14002.0,0.2893295474663386,-0.5571872395918231,-0.40518676005010507,0.37324158183139833,0.09143627489364367,-0.07274582713809376
14003.0,1.3752433396257897,-1.058145946714099,-1.0718762412892795,-0.7889587489815226,-0.7601216003714991,-0.39068621501447237
14004.0,-0.4296506057480915,1.15560189306089,1.3729447242869794,1.2687300115272098,0.8961017842882889,0.9636665100602705
14005.0,-1.3187161125298095,0.2992073267345332,0.8124751168978941,1.055932197842322,0.18806465959309385,0.9778853713226258
14006.0,0.19755537046578467,0.654643185938614,0.618703747625623,0.971998215188,0.21790042237482501,0.15691951831852086
14007.0,1.1467483017274251,-1.058145946714099,-1.7644017923551978,-2.2210947581379226,-1.614523128595098,-1.696869838338296
14008.0,1.0367703053241684,-1.058145946714099,-0.433840616125107,-0.2763804593773598,-0.21595962957782017,0.8127230792763791
14009.0,0.5381829940526488,-0.20175138038774237,0.12058609080981116,0.42646333491537686,0.4240770344914922,0.3677545333368917
14010.0,1.2085533323744282,-0.5571872395918231,-0.5302804344230906,-0.6763909572414488,-0.586765087019821,-0.30820254509272904
14011.0,1.1041925298164252,-0.5571872395918231,-0.5101018386589985,0.17040289310445242,-0.21595962957782017,-0.2702273067377725
14012.0,0.7548912404987429,-1.058145946714099,-0.7480212100672574,-0.7424124492385259,-1.0458699940988507,0.22014198830905518
14013.0,0.16379361762110795,0.2992073267345332,0.1104747882521445,0.29201694390368005,0.23242103254119895,-0.34305919411890956
14014.0,-0.06247962061019341,-0.20175138038774237,0.5322516313294786,0.9163564532212999,0.47915765239960845,1.143130528778916
14015.0,-0.2983107883386734,-1.058145946714099,-0.0100752452183957,-0.17931661162787071,-0.586765087019821,1.61199378742301
14016.0,0.4102035851912229,1.15560189306089,1.8052341807883365,1.6062064565394432,1.7329745079127619,1.778036282872785
14017.0,1.2153160509140626,-1.058145946714099,-1.005382163670504,-1.2536847648443734,-0.862804573858747,-0.2652706616100025
14018.0,1.2933400032205151,-1.058145946714099,-0.6687530416704603,-0.5222758574236794,-0.9194058466176699,0.36965096057933045
14019.0,-0.37384801709977017,-0.20175138038774237,0.30531454392487883,0.48334700705972977,-0.10021972705664996,0.7156164054332457
14020.0,-1.0028785328055105,0.07394609082159041,0.21211182773224524,0.17446918697622335,0.32744864979204164,0.15017866860870974
14021.0,0.3820531327806657,0.654643185938614,0.4410909482180513,0.37399026823985,0.5602500888610992,-0.1770448903675268
14022.0,0.6197789110416514,-0.5571872395918231,-0.11568201579610268,0.20709013366430046,0.05652066271060163,0.4724477963675868
14023.0,-1.5229485149574664,-0.5571872395918231,-0.33494472197756775,-0.239233298826501,-0.2672508963742018,0.0595013950806357
14024.0,0.22962831338438636,-0.20175138038774237,-0.2627320201609314,-0.48257374991591023,-0.1914684658752519,-0.3534982844286823
14025.0,1.0838742983222271,0.8001660338568091,1.0607979490507293,0.8861496732211169,0.28806221969362183,0.8079113837115052
14026.0,1.092078996990952,-0.5571872395918231,-0.19132653238559957,-0.09934630209006924,0.020052745320578196,0.3299628643178452
14027.0,-0.2097114950440718,-1.058145946714099,-1.5671532284224898,-1.3595320367867216,-1.4880589811139169,-1.3248361371463506
14028.0,1.1913278063103443,-0.20175138038774237,1.7386263467776284,1.754556710966445,-1.9471638881929467,3.417360943303295
14029.0,-0.18935025478488945,-0.5571872395918231,-0.4948111526547438,-0.6030410799249616,-0.8098576192004525,-0.2414493578495949
14030.0,-0.9682038613741811,1.8470162614078611,1.5730754161103093,1.4259334083927324,2.152514366176474,0.5295544847509847
14031.0,-1.5229485149574664,2.7886526377188545,2.727287956113608,2.2180231291611294,1.5411968671369618,1.633226530486483
14032.0,-2.1519790306632065,1.5859404542672264,1.1893002642575592,1.3568203229670073,0.5105140700321456,0.11006377990140412
14033.0,1.197121207936731,-1.058145946714099,-1.536360229406061,0.09712748567873544,-2.515817022689194,-1.2667569645203323
14034.0,-0.8456753236698794,-0.20175138038774237,-0.2559893713189648,-0.1055221309281067,0.5407159979871611,-0.34081988980320665
14035.0,-0.6752731880764764,0.9303406571479473,0.8079505315001531,0.6894511553006836,0.4126028186801636,0.17238775397388165
14036.0,0.7707832975232035,-1.058145946714099,-0.2843221965401666,-0.4047996776888514,-0.07890961835600385,1.0947321845671665
14037.0,0.46304848128521175,0.48966298795922886,-0.076088250851674,0.11289552362606034,0.6685909679263046,-0.9396491125528141
14038.0,-0.054309762370586455,0.2992073267345332,0.8597900474850774,0.8112949671851132,0.6935794902722501,1.067006844030669
14039.0,-0.5950029105353472,-0.5571872395918231,-0.8967914137413378,-0.6231769669374269,-1.1172535236719159,-0.997471106012964
14040.0,-0.4594850640247002,2.5129551665095216,1.8797333597375983,1.5232708127265011,1.6878474509651678,0.347888223114068
14041.0,0.7266965816295208,-1.058145946714099,-1.353158185700383,-1.0893783142783806,-0.5486003891756687,-0.9212166319225034
14042.0,1.3682150479281203,-1.058145946714099,-0.5518720577746451,-0.6653981508446892,-0.5486003891756687,0.5901020714556101
14043.0,1.1186938201661045,-0.5571872395918231,-0.8037629078866803,-0.7716493042481812,-0.10021972705664996,-0.8226199679453639
14044.0,-0.7195200551006783,1.0480979277381186,0.8721713340519294,0.9552070263543861,2.0679229850860814,0.15042812349181428
14045.0,0.1579897300569208,1.5859404542672264,1.7995007278604052,1.460817937464632,-0.7601216003714991,1.258577553214842
14046.0,0.7685369722885271,-1.058145946714099,-1.287525349301179,-0.05049417971872512,-0.862804573858747,-0.7974254794877944
14047.0,-1.3798409325433134,1.4312993642702228,1.0949719353905318,0.7881871810010919,0.6251737972068488,0.1135843117822029
14048.0,0.8141325783983266,-0.20175138038774237,-0.15628929294628238,-0.040582158819487145,0.8896672959534744,-0.15331045012251326
14049.0,-1.0028785328055105,1.3460575542855853,1.9127788858520707,1.874840192406281,2.1271828940350566,1.753871183715821
14050.0,-0.6141483680629726,-0.5571872395918231,-0.15853234884009068,0.21476043562354646,0.12492635577600246,0.391731944164018
14051.0,-2.4120140217391843,2.579756093947218,2.292803448382646,1.6315694158561929,0.5407159979871611,1.0499902412053697
14052.0,-0.9040178174155593,-0.5571872395918231,-0.47487069226457507,-0.6404409748334174,0.8153422320095451,-0.20391831726545906
14053.0,0.2399724924575698,0.07394609082159041,-0.34958887429951996,-0.009027449637447236,-1.9471638881929467,-0.905418497589802
14054.0,-0.1696156146721137,-1.058145946714099,-1.656655222302231,-1.3595320367867216,-1.4880589811139169,-1.493647292894479
14055.0,0.14025610622843504,-0.20175138038774237,0.35395873643366715,0.2436656526890497,-0.1914684658752519,0.8072404427569536
14056.0,-2.4120140217391843,2.0119964593872464,1.5689089886986547,1.4141894413611957,1.6503800698286364,0.3322556707198879
14057.0,-0.7922005967383016,1.9594133665673954,1.5857431811779723,1.6885221160450836,1.428723884190206,0.4241772831724077
14058.0,1.0811159061179179,-0.5571872395918231,-0.49246251654219636,-0.5614195452564948,-0.47721685960260357,-0.23702897396588793
14059.0,0.7290940618003953,-1.058145946714099,-1.166177879910244,-0.8881581216111365,-1.2818823689972492,-0.5685500582036761
14060.0,-1.7074462772723475,2.3282062876889484,1.675097311569847,1.8363015836766794,0.7017426726202728,0.1719152998627299
14061.0,1.139217978043039,-0.20175138038774237,-0.010004628446305874,-0.8631467072838476,-0.7132292345010023,0.12193486705920774
14062.0,-1.3187161125298095,2.062432694683636,2.3880465637605264,2.135640259759351,0.9812559531764108,1.816986226897676
14063.0,1.045596020739638,0.9303406571479473,2.301620594158099,1.345643539607747,-0.2672508963742018,2.9863021827396055
14064.0,-0.6752731880764764,1.5110377522649707,0.9189036466834394,1.3669841673415206,0.921346639414674,-0.31071957246241266
14065.0,0.9696934685856777,-0.20175138038774237,-0.031029473498965992,0.10393155606934312,0.0011923041824166546,0.08236700079441038
14066.0,0.7290940618003953,-1.058145946714099,-1.2988859729553541,-1.5663808849782732,-1.3785107536966998,-0.8188529351895933
14067.0,-0.1794070292720186,-0.5571872395918231,-0.6541246483703089,-0.20950073651630105,0.15710275654239486,-0.5412172750800537
14068.0,0.8448238506952722,0.07394609082159041,0.3574585911162962,0.02108244776242612,0.6428173386552047,0.42372501831643805
14069.0,1.1492388881540097,-0.5571872395918231,-1.0044147358867452,-1.3916223493687232,-0.10021972705664996,-1.199648405610679
14070.0,1.331869618003757,-1.058145946714099,-0.7529541710055294,-1.147237218205978,-0.037881416532715165,0.21083785103621452
14071.0,-1.8243736859341724,0.8001660338568091,0.313979599613162,0.456180628908269,1.5144909376134899,-0.5964250334208805
14072.0,1.3148171310090697,-1.058145946714099,-0.6237962075961164,-1.3289348484300858,-0.6267921989603487,0.45444477119615334
14073.0,-0.6141483680629726,-1.058145946714099,-1.306007308887664,-0.8780391383485852,-0.9194058466176699,-0.8322846018720046
14074.0,1.271118639562384,-1.058145946714099,-1.038450757340041,-0.5106857612406167,-1.4880589811139169,-0.32764187005280476
14075.0,-1.7074462772723475,0.48966298795922886,0.44872376298644767,0.7233036147875206,0.27450169513374717,0.04603078271901323
14076.0,0.2651257241188405,-1.058145946714099,-1.4559954833628315,-1.186166978263674,0.020052745320578196,-1.115179719445872
14077.0,-0.4594850640247002,0.48966298795922886,-0.2977294526919762,-0.18279662471361577,0.020052745320578196,-1.354789983070183
14078.0,0.1158217147681432,0.9303406571479473,0.430972257367413,0.143340936064449,0.7567177940893411,-0.5360317029995585
14079.0,0.24508268044213674,-0.5571872395918231,-0.2934728555237782,-0.3265167937029618,-0.9194058466176699,0.1375924472635324
14080.0,-0.5950029105353472,0.2992073267345332,0.13083500576675555,-0.4047996776888514,0.457567115373851,-0.30479647260674375
14081.0,0.8078140524230828,1.0480979277381186,1.2626510291755788,1.3216415400968196,1.9561770787304198,0.8852838963307466
14082.0,0.9289607210324548,-0.5571872395918231,-0.5835467218193437,-0.4609184296153759,0.10835219495760728,-0.4084357754307346
14083.0,-1.8243736859341724,1.15560189306089,0.2980089450223895,0.43674578933872243,1.1289032233573464,-1.056339828131364
14084.0,1.1454993720263298,-1.058145946714099,-1.3085711931573485,-0.3178908216871508,-1.3785107536966998,-0.837120385389313
14085.0,-2.1519790306632065,2.442335020593583,1.7181333588381342,1.6964848145049893,1.9804610986224889,0.12371101564688948
14086.0,1.0811159061179179,-1.058145946714099,-2.2512755285362482,-3.628661084298931,-2.515817022689194,-2.6151702531711334
14087.0,-1.9674812683483254,-0.20175138038774237,-0.06816030773546111,0.2500204938045738,1.1573590143130723,0.012494702032841577
14088.0,-1.3187161125298095,1.5859404542672264,3.048598514598657,2.2519932369901383,1.9034648238468983,3.6130386614990875
14089.0,-0.2524823540546596,-1.058145946714099,-1.2602837338414845,-0.8582565662530369,-0.9194058466176699,-0.7460446287284683
14090.0,0.854736338582082,-1.058145946714099,-1.7932659093550376,-1.2626334870875637,-2.515817022689194,-1.7513109154492617
14091.0,1.3022132067018704,-0.5571872395918231,1.6759294420663071,1.2474641572337715,-0.9194058466176699,3.8500651896085922
14092.0,-1.4474112861963695,2.062432694683636,1.476860709134329,1.302591459947992,1.1289032233573464,0.10148007903968646
14093.0,-1.2115801184678894,-1.058145946714099,-0.5340048567872201,-0.1324362491901478,0.6600894093898906,0.6238016877202934
14094.0,1.0485111402989251,-1.058145946714099,-0.734128680220243,-0.6763909572414488,-0.0181119525235737,0.24634491316110946
14095.0,1.3664458738438814,-1.058145946714099,-3.93648079499012,-3.628661084298931,-2.515817022689194,-5.79366311541007
14096.0,-1.8243736859341724,1.6565606001831652,3.0611808666450537,2.296759656052814,2.675578380599917,3.55438950009752
14097.0,1.1055244621722873,-0.5571872395918231,-0.567212279488956,-0.22605962074769653,-0.05813906446410138,-0.37770046100977234
14098.0,-0.5236711079833221,-1.058145946714099,-1.323711776469787,-1.0235513279573643,-0.5486003891756687,-0.8656772840334683
14099.0,-1.0395356639262063,1.8470162614078611,1.3138628628529696,1.3141592602090886,1.520501170041236,0.041998663076390504
14100.0,0.30805570115501285,-1.058145946714099,-1.1233652765611495,-1.3389765845331374,-0.4437267787202448,-0.4878005157783119
14101.0,-0.0876328522714647,1.3460575542855853,1.7078612073287345,2.008053553676069,-0.6267921989603487,1.3677773995823346
14102.0,-1.7074462772723475,0.2992073267345332,0.2735596038450565,0.4333361345342196,-0.14457610000475504,-0.03647324099418756
14104.0,0.3820531327806657,0.2992073267345332,-0.13461689489037557,0.015943976792285198,0.8293663864529791,-0.803310685180283
14105.0,0.6583250720961007,0.2992073267345332,1.3412175186478899,1.2893297651945317,1.2663243691962696,1.974173103504268
14106.0,1.3787288112420826,-1.058145946714099,-1.0536495258420628,-1.967436469196142,-2.515817022689194,-0.3563085127224864
14107.0,-0.31029852425924354,1.15560189306089,1.1933040759696152,1.2809033318623366,0.7178293264081053,0.6254570083418058
14108.0,-0.6338830081757483,0.07394609082159041,0.08369028965613615,0.18651937329283408,0.12492635577600246,-0.09140460159231446
14109.0,-0.09624137345486956,-1.058145946714099,-1.339177322892367,-1.132288371569837,-1.1954453334565955,-0.8948471008464876
14110.0,-1.8243736859341724,2.442335020593583,1.8989825387035528,1.6179385637237353,1.1666290909919852,0.4638610467454603
14111.0,-1.1198059414673356,0.07394609082159041,-0.21206607774329256,-0.053353840479229184,-1.1172535236719159,-0.6472643158588615
14112.0,-0.8183807704906293,1.3460575542855853,1.322418931879075,1.2902594062522048,1.2622326247684965,0.6419444284097143
14113.0,-1.8243736859341724,1.5859404542672264,1.4630924105462946,1.2714122445317744,0.47915765239960845,0.6251426177587709
14114.0,0.7456300658619328,0.654643185938614,0.2755736090737411,0.17649294530766402,0.43539298020353107,-0.4880086668452915
14115.0,1.1328744525473045,-0.5571872395918231,-0.2889061086306481,0.015943976792285198,-0.5121324717856456,0.14619202985340937
14116.0,-0.9040178174155593,0.2992073267345332,0.285351782773026,0.23169839153661606,0.3014022381220454,-0.014296456127870909
14117.0,0.33515798175035244,-1.058145946714099,-1.6758763463502246,-1.2626334870875637,-1.9471638881929467,-1.5299005653040267
14118.0,1.0323114794921844,-1.058145946714099,-0.5091130798832219,-1.0689293841626601,-0.8098576192004525,0.6707504700394283
14119.0,0.9479515492166357,-0.5571872395918231,-1.1670762534783672,-0.6763909572414488,-1.0458699940988507,-1.5049645556497597
14121.0,-1.8243736859341724,0.07394609082159041,0.7883795147151064,0.9414584396228463,1.0207326504320022,1.2352937799327353
14122.0,0.9970565357545049,-0.20175138038774237,-0.6780712289412262,-0.9637172845910725,-0.9802035124500996,-1.133613663941596
14123.0,1.3752433396257897,-1.058145946714099,-0.5449158318736779,-0.49367478877460497,-0.4437267787202448,0.6032223214420537
14124.0,-0.007362574730335169,-1.058145946714099,-0.5728102081600415,0.7757124423500487,-1.7640984679528429,0.5506102879481263
14125.0,-1.2629135238814884,-0.20175138038774237,0.7780139052484821,0.7845897922401581,1.0791672045283927,1.6062640811165716
14126.0,-1.4474112861963695,0.07394609082159041,0.1665740140285204,0.38069036969863373,-0.10021972705664996,0.06450132298918647
14127.0,0.23482125834678733,0.48966298795922886,0.5142353492780842,0.33547101078902963,0.6685909679263046,0.16925396796666917
14128.0,-0.2097114950440718,-0.20175138038774237,-0.004704631013841607,0.3242686802044462,0.14117229372259663,0.13190963612686077
14129.0,-2.1519790306632065,0.9303406571479473,0.7377192442971449,0.687131149583718,-0.037881416532715165,0.04031174430143235
14130.0,0.8428228344109817,0.07394609082159041,0.5076057883484273,0.6003000470540513,1.2201519621759485,0.7064195039688407
14131.0,1.2972988133147116,-1.058145946714099,-1.1496996253442044,-0.9412289080697872,0.05652066271060163,-0.5374701562101781
14132.0,-2.1519790306632065,1.15560189306089,0.9717416862189578,1.2576951409141885,0.7017426726202728,0.20856512109725028
14133.0,0.2700401175059993,0.07394609082159041,-0.014956691245887813,-0.1454931730396027,-0.1914684658752519,-0.27689411476344183
14134.0,0.9597502430728069,1.5110377522649707,1.7873175518896607,1.6166955549649984,0.9151078788768329,1.3232230840397377
14135.0,-2.1519790306632065,2.062432694683636,1.684485271099678,1.9294925471522277,0.9637379981128575,0.49200482954349367
14136.0,0.9891290528763733,0.2992073267345332,0.37718262066475683,0.5501689643917594,0.5793298571111467,0.15843835131675357
14137.0,1.342071680121387,-1.058145946714099,-0.7395499344660406,-0.04764689848078281,-1.0458699940988507,0.23611979799700264
14138.0,-2.1519790306632065,-0.5571872395918231,0.039233449142467784,0.13478509588839982,-0.037881416532715165,0.7643052504120482
14139.0,-0.3873500989396135,0.07394609082159041,0.11195352708204287,0.49090710108661284,0.10835219495760728,-0.038246369055725704
14140.0,-1.8243736859341724,-0.5571872395918231,0.0036889498366030845,0.32184315463270247,0.28806221969362183,0.6973340070882006
14141.0,-1.9674812683483254,0.07394609082159041,-0.011811454203783841,-0.22049354291306064,-0.3507527121214226,-0.27098123728510454
14142.0,0.942827752064887,-0.5571872395918231,0.039797462661630624,0.33784688672160296,0.0011923041824166546,0.7653679651642905
14143.0,0.2893295474663386,-1.058145946714099,-1.49601372610751,-1.8259532106467022,-1.3785107536966998,-1.190658773217739
14144.0,1.1121429440166524,-1.058145946714099,-2.438049448424981,-2.397537599248726,-2.515817022689194,-2.9674475591090297
14145.0,-0.37384801709977017,0.654643185938614,1.5128796451260265,0.7905745554509653,-1.0458699940988507,1.8408059646039856
14146.0,-1.3798409325433134,1.2544959545938104,1.6698723237692394,1.612838608431294,1.692716266781489,1.4048586686338564
14147.0,-0.054309762370586455,0.9303406571479473,0.7374022886209433,0.456180628908269,-0.4437267787202448,0.03971576867724288
14148.0,0.6448229902562577,-0.5571872395918231,-0.49692069553838636,-0.5252055769172435,-0.8098576192004525,-0.2454197166050599
14149.0,0.6083263710119671,-1.058145946714099,-0.5279100865778518,-0.5400531812013325,-0.32196403698294906,0.6352971322178222
14150.0,-0.540774126845729,-0.5571872395918231,-0.24850039707379856,-0.0010388380035462495,-0.47721685960260357,0.22228324683344963
14151.0,1.3205518207744387,-0.5571872395918231,-0.22611869264313722,-0.13405425969568574,0.038489320235348796,0.2644348222513607
14152.0,-0.07913835459246295,0.654643185938614,0.5501891216254675,0.8616572338959887,0.7336066022127771,0.028062044994551453
14153.0,1.108180056852143,-1.058145946714099,-0.9940730418354627,-0.305160341577133,-0.7132292345010023,-0.2439403443208159
14154.0,0.6583250720961007,0.8001660338568091,1.3958596726236945,1.228555892336233,1.4014884185366627,1.4390063286234671
14155.0,0.7266965816295208,-1.058145946714099,-1.4780398514333057,-1.9416401849203377,-1.4880589811139169,-1.1567579579900773
14156.0,-1.3187161125298095,4.332533059721831,4.194162802975293,3.8210504600204738,2.8857333527122617,2.678973541013736
14157.0,-0.9040178174155593,0.2992073267345332,0.05402905378084505,0.05475513775326972,0.46843340743959727,-0.4491159056541677
14158.0,-0.4749394310824503,-1.058145946714099,-0.43579294589006906,0.2970828555111235,-0.0181119525235737,0.8090407585845345
14159.0,-0.9040178174155593,1.8470162614078611,1.5442270232045638,1.699383809581338,2.298153848691797,0.4752704140093369
14160.0,1.2576165577225409,0.654643185938614,1.5868245649320165,1.471341696996224,0.5207054191909427,1.9801701188662708
14161.0,0.5937169648127165,0.654643185938614,0.9159707127037843,0.7777405689610907,1.274447139088575,0.7163480866695221
14162.0,0.4557606165093461,-0.5571872395918231,-0.8397994694629107,-0.8203916692661117,-0.4115503779538524,-0.8903615443354684
14163.0,0.014882147642767907,0.2992073267345332,0.7386304101009862,0.4257720884630957,0.0011923041824166546,0.8388093853834915
14164.0,-0.1138130260237924,-0.5571872395918231,0.40460128934691975,0.48080754082080884,-0.32196403698294906,1.4528821905396534
14165.0,0.7502773702473149,-1.058145946714099,-1.4555870665183122,-1.448851553929116,-0.47721685960260357,-1.1144093978411607
14166.0,1.1366880923212137,-0.5571872395918231,-0.9253652316617036,-1.1625337434223337,-0.05813906446410138,-1.0511605002129505
14167.0,-0.4907754257615954,0.8001660338568091,0.23897559657780798,-0.2297966815900328,0.10835219495760728,-0.7371701550090861
14168.0,1.0202674598207486,-0.5571872395918231,-0.6623226111657814,-0.7977873505159858,-1.0458699940988507,-0.5566383045750902
14169.0,1.035287471833904,-0.5571872395918231,-0.2868754548852811,-0.5707933990113551,0.14117229372259663,0.15001595597108563
14170.0,0.9462481612329638,-0.20175138038774237,-0.31879554978553787,-0.35309499319525317,0.8700553726182927,-0.4589016453728121
14171.0,0.09041937640386438,-0.5571872395918231,-0.44846948145171933,-0.5614195452564948,0.3014022381220454,-0.15422384189810626
14172.0,1.252346805813942,-0.20175138038774237,-0.6022919388095005,-1.132288371569837,-0.07890961835600385,-0.9914278662245177
14173.0,-1.2629135238814884,0.48966298795922886,-0.33257157694157663,-0.616396278646906,-0.2672508963742018,-1.4199643367592083
14174.0,-0.5950029105353472,-1.058145946714099,-1.3892122194055203,-1.0893783142783806,-0.3805884749031534,-0.9892187270191117
14175.0,-0.22013977682524094,0.8001660338568091,1.5203143840484818,1.1835858516147453,1.4049427101962726,1.6735090589818422
14176.0,0.7971428378544745,0.2992073267345332,-0.011119611761417856,-0.2763804593773598,-0.1914684658752519,-0.5714835071594138
14177.0,0.00755263702131852,1.3460575542855853,0.6293370594930966,0.4902804017168488,0.9812559531764108,-0.6607874931960548
14178.0,-1.3798409325433134,0.654643185938614,0.39980130242887235,0.7281253160395869,1.228742543886138,-0.2546429692170397
14179.0,-0.4594850640247002,-0.5571872395918231,-0.1846272160892728,-0.26838375371270823,0.9458378031172426,0.3425809651463339
14180.0,-1.2629135238814884,2.442335020593583,1.3799102966188999,0.37399026823985,0.8831819415705221,-0.511649752030582
14181.0,1.0048872215498614,-0.5571872395918231,-0.7890421077130009,-0.9194840867058315,0.10835219495760728,-0.7949445739205876
14182.0,1.0543019263585547,0.07394609082159041,-0.22683916931307108,-0.6875706191280061,0.0011923041824166546,-0.6750068937806112
14183.0,1.0048872215498614,-0.5571872395918231,-0.8474589235355057,-1.370055796318314,-0.3507527121214226,-0.9047583173863911
14184.0,-0.15047015714448805,-1.058145946714099,-0.5178864774100929,-0.8932765983286024,-0.4437267787202448,0.6542028233094698
14185.0,0.8664325630436192,-1.058145946714099,-1.1133200945876045,-2.804692648559184,-1.9471638881929467,-0.46885413586935865
14186.0,1.0293216130101532,0.2992073267345332,0.36787123817741757,0.747490432378652,0.46843340743959727,0.14092087086126423
14187.0,1.096142317017561,-1.058145946714099,-1.4500091525894192,-1.4985144522516916,-1.2818823689972492,-1.1038888043193533
14188.0,-0.6338830081757483,0.48966298795922886,0.5704624186286834,0.5581345402494097,-0.16768729188131876,0.27503711074203374
14189.0,-2.1519790306632065,1.5859404542672264,1.3199202585712024,1.46922206596803,1.2622326247684965,0.35573352885910803
14190.0,1.3138563440146453,-1.058145946714099,-1.7606510201466912,-3.361978192741088,-2.515817022689194,-1.6897954463161844
14191.0,-2.1519790306632065,1.5110377522649707,1.1844401190550973,1.3237637928834527,1.0152080971839796,0.18835987412644783
14192.0,0.9680469331528011,-1.058145946714099,-0.8290106915149313,-0.5400531812013325,-0.862804573858747,0.06738641970134773
14193.0,-0.14110757920304226,-0.20175138038774237,0.18937840787450932,0.17951695495102846,0.12492635577600246,0.49728040951245667
14194.0,-1.7074462772723475,2.5468070428147276,2.1604887653662037,1.9757698203668441,1.8959209264867094,0.8380340898847675
14195.0,0.5509461058021287,0.48966298795922886,0.7444314415594377,0.9607496513357084,-1.1172535236719159,0.6024552579836955
14196.0,0.14622196505218568,-1.058145946714099,-0.7334860011418182,-0.8203916692661117,-1.4880589811139169,0.24755708054756792
14197.0,1.0048872215498614,-1.058145946714099,-0.625268872627984,-0.8158082295413044,-0.586765087019821,0.4516671539020241
14198.0,-0.9682038613741811,0.9303406571479473,0.3766873266409113,0.14863236395105792,0.26071325195673184,-0.6379195209768741
14199.0,0.5996007235020872,0.07394609082159041,0.11519215346663186,-0.439953437536103,-0.8098576192004525,-0.03215470579864163
14200.0,1.264922212625839,-1.058145946714099,-0.6455449221711254,-0.8296554976039625,-0.5486003891756687,0.41342416948334115
14201.0,-0.22013977682524094,1.0480979277381186,0.17940383246888206,0.31778062819737996,0.09143627489364367,-1.1499199906535729
14202.0,0.9564012788108172,-0.20175138038774237,-0.06685166757732511,-0.7183468035229781,-0.3507527121214226,0.014957141652007785
14203.0,0.982715747443508,-1.058145946714099,-0.7253522804667971,-1.1942372750823944,-0.7601216003714991,0.26289822243908445
14204.0,-2.1519790306632065,0.07394609082159041,0.09598553451839194,-0.006353783602812739,1.207095033142026,-0.0682801042835989
14205.0,-1.0028785328055105,0.9303406571479473,0.6867164941002838,0.6527825854490907,0.5105140700321456,-0.05557872339514237
14206.0,0.6583250720961007,-0.20175138038774237,0.17423974354747074,0.4117923711423014,0.31452880707427483,0.46877469880406675
14207.0,1.3346681324029106,-1.058145946714099,-1.2746601340240196,-1.709582179172762,-2.183176263091345,-0.7731601892328772
14208.0,0.07068473629108864,-0.5571872395918231,-0.35621811293652467,0.04124405513070575,-0.16768729188131876,0.0194467906994435
14209.0,-1.2629135238814884,1.5110377522649707,1.2102340207497746,0.8231186251663872,0.9336836095984207,0.23687171642813762
14210.0,0.14025610622843504,1.5859404542672264,1.3257366657719432,1.0885403064838823,0.9927301689877395,0.3666758378111856
14211.0,-0.2983107883386734,1.7233615276208618,1.1194830470468526,1.0811772080750264,1.0583966506364906,-0.18065992095185127
14212.0,0.03638109477975766,-0.5571872395918231,0.6165594411774425,0.9299918277508209,-0.6688728615528973,1.8524478743687598
14213.0,0.9954788591929878,-1.058145946714099,0.17859503843556607,-0.4662657837754595,-1.614523128595098,1.9678478556770316
14214.0,-0.6338830081757483,0.2992073267345332,0.05517674664342053,0.27135385382335897,0.34016817678249833,-0.4469598086873899
14215.0,-1.2115801184678894,0.9303406571479473,0.9368181261272073,1.0026228057293627,1.1191943164689204,0.41482554566836466
14216.0,-1.9674812683483254,0.2992073267345332,0.6032497178948081,0.23632698867395574,0.3526935049184267,0.5838978324947356
14217.0,-2.1519790306632065,2.0119964593872464,0.9369362005034987,0.6092559370975342,0.8634124775613803,-0.8546327694770571
14218.0,-0.4296506057480915,-1.058145946714099,-1.2235178801187254,-0.7424124492385259,-0.9802035124500996,-0.6766999584036386
14219.0,-1.8243736859341724,-0.20175138038774237,-0.27612576625288743,-0.20587692052381437,-0.05813906446410138,-0.3786818384721609
14220.0,0.6793540117376464,0.07394609082159041,0.3511313517879109,-0.03917827154410035,-0.3805884749031534,0.41181457636111657
14221.0,-0.44439436309454555,1.6565606001831652,1.4021650882659102,1.338430861732213,1.114296432923324,0.42829134778502365
14222.0,0.4666615905535427,-1.058145946714099,-0.22218996056182763,0.1315477426479715,-0.0181119525235737,1.2119207980276867
14223.0,0.050323496031906285,-0.20175138038774237,0.045616845188559976,0.10730737668200685,0.14117229372259663,0.22662402900053769
14224.0,0.16379361762110795,0.9303406571479473,0.5134085590023959,0.36266949067331455,1.2201519621759485,-0.3812381666522028
14225.0,1.0411983450016138,0.07394609082159041,0.564357361148841,0.5615190465451568,0.4126028186801636,0.8132958769829254
14226.0,-0.6752731880764764,0.48966298795922886,0.8438102443337108,0.818186169281198,0.607142454731596,0.7895612459415621
14227.0,-0.7428435417295326,1.5110377522649707,1.385527448768937,1.3786197483926546,1.4353937831824446,0.5666748426413984
14228.0,1.045596020739638,-0.20175138038774237,-0.15936202522743362,-0.4246569123197467,-0.07890961835600385,-0.15909052725419578
14229.0,-0.31029852425924354,0.654643185938614,0.7384693731487881,0.41461218656028065,-0.0181119525235737,0.382244630988955
14230.0,1.042667590085983,-0.20175138038774237,0.037340413457523765,-0.4609184296153759,-0.3507527121214226,0.21104530312990766
14231.0,0.49139896235014185,0.07394609082159041,0.204351255680623,0.13478509588839982,0.36503047510217346,0.13557656252416742
14232.0,-0.4296506057480915,0.2992073267345332,0.5682538125569163,0.8953582578375047,0.5307717179635321,0.5180170236511263
14233.0,-0.3476678433474425,0.654643185938614,0.819841921982942,0.6118669803789536,0.0011923041824166546,0.5353878874980003
14234.0,-0.8456753236698794,0.07394609082159041,-0.13100703678653158,0.434702118283372,0.8634124775613803,-0.4950002136135844
14235.0,-0.07913835459246295,0.9303406571479473,1.1693789384426252,1.1846775048758158,0.7567177940893411,0.8525863889383639
14236.0,-0.030406677691591163,0.2992073267345332,0.45276810790029137,0.3226526574288026,-0.05813906446410138,0.3006577698768368
14237.0,0.942827752064887,-0.5571872395918231,-0.27804663686886677,-0.38552442459827896,-0.3805884749031534,0.16664171144795178
14238.0,0.8567005826867328,-0.20175138038774237,-0.5481371589960458,-0.6334808999499925,-0.9194058466176699,-0.8897708040423998
14239.0,-0.4296506057480915,1.9044924940644754,1.096348811540734,0.8193277158890873,0.6770053294538549,-0.43268083071393565
14240.0,-0.6542442484349309,-0.20175138038774237,0.21123506028403266,0.18152526472149003,0.07416420415895746,0.5384376532088677
14241.0,0.49139896235014185,-0.5571872395918231,-0.737393759435379,-0.47165696919616373,-0.9802035124500996,-0.6978305934917804
14242.0,0.6475462436000934,-0.5571872395918231,-0.8620020116424153,-0.9141583819899257,-0.9194058466176699,-0.9320921603628289
14243.0,-1.3798409325433134,1.6565606001831652,1.4966773483016502,1.3171980632664388,1.3980195209492263,0.6061433180433127
14244.0,1.309030698983018,-1.058145946714099,-0.6701833152752767,0.3242686802044462,-0.7601216003714991,0.36695329844021074
14245.0,0.6054309927359476,-0.5571872395918231,0.43132106046578744,0.44351252534934027,0.7567177940893411,1.503248500015281
14246.0,0.1695454516810397,-0.20175138038774237,0.33140394652897764,0.31614856547706294,0.24668909751329784,0.7647562005830653
14247.0,0.7548912404987429,0.2992073267345332,-0.13361027142084228,-0.17241134149447188,0.5407159979871611,-0.8014218489431874
14248.0,0.8408155551547154,-0.20175138038774237,0.07536837187120034,0.2176138931958927,-0.0181119525235737,0.28262826577343875
14249.0,1.0048872215498614,1.2544959545938104,1.2961210813897934,1.0583157271064823,1.1712251425483466,0.7009940611506521
14250.0,-1.5229485149574664,-0.20175138038774237,0.51573858530688,0.57928136653745,0.6514988276797011,1.1120172985877828
14251.0,-2.1519790306632065,0.2992073267345332,0.8137219177984952,0.798077907818942,-0.10021972705664996,0.9802337190079232
14252.0,0.9564012788108172,-1.058145946714099,-0.7010988095015158,-0.9811029912456316,-1.1172535236719159,0.30864308562117215
14253.0,1.1212955486788323,-0.5571872395918231,-0.6761306894638159,-1.132288371569837,-1.0458699940988507,-0.5826113463775324
14254.0,1.0382497182035755,-1.058145946714099,-0.31435321060858246,-0.4171400197733095,-0.47721685960260357,1.0380902040545394
14255.0,1.1866551065949535,-1.058145946714099,0.052483957384177785,-3.628661084298931,-2.515817022689194,1.7299877095272653
14256.0,0.7121203814881557,0.2992073267345332,0.704338063790747,0.563204791010395,0.7017426726202728,0.7742319608158332
14257.0,-0.1794070292720186,0.9303406571479473,1.3370695939170192,1.250629136279653,1.1191943164689204,1.168392796270175
14258.0,-1.3798409325433134,2.110890520920167,2.549873581721705,2.340932684381925,0.6770053294538549,2.066525697478928
14259.0,0.3262505441323444,-1.058145946714099,-1.4705569892011974,-1.29969799342043,-1.614523128595098,-1.1426444107164433
14260.0,1.092078996990952,-0.20175138038774237,-0.08706699932823438,0.05960024945199777,0.14117229372259663,-0.02308042198653758
14261.0,-0.3225146116861712,-0.5571872395918231,0.1610198425733635,-0.1324362491901478,0.17272976344709118,0.9937938216973083
14262.0,-1.4474112861963695,0.8001660338568091,0.7451553612298168,0.7865907701717123,0.5887058798168258,0.21385833724934378
14263.0,1.0232997359133336,-1.058145946714099,-0.7609623188467672,-0.6989435988405914,-0.7601216003714991,0.19573355409398485
14264.0,0.3820531327806657,0.48966298795922886,0.3522522472616454,0.07037298973010923,0.27450169513374717,-0.13536661630823482
14265.0,0.1579897300569208,0.07394609082159041,0.2804452018473468,0.23908859219422796,0.457567115373851,0.27876891626768524
14266.0,1.0308182885991817,-1.058145946714099,-2.240620581625838,-1.967436469196142,-2.515817022689194,-2.5950737857695456
14267.0,0.41412607569926796,-0.20175138038774237,0.35172051424469003,0.042483868766071,-0.4115503779538524,0.8030244445833318
14268.0,1.092078996990952,-1.058145946714099,-0.6932396403097684,-0.7977873505159858,-0.6267921989603487,0.3234663915272014
14269.0,1.0470552368386385,-1.058145946714099,-0.824161803846996,-0.9141583819899257,-0.7601216003714991,0.07653198502156675
14270.0,0.8683613620879451,-1.058145946714099,-0.45737691083964266,-0.6063545425438546,-0.2941514393624997,0.7683308938002892
14271.0,0.62261037347245,-0.5571872395918231,-1.0393340578049992,-0.7889587489815226,-0.07890961835600385,-1.265219530373917
14272.0,-0.0876328522714647,0.07394609082159041,-0.007357574136479526,0.5203073447292799,0.31452880707427483,-0.2626080368691292
14273.0,-0.3225146116861712,0.07394609082159041,-0.3652558030263991,-0.4146533591976824,-0.5121324717856456,-0.9348126450317351
14274.0,1.3328038136515803,-1.058145946714099,-0.9260642259522301,-0.6727062364625485,-0.8098576192004525,-0.1156678186189188
14275.0,0.9811023498659778,0.48966298795922886,0.17688997827182856,0.05231913149156605,-0.862804573858747,-0.4648916771175131
14276.0,0.09686491004341691,0.654643185938614,0.5872069693526077,0.683402034342131,0.46843340743959727,0.0976782613814803
14277.0,-1.0784157615666075,0.9303406571479473,2.1024549119096028,3.4170824559471793,1.6854021643347719,2.6108049280132097
14278.0,1.0033287148318906,-1.058145946714099,-1.0842422024300313,-0.8730374341016977,-0.9194058466176699,-0.4140098539817969
14279.0,1.1566531348790148,-0.5571872395918231,-1.134635200685342,-1.5522358034901937,-1.9471638881929467,-1.444099764187067
14280.0,0.5349521297947235,-1.058145946714099,-1.3914499226913102,-1.473214373913271,-1.2818823689972492,-0.9934392953162059
14281.0,1.0002002930243403,-1.058145946714099,-0.958827354361155,-1.5663808849782732,-1.3785107536966998,-0.1774628841016647
14282.0,-1.9674812683483254,2.110890520920167,1.5361628812806225,1.5775491994937048,0.7017426726202728,0.15768087292684244
14283.0,1.0811159061179179,0.07394609082159041,-0.2822700560826611,0.06680164554114096,-0.12209817180851448,-0.779078563095624
14284.0,-0.6338830081757483,-0.20175138038774237,0.24072844707918703,0.017232362980571646,0.27450169513374717,0.5939784297457009
14285.0,-0.8741833591389503,0.8001660338568091,0.9084519427771458,0.4285327260471559,0.10835219495760728,0.5211198912971947
14286.0,-0.7922005967383016,0.654643185938614,1.5917944483988733,1.8888975003983446,1.5114692286462774,1.9895372463199283
14287.0,-1.4474112861963695,-0.20175138038774237,-1.193912492245088,-0.42214172402019695,-1.1954453334565955,-2.098791978400141
14288.0,0.5847888596192942,-1.058145946714099,-0.5608818922907631,-0.6369517309004904,-0.7601216003714991,0.5731084771027414
14289.0,-1.3798409325433134,0.48966298795922886,-0.014861897144773113,-0.34859003764638075,-0.1914684658752519,-0.8248259393773971
14290.0,-1.2629135238814884,0.8001660338568091,1.1379446698950635,0.76835896395332,0.8499631098416093,0.9531814713316693
14291.0,-2.1519790306632065,2.0119964593872464,1.5411425519046813,1.6532144392924002,1.4186162443378565,0.280027532759542
14292.0,-1.4474112861963695,1.5859404542672264,1.6525844035854782,1.2694974806210635,0.8499631098416093,0.9818832101221624
14293.0,-1.9674812683483254,0.9303406571479473,0.904826074082332,0.8197077915649662,0.5979759564957379,0.35462891558905746
14294.0,0.9986303407132077,-1.058145946714099,-0.6528981717674737,-0.630028288668433,-0.47721685960260357,0.3995550866947288
14295.0,-0.4749394310824503,0.2992073267345332,0.6712489103365872,0.4782582316648913,0.36503047510217346,0.711925020495733
14296.0,1.0202674598207486,-0.5571872395918231,-0.5123354574472327,-0.30097102207113285,-0.3507527121214226,-0.27443099502856705
14297.0,-0.9682038613741811,0.07394609082159041,0.24386846013004473,0.3641902334058461,0.10835219495760728,0.20993506578690022
14298.0,-1.4474112861963695,3.5450086160813172,3.3033511900057175,3.489526778242954,2.8414714678791038,1.8734367325711054
14299.0,-1.4474112861963695,2.202452120611942,1.9783079166218895,1.8450718625421263,1.1044120596547777,0.8853044800498574
14300.0,-0.9353081791524545,-1.058145946714099,-2.196241682598501,-1.7848322627584738,-1.9471638881929467,-2.5113700277761724
14301.0,0.20301349020923423,0.07394609082159041,0.5483260405112481,0.8027731396947311,-0.10021972705664996,0.7831038854672746
14302.0,1.035287471833904,-0.20175138038774237,-0.16187617459717618,-0.33525739992806775,-0.4115503779538524,-0.16381981228821232
14303.0,0.9986303407132077,-0.5571872395918231,-0.8687131455992968,-0.5400531812013325,-0.5486003891756687,-0.9447051308845973
14304.0,0.6140782050718988,-0.20175138038774237,0.4446190177346365,0.29201694390368005,0.40096584261492885,0.978025379914159
14305.0,-0.1138130260237924,-0.20175138038774237,0.4984780207992138,0.515497663780386,0.6685909679263046,1.079496423123711
14306.0,-0.3225146116861712,0.48966298795922886,0.878669517611887,0.9360685536106192,0.020052745320578196,0.8552032104608145
14307.0,0.029294556390360493,1.0480979277381186,1.2213670961639136,1.2588654631781402,1.2864824609043526,0.8075516578865234
14308.0,1.1901628192527913,-0.5571872395918231,0.15078010341672962,-3.361978192741088,-2.515817022689194,0.9744971741144732
14309.0,-1.4474112861963695,1.15560189306089,1.009845332954247,1.0832166544805917,0.8831819415705221,0.2802384031732808
14310.0,1.0382497182035755,-1.058145946714099,-0.4581802070701443,-0.5049664126903386,-0.5121324717856456,0.7668157838099878
14311.0,0.6689257299564773,-0.5571872395918231,-0.4234469619381258,-0.4908819143496147,-0.24120448470420522,-0.1071210913497555
14312.0,-0.37384801709977017,1.15560189306089,0.8645634828587171,0.8827061002303325,1.0207326504320022,0.00702038495749547
14314.0,0.14622196505218568,-0.5571872395918231,-1.0052260390555285,-0.26442156740029954,-1.1172535236719159,-1.201172019883069
14315.0,-0.40114257027902034,0.8001660338568091,0.8892030938431866,0.6537613370267374,0.5505411819726732,0.4848925535850246
14316.0,1.0217853899940603,0.2992073267345332,0.2788652811182987,1.4473487786039971,-0.5486003891756687,-0.026495328956083853
14317.0,-0.1696156146721137,-1.058145946714099,-0.43449080516609273,-0.43737918400021425,-0.4437267787202448,0.8114967472282792
14318.0,1.0769559442965295,-1.058145946714099,-1.2736625220424402,-0.7759341463654605,-1.1954453334565955,-0.7712785771670625
14319.0,1.024810514465536,-1.058145946714099,-0.4541726509934122,-0.270373833714497,-0.3805884749031534,0.7743745000319704
14320.0,0.5665508950955468,0.2992073267345332,0.26636167212131434,0.2372488121448318,0.3891614223084505,-0.05000940211669053
14321.0,-1.2629135238814884,0.654643185938614,0.6256833946252077,1.2392836912486482,1.0944071422788821,0.17004827259406655
14322.0,1.0323114794921844,0.07394609082159041,-0.4849766778618064,-0.7506340680270399,-1.1172535236719159,-1.159314034702658
14323.0,0.19205039933619955,-0.5571872395918231,-0.30954561978847395,-0.2297966815900328,-0.21595962957782017,0.10732673273121508
14324.0,1.0033287148318906,-0.5571872395918231,-0.20302539077572251,-0.13893231126810912,-0.0181119525235737,0.3079285660585421
14325.0,1.214193871802146,-1.058145946714099,-0.9578619410587702,-0.2885608248606143,-0.6688728615528973,-0.17564200248455591
14326.0,0.6662919472041413,-0.20175138038774237,0.008239603048693554,0.09255201721779839,0.2031181655606824,0.1562717722393221
14327.0,0.41412607569926796,0.48966298795922886,0.5122806233030123,0.6298596872611718,0.6935794902722501,0.16557681210211816
14328.0,1.045596020739638,-1.058145946714099,-0.530441966178441,-3.628661084298931,-2.515817022689194,0.6305217132236393
14329.0,-1.0028785328055105,1.5110377522649707,1.7053463387678471,1.628688072678792,1.7213375318475266,1.1688216528554773
14330.0,1.2721455816534404,-1.058145946714099,-1.1025905688381357,-1.0298453562635617,-0.9194058466176699,-0.44861700411527916
14331.0,0.2399724924575698,-0.5571872395918231,-0.5025402592505733,-0.44513236932404693,-0.3507527121214226,-0.25599614442990776
14332.0,-0.8183807704906293,0.2992073267345332,0.5305120149802799,0.38511948366689464,0.09143627489364367,0.44697398936044075
14333.0,-0.14110757920304226,-1.058145946714099,-0.5803539516905255,-1.4026767430063911,-0.8098576192004525,0.5363819114746416
14334.0,-1.0028785328055105,1.2544959545938104,1.1056354341722168,1.1785407771560248,1.0207326504320022,0.3425181965384601
14335.0,-1.0395356639262063,-0.5571872395918231,-0.4938892063191535,-0.17758348562160425,0.21790042237482501,-0.23971416007898005
14336.0,-1.0028785328055105,0.07394609082159041,0.3971217532186842,0.8306355177128244,0.4897435161402434,0.49839184094412886
14338.0,0.4062569561281632,-0.20175138038774237,-0.0016812837902632604,0.1475774784982984,0.020052745320578196,0.13759974576013972
14339.0,0.6689257299564773,-0.5571872395918231,-0.2916844364547559,-0.05622598888090903,-0.5486003891756687,0.14096018588021428
14340.0,0.6025224834477799,-1.058145946714099,-1.3879366448149915,-1.4026767430063911,-1.4880589811139169,-0.9868128451885967
14341.0,-0.40114257027902034,1.7233615276208618,1.1300473104314488,1.1407003457684022,1.2026961322161416,-0.16081056758273424
14342.0,-0.8741833591389503,0.48966298795922886,-0.009212625570756512,0.031240502008641483,-0.3507527121214226,-0.8142286127833029
14343.0,1.0202674598207486,0.07394609082159041,0.1133499040453012,0.15701108794485863,1.2372441024225518,-0.035619876404544275
14344.0,0.2551824986059697,1.8470162614078611,0.9191802941502089,0.7961116255209985,0.9754580982530536,-0.6991672958464805
14345.0,-0.4907754257615954,-1.058145946714099,-1.5393678814677068,-1.4985144522516916,-1.4880589811139169,-1.2724297456350957
14346.0,0.22439297656561819,0.2992073267345332,0.6567277430974073,0.8736675095687282,0.8700553726182927,0.6845831473230125
14347.0,1.3787288112420826,-1.058145946714099,-1.7369941658240937,-1.5248267984910486,-1.4880589811139169,-1.6451758714167841
14348.0,0.7121203814881557,-1.058145946714099,-0.5901680528003423,-0.6545860563214968,-0.6688728615528973,0.5178713769137778
14349.0,-1.3187161125298095,-1.058145946714099,-1.394337218274193,-1.147237218205978,-0.24120448470420522,-0.9988850701331092
14350.0,0.7456300658619328,-0.20175138038774237,0.03160906697303094,0.05839231350401781,0.21790042237482501,0.2002574038659542
14351.0,0.42189980965276064,-1.058145946714099,-2.079131654021814,-2.397537599248726,-2.515817022689194,-2.290486912029164
14352.0,0.39022299102027264,0.07394609082159041,0.10674125728511097,0.05231913149156605,0.038489320235348796,-0.048050179719040964
14353.0,0.5907547184430448,-0.20175138038774237,-0.6506804897060932,-0.24113697870484116,-0.6688728615528973,-1.0822290249676318
14354.0,-1.608585561882396,-0.5571872395918231,-1.2487229318810815,-0.5645293427226981,-1.1954453334565955,-1.6580803213127586
14355.0,0.9307105862349311,-0.20175138038774237,0.062358383059793236,0.23355374097229537,0.24668909751329784,0.2581377188358986
14356.0,-0.03827579726269536,-0.5571872395918231,-0.20341522222495048,-0.3831542564881224,-0.1914684658752519,0.3071943439430905
14357.0,-0.4296506057480915,-1.058145946714099,-1.017919465269434,-0.7933582365477243,-0.05813906446410138,-0.2889174685819452
14358.0,0.9696934685856777,-0.5571872395918231,-0.6070554388451083,-0.2526762385191352,-0.5486003891756687,-0.45266743890921857
14359.0,-0.9353081791524545,-0.20175138038774237,-0.014135556359950925,-0.191578076103695,0.038489320235348796,0.11416043567197316
14360.0,-0.6141483680629726,0.07394609082159041,0.5959061284546554,0.5518840134438602,0.7336066022127771,0.8727149375977563
14361.0,1.2242234885320706,-1.058145946714099,-1.0539501139402505,-0.44773720812994533,-0.862804573858747,-0.3568754567877479
14362.0,-0.8456753236698794,-1.058145946714099,-1.2593946613565827,-1.0490970995891926,-0.10021972705664996,-0.7443677347598066
14363.0,0.9907224082272229,-0.5571872395918231,-1.0125376268448827,-1.017316959584883,-1.2818823689972492,-1.2149027290158179
14364.0,0.1579897300569208,0.8001660338568091,0.997650944277822,0.9041055706077213,0.3014022381220454,0.6890230856750204
14365.0,0.9794848831855826,-0.5571872395918231,-0.27516157978391914,0.07510481545414811,0.14117229372259663,0.1720747003299341
14366.0,1.1615487708569847,-1.058145946714099,-1.3810662509666332,-2.2210947581379226,-2.515817022689194,-0.973854484422416
14367.0,-1.4474112861963695,1.5859404542672264,1.6553335293447498,1.4391032323832311,1.5114692286462774,0.9870599811749996
14368.0,0.8448238506952722,-1.058145946714099,-1.28747915595153,-1.709582179172762,-1.2818823689972492,-0.7973383534651874
14369.0,1.2903547758033207,-0.5571872395918231,-0.4925544758528878,-0.43737918400021425,-0.4437267787202448,-0.2372020517811976
14370.0,1.0643116644325106,0.48966298795922886,0.16860986643045406,-0.40970806568360574,-0.10021972705664996,-0.48044323121146987
14371.0,0.7928241333268481,-1.058145946714099,-1.5971880837454104,-1.7461316338435953,-1.7640984679528429,-1.3814853627111197
14372.0,1.0528591244028263,-0.5571872395918231,-0.05646723237708598,-0.17931661162787071,-0.12209817180851448,0.5839987361949331
14373.0,0.9165761254464796,-1.058145946714099,-1.7911255781340631,-2.183500472526469,-1.7640984679528429,-1.7472740021757764
14374.0,1.180765944929144,-1.058145946714099,-1.5458176577854816,-2.0821123426729526,-1.3785107536966998,-1.2845947728855882
14375.0,0.4948562494227654,-0.20175138038774237,0.14191945040849707,0.18552358061389118,1.1620071460508272,0.40791982941503974
14376.0,1.329997134341211,-1.058145946714099,-1.0514490360738733,-1.4985144522516916,-0.7132292345010023,-0.35215813344178437
14377.0,0.5152174896819478,-0.5571872395918231,-0.29542893374147183,-0.5370567252723396,-1.0458699940988507,0.13390900824788085
14378.0,1.270090050410331,-1.058145946714099,-1.4064937172975303,-1.4139201097638212,-1.1954453334565955,-1.0218136392188204
14379.0,-0.41523819700049863,0.07394609082159041,0.22349322233393656,0.2372488121448318,0.6428173386552047,0.1715943073774968
14380.0,1.3290588383452664,-1.058145946714099,-2.107970536795234,-3.628661084298931,-2.515817022689194,-2.3448803944582504
14381.0,-0.31029852425924354,-0.5571872395918231,-0.2789577134609497,-0.060557865827245164,0.7336066022127771,0.1649260266943704
14382.0,-0.7428435417295326,-0.5571872395918231,0.21083670168674898,0.8085954344762845,1.3697273015336935,1.0876763039144215
14383.0,-0.5070123740010525,-0.20175138038774237,0.21135048538901385,0.32668529384340617,0.12492635577600246,0.5386550101991018
14384.0,1.131598183073706,-1.058145946714099,-1.9820442687011257,-1.8259532106467022,-1.9471638881929467,-2.1073688270111837
14385.0,-1.3798409325433134,-0.20175138038774237,-1.097320604778943,-0.74651041226979,-0.9194058466176699,-1.9185081435473206
14386.0,0.7971428378544745,-1.058145946714099,-1.3481661274857475,-1.448851553929116,-1.3785107536966998,-0.911801030322534
14387.0,-0.5950029105353472,-0.20175138038774237,0.46338912051426995,0.3282914507803025,0.8831819415705221,1.013387527295417
14388.0,-1.3187161125298095,1.5859404542672264,1.4221710856493666,1.4274433285664339,1.1982735174240835,0.5481278128577188
14389.0,-0.1696156146721137,0.2992073267345332,0.5134503005114672,0.6749334074054485,0.10835219495760728,0.414860462372425
14390.0,-1.3187161125298095,1.3460575542855853,1.3890394229615788,1.1615894179635753,1.253987399012523,0.7673520927594029
14391.0,1.22200820066849,-1.058145946714099,-1.3831732500046519,-0.7105166998701326,-0.862804573858747,-0.9778285293274493
14392.0,1.0367703053241684,-1.058145946714099,-0.899158956114114,-0.9637172845910725,-0.862804573858747,-0.0649213547670592
14393.0,0.5996007235020872,-1.058145946714099,-1.8758250241168148,-2.348795234230796,-1.614523128595098,-1.9070269947938647
14394.0,1.2085533323744282,-1.058145946714099,-1.646396950354697,-1.4026767430063911,-1.4880589811139169,-1.474299000545052
14395.0,-2.1519790306632065,1.8470162614078611,1.5683263600381983,1.3825068078547353,1.6503800698286364,0.5206178295621855
14396.0,-0.1696156146721137,0.654643185938614,0.5937708653344191,0.473773025222143,1.274447139088575,0.11002348109923864
14397.0,-1.9674812683483254,1.7867352234743035,0.7437040371906484,0.8778546066090467,-0.6688728615528973,-0.9588168963921951
14398.0,0.9891290528763733,-0.5571872395918231,-0.19671492715910602,-0.40724929295545936,0.14117229372259663,0.319813991122562
14399.0,0.9778633268252847,0.8001660338568091,0.5907878694495683,0.43810471738165846,0.8431548296299944,-0.07643151561819089
14400.0,0.3568999011193944,-0.20175138038774237,0.44772678727688037,0.8105248020633823,0.4240770344914922,0.9838802245806422
14401.0,-1.8243736859341724,1.9594133665673954,1.4323030841518127,1.679948351115749,1.1384985731749109,0.1355745690637284
14402.0,1.3002519660332574,-1.058145946714099,-0.8491916929454245,-0.47709271037340434,-1.2818823689972492,0.02932270706256913
14403.0,0.2700401175059993,0.48966298795922886,0.5067790117315504,0.25899363350878807,-0.586765087019821,0.15522753155850227
14404.0,-0.5764124726865254,1.3460575542855853,0.8185609509965854,0.7909716100593444,0.8700553726182927,-0.3055700641519519
14405.0,0.9663961595288088,-1.058145946714099,-1.1229975331708768,-1.0490970995891926,-2.183176263091345,-0.4871069090323652
14406.0,0.21379231870524154,-1.058145946714099,-1.2794405831816866,-1.2190598790341067,-1.2818823689972492,-0.7821766715738767
14407.0,0.14622196505218568,0.48966298795922886,0.605821255244971,0.6875958058650042,0.37718466862099537,0.3415700380199654
14408.0,-1.2629135238814884,1.15560189306089,1.069948298901769,1.0468489860906776,0.32744864979204164,0.3933127125442879
14409.0,-0.1138130260237924,0.9303406571479473,1.0051196762411725,1.0351787808658381,0.47915765239960845,0.5433631157077603
14410.0,0.050323496031906285,1.15560189306089,0.7541530331570971,0.6697039397937106,1.6164639213921022,-0.2005010814819373
14411.0,0.8265858861715248,-1.058145946714099,0.09601262499594583,-0.609684782260171,-0.862804573858747,1.8120878323199703
14412.0,-0.4296506057480915,-0.20175138038774237,0.3076307201500476,0.6936066541705707,0.46843340743959727,0.7199788596253622
14413.0,0.9236822945372614,0.07394609082159041,-0.13574635879685587,-0.3760945721938142,0.6428173386552047,-0.5039046081817168
14414.0,0.050323496031906285,0.8001660338568091,0.6822662033487848,1.1540907045116746,0.6935794902722501,0.09557240954088114
14415.0,-2.4120140217391843,2.0119964593872464,1.847456308260073,1.669906615012698,1.9201891572919485,0.8564640492540632
14416.0,-0.8456753236698794,-0.5571872395918231,-0.46093280131506886,-0.2763804593773598,-0.9194058466176699,-0.17768376288802565
14417.0,0.9680469331528011,-1.058145946714099,-0.3105688686692594,0.08678755491348292,0.7490861757345402,1.0452279124879582
14418.0,-1.8243736859341724,-0.20175138038774237,0.5281884528362935,0.8124485265667072,0.8082392174469527,1.1354747796401121
14419.0,-1.2629135238814884,0.654643185938614,0.218939372181538,0.07392504663772897,0.8362895757000253,-0.5943411949099946
14420.0,0.09686491004341691,0.07394609082159041,0.4078597654892208,0.5339424266269587,0.5698454386786636,0.5186077259411344
14421.0,-0.2524823540546596,0.48966298795922886,0.7029916941203435,0.6527825854490907,0.43539298020353107,0.5244485118988882
14422.0,-2.4120140217391843,1.7867352234743035,1.7299121964892965,1.6447067555192718,1.642676792037434,0.894338689808
14423.0,0.5996007235020872,-0.20175138038774237,-0.010648281556825075,-0.11175649930058781,-0.9802035124500996,0.12072350161833627
14424.0,-0.9682038613741811,-1.058145946714099,-0.7628556575473588,-1.5248267984910486,-2.515817022689194,0.19216249740111394
14425.0,1.0411983450016138,-0.20175138038774237,-0.2455025316069713,-0.27839492018275447,-0.14457610000475504,-0.3211004676721789
14426.0,-0.7922005967383016,1.6565606001831652,1.8254534261932034,1.740933824816563,1.9329652806783522,1.2251831410939147
14427.0,-0.3349679194593694,0.07394609082159041,0.22042823101428954,0.05231913149156605,0.020052745320578196,0.1658270312312877
14428.0,-1.5229485149574664,0.2992073267345332,0.2096981455931815,-0.0856591296733116,0.7642790739473241,-0.15655441381650675
14429.0,0.9938972919331752,-1.058145946714099,-0.4236837403013597,-0.36219854252392675,-0.5121324717856456,0.8318801267595983
14430.0,1.1454993720263298,-0.20175138038774237,0.19572227724506897,-0.070777930661493,-0.2941514393624997,0.5092260450812967
14431.0,0.8099271521892553,0.07394609082159041,0.7440457882681344,0.5803757443919417,0.43539298020353107,1.1517681502667136
14432.0,-1.3187161125298095,0.48966298795922886,0.6377430176966087,0.9376584043697592,1.4679533363137638,0.4016420889923779
14433.0,1.0852490581173193,-1.058145946714099,-0.8392041019069265,-0.8582565662530369,0.43539298020353107,0.04816046377907222
14434.0,-0.8456753236698794,0.48966298795922886,0.2801567705448543,-0.1969037808196001,-1.9471638881929467,-0.2708777318564944
14435.0,1.1328744525473045,-1.058145946714099,-1.6725581831995842,-0.3714298651318708,-1.9471638881929467,-1.5236421242108247
14436.0,0.09686491004341691,-0.5571872395918231,-0.8850161442999462,-0.33746082221933615,-1.0458699940988507,-0.9753433898726004
14437.0,0.9307105862349311,0.2992073267345332,0.021774187970444073,-0.014407610016013072,-0.16768729188131876,-0.5097053984331282
14438.0,0.816224995258786,-1.058145946714099,-1.4029607247219373,-1.178194505634738,-1.1954453334565955,-1.0151500048785982
14439.0,0.8448238506952722,0.2992073267345332,1.6693185886597777,0.9907193431217984,0.7413828979433381,2.592678043139372
14440.0,-1.4474112861963695,1.3460575542855853,1.4154445724084852,0.8291389961597865,0.32744864979204164,0.8170637610701265
14441.0,-2.4120140217391843,1.15560189306089,1.1529612374239027,0.611345600297109,0.7257558910386418,0.5495258195892141
14442.0,0.5603544681590024,0.654643185938614,1.262237694193521,0.6949860065226161,0.9024861982765124,1.3685119984486525
14443.0,-0.28654302333393833,0.2992073267345332,0.6783951768680593,0.7346439119023295,0.8431548296299944,0.7253810526039912
14444.0,1.0713670183041981,-1.058145946714099,-1.402202034405449,-0.6653981508446892,-1.0458699940988507,-1.0137190268229206
14445.0,1.0713670183041981,-1.058145946714099,-1.0311317254332408,-1.1703175140161766,-0.21595962957782017,-0.3138373258009253
14446.0,-2.4120140217391843,0.2992073267345332,0.2076592815365457,0.5315913215718552,1.4774744457749929,-0.16038762347715654
14447.0,-0.9353081791524545,0.48966298795922886,0.4390533019743355,0.3996714254474786,0.5307717179635321,0.027843908623945923
14448.0,-1.3798409325433134,-0.5571872395918231,-0.6528790246243567,-1.0235513279573643,-0.586765087019821,-0.5388741154174689
14449.0,-0.9353081791524545,0.8001660338568091,0.7068985401964804,0.83769786182438,1.6003245210805033,0.14189904007041876
14450.0,0.4809138481706168,0.654643185938614,0.13902234001983999,0.032499298448011193,0.09143627489364367,-0.7443198538914286
14451.0,-0.22013977682524094,1.2544959545938104,0.9137729488789501,0.8298876825682382,1.4320656120576276,-0.01830393485602616
14452.0,-1.2629135238814884,0.07394609082159041,-0.2409479087566789,-0.3553590950482323,0.7642790739473241,-0.7014995440705764
14453.0,0.5118685254199581,-1.058145946714099,-1.4709739819052,-1.5115390548677536,-0.5121324717856456,-1.143430907388191
14454.0,0.9479515492166357,0.2992073267345332,0.035501320127054765,-0.142204561494289,0.6428173386552047,-0.48392086925595373
14455.0,1.0367703053241684,0.07394609082159041,-0.28253341194504183,0.24275278517428447,0.3526935049184267,-0.7795729262047205
14456.0,-1.7074462772723475,0.9303406571479473,0.8580326971553559,1.1611373760634407,2.137127174058685,0.2665937678365531
14457.0,0.8265858861715248,-1.058145946714099,-1.5094645247068776,-1.132288371569837,-1.7640984679528429,-1.2160285416314516
14458.0,0.9564012788108172,-1.058145946714099,-0.9818195233862753,-0.2723699534220584,0.07416420415895746,-0.22082878532954137
14459.0,0.3820531327806657,-0.5571872395918231,1.2634074352994265,1.0077814277722483,0.8010741670374462,3.0721109351889915
14460.0,0.16379361762110795,0.9303406571479473,0.11637820684675898,0.8740174542105597,-0.1914684658752519,-1.1258993645390374
14461.0,0.3526100844636154,1.3460575542855853,1.4235138228872886,1.1875073527641242,2.039792467269007,0.8322560008728702
14462.0,-0.15997144498132296,1.2544959545938104,0.64235862911689,0.5051587953623482,1.189356113787718,-0.5281651761591392
14463.0,0.09041937640386438,0.07394609082159041,-0.12076947786563004,-0.5645293427226981,-1.3785107536966998,-0.4757647827135155
14464.0,1.2119436056379256,-0.5571872395918231,-1.5262528408424663,-1.3595320367867216,-1.7640984679528429,-2.177683940406771
14465.0,0.6793540117376464,1.15560189306089,1.040658376545012,1.0737307466405912,0.9024861982765124,0.3382053349023434
14466.0,-0.6752731880764764,1.3460575542855853,1.1584408466802583,1.0985629147295854,0.4897435161402434,0.33337523158237065
14467.0,-0.9682038613741811,1.2544959545938104,0.6266342230365552,0.577087132846628,0.9984076522496489,-0.5576787077360074
14468.0,1.376116485027959,-1.058145946714099,-1.0898031450212669,-0.7262712480428852,-0.9802035124500996,-0.42449843758963035
14469.0,1.0126234456218501,0.07394609082159041,0.5904639973914119,0.44619984650887157,0.8499631098416093,0.8624649428362157
14470.0,-1.2115801184678894,-0.20175138038774237,-0.19240705625919952,-0.3714298651318708,0.23242103254119895,-0.2212468891231223
14471.0,1.2373568867177072,-0.5571872395918231,-0.6054581282938917,-0.6404409748334174,-0.07890961835600385,-0.44966221060344597
14472.0,0.12815527178031155,0.9303406571479473,0.6289751115190891,0.6344079101101008,1.147982991607394,-0.16411138342213732
14473.0,-0.0876328522714647,-0.5571872395918231,-0.9911890699689397,-1.132288371569837,-1.3785107536966998,-1.1748097816595529
14474.0,-0.3873500989396135,-0.5571872395918231,0.2286779172615003,-0.060557865827245164,0.8634124775613803,1.1213002929069718
14475.0,-0.10496702096475002,0.07394609082159041,0.15336778427427408,0.055969765870960045,-0.037881416532715165,0.03965694112343581
14476.0,0.7047061347631505,-1.058145946714099,-1.0506505210885495,-0.8680734789258341,-0.7132292345010023,-0.35065204143521034
14477.0,-0.9040178174155593,0.654643185938614,0.5401161148818366,0.5339424266269587,-1.3785107536966998,0.009120455665210648
14478.0,0.9580779469522994,0.07394609082159041,0.2278774898508097,0.5933681854012492,0.27450169513374717,0.17984411518138213
14479.0,0.6972051697365015,0.07394609082159041,0.2404292112322068,0.14546261835203206,0.8961017842882889,0.20346314127581439
14480.0,-1.2629135238814884,0.07394609082159041,0.24065642017547323,0.196395248611044,0.17272976344709118,0.20389069730345238
14481.0,0.42189980965276064,0.2992073267345332,0.655401509107422,0.7617527972924533,0.8082392174469527,0.6820860313632368
14482.0,-0.9682038613741811,1.2544959545938104,1.1121834652511324,1.1572824241696034,1.2026961322161416,0.35483731388924306
14483.0,0.7640205789835691,-0.5571872395918231,-0.9246669147569695,-0.6197778847530964,-0.9194058466176699,-1.0498484792700669
14484.0,-0.3349679194593694,0.07394609082159041,0.10139690776220456,0.26520277816786453,0.09143627489364367,-0.058102216480801945
14485.0,-0.4907754257615954,-1.058145946714099,-1.239459060287024,-1.2717056438696925,0.038489320235348796,-0.7067668757039997
14486.0,1.1454993720263298,-0.5571872395918231,-1.1985112160568436,-1.1176717491805908,-1.7640984679528429,-1.5639276596704998
14487.0,-0.7195200551006783,0.654643185938614,0.3213438582475023,0.34257304553969115,0.9088213112787457,-0.40204674074380214
14488.0,-0.14110757920304226,-1.058145946714099,0.09687898296937697,0.31205060244579885,0.07416420415895746,1.8137218840818006
14489.0,0.5665508950955468,0.07394609082159041,0.37906895530782114,0.4666624593327295,0.3526935049184267,0.4644060602510897
14490.0,0.9970565357545049,-0.5571872395918231,0.22607609778233329,0.4139083652637922,0.43539298020353107,1.116396799717292
14491.0,0.4594149010336265,-0.5571872395918231,-0.4940888612836936,-0.669042043482492,-0.7132292345010023,-0.2400899316454995
14492.0,1.0338012018782479,0.654643185938614,0.5224627345567445,0.27135385382335897,0.4126028186801636,-0.024073554116015545
14493.0,-1.5229485149574664,1.0480979277381186,1.2297178151061112,1.2205485773885911,1.5755040145163772,0.8232743458207175
14494.0,-0.7428435417295326,-0.20175138038774237,-0.6045444087737041,-0.5645293427226981,-0.7132292345010023,-0.9956553109677457
14495.0,-0.3225146116861712,-0.20175138038774237,-1.2013747748086052,-1.29969799342043,-1.3785107536966998,-2.112709196904447
14496.0,0.8286381285590276,0.654643185938614,0.7587815327364892,0.45353386099523824,0.34016817678249833,0.4204685794282038
14497.0,0.8224615941517993,-0.5571872395918231,-0.20770702228045576,-0.26442156740029954,-0.037881416532715165,0.299111055794573
14498.0,-0.4296506057480915,1.0480979277381186,1.0342842766937466,0.9539689630451875,1.5294347580327998,0.4554051996716602
14499.0,-0.7428435417295326,0.654643185938614,0.5995317195907134,0.606108940955952,1.2622326247684965,0.12085862024654939
14500.0,0.02212883716268363,-0.20175138038774237,-0.6892009963761722,-0.9467793286780029,-1.4880589811139169,-1.154489918432988
14501.0,0.49139896235014185,-0.5571872395918231,-0.9413018315143643,-0.7383398607540069,-1.1954453334565955,-1.0811013675997323
14502.0,-0.9040178174155593,1.15560189306089,0.7033707971330615,0.7250610532113828,1.7647063716554765,-0.29590955680730585
14503.0,-1.9674812683483254,0.48966298795922886,0.9630980498252114,0.9163564532212999,0.8010741670374462,1.0142072472092392
14504.0,-0.37384801709977017,0.07394609082159041,-0.23270386982176136,-0.3136198914928544,0.5698454386786636,-0.6860195998791111
14505.0,-1.0028785328055105,1.7867352234743035,1.8420875960872178,1.5660449958351903,2.49525522382829,1.105571761541231
14506.0,-1.0028785328055105,0.654643185938614,0.9098214568299061,0.5088263937438549,1.4518350760667693,0.7047708888137025
14507.0,-0.7922005967383016,1.15560189306089,0.908454136079861,0.7415266006218392,1.189356113787718,0.08954426621674817
14508.0,-0.8456753236698794,0.2992073267345332,-0.04413775366183971,-0.2131446291541037,0.9870131210634252,-0.6334828250940824
14509.0,1.1724291954243062,-1.058145946714099,-1.5265746060443293,-1.6749572933624948,-0.4115503779538524,-1.248300142299931
14510.0,0.9479515492166357,-0.20175138038774237,0.05725229226858768,0.32989369502894694,0.37718466862099537,0.24852603666455006
14511.0,-1.2629135238814884,0.2992073267345332,0.24907890114208828,0.2996012540141724,0.18806465959309385,-0.08250909336942781
14512.0,0.5051176715181148,0.654643185938614,0.19723629605359877,0.2634347100633524,0.21790042237482501,-0.6350790745859743
14513.0,0.10956483393148946,0.48966298795922886,-0.11945314195435702,0.11622576334237679,-0.8098576192004525,-1.020940381800182
14514.0,-0.2097114950440718,0.9303406571479473,1.1509729441617127,1.060690649826981,1.3138967127742598,0.8179300548368953
14515.0,-0.9682038613741811,1.2544959545938104,1.0038085204740161,0.8871792392108516,0.7717713000569296,0.15098471279496312
14516.0,1.1504805636606206,-1.058145946714099,-1.247410933295176,-1.29969799342043,-0.14457610000475504,-0.7217650317749374
14517.0,-0.5950029105353472,-0.5571872395918231,-0.7444250477149453,-1.110483470649885,-0.7132292345010023,-0.711052722062447
14518.0,-0.1794070292720186,-1.058145946714099,-1.2031394768767116,-0.3807925988742401,-0.7601216003714991,-0.6382639230209183
14519.0,1.3309340595609251,-0.5571872395918231,-1.0833369345250394,-1.178194505634738,-0.07890961835600385,-1.3478271053183517
14520.0,-2.1519790306632065,-0.5571872395918231,-0.8879287055804338,-0.8022464926048176,-1.9471638881929467,-0.9808167072754277
14521.0,1.1186938201661045,-1.058145946714099,-1.1068200871782978,-0.5614195452564948,-0.7132292345010023,-0.45659436694610084
14522.0,-0.7922005967383016,0.8001660338568091,0.458516010057124,0.43810471738165846,-0.16768729188131876,-0.3250081946668042
14523.0,0.15213283821989562,-1.058145946714099,-0.9708119343089903,-0.44773720812994533,-0.9802035124500996,-0.200067193843281
14524.0,-0.6141483680629726,1.3460575542855853,0.8271071668184594,0.5660047992357687,1.448573071542019,-0.28951694035824194
14525.0,-0.9040178174155593,1.6565606001831652,1.5711849687336956,1.547711850569603,1.6999657371393233,0.7463865081780834
14526.0,0.9696934685856777,-1.058145946714099,-0.9100196463697763,-0.669042043482492,-0.0181119525235737,-0.08540587801404105
14527.0,-1.9674812683483254,4.030991185973982,2.4471348629940204,1.7160283810723251,2.1743928109283392,-0.27677092573555595
14528.0,-0.5236711079833221,-1.058145946714099,-0.6745109788253638,-0.3807925988742401,-0.6688728615528973,0.3587908223443055
14529.0,-0.22013977682524094,-0.20175138038774237,-0.29195125621494705,-0.23355509718163991,1.1666290909919852,-0.4084357754307346
14530.0,-0.7428435417295326,1.5859404542672264,1.3658820988040383,1.1846775048758158,1.5084363488256922,0.44220681648203136
14531.0,1.1041925298164252,-1.058145946714099,-0.6509859714159731,-0.4246569123197467,-0.2941514393624997,0.4031617186519175
14532.0,0.6502579820962507,1.15560189306089,1.024625479385723,0.5310022297825363,1.3022597367090243,0.3080427037276218
14533.0,-0.7670473650770303,1.15560189306089,0.9472932714764188,1.641555860383506,0.457567115373851,0.16258296076896894
14534.0,-1.9674812683483254,2.1575193073054413,1.374400682280842,1.1492738949397223,1.9053400087938746,-0.19946920567213636
14535.0,-0.22013977682524094,0.9303406571479473,1.34624065633813,1.2322189515873527,2.1497380756855766,1.1856674270816119
14536.0,0.7121203814881557,-1.058145946714099,-1.2137777171080821,-1.6420643925920622,-0.6688728615528973,-0.6583288796854241
14537.0,-0.2415192631816249,-0.5571872395918231,-0.2675839154076552,-0.5106857612406167,-0.47721685960260357,0.18634472463848864
14538.0,-0.1696156146721137,0.2992073267345332,0.2791279664563302,-0.3667980083921493,0.05652066271060163,-0.026001314604368723
14539.0,-1.0395356639262063,-0.5571872395918231,-0.3947403654661789,-0.09781136337988046,-0.24120448470420522,-0.05307950158134531
14540.0,-1.3187161125298095,1.15560189306089,1.0126086014064,0.7761185682899702,1.253987399012523,0.285436529661248
14541.0,-0.23074043468561758,1.4312993642702228,0.7117791532192745,0.5392018846386105,0.6935794902722501,-0.6062596670471481
14542.0,0.4982949986740278,-1.058145946714099,-1.5779244220444886,-2.1142026552549544,-1.614523128595098,-1.3451518593475746
14543.0,-0.6752731880764764,2.6431297898006605,1.998268427491829,1.1116118958900563,0.7490861757345402,0.4241945612982835
14544.0,-0.7922005967383016,-0.20175138038774237,0.8389717363475666,1.045232963315034,1.0207326504320022,1.721157258154613
14545.0,1.3215026366622098,-1.058145946714099,-0.7046697671802828,-0.48810084915407465,-0.47721685960260357,0.30190784468687204
14546.0,-1.7074462772723475,1.15560189306089,1.239170022294977,1.111368069774639,1.8531419296390843,0.7117940434056275
14547.0,-1.8243736859341724,0.8001660338568091,1.0518014042261563,1.1045039797879803,1.258120370257919,0.7909722516989213
14548.0,0.3653943987983962,0.9303406571479473,0.7476984464420791,0.47312977730895983,0.36503047510217346,0.05907617041638473
14549.0,0.8265858861715248,0.07394609082159041,-0.010695400706623146,-0.15045712821546633,0.8293663864529791,-0.26888309611280825
14550.0,-1.2629135238814884,0.07394609082159041,0.2698605584533818,0.2928639767816046,0.4897435161402434,0.2588488528958616
14551.0,-0.9682038613741811,0.654643185938614,-0.039954398785420196,-0.013058438386405854,0.40096584261492885,-1.0798673868596296
14552.0,0.3695998250074675,-0.20175138038774237,-0.4306828352812982,-0.42214172402019695,0.8766449105123539,-0.6691736989002318
14553.0,-0.9353081791524545,0.9303406571479473,0.49169729132963236,0.5455735155569927,1.3910374102343395,-0.4220137390175975
14554.0,-1.3187161125298095,0.07394609082159041,0.6767544118685962,0.7162265222834185,1.0152080971839796,1.0250012242650515
14555.0,-0.2524823540546596,0.48966298795922886,0.6566904177845982,0.35269802014789625,0.6514988276797011,0.4373011023459815
14556.0,1.242750738519486,-0.20175138038774237,-0.07747409839460535,-0.26639967697796235,1.074023657541187,-0.005030549196484052
14557.0,0.0001383902963132679,-1.058145946714099,-0.11911530469842409,0.017232362980571646,-0.7601216003714991,1.4063315706862416
14558.0,1.3022132067018704,-0.20175138038774237,-0.2519387346485393,-0.7342923345111426,-0.9194058466176699,-0.3332031878839979
14559.0,0.9713357875339578,-1.058145946714099,-1.800007474554377,-1.2626334870875637,-2.183176263091345,-1.764026290420472
14560.0,-1.5229485149574664,2.7886526377188545,1.3561241727721918,1.4598136736482679,0.28806221969362183,-0.9448485830814571
14561.0,-0.07075489928216207,-0.20175138038774237,0.10794129057661095,0.4686093406915149,0.37718466862099537,0.34394860086889917
14562.0,-1.8243736859341724,2.1575193073054413,1.4252181771847738,1.0885403064838823,1.4320656120576276,-0.10398897264055167
14563.0,1.1429941922828974,-0.5571872395918231,-0.22612928267109855,-0.25852268535940026,0.6600894093898906,0.26441487753991316
14564.0,1.0411983450016138,-0.5571872395918231,0.7416777652967481,0.6293523822311577,0.7567177940893411,2.0883367379897386
14565.0,0.07733065274709057,0.2992073267345332,1.0246329462854438,0.8950194883534217,0.9696189771111754,1.3775581204869425
14566.0,0.1695454516810397,0.07394609082159041,1.0668265730520479,1.0349049016452219,-1.1954453334565955,1.7600078059187463
14567.0,-0.2524823540546596,-0.5571872395918231,0.3583956097920271,-0.12281089293825564,-0.1914684658752519,1.36578800097387
14568.0,1.0411983450016138,-1.058145946714099,-0.008225801176443073,0.17142182582381535,0.09143627489364367,1.6154820536915022
14569.0,-2.4120140217391843,0.07394609082159041,-0.3168111226148371,-0.42971632910462676,-0.24120448470420522,-0.8439105029308138
14570.0,0.7617503989180828,-0.20175138038774237,-0.29928675836802465,-0.09322792365507303,0.34016817678249833,-0.4222267451561094
14571.0,1.0263177424185734,-1.058145946714099,-1.2573982499153893,-1.4139201097638212,-0.2672508963742018,-0.740602270906683
14572.0,-1.9674812683483254,1.15560189306089,1.2948031667968827,1.1667656915897076,1.6902854707597983,0.8165307368100185
14573.0,0.47738036706216375,1.3460575542855853,0.7460324485807621,0.34100142964542135,1.193826931703096,-0.4417743246963561
14574.0,1.3752433396257897,-1.058145946714099,-1.3416629864733216,-1.3491740126569907,-1.0458699940988507,-0.8995353510598381
14575.0,1.1147713296580601,-1.058145946714099,-0.5055772255175244,-0.6800964371201603,0.4240770344914922,0.6774195020481728
14576.0,0.9411106822337401,-1.058145946714099,-1.8466389318238425,-1.967436469196142,-2.515817022689194,-1.8519786348839364
14577.0,-1.1640528084915374,0.654643185938614,0.28091693145529056,0.09369887180446144,0.7336066022127771,-0.47797448051959646
14578.0,-1.9674812683483254,-1.058145946714099,-1.2271196881172584,-0.47709271037340434,-0.4437267787202448,-0.6834933866241557
14579.0,1.0367703053241684,-1.058145946714099,-1.5621316529957308,-1.4253590231077382,-0.4437267787202448,-1.3153648626560124
14580.0,1.1529567258055489,-1.058145946714099,-2.9352498064204275,-3.172763669970543,-2.515817022689194,-3.905225182078753
14581.0,-1.0028785328055105,-0.5571872395918231,-0.5488494449700869,-0.3114947816027251,0.27450169513374717,-0.3431465144594915
14582.0,-0.4594850640247002,-1.058145946714099,-1.5065162830832115,-1.2536847648443734,-1.4880589811139169,-1.2104678155029973
14583.0,-1.608585561882396,0.8001660338568091,0.46763532347590925,0.5541638110082504,1.7306602805470745,-0.3078758357179956
14584.0,0.43717017866052393,0.8001660338568091,0.4541166880110939,0.434702118283372,0.8961017842882889,-0.3332728485615513
14585.0,-0.3349679194593694,0.2992073267345332,0.14842243771858693,0.1559695660505654,0.5979759564957379,-0.27174150440173384
14586.0,0.752588454545872,-1.058145946714099,-0.9820008883331448,-0.07372735685424821,-0.6267921989603487,-0.22117086068413488
14587.0,-0.9353081791524545,0.9303406571479473,0.39095489543790163,0.28004249984313184,1.133714926635295,-0.6111442589414119
14588.0,1.2231168011153777,-1.058145946714099,-1.3842818956909069,-1.3595320367867216,-0.7601216003714991,-0.9799195638563939
14589.0,0.9411106822337401,-1.058145946714099,-1.7642227407559161,-2.5074125686447046,-1.9471638881929467,-1.6965321262259392
14590.0,1.0263177424185734,1.8470162614078611,0.8447908309001376,0.393162863870899,0.8766449105123539,-0.8386373483661371
14591.0,-1.0784157615666075,0.07394609082159041,0.31813156269983056,0.630366601304611,0.9637379981128575,0.34969891951621623
14592.0,-0.5583457794146515,-0.20175138038774237,-0.3519053293674753,-0.11805052760678522,0.9275383145186272,-0.5211376496073226
14593.0,-0.8456753236698794,1.2544959545938104,0.9966153416091612,0.872616557112676,1.9034648238468983,0.13745741800635985
14594.0,-1.5229485149574664,-0.5571872395918231,-0.2749915630728562,-0.26639967697796235,0.10835219495760728,0.17239486799146952
14595.0,-0.9040178174155593,0.8001660338568091,0.6080609353310577,0.5944393923787606,0.8431548296299944,-0.043958746344897985
14596.0,1.2752165780985596,-1.058145946714099,-1.0062570871730205,-1.2024078265981781,0.14117229372259663,-0.2669208689545391
14597.0,-1.2629135238814884,0.48966298795922886,0.6202988033663231,0.7022940921404748,0.5105140700321456,0.3688139033532758
14598.0,-0.41523819700049863,-0.5571872395918231,-0.6364295664919314,-0.22234367335609284,0.5505411819726732,-0.5079298175919016
14599.0,0.9713357875339578,-0.5571872395918231,-0.48430963037382907,-0.3418899361875976,0.4897435161402434,-0.22168413520097396
14600.0,0.816224995258786,-0.5571872395918231,-0.0522202156864067,-0.013058438386405854,0.18806465959309385,0.5919998383376243
14601.0,-1.2629135238814884,-1.058145946714099,-1.0564599029413047,-0.7105166998701326,-1.3785107536966998,-0.36160921034547494
14602.0,1.3041684679689238,-1.058145946714099,-1.0858815399267912,-1.1942372750823944,-0.24120448470420522,-0.4171018349030387
14603.0,0.7479579275786754,-1.058145946714099,-0.2470162575039419,-0.142204561494289,-2.183176263091345,1.1650955185218952
14604.0,1.2813148034334256,-1.058145946714099,-1.3408666408665368,-1.132288371569837,-0.586765087019821,-0.8980333507531533
14605.0,0.9445402369244065,0.07394609082159041,0.005311449134867129,-0.1039727287067449,0.5979759564957379,-0.23878962629786804
14606.0,-2.4120140217391843,4.587598438742236,2.52260446753733,2.2672704622950777,2.774157760409393,-0.7482723309397753
14607.0,-1.0395356639262063,1.9594133665673954,2.345544542406354,2.2651638659813598,0.7490861757345402,1.855043186421078
14608.0,-1.8243736859341724,1.15560189306089,0.9233259053930314,0.4096695475497316,-0.8098576192004525,0.11750990262777243
14609.0,-0.10496702096475002,1.0480979277381186,0.33731028149568104,2.13156830959065,-1.4880589811139169,-0.8540915815367307
14610.0,0.9811023498659778,-0.5571872395918231,-2.5968526087424544,-2.2609688413137667,-1.1172535236719159,-4.156456789137208
14611.0,1.0543019263585547,-0.5571872395918231,-0.3104140982615068,0.10393155606934312,-0.10021972705664996,0.1056913814199155
14612.0,1.0110836484864059,-1.058145946714099,-0.04187080573489385,-0.8582565662530369,-0.862804573858747,1.5520236673644383
14613.0,1.3271781179392865,-1.058145946714099,-1.7932659093550376,-1.2626334870875637,-2.515817022689194,-1.7513109154492617
14614.0,0.9647411258391285,-1.058145946714099,-0.8256203473215815,-0.6334808999499925,-0.6267921989603487,0.07378100262463264
14615.0,0.9778633268252847,0.2992073267345332,0.01643922733104054,-0.0023635533331493675,-0.037881416532715165,-0.519725840069515
14616.0,0.6689257299564773,0.2992073267345332,-0.4078392281606594,-0.7027787172215069,-1.9471638881929467,-1.3154158817212862
14617.0,0.9923118147379644,-0.5571872395918231,-1.1398475382926876,-1.186166978263674,-1.3785107536966998,-1.453879943168999
14618.0,-1.3798409325433134,0.654643185938614,0.2639892101848036,0.22890551711162638,-0.037881416532715165,-0.5097618040851954
14619.0,0.6767627952879732,-0.5571872395918231,0.23605396439229176,0.11733210664580168,0.26071325195673184,1.13520156175012
14620.0,0.5634601652637944,-0.5571872395918231,-0.5845560779662358,-0.5521774127817789,-0.3805884749031534,-0.4103349517479735
14621.0,-2.4120140217391843,0.9303406571479473,0.8433398566169189,0.8105248020633823,0.939783214329445,0.23895428484568026
14622.0,0.4948562494227654,-1.058145946714099,-0.7662090273455956,-0.8022464926048176,-0.5486003891756687,0.18583765248143735
14623.0,-0.6141483680629726,1.0480979277381186,0.5722901898301015,0.49714146945909393,1.2372441024225518,-0.41316899986633304
14624.0,-0.2524823540546596,0.48966298795922886,-0.09603746435353999,0.17142182582381535,-0.05813906446410138,-0.9770493633484253
14625.0,0.5317049066607064,1.15560189306089,1.1349588574363028,0.9641139601483418,1.1191943164689204,0.5156456151921878
14626.0,-0.7922005967383016,1.15560189306089,1.2681067833528714,1.2105576874792807,1.1848607981176718,0.76626942913826
14627.0,0.9530347346034082,-1.058145946714099,-0.5024004001065322,-0.3667980083921493,-0.2941514393624997,0.6834113637485968
14628.0,0.04339018311183878,0.2992073267345332,0.5504270756090351,0.549596286132849,0.3526935049184267,0.4844600510037858
14629.0,-1.8243736859341724,-0.5571872395918231,0.02190180297902509,-0.17585491448525636,0.9336836095984207,0.7316493631238961
14630.0,1.1095037419429616,-1.058145946714099,-0.7268146827062315,-0.9811029912456316,-0.5486003891756687,0.26013996196346567
14631.0,-0.3225146116861712,0.48966298795922886,0.5603401783139945,0.683869331654012,0.3526935049184267,0.25599204701974715
14632.0,0.7194498921096045,-1.058145946714099,-1.503704757247313,-1.0756752990814846,-1.2818823689972492,-1.2051649512292535
14633.0,0.7266965816295208,-1.058145946714099,-0.7136753580264475,-1.0756752990814846,-0.586765087019821,0.28492225438842006
14634.0,1.045596020739638,0.07394609082159041,0.5946291202988866,0.8833962586764551,0.7413828979433381,0.8703097437233134
14635.0,1.0685541839756287,-1.058145946714099,-1.052248436903866,-0.9412289080697872,-0.8098576192004525,-0.3536658962542913
14636.0,-0.540774126845729,-0.5571872395918231,-0.303872794269312,-0.4743692243337022,-0.3507527121214226,0.11800878432900357
14637.0,1.324346655508488,-1.058145946714099,-1.554597376586939,-1.0490970995891926,-1.3785107536966998,-1.301154342273607
14638.0,-0.3225146116861712,-1.058145946714099,-0.5327882548477134,-0.7183468035229781,-0.7601216003714991,0.6260963402815479
14639.0,-0.31029852425924354,0.9303406571479473,1.2081663533387927,1.03763857531784,1.2784785627150907,0.9256234138044317
14640.0,-0.7922005967383016,1.0480979277381186,0.9878385483078259,0.7889839357185202,1.1093691324834083,0.36801082877628577
14641.0,-0.8456753236698794,-1.058145946714099,-1.5297355318166992,-1.1176717491805908,-1.3785107536966998,-1.2542620154352353
14642.0,-0.23074043468561758,-1.058145946714099,-1.6289745080426838,-1.2275467185765694,-2.183176263091345,-1.4414382507990988
14643.0,0.4409316275594932,0.2992073267345332,0.42553124623401284,0.6697039397937106,0.24668909751329784,0.24940557349098028
14644.0,-0.14110757920304226,0.654643185938614,0.6352510577780072,0.28776533932026865,0.14117229372259663,0.1880456559962467
14645.0,0.39022299102027264,-0.20175138038774237,-0.042535366615949324,0.10954833605195877,0.05652066271060163,0.0607144868135178
14646.0,-2.1519790306632065,4.292545226599931,4.569601422588638,4.343244513431921,2.550821607423074,3.431084153382624
14647.0,0.5477790613471053,-0.5571872395918231,-0.4185616599793809,-0.6653981508446892,0.0011923041824166546,-0.09792455713542787
14648.0,1.0126234456218501,1.5110377522649707,1.1427616676693593,1.249444053186417,1.5585297595388092,0.10998389933038277
14649.0,-1.7074462772723475,0.9303406571479473,1.00879658986301,1.0522072311127761,1.7779388046064493,0.5502835037540963
14650.0,1.2351865794051047,-1.058145946714099,-1.9351598885263188,-2.0222782993066613,-1.7640984679528429,-2.0189394405722827
14651.0,-0.15047015714448805,0.9303406571479473,0.5633312630966513,0.37994927560467073,1.3291602796973225,-0.2874598574764941
14652.0,-0.06247962061019341,-1.058145946714099,-1.506078213496294,-1.4609201666402376,-0.2941514393624997,-1.2096415653820785
14653.0,-2.4120140217391843,1.2544959545938104,0.9774463772447183,0.9071065838999358,1.5144909376134899,0.10141074815433915
14654.0,1.3795972273515245,-1.058145946714099,-0.9538387135607694,-0.3926866108572838,-0.3507527121214226,-0.16805372814188918
14655.0,-1.4474112861963695,0.654643185938614,1.0282248728233867,1.0185407704444234,0.43539298020353107,0.9277187307632248
14656.0,0.43717017866052393,0.2992073267345332,-0.09552487598885176,-0.292671594109595,1.0207326504320022,-0.7299483082243302
14657.0,-0.9682038613741811,0.48966298795922886,0.3249314138831426,0.3792073455329857,0.9927301689877395,-0.18672451141297478
14658.0,-1.7074462772723475,-0.5571872395918231,-0.9529961013573242,-1.5383885354275355,-0.3507527121214226,-1.1030703024041084
14659.0,-1.3798409325433134,0.9303406571479473,0.7204436584750865,0.5765374287287081,1.0152080971839796,0.007829435082828629
14660.0,0.014882147642767907,-0.5571872395918231,-0.8488397794418522,-0.5106857612406167,-0.4437267787202448,-0.9073537292267955
14661.0,-0.7195200551006783,-1.058145946714099,-1.5461482809422797,-1.7276030581980808,-1.7640984679528429,-1.2852183665598387
14662.0,-0.6752731880764764,0.654643185938614,0.30263509558726853,0.41531525550890047,1.2622326247684965,-0.4371867957955785
14663.0,1.0338012018782479,-0.5571872395918231,-0.46037557738081136,-0.14714366559657338,0.28806221969362183,-0.176634908206923
14664.0,-0.9040178174155593,-0.5571872395918231,-0.27153194951417414,-0.041989049064595975,0.5001945244425666,0.17890987907385697
14665.0,-0.2097114950440718,0.654643185938614,0.7804333438417197,0.5478752534749721,0.6514988276797011,0.46121617829761846
14666.0,-0.7922005967383016,-1.058145946714099,-1.1220789949233658,-0.7383398607540069,-0.862804573858747,-0.485374439213095
14667.0,-1.2629135238814884,3.0365845316001647,2.2763368167841667,2.146393985661696,2.134298229679239,0.506195981827989
14668.0,1.0557414896988655,-1.058145946714099,-1.522210861769411,-1.5115390548677536,-1.1172535236719159,-1.2400696137663652
14669.0,0.6662919472041413,0.654643185938614,0.8995160692494009,0.9325572954161476,1.6854021643347719,0.6853693497922265
14670.0,0.7594721542528383,-0.20175138038774237,-0.313193114156474,-0.0886762034903892,1.0791672045283927,-0.448369868486053
14671.0,1.1901628192527913,-0.5571872395918231,0.13839043388469544,0.09140315939066461,0.10835219495760728,0.9511493316994174
14672.0,0.6475462436000934,0.07394609082159041,0.1291940778467604,0.17243918246719092,0.6428173386552047,-0.0058170619556213365
14673.0,-1.9674812683483254,0.654643185938614,0.9356532136795995,0.9264478905325817,0.5793298571111467,0.7534055023035819
14674.0,1.1417379231273606,-1.058145946714099,-1.206062779699721,-1.0298453562635617,-0.862804573858747,-0.6437776116747937
14675.0,-1.0395356639262063,-0.5571872395918231,0.09864906802759622,0.24911640989754108,1.2498335012412511,0.8762607281432856
14676.0,-0.6338830081757483,1.2544959545938104,1.5812694428707392,1.8886731371218024,0.4897435161402434,1.237950050270136
14677.0,1.2395198742615607,-1.058145946714099,-1.161082303704364,-0.8343368051868192,-0.862804573858747,-0.5589392096490275
14678.0,1.2242234885320706,-1.058145946714099,-0.6010970580971783,-0.669042043482492,-0.4437267787202448,0.49725800356462957
14679.0,0.9580779469522994,-0.20175138038774237,0.23504952877216584,0.30792694668854886,0.12492635577600246,0.5832838401987427
14680.0,-0.7670473650770303,3.1233230300705346,2.9699174060291686,2.6353895556943847,1.3515360227957012,1.7153156940962948
14681.0,-0.1138130260237924,0.48966298795922886,-0.04396501759939913,-0.6951307131548892,-0.6267921989603487,-0.8794124980463399
14682.0,0.5051176715181148,0.48966298795922886,0.3510410343207061,0.42508011476559643,0.5105140700321456,-0.13764360011863308
14683.0,1.2340986653209314,-1.058145946714099,-1.3275593649053954,-0.1655778157249051,-0.5486003891756687,-0.8729342827047034
14684.0,-0.7428435417295326,0.48966298795922886,0.32870717314810977,0.48461307278041543,1.5175015577155206,-0.17962720217551706
14685.0,1.2208976805661906,0.8001660338568091,1.1542255074659267,0.9189755544972747,0.7717713000569296,0.9838420457892576
14686.0,1.0095401454577722,0.2992073267345332,-0.035234312692693115,-0.02943407941301077,1.2026961322161416,-0.6167657704613206
14687.0,0.14622196505218568,-0.20175138038774237,0.2953432302031706,0.35269802014789625,-0.16768729188131876,0.6968359359845077
14688.0,-1.4474112861963695,2.245808014503504,1.5235619724908498,1.5896811050734432,1.253987399012523,-0.019513600979567152
14689.0,0.5726880251711707,-1.058145946714099,-1.5147639554591121,-1.2275467185765694,-0.9194058466176699,-1.2260238835373976
14690.0,-0.41523819700049863,0.07394609082159041,-0.11370415763006607,-0.24113697870484116,0.40096584261492885,-0.4624890906040575
14691.0,-0.6338830081757483,0.2992073267345332,0.5911865435289012,0.23169839153661606,0.14117229372259663,0.5611878706787371
14692.0,0.30342517418781684,1.2544959545938104,0.45295384214819456,0.3938892261079541,0.7098254282188435,-0.8834365094917027
14693.0,0.7242901052643254,0.654643185938614,0.1622008339361016,-0.1621874941005139,0.020052745320578196,-0.7008298806899294
14694.0,1.264922212625839,-1.058145946714099,-0.9612906223455817,-0.6197778847530964,-0.8098576192004525,-0.1821088936188064
14695.0,1.1541912309005586,-0.20175138038774237,0.39941911918492273,0.2041905509866509,0.47915765239960845,0.8928749490248613
14696.0,-1.8243736859341724,0.8001660338568091,0.7851985413850722,0.9628925652963132,0.9578145568046977,0.2891885943408924
14697.0,0.5996007235020872,-0.5571872395918231,-1.146881829866988,-0.6617743348522026,-0.5121324717856456,-1.4670781655223537
14698.0,-2.1519790306632065,0.2992073267345332,0.21311994457070776,0.14014552440859462,1.0207326504320022,-0.15012111003095893
14699.0,0.5877787261013253,0.07394609082159041,-0.20201076658177317,-0.017114284365895672,0.05652066271060163,-0.6283799145819419
14700.0,-0.6141483680629726,0.2992073267345332,0.8705919157292482,0.782180555338229,0.7865535568710715,1.0873541162840137
14701.0,-1.2629135238814884,1.5110377522649707,1.145170778467334,0.8391750571422436,1.9383804360299406,0.11451384054890267
14702.0,-2.4120140217391843,2.2876939305965793,1.4278706532839311,1.1974240149502269,1.6951398817114138,-0.24681854862078156
14703.0,-1.0784157615666075,-1.058145946714099,-0.7716296678422379,-0.6545860563214968,-0.5121324717856456,0.17561369491952183
14704.0,-1.2629135238814884,1.15560189306089,0.4806747168860479,0.5841917903818861,1.64782033902464,-0.7139584486282856
14705.0,0.5413976634342754,-1.058145946714099,-1.1843616671771733,-1.0490970995891926,-2.515817022689194,-0.6028467929617073
14706.0,1.2669943475426584,-1.058145946714099,-0.6240904999278895,-0.4171400197733095,-0.4115503779538524,0.4538897016775774
14707.0,1.042667590085983,-0.5571872395918231,-1.3644284404057585,-1.0756752990814846,-2.515817022689194,-1.8748857342550822
14708.0,-1.9674812683483254,0.2992073267345332,0.6238040122619947,0.7298699349373117,-0.3507527121214226,0.6225946762574288
14709.0,-1.0784157615666075,2.110890520920167,1.6255373748920212,1.393555818698147,0.7413828979433381,0.32576828437600003
14710.0,-1.1198059414673356,1.3460575542855853,0.5227175133698331,0.5518840134438602,1.6244160972942285,-0.8607249623234259
14711.0,-1.3187161125298095,1.15560189306089,0.8109901640989678,0.44485755841277735,1.3478488567818285,-0.09368692352106466
14712.0,-0.6752731880764764,0.07394609082159041,0.2563042915762984,-0.12440536872230934,-0.4437267787202448,0.2333372061057384
14713.0,-1.3798409325433134,1.9044924940644754,1.2691645432672682,1.27465460457337,1.3515360227957012,-0.10808390134579483
14714.0,-0.7922005967383016,0.07394609082159041,-0.01883813988155379,0.1683602798515559,0.34016817678249833,-0.28419091400892516
14715.0,-0.7670473650770303,0.8001660338568091,0.49127088052791784,0.4814433271813896,0.7178293264081053,-0.2634680385718583
14716.0,-0.4296506057480915,-0.20175138038774237,-0.35825063795470075,0.27222790171119865,0.5698454386786636,-0.5330637153406985
14717.0,1.3752433396257897,-1.058145946714099,-1.7482875989681297,-1.7848322627584738,-1.0458699940988507,-1.666476598012557
14718.0,1.0033287148318906,-1.058145946714099,-1.015856954548335,-0.589951674024074,-1.0458699940988507,-0.28502733380975803
14719.0,-2.1519790306632065,0.2992073267345332,0.391400029388371,0.48017113928223104,1.1666290909919852,0.18518663257824267
14720.0,-1.608585561882396,-0.20175138038774237,-0.24287468746291088,-0.5370567252723396,-0.16768729188131876,-0.3161589415227258
14721.0,0.9530347346034082,-1.058145946714099,-1.4961988337398846,-1.3916223493687232,-0.4437267787202448,-1.1910079077118927
14722.0,0.34829137993598897,-0.20175138038774237,-0.42774894003000974,-0.5281484048190704,0.43539298020353107,-0.6636615081719915
14723.0,-1.3187161125298095,1.15560189306089,0.5839041834193168,0.6359170219128273,1.5613833034839868,-0.5202502521501621
14724.0,1.2362726511275435,-1.058145946714099,-0.7129465922194491,-0.6404409748334174,-0.037881416532715165,0.28629679134359026
14725.0,-0.7670473650770303,0.07394609082159041,0.2493143488429493,0.6518023752247377,0.5698454386786636,0.22018319818729482
14726.0,1.3031915824809857,-1.058145946714099,-1.4428103598757176,-1.110483470649885,-0.8098576192004525,-1.0903110451509488
14727.0,0.7456300658619328,-0.20175138038774237,-0.49439613082658806,-0.03917827154410035,0.020052745320578196,-0.7888558435300977
14728.0,1.0079929186546535,-1.058145946714099,-1.1394336745698577,-1.29969799342043,-0.862804573858747,-0.5181073807015183
14729.0,0.9445402369244065,-0.20175138038774237,-0.017933240940566694,0.09484373012451636,0.8896672959534744,0.1070132561742213
14730.0,-2.4120140217391843,0.8001660338568091,0.5529675583793889,0.5409457326035286,1.642676792037434,-0.1475233429684451
14731.0,-0.37384801709977017,-0.20175138038774237,-0.6439924495146335,-0.4348149665659621,-0.07890961835600385,-1.069680777594561
14732.0,-1.4474112861963695,1.7867352234743035,1.2821037529151325,0.9991611085867488,1.0944071422788821,0.051766774652624754
14733.0,-1.0395356639262063,1.5110377522649707,2.0575460521154185,1.6891302722962775,0.9754580982530536,1.8323711008069734
14734.0,1.0278214364224065,0.07394609082159041,0.09154248878308902,-0.17931661162787071,0.10835219495760728,-0.07663656944438874
14735.0,-1.8243736859341724,3.0807148010694942,1.8562550018887267,1.4501230524113753,1.258120370257919,-0.3327432958715042
14736.0,1.1108247005950005,-0.5571872395918231,-0.6052251093485678,-0.7262712480428852,0.4126028186801636,-0.4492238003404879
14737.0,-1.8243736859341724,0.07394609082159041,0.9653127846808498,0.504545535701317,-0.32196403698294906,1.5686915952061369
14738.0,-0.4296506057480915,0.9303406571479473,0.483975116062386,0.2765808027005175,0.26071325195673184,-0.4365153563002073
14739.0,-1.8243736859341724,2.110890520920167,1.8590363631006295,1.984556485776528,0.9088213112787457,0.7651610079693852
14740.0,0.5349521297947235,1.15560189306089,1.078883499215702,0.9411426072331973,1.147982991607394,0.4101248927565065
14741.0,-1.2115801184678894,0.654643185938614,0.5132909108298648,0.5339424266269587,0.10835219495760728,-0.04131852605183758
14742.0,1.0411983450016138,-1.058145946714099,-0.3401610599840891,-0.18629514859432195,-0.16768729188131876,0.9894136026560647
14743.0,1.2395198742615607,-1.058145946714099,-2.086373857269436,-1.6420643925920622,-1.9471638881929467,-2.3041465485064996
14744.0,-1.0395356639262063,1.4312993642702228,1.0294441744282916,1.073988929544321,0.24668909751329784,-0.009614706211209472
14745.0,0.18089663648351514,1.2544959545938104,0.7322699344278677,0.9074391861516783,0.457567115373851,-0.3593507312665512
14746.0,0.9970565357545049,0.07394609082159041,-0.3234230009362145,-0.1454931730396027,-1.3785107536966998,-0.856318943598816
14747.0,0.6845052458484283,-1.058145946714099,-0.7493333679247037,-1.1625337434223337,-0.6688728615528973,0.2176671061881371
14748.0,-0.6752731880764764,1.0480979277381186,0.8788797856573105,1.1248850124951375,0.9088213112787457,0.1630448643611835
14749.0,1.1041925298164252,-1.058145946714099,-0.7899678739011669,-0.13730227093241618,-0.6688728615528973,0.14102570838466721
14750.0,1.377859217618911,-1.058145946714099,-1.5196562436277414,-1.3289348484300858,-0.21595962957782017,-1.2352513072427158
14751.0,1.3309340595609251,-0.5571872395918231,-1.4331340030381137,-1.3289348484300858,-1.3785107536966998,-2.003509817317034
14752.0,-0.41523819700049863,-1.058145946714099,-0.6260247815476557,-0.4246569123197467,-1.614523128595098,0.4502414218837905
14753.0,0.014882147642767907,-0.5571872395918231,-0.04861865314837675,-0.12281089293825564,0.05652066271060163,0.5987849896247968
14754.0,-0.40114257027902034,0.48966298795922886,0.36780157324531754,0.4666624593327295,0.7791957222855813,-0.10613401405614563
14755.0,-1.3187161125298095,2.110890520920167,1.708628915575885,1.4335980142373237,1.3404244345531768,0.4820898691227252
14756.0,-1.0784157615666075,-0.20175138038774237,0.7548645424096936,0.6913012857437157,0.7178293264081053,1.5626340410267165
14757.0,-0.07913835459246295,-1.058145946714099,-0.5712356642479123,-0.7424124492385259,-0.6267921989603487,0.5535800606432446
14758.0,0.3395657324261091,0.654643185938614,0.8100278269746418,0.34492345044290107,0.6251737972068488,0.5169157742505999
14759.0,-1.7074462772723475,-0.20175138038774237,0.4020370083155595,0.08909940593623888,0.6340429977198944,0.897806518682165
14760.0,0.7971428378544745,-1.058145946714099,-1.6822392411817197,-1.6420643925920622,-1.614523128595098,-1.541901723980466
14761.0,-0.23074043468561758,-0.20175138038774237,-0.5258203376287373,-0.5771176875341992,-0.5486003891756687,-0.8478682891463417
14762.0,0.7218745649366273,-0.5571872395918231,-0.576262260872369,-0.09781136337988046,-0.32196403698294906,-0.39472934793931197
14764.0,-0.37384801709977017,-1.058145946714099,-0.8677837475887725,-0.630028288668433,-1.4880589811139169,-0.005744067385975681
14765.0,-0.6752731880764764,-0.20175138038774237,-0.9330634694593111,-0.853402515152758,-0.07890961835600385,-1.6114041262916707
14766.0,-1.4474112861963695,1.15560189306089,1.4064239762820208,1.3810518512704533,1.4518350760667693,1.0267138484017204
14767.0,1.096142317017561,-1.058145946714099,-0.6387351666479767,-0.9467793286780029,-0.6688728615528973,0.42626815932528295
14768.0,-1.0028785328055105,-0.5571872395918231,-1.1318755899192243,-1.473214373913271,-1.7640984679528429,-1.4389216156797404
14769.0,-1.9674812683483254,1.6565606001831652,2.0389166955086315,2.0510942773272958,2.4346681221559217,1.6273248745643591
14770.0,0.639341544931368,0.8001660338568091,0.9820356645810129,0.7675368126727622,1.0424661878166923,0.6596267986178739
14771.0,1.2690598089055165,-0.5571872395918231,-0.3220667266533393,0.1475774784982984,0.07416420415895746,0.08374971297846774
14772.0,0.17524615765079224,-1.058145946714099,-1.3641201212863432,-1.178194505634738,-1.1954453334565955,-0.9418921156216585
14773.0,1.2395198742615607,-1.058145946714099,-1.3575229695452073,-1.4609201666402376,-1.1172535236719159,-0.9294491212056539
14774.0,1.1664073183274863,-1.058145946714099,-0.9697411720005369,-1.0556416405393652,-0.9194058466176699,-0.19804761176487037
14775.0,-0.2415192631816249,-0.20175138038774237,0.30371720861934215,0.7508742131607385,0.24668909751329784,0.7126078798002957
14776.0,-0.3225146116861712,1.5110377522649707,0.9958949726573544,1.4709183169115656,0.3891614223084505,-0.1660811263599305
14777.0,0.9938972919331752,-1.058145946714099,-0.7959911659081914,-0.5583243821854503,-0.7601216003714991,0.1296650800786599
14778.0,0.2551824986059697,-0.5571872395918231,-0.17363436579229685,-0.3178908216871508,-0.16768729188131876,0.36328624936599985
14779.0,0.7617503989180828,-0.20175138038774237,-0.6324915322083984,-1.1625337434223337,-0.037881416532715165,-1.0481010858830764
14780.0,-0.27498730170981883,-0.5571872395918231,-0.5262056815724663,-0.3093765158786823,-0.3805884749031534,-0.3005342272031755
14782.0,0.8448238506952722,-1.058145946714099,-1.1044871973187966,-0.9637172845910725,-1.4880589811139169,-0.4521942657154554
14783.0,1.3070902279146166,-1.058145946714099,-0.7965986108132622,-0.41963611741357915,-0.7132292345010023,0.12851936843545234
14784.0,-0.7428435417295326,-0.20175138038774237,-0.5226011463064646,-0.20587692052381437,-0.4115503779538524,-0.8418233911973524
14785.0,-1.3187161125298095,-0.5571872395918231,-1.7832703649323292,-1.1625337434223337,-2.183176263091345,-2.6573038934335713
14786.0,1.1913278063103443,-1.058145946714099,-1.668314302407405,-0.9752565444053659,-1.3785107536966998,-1.515637672127359
14787.0,1.092078996990952,-1.058145946714099,-1.5285082203287217,-1.3916223493687232,-0.862804573858747,-1.2519471634216945
14788.0,-1.5229485149574664,-0.20175138038774237,0.1565940421152894,0.24275278517428447,0.18806465959309385,0.43554957646231834
14789.0,-0.6752731880764764,-1.058145946714099,-1.113356370011489,-0.9523769874762635,-1.4880589811139169,-0.4689225555320472
14790.0,-1.0028785328055105,1.0480979277381186,0.7195006357938564,1.0980653950849806,0.3526935049184267,-0.13660553673255502
14791.0,1.2544599055801144,-1.058145946714099,-0.8052280089282569,-0.8932765983286024,-0.6267921989603487,0.11224332132123607
14792.0,-0.1794070292720186,-1.058145946714099,-3.503861561743505,-3.361978192741088,-2.183176263091345,-4.977692994550443
14793.0,-0.8741833591389503,-0.5571872395918231,-0.28518377229654845,-0.20950073651630105,-0.05813906446410138,0.15320157829818729
14794.0,-1.9674812683483254,1.0480979277381186,0.5343520731560916,0.2987628588225038,0.5698454386786636,-0.48440521986432805
14795.0,0.42575162422735197,-1.058145946714099,-1.4054047965650376,-2.183500472526469,-1.4880589811139169,-1.0197598082436448
14796.0,-2.4120140217391843,2.202452120611942,1.7720174174090553,1.7974291138885026,1.9940216231823635,0.4970227188087076
14797.0,1.139217978043039,-1.058145946714099,-0.8131244779636435,-1.0556416405393652,-0.7601216003714991,0.0973496635778788
14798.0,-0.2983107883386734,0.8001660338568091,-0.1801125625316459,0.12502483689915586,-0.2672508963742018,-1.5218778379290299
14799.0,-0.3225146116861712,-0.5571872395918231,-0.7278762520755961,-0.0023635533331493675,-0.586765087019821,-0.6799325923518407
14800.0,-0.36062434863474907,1.6565606001831652,1.529214208726472,1.7356690207515224,1.692716266781489,0.6673827095290188
14801.0,-0.2097114950440718,-1.058145946714099,-1.1298684688758425,-0.6838229113311526,0.23242103254119895,-0.5000662918030421
14802.0,1.045596020739638,-0.5571872395918231,0.34539517108970946,-3.361978192741088,-2.515817022689194,1.3412838104370601
14803.0,0.4102035851912229,-0.20175138038774237,-0.06873039392281144,-0.19334852384513587,-0.14457610000475504,0.011421986590789192
14804.0,-1.3798409325433134,-1.058145946714099,-0.6964462506511132,-0.9248532670431823,-0.9802035124500996,0.31741835198873436
14805.0,-1.0784157615666075,0.654643185938614,0.12367544827383217,-0.10863192839430982,0.5979759564957379,-0.7731112832258129
14806.0,-0.07913835459246295,-0.5571872395918231,-0.8057012583181367,-0.1055221309281067,-0.7132292345010023,-0.826263968163632
14807.0,0.972973911537828,-0.5571872395918231,-0.4195028339740178,-0.45826096766153757,-0.10021972705664996,-0.09969631749339898
14808.0,-0.4749394310824503,0.8001660338568091,0.7782083902363958,0.9616688980804593,1.1620071460508272,0.2760377655169004
14809.0,1.2690598089055165,-0.5571872395918231,-0.21841872538163404,-0.4992963694822978,-0.6688728615528973,0.2789366561657241
14810.0,-0.4594850640247002,1.3460575542855853,0.7224594640439466,0.6045297782794461,0.8831819415705221,-0.48602985269683263
14811.0,0.9663961595288088,-1.058145946714099,-1.2192193410209997,-1.244856163309911,-0.32196403698294906,-0.6685924144075728
14812.0,1.2459654079011127,-1.058145946714099,-1.157640865968594,-0.848584025185672,-0.12209817180851448,-0.552448258370432
14813.0,0.9376626889884035,0.07394609082159041,0.11464459275712141,-0.03081729956279179,0.7791957222855813,-0.0331846401417654
14814.0,1.226431150604787,-1.058145946714099,-1.2626897232473182,-1.0756752990814846,-0.32196403698294906,-0.7505826041937108
14815.0,-0.5236711079833221,-0.5571872395918231,-0.12819127547329626,0.26520277816786453,0.18806465959309385,0.448883848407748
14816.0,0.5349521297947235,-1.058145946714099,-0.8846198873982366,-2.9060807784127,-1.7640984679528429,-0.037498982515481234
14817.0,0.5445962994855142,0.654643185938614,1.0431788500291177,1.0516733666850842,0.9870131210634252,0.9558805627144886
14818.0,-0.0876328522714647,0.48966298795922886,0.16531405816791217,0.06200948635392683,0.5887058798168258,-0.4866331479233666
14819.0,-0.1794070292720186,0.07394609082159041,-0.490977467176365,-0.6913398038775899,0.17272976344709118,-1.1705609058744004
14820.0,-0.8741833591389503,0.9303406571479473,0.22680510281528116,0.24730450533896833,0.15710275654239486,-0.9190233450089677
14821.0,0.932455689893557,0.654643185938614,0.233377948908481,-0.015759554867775548,0.3526935049184267,-0.5672359568219468
14822.0,1.1108247005950005,-1.058145946714099,-1.2751140509886991,-1.0893783142783806,-1.1954453334565955,-0.7740163293488637
14823.0,0.47738036706216375,-0.20175138038774237,-0.7643068688709593,-1.132288371569837,0.23242103254119895,-1.2953187575414105
14824.0,-1.3187161125298095,1.0480979277381186,1.0545591009064443,0.8997464558983241,0.5602500888610992,0.4935593244387215
14825.0,-1.8243736859341724,2.062432694683636,1.2003275111357625,1.1474296008779876,1.211470473151452,-0.4180791349911008
14826.0,1.2275321383409903,-0.5571872395918231,-0.6342619177881775,-0.7759341463654605,-1.1172535236719159,-0.5038519552097698
14828.0,0.5349521297947235,1.3460575542855853,1.6989483727983201,1.954528618260299,0.43539298020353107,1.3509871073726336
14829.0,-0.6752731880764764,0.654643185938614,0.4310616010742444,0.549596286132849,0.4897435161402434,-0.19589509439442815
14830.0,-0.2983107883386734,-1.058145946714099,-1.1152088422889925,-0.7066363290939456,-0.05813906446410138,-0.47241653340450557
14831.0,1.3271781179392865,-0.20175138038774237,0.42410656345528047,0.3792073455329857,0.37718466862099537,0.9393819298985936
14832.0,1.2782729390801475,-1.058145946714099,-0.7614964047790771,-3.628661084298931,-2.515817022689194,0.19472620599374937
14833.0,1.1290379992392874,-1.058145946714099,-1.6388355676730464,-1.4026767430063911,-1.3785107536966998,-1.4600373545837522
14834.0,-0.9682038613741811,0.654643185938614,0.6218087208691908,0.36948531269097756,0.21790042237482501,0.16275994745948147
14835.0,1.1664073183274863,-0.5571872395918231,-0.8210842570570274,-0.6653981508446892,-2.515817022689194,-0.8551820782969066
14836.0,-1.3187161125298095,-0.20175138038774237,-1.5834754800791537,-1.5663808849782732,-1.614523128595098,-2.822745199313514
14837.0,0.03638109477975766,0.9303406571479473,0.9460348547449827,1.1881586691455934,1.1384985731749109,0.4321690236426068
14838.0,1.0232997359133336,-0.5571872395918231,-0.13267016279747743,-0.20768633277585966,0.40096584261492885,0.4404470038218719
14839.0,1.0156919930971386,-0.20175138038774237,-0.011693479543220848,0.4096695475497316,0.3014022381220454,0.11875642731774526
14840.0,0.7314826127879408,-0.5571872395918231,-0.6774964430658416,-0.669042043482492,-0.586765087019821,-0.5851802599049022
14841.0,-0.2983107883386734,1.4312993642702228,1.4702076233308985,1.3971979567139372,1.2498335012412511,0.8196413707731071
14842.0,-0.41523819700049863,0.07394609082159041,0.7998283502048099,0.5603928117857174,0.9024861982765124,1.2568645291087903
14843.0,1.0441334768929462,-1.058145946714099,-1.0637373222872202,-0.8680734789258341,-1.1954453334565955,-0.37533526847439735
14844.0,-0.1794070292720186,1.0480979277381186,1.4223248215935744,1.4287992993706649,1.074023657541187,1.1859952567208099
14845.0,1.2470333934915165,-1.058145946714099,-1.3109533214675462,0.12393136875236042,-2.515817022689194,-0.841613356056817
14846.0,1.0293216130101532,-1.058145946714099,-0.5429077361629472,-0.6197778847530964,-0.9802035124500996,0.6070098231846046
14847.0,0.3568999011193944,-0.20175138038774237,0.26753697352485095,0.04618934864478248,0.23242103254119895,0.6444662160306536
14848.0,0.9954788591929878,-1.058145946714099,-0.7890189787900925,-0.4246569123197467,-1.0458699940988507,0.1428154347744439
14849.0,-0.8456753236698794,2.7608870603908318,2.038531463121284,2.094670132796883,1.5382721116074227,0.36758887841592564
14850.0,0.8286381285590276,0.654643185938614,0.47286497717786735,0.6843362971963857,0.9088213112787457,-0.11731948619579627
14851.0,-0.8183807704906293,-0.20175138038774237,-0.08260160456476352,0.15701108794485863,-0.07890961835600385,-0.014678467331307456
14852.0,-0.2415192631816249,1.7233615276208618,1.360020007771305,1.4291002469571583,1.0424661878166923,0.27153644609783395
14853.0,-0.7922005967383016,0.2992073267345332,0.2822884333461238,-0.239233298826501,-0.3805884749031534,-0.020057599660954686
14854.0,-0.054309762370586455,1.15560189306089,1.106365753308212,1.181397094390842,1.133714926635295,0.46183770731300144
14855.0,0.21379231870524154,0.654643185938614,1.4024756556606612,1.2848491056488607,1.124063132285242,1.6327486994627272
14856.0,-0.540774126845729,-0.20175138038774237,0.24719803565380155,0.23816934544947707,0.3526935049184267,0.6061621742100468
14857.0,-0.22013977682524094,0.654643185938614,0.984844517346192,0.9411426072331973,1.133714926635295,0.8460285631715532
14858.0,1.137954282661102,-1.058145946714099,-1.1773897370430282,-1.017316959584883,-1.0458699940988507,-0.5896969229675081
14859.0,-1.1640528084915374,0.2992073267345332,0.4364865034296266,0.3814306296966477,0.15710275654239486,0.27001977653947995
14860.0,-0.9353081791524545,-1.058145946714099,-1.2199760458823705,-0.4992963694822978,-1.0458699940988507,-0.6700196476642963
14861.0,-0.31029852425924354,1.0480979277381186,0.28430429898052456,0.5076061319118196,0.31452880707427483,-0.9534431173768745
14862.0,-0.7428435417295326,-0.5571872395918231,-0.07244271033240102,0.28946928052925563,0.09143627489364367,0.553902471364526
14863.0,-0.6752731880764764,-1.058145946714099,-0.8981894756751196,-0.8680734789258341,-1.0458699940988507,-0.06309280205792347
14865.0,-1.5229485149574664,0.07394609082159041,-1.4148788560713752,-0.3308725774292323,-1.7640984679528429,-2.8909336170150417
14866.0,-1.2629135238814884,1.7867352234743035,2.2400489820573948,1.9208596147655748,-0.037881416532715165,1.855309250912912
14867.0,0.4982949986740278,1.5859404542672264,0.8315988257165473,0.45684066001113044,0.37718466862099537,-0.5619124097031409
14868.0,-1.9674812683483254,1.2544959545938104,1.0828460045354265,0.9866049002391734,0.9275383145186272,0.29964560956778374
14869.0,-1.3798409325433134,0.48966298795922886,0.7945943320726186,0.9589072945601871,1.211470473151452,0.6968939730806109
14870.0,0.7170160174661255,0.48966298795922886,0.4906836638189388,-0.018471810005313997,0.020052745320578196,0.12495119880359065
14871.0,-1.9674812683483254,0.9303406571479473,0.21783071435364615,-0.059110734465001924,0.8700553726182927,-0.9358439462838396
14872.0,1.1095037419429616,-0.20175138038774237,-0.09380418739249452,0.18850644712690176,-0.16768729188131876,-0.035756677227102324
14873.0,0.5757347064298897,-0.5571872395918231,-0.061463761317131715,-0.30726505037733026,0.10835219495760728,0.5745856719703262
14874.0,1.1736268151912543,-1.058145946714099,-1.4936731359661615,-0.7933582365477243,-1.4880589811139169,-1.186244148361173
14875.0,0.15213283821989562,-0.20175138038774237,0.8093813598973739,0.6478668604832499,0.5979759564957379,1.6653845379580237
14876.0,1.1566531348790148,-0.5571872395918231,-0.9257845468656223,-0.7342923345111426,-0.9802035124500996,-1.0519483211542555
14877.0,1.0156919930971386,-0.5571872395918231,-0.5435655117974858,-0.6989435988405914,0.24668909751329784,-0.3332031878839979
14878.0,-1.1640528084915374,2.110890520920167,1.0691537794026733,1.0436129601837068,1.0791672045283927,-0.7193805019122907
14879.0,1.331869618003757,-1.058145946714099,-1.1605011332900879,-1.0235513279573643,-0.3507527121214226,-0.5578430547471336
14880.0,-0.06247962061019341,-0.20175138038774237,-0.1983434099665748,-0.18805141382691998,0.05652066271060163,-0.23241209515207553
14881.0,-0.9040178174155593,-1.058145946714099,-0.9294288693769888,-0.2968082174231356,-0.7132292345010023,-0.1220139269076012
14882.0,-0.7195200551006783,1.4312993642702228,0.9801538179805548,0.7845897922401581,-0.21595962957782017,-0.10226126989147032
14883.0,-0.9353081791524545,0.48966298795922886,-0.1439954357174407,0.3046093056627695,-0.05813906446410138,-1.0669335172768535
14884.0,1.3167343976054073,-1.058145946714099,-1.4669926299588096,-1.2626334870875637,-1.2818823689972492,-1.1359216151995357
14885.0,0.27975735187346623,-0.20175138038774237,0.38959531078590126,0.6359170219128273,-0.4437267787202448,0.8743690933848726
14886.0,0.6946852246521797,-1.058145946714099,-0.6733675241480435,-0.7424124492385259,-0.6688728615528973,0.36094751067332087
14887.0,-0.04624267237073655,-1.058145946714099,0.4996548283319174,0.5221019459485301,-1.4880589811139169,2.573403909204484
14888.0,0.5665508950955468,-1.058145946714099,-0.6647516337503101,-0.6510211644571734,-0.586765087019821,0.3771980806639163
14889.0,0.8760190673835795,-1.058145946714099,-1.381592423430757,-1.1176717491805908,-1.1172535236719159,-0.9748469068025357
14890.0,0.6972051697365015,-0.20175138038774237,-0.09323153638281681,0.16219410088754466,0.21790042237482501,-0.034679225509887425
14891.0,0.3526100844636154,0.07394609082159041,0.1250363053804121,0.30294418847265164,0.21790042237482501,-0.013637983781985713
14892.0,1.33745448812043,-1.058145946714099,-1.0964696360345507,-1.2024078265981781,-0.9194058466176699,-0.43707221392637957
14893.0,-1.3187161125298095,-0.20175138038774237,0.47910042262253705,0.4896531046365794,0.6853342645162757,1.0429878123484295
14894.0,0.0001383902963132679,-0.20175138038774237,0.34050592899641663,0.127206334550111,-0.05813906446410138,0.7819004973105791
14895.0,-1.4474112861963695,2.611849228042442,2.374276304020135,2.018697120354935,1.9127981788600892,1.1672333259068892
14896.0,0.5603544681590024,0.8001660338568091,0.5836839174720382,0.5321798862096141,1.031671386584256,-0.0897859588075118
14897.0,-1.4474112861963695,0.8001660338568091,0.8761827924579002,0.5581345402494097,0.6514988276797011,0.46038886188461664
14898.0,-0.8183807704906293,1.4312993642702228,0.9558543268647105,0.9915976707913504,1.2026961322161416,-0.14792656523866438
14899.0,0.9794848831855826,-1.058145946714099,0.2864653432355777,0.10842881077944226,0.8896672959534744,2.1713037792250613
14900.0,1.1578805519021536,-1.058145946714099,-2.9788218448193704,-1.5248267984910486,-2.515817022689194,-3.9874071072134085
14901.0,-1.2629135238814884,1.2544959545938104,0.6485636233794048,0.4934079441710827,0.7257558910386418,-0.5165180090123064
14902.0,-0.7428435417295326,-0.20175138038774237,0.07722678264427363,0.24000655597032053,0.15710275654239486,0.28612668595954766
14903.0,-0.8741833591389503,0.2992073267345332,0.7962338901409179,0.7415266006218392,1.3697273015336935,0.9472955635042027
14904.0,-2.1519790306632065,0.07394609082159041,0.4085053068292224,1.0745049915078742,0.8961017842882889,0.5198230699210079
14905.0,0.39426922020759336,0.8001660338568091,0.5407703705815543,0.46536132945478387,0.05652066271060163,-0.17044798111552453
14906.0,1.0557414896988655,-1.058145946714099,-1.8707221680901613,-3.628661084298931,-2.515817022689194,-1.897402415651716
14907.0,-1.9674812683483254,1.5859404542672264,1.362197885406569,1.1402337115247738,1.0478107868958557,0.43527478044939044
14908.0,-0.0876328522714647,-0.5571872395918231,-0.6404456962649949,-0.6581703754853391,-0.862804573858747,-0.5154850281345442
14909.0,1.0441334768929462,-0.20175138038774237,0.296687572947958,0.3814306296966477,0.3014022381220454,0.6993679166791594
14910.0,-1.9674812683483254,0.07394609082159041,-0.5479385071100393,-0.48257374991591023,-0.4115503779538524,-1.2772888992528348
14911.0,-2.4120140217391843,5.484918302069179,4.151680234898583,3.754363918370485,3.3508904663851315,1.3270488594862748
14912.0,-1.0028785328055105,0.48966298795922886,0.5101185643382022,0.8526840941917745,0.038489320235348796,0.16150965989570895
14913.0,-0.540774126845729,0.8001660338568091,1.0634967332968053,1.3633366004800664,1.1620071460508272,0.8129928571072439
14915.0,0.04339018311183878,1.15560189306089,0.4797528203741409,0.23169839153661606,0.3526935049184267,-0.7156877165210184
14916.0,-0.1138130260237924,0.8001660338568091,0.8534429538792804,1.0390011632068874,0.8010741670374462,0.417595757509801
14917.0,1.2438240863831336,-0.5571872395918231,0.13602384673787274,0.383646423837706,-0.2941514393624997,0.9466896320257472
14918.0,0.19755537046578467,0.9303406571479473,1.3372341314100886,1.0750206488755696,0.5105140700321456,1.1687027168214204
14919.0,1.1783950542480568,-1.058145946714099,-0.684184315311997,-0.8830791702047491,-0.9194058466176699,0.34054578621200204
14920.0,0.5847888596192942,-0.20175138038774237,0.39366191242405757,0.37994927560467073,0.6162076636214244,0.8820296224465649
14921.0,-0.6542442484349309,-0.5571872395918231,0.24976860021526362,0.4278436521875796,0.5001945244425666,1.1610491448008626
14922.0,0.9778633268252847,-0.5571872395918231,-0.07027273629246744,-0.18279662471361577,0.12492635577600246,0.557990447812655
14923.0,-0.3225146116861712,-1.058145946714099,-0.15589531351986113,-0.11332436878869706,0.038489320235348796,1.3369602022012483
14924.0,0.6767627952879732,-0.20175138038774237,0.0005721325015948478,-0.305160341577133,-0.2672508963742018,0.14184083541363474
14926.0,0.9580779469522994,-0.5571872395918231,-0.6840843370728359,-0.5835033778764733,-2.183176263091345,-0.5975715677507077
14927.0,0.982715747443508,-1.058145946714099,-0.794498094858402,-0.609684782260171,-0.586765087019821,0.13248118549266544
14928.0,1.2762369843581085,-1.058145946714099,-1.0238542458633033,-0.4047996776888514,-0.5486003891756687,-0.30011115408250266
14929.0,-0.6141483680629726,-0.5571872395918231,-0.07631187194269574,-0.013058438386405854,-0.16768729188131876,0.5466134611831418
14930.0,0.1579897300569208,0.48966298795922886,1.2458927827263242,0.9774017037716369,1.3177393102307873,1.5469693233398973
14931.0,-1.7074462772723475,0.2992073267345332,0.21709256871642932,-0.11489598468296687,-0.2672508963742018,-0.14265208110594463
14932.0,0.9307105862349311,-0.5571872395918231,0.07307180884457469,-0.2546192855417444,-0.2941514393624997,0.828064988471589
14933.0,1.0543019263585547,0.07394609082159041,0.4631613009873645,0.12393136875236042,-2.515817022689194,0.6227295225974344
14934.0,-0.022632943738098474,0.2992073267345332,0.9549686517982335,0.9471176413141815,0.8153422320095451,1.2463059658860447
14935.0,0.7971428378544745,-0.5571872395918231,0.8062110742766033,0.8919626853044812,-0.4115503779538524,2.2100094048225456
14936.0,-0.5764124726865254,1.2544959545938104,1.8662311781008583,1.666769625256145,1.502336744094668,1.774837356795461
14937.0,-0.2524823540546596,-0.20175138038774237,0.4002232460984739,-0.017114284365895672,-0.1914684658752519,0.8943897579222171
14938.0,1.2051450416307883,-0.5571872395918231,0.6588024753785082,0.6658744038583051,0.4240770344914922,1.9320878417128096
14940.0,1.0156919930971386,-0.5571872395918231,-0.40280109176736995,-0.16898570386098052,-0.21595962957782017,-0.06825462798362389
14941.0,1.2242234885320706,-1.058145946714099,-1.172057106085795,-1.1942372750823944,-1.3785107536966998,-0.5796389616188664
14942.0,0.9907224082272229,0.07394609082159041,-0.15833953767644315,-0.22234367335609284,-0.9802035124500996,-0.5463502735284975
14943.0,1.3109653164344783,-1.058145946714099,-1.5483342066155015,-1.5522358034901937,-1.614523128595098,-1.289341276265871
14944.0,-0.6542442484349309,1.7867352234743035,1.694925022125372,1.499375193967213,1.1982735174240835,0.8284670866654053
14945.0,1.0095401454577722,-1.058145946714099,-1.1827621256600067,-0.7589597607014165,-1.0458699940988507,-0.5998298718801189
14946.0,-1.1198059414673356,-1.058145946714099,-1.5943538887147657,-2.0222782993066613,-1.9471638881929467,-1.37613974170315
14947.0,-0.10496702096475002,0.48966298795922886,0.08701016194180783,-0.11647136493027929,0.09143627489364367,-0.6336604613977691
14948.0,-0.8183807704906293,0.48966298795922886,0.12193318986871346,0.19932932457925942,0.23242103254119895,-0.5680961115545761
14949.0,1.0893557436471168,0.07394609082159041,-0.42546904479488407,-0.4503524041750327,-0.7601216003714991,-1.0477518766341913
14950.0,-0.9353081791524545,-1.058145946714099,-0.6608691181208309,-0.848584025185672,-0.6267921989603487,0.38452095607944264
14951.0,-0.04624267237073655,-1.058145946714099,-0.786410180528274,-0.30726505037733026,-0.586765087019821,0.14773593129749366
14952.0,-0.22013977682524094,2.4054512011867506,2.1191402158715293,1.736612260464029,1.4152191667836551,0.9199698753817134
14953.0,-0.7670473650770303,0.07394609082159041,0.0618756734367058,0.4776193574633178,1.274447139088575,-0.13243003401957226
14954.0,-1.2115801184678894,-0.5571872395918231,-0.441796145401779,-0.5370567252723396,0.7865535568710715,-0.1416621728983612
14955.0,1.3752433396257897,-1.058145946714099,-1.2480666339903637,-1.244856163309911,-0.2672508963742018,-0.7230017594430184
14956.0,1.0202674598207486,-1.058145946714099,0.2546378782766618,1.0617434246636865,-1.7640984679528429,2.111273483682519
14957.0,0.6946852246521797,-0.5571872395918231,-0.7382770109985001,-1.017316959584883,-0.3507527121214226,-0.6994915429810961
14958.0,0.34829137993598897,0.48966298795922886,0.021098202303091895,-0.4529780401521651,0.17272976344709118,-0.7573617044135943
14959.0,-0.1794070292720186,0.07394609082159041,-0.20940195275391435,-0.0036909421566538865,-0.10021972705664996,-0.642261059347198
14960.0,-1.4474112861963695,-0.5571872395918231,-1.0323626229719896,-0.5311044589581426,-0.47721685960260357,-1.2521297716207984
14961.0,-1.2629135238814884,1.9594133665673954,2.067501885537076,1.856481836090315,1.670575380230482,1.3311785992892227
14962.0,0.7385953496372302,0.07394609082159041,-0.6692229554382321,-0.9141583819899257,-0.862804573858747,-1.5043414832835262
14963.0,-1.3187161125298095,1.2544959545938104,0.8816532311258453,1.0117659025901675,1.6084339089262203,-0.07868025359769121
14964.0,0.6793540117376464,-1.058145946714099,-1.0829195018369864,-0.8158082295413044,-0.9194058466176699,-0.411515087037044
14965.0,0.07733065274709057,-0.5571872395918231,-0.31678710244257846,-0.2022729611569515,0.5207054191909427,0.09369106767546785
14966.0,-1.0784157615666075,0.48966298795922886,0.13093824630672207,0.520906089366719,0.8831819415705221,-0.5511877017174887
14967.0,-0.3349679194593694,0.48966298795922886,0.5448578715457436,0.17851049578171257,-0.5121324717856456,0.22686325876537375
14968.0,-0.6542442484349309,-0.5571872395918231,-0.4395853633181552,-0.42971632910462676,0.5505411819726732,-0.13750061832345292
14969.0,1.349390734723095,-1.058145946714099,-0.01884608262139081,0.19147584692808867,-0.9194058466176699,1.5954509693840293
14970.0,-0.14110757920304226,1.2544959545938104,1.1994888316835866,0.44753940081876353,0.4240770344914922,0.5191149403676911
14971.0,-0.5583457794146515,-0.20175138038774237,0.13140909366576983,0.17040289310445242,0.9984076522496489,0.3881312324622122
14972.0,0.26017338137229135,-0.5571872395918231,-1.3348726027941378,-1.6420643925920622,-0.586765087019821,-1.8195268596783283
14973.0,0.14622196505218568,-0.20175138038774237,0.24888172295494243,-0.19512375012878516,-0.2941514393624997,0.6093329775121653
14974.0,-0.5236711079833221,-1.058145946714099,-1.5047656003641523,-1.5808368721392683,-0.7132292345010023,-1.2071658245602062
14975.0,-0.2524823540546596,-0.5571872395918231,-0.48757494591846895,0.013359608285288696,-0.4115503779538524,-0.22782994638774956
14976.0,-0.2524823540546596,0.654643185938614,-0.11685496155486857,-0.49367478877460497,0.09143627489364367,-1.2238758276854547
14977.0,1.3690978081484741,-1.058145946714099,-2.4083415717582413,-2.183500472526469,-1.7640984679528429,-2.911415053267053
14978.0,-0.10496702096475002,1.0480979277381186,0.8765497002645251,0.26166187627085485,1.1573590143130723,0.15866258055263244
14979.0,1.3769884432844162,-1.058145946714099,-0.5395296677034028,-0.5552437164184574,0.0011923041824166546,0.613381252648156
14980.0,1.3787288112420826,-1.058145946714099,-1.307715551072724,-1.2024078265981781,-0.4437267787202448,-0.8355065450383786
14981.0,0.6767627952879732,-0.5571872395918231,-0.657546804212619,-0.4743692243337022,-0.586765087019821,-0.5476546832796672
14982.0,1.2164362698867952,-1.058145946714099,-0.9807322912574035,-0.9036346224583335,-0.05813906446410138,-0.21877813925691908
14983.0,1.3355982633836874,-1.058145946714099,-1.1677409893249049,-1.1176717491805908,-0.2672508963742018,-0.5714982641084992
14984.0,-0.9353081791524545,0.48966298795922886,0.22491041881169796,-0.2297966815900328,0.10835219495760728,-0.37468609344715614
14985.0,0.5381829940526488,-0.5571872395918231,-0.8216890352357091,-0.4246569123197467,0.5001945244425666,-0.856318943598816
14986.0,0.9479515492166357,-0.5571872395918231,-0.356408418802572,-0.24496094842291352,0.5887058798168258,0.019088482584748476
14987.0,-1.0395356639262063,0.8001660338568091,0.4399446933868883,0.19737472896898794,-1.7640984679528429,-0.35989526568982083
14988.0,0.5817849890277144,0.654643185938614,0.5747409399632629,0.6196384879529337,1.1384985731749109,0.07423333215341385
14989.0,1.3099987372027848,-1.058145946714099,-0.7189023732391803,-0.5964638157260045,-0.6688728615528973,0.2750634966007438
14990.0,1.2597123935708792,-0.5571872395918231,-0.8010062089391119,-0.8780391383485852,-0.0181119525235737,-0.8174374590330794
14991.0,1.0338012018782479,-1.058145946714099,-0.7795752969935784,-0.6265937067707593,-0.5486003891756687,0.16062731548772896
14992.0,1.0514130692268566,-1.058145946714099,-1.0681529434804677,-0.8067360727591756,-0.3507527121214226,-0.3836636429012241
14993.0,1.2074192468466634,-1.058145946714099,-2.321840724728276,-2.051515154316317,-1.1954453334565955,-2.748264409048547
14994.0,0.9580779469522994,0.2992073267345332,0.023116766439257926,0.09826639667986224,1.3910374102343395,-0.5071836388052647
14995.0,-0.4907754257615954,-0.5571872395918231,-0.9945958459332185,-1.0298453562635617,0.18806465959309385,-1.181208104870175
14996.0,1.1055244621722873,-0.5571872395918231,-0.534914594194742,-0.13567626036680622,-0.10021972705664996,-0.31692349853870627
14997.0,-0.3873500989396135,0.07394609082159041,-0.12994983648922742,0.6843362971963857,-0.12209817180851448,-0.4930138800117277
14998.0,0.4409316275594932,0.07394609082159041,-0.1354101349080057,-0.19868864199310854,0.7865535568710715,-0.5032729071050717
14999.0,1.2395198742615607,-1.058145946714099,-1.416203070516196,-1.132288371569837,-1.1954453334565955,-1.0401266070909336
15000.0,-0.36062434863474907,-1.058145946714099,-0.46049285187982547,-0.5400531812013325,0.47915765239960845,0.7624538670946825
15001.0,0.9778633268252847,-0.5571872395918231,-1.001924132326867,-1.186166978263674,0.038489320235348796,-1.194971046131727
15002.0,0.19755537046578467,0.9303406571479473,1.1843832907672736,1.0664601687419977,1.3441450443638419,0.8808389393988941
15003.0,1.0947907354871098,0.48966298795922886,0.09445326581144192,0.06321080347110442,1.4583204304497215,-0.6196880461108188
15004.0,0.34829137993598897,-1.058145946714099,0.21055945272083523,0.1559695660505654,1.0531207928583965,2.0281364535551805
15005.0,-1.0395356639262063,3.0807148010694942,1.9584936681282816,1.89344303225769,2.152514366176474,-0.1407136751134684
15006.0,-0.3225146116861712,-0.5571872395918231,-0.08631648138421345,-0.11647136493027929,1.1093691324834083,0.5277662617078552
15007.0,0.3982900810201226,-1.058145946714099,-1.2787100825475233,-1.2902342195152068,-0.9802035124500996,-0.7807988625331802
15008.0,1.1041925298164252,-0.5571872395918231,-0.6828856789240842,0.7259380145930437,-1.4880589811139169,-0.5953170097730778
15009.0,-1.2115801184678894,-0.20175138038774237,0.21943600033939262,0.1683602798515559,1.0207326504320022,0.5538809796957235
15010.0,-0.540774126845729,-1.058145946714099,-0.7927755791413152,-0.6510211644571734,-0.586765087019821,0.13573005019825446
15011.0,0.9811023498659778,-0.5571872395918231,-0.5779341115161716,-0.3553590950482323,-0.7132292345010023,-0.39787512816544196
15012.0,-0.28654302333393833,-0.20175138038774237,-0.056015476043598765,-0.02393010638355865,1.1093691324834083,0.03534776889217242
15013.0,1.1147713296580601,1.0480979277381186,0.40879495371096813,0.8261356989834648,1.1666290909919852,-0.7200355014598662
15014.0,-0.4296506057480915,-0.5571872395918231,-0.9161463117207552,-0.7802470860088049,-0.2941514393624997,-1.0338392940954308
15015.0,1.131598183073706,1.3460575542855853,0.6718918169603194,0.7654769270591997,1.074023657541187,-0.5809414378224427
15016.0,0.45208539041217766,0.2992073267345332,-0.28014383775760643,-0.45826096766153757,0.6428173386552047,-1.076225635036785
15017.0,-0.5764124726865254,-1.058145946714099,-1.4380697861991967,-1.3491740126569907,-0.586765087019821,-1.0813697725987648
15018.0,-0.4907754257615954,-0.20175138038774237,-0.3066977031969991,-0.5645293427226981,-0.2672508963742018,-0.4361590871178698
15019.0,0.7290940618003953,-1.058145946714099,-0.900237688587427,-0.74651041226979,0.34016817678249833,-0.06695596950209724
15020.0,0.9530347346034082,-1.058145946714099,-1.0926879137484613,-0.9752565444053659,-0.3507527121214226,-0.4299394464632213
15021.0,-1.3798409325433134,1.2544959545938104,0.7893323687341159,0.5885260461905456,1.7352822254882323,-0.252164947237435
15022.0,-1.2115801184678894,0.2992073267345332,0.1748956288147894,0.1825271246848983,0.8153422320095451,-0.22198078218691386
15023.0,-1.9674812683483254,1.8470162614078611,1.8521533121409937,1.5243129534694744,1.9923387650392004,1.0549262685548233
15024.0,-1.3187161125298095,1.5859404542672264,1.0639175620326669,0.9779993602769184,1.124063132285242,-0.1256265737471849
15025.0,-0.5950029105353472,-0.5571872395918231,0.06139264024021487,0.023636707045639957,0.9275383145186272,0.8060582460559063
15026.0,-0.03827579726269536,0.2992073267345332,0.09507063315757035,0.19932932457925942,0.7717713000569296,-0.3720054134467995
15027.0,-0.6338830081757483,1.0480979277381186,0.8887028243146406,1.1320135606585675,0.40096584261492885,0.18151988376147746
15028.0,-1.4474112861963695,0.48966298795922886,0.15745899171380606,0.3095795127308114,0.3526935049184267,-0.5013854031988377
15029.0,1.2680279097306315,-1.058145946714099,-0.6727767932848463,-0.49367478877460497,-1.1172535236719159,0.3620616976922873
15030.0,-0.10496702096475002,0.8001660338568091,0.5438763646665641,0.5928319269624064,-0.4115503779538524,-0.16461038851713225
15031.0,-1.8243736859341724,1.4312993642702228,0.8798526191097897,0.7744925577243597,1.4049427101962726,-0.29071667772633114
15032.0,0.7022155483365661,0.8001660338568091,1.9416697576043613,1.8475449504341097,-0.05813906446410138,2.4676861462406467
15033.0,-1.7074462772723475,1.0480979277381186,0.7364199529993641,0.8062726977286697,1.6375007934350612,-0.10480564905611701
15034.0,-1.0395356639262063,1.4312993642702228,1.577518692945253,1.4890193157774354,1.8650318922069538,1.021701843793819
15035.0,0.03638109477975766,-1.058145946714099,-0.9369720497421328,-0.4635866723774432,-0.3805884749031534,-0.13624124118584535
15036.0,-0.10496702096475002,-0.20175138038774237,-0.4980627306798209,-0.2743721496068976,0.7567177940893411,-0.7957420320728723
15037.0,0.9479515492166357,-0.5571872395918231,-0.602666861858718,-0.3286910797782772,-0.037881416532715165,-0.4444105979784205
15038.0,-0.23074043468561758,0.9303406571479473,0.24636296015774764,-0.07817644443094136,1.2244584972993122,-0.8823617590418963
15039.0,-1.3187161125298095,3.698773764039586,2.710075624820512,2.3665640527157836,2.111308478563333,0.5852766759594734
15040.0,1.1819481115290005,-1.058145946714099,-3.385102063143995,-3.628661084298931,-2.515817022689194,-4.753698786761186
15041.0,0.4409316275594932,-0.5571872395918231,-0.82832646030465,-0.6063545425438546,0.6853342645162757,-0.8687958008040271
15042.0,0.5413976634342754,-0.5571872395918231,-0.7777969544377437,-0.48257374991591023,-1.1954453334565955,-0.7738022437551016
15043.0,-0.6338830081757483,0.48966298795922886,0.8122445479369487,0.4795341213740282,-0.05813906446410138,0.7301258179987506
15044.0,-0.9353081791524545,2.5129551665095216,2.0584074368200995,1.5532158235990552,1.7095331115410488,0.6840877735405565
15045.0,0.3695998250074675,-0.5571872395918231,-0.1689236918152943,-0.9637172845910725,-1.0458699940988507,0.37215904353115825
15046.0,-1.3798409325433134,2.110890520920167,1.5327338118299734,1.4769608763160018,1.4420098920812565,0.15123300820504948
15047.0,0.736233191538285,-1.058145946714099,-0.716346852836662,-0.5281484048190704,-0.5121324717856456,0.2798835048931476
15048.0,-0.1696156146721137,0.07394609082159041,-0.4719750615282859,-0.5135641944509618,0.5793298571111467,-1.134943979980451
15049.0,0.7456300658619328,-1.058145946714099,-1.463622741552478,-1.3491740126569907,-1.9471638881929467,-1.1295656142664232
15050.0,-0.7670473650770303,0.2992073267345332,1.0845280027408977,1.0945721800667036,0.8223842757380923,1.4904149383985377
15051.0,-0.8183807704906293,0.9303406571479473,1.0386711473681491,1.1931307820904242,1.3661211723993998,0.6065137025770923
15052.0,0.8428228344109817,-1.058145946714099,-1.0503845459420025,-1.178194505634738,-0.3507527121214226,-0.35015038141689603
15053.0,-1.7074462772723475,-0.20175138038774237,-0.20695385185709209,0.45021035246417296,0.12492635577600246,-0.24860631512547152
15054.0,-1.2115801184678894,-0.5571872395918231,-0.8088562973471882,-0.6030410799249616,0.7413828979433381,-0.8321952123893063
15055.0,1.0974910561031592,-0.20175138038774237,-0.36512735962696474,-0.5049664126903386,0.4897435161402434,-0.5459881595495385
15056.0,1.1554233642263942,-1.058145946714099,-1.3946051465753275,-1.186166978263674,-1.4880589811139169,-0.9993904140278266
15057.0,0.7479579275786754,0.2992073267345332,0.9021826002359331,0.6777684158413487,0.31452880707427483,1.1468631053960603
15058.0,-0.7670473650770303,1.5859404542672264,0.9354884545278745,0.792557435875949,1.3875239442341725,-0.36688702390434363
15059.0,-0.4594850640247002,1.7867352234743035,0.9590836610314016,0.7753060654827457,1.6191232205022015,-0.5549895094447174
15060.0,-1.4474112861963695,0.07394609082159041,-0.8065064962694922,-0.4171400197733095,0.5307717179635321,-1.760969044682256
15061.0,-1.8243736859341724,4.08022145124404,3.6009126107354543,3.346795281384585,0.921346639414674,1.8401351538621722
15062.0,-0.1138130260237924,0.8001660338568091,0.736127498256446,0.8715639226834505,0.6853342645162757,0.19687640952208219
15063.0,0.5847888596192942,-1.058145946714099,-0.661643949547745,-1.4253590231077382,-1.614523128595098,0.38305953401477816
15064.0,1.0033287148318906,0.07394609082159041,0.21521806068041766,0.32103265429747607,0.46843340743959727,0.15602338770156365
15065.0,-0.5070123740010525,0.2992073267345332,0.9177007250567616,0.7018397080541435,1.0636387966331442,1.1760965722388432
15066.0,-0.2983107883386734,-1.058145946714099,-0.028956356598935227,-0.29473665369865176,0.0011923041824166546,1.5763818183953626
15067.0,-0.054309762370586455,0.2992073267345332,1.0281078450147085,0.9665499664100461,1.133714926635295,1.3841054150429166
15068.0,-0.3873500989396135,0.07394609082159041,0.1692647758911386,0.34100142964542135,1.1712251425483466,0.06956349485977938
15069.0,0.4738273097812196,-1.058145946714099,0.12685544462725107,0.029979291768293403,0.4126028186801636,1.8702609724121064
15070.0,0.942827752064887,-0.20175138038774237,-0.07069084493388139,-0.1845435605050292,-0.3805884749031534,0.007733075316101453
15071.0,0.06396922782168996,0.07394609082159041,0.3223092136664408,-0.11647136493027929,-0.0181119525235737,0.35756221180897796
15072.0,1.1028578254869597,-1.058145946714099,-1.151036214429603,-0.7262712480428852,-0.9194058466176699,-0.5399911184646012
15073.0,-1.3187161125298095,0.8001660338568091,0.7904157441026919,0.6852692348546585,0.8153422320095451,0.29900411980598274
15074.0,0.13423422913161528,-0.20175138038774237,0.37512584107687197,0.49961876405933053,0.32744864979204164,0.8471124270853633
15075.0,-0.054309762370586455,-1.058145946714099,-0.13326573282022883,-0.06930816258885521,-0.3507527121214226,1.3796422197341018
15076.0,0.45208539041217766,-0.20175138038774237,0.31843006032537463,0.3649492882377048,0.3891614223084505,0.7403193777371075
15077.0,1.1238867651285056,-0.5571872395918231,0.6908458426919769,0.04000190001399655,-0.32196403698294906,1.9924999225630204
15078.0,-1.5229485149574664,3.0139138736317976,2.124536765297845,1.9033193502583938,0.8362895757000253,0.245980289116052
15079.0,0.5847888596192942,1.15560189306089,1.0072760644416427,0.7276884372863565,0.8431548296299944,0.27540526711367247
15080.0,1.0308182885991817,-0.5571872395918231,-0.383098908674954,-0.3599108152129162,-0.24120448470420522,-0.0311627361246934
15081.0,-0.8456753236698794,1.2544959545938104,0.5386959090786408,0.31778062819737996,0.46843340743959727,-0.7226718553479009
15082.0,1.3167343976054073,-1.058145946714099,-1.6498256316415092,-1.5956177399879288,-1.4880589811139169,-1.4807658916793038
15083.0,0.7047061347631505,-1.058145946714099,-1.690272692919973,-1.6749572933624948,-1.614523128595098,-1.557053747011411
15084.0,0.9547202157281579,-0.5571872395918231,0.02653316404564663,0.12393136875236042,-0.24120448470420522,0.7403755874349666
15085.0,1.3726167481092915,-1.058145946714099,-0.7081964826716394,-0.7066363290939456,-1.1954453334565955,0.2952560496565774
15086.0,1.2085533323744282,-0.5571872395918231,-1.0413008328719353,-1.0824911210991475,-1.1172535236719159,-1.268912298273109
15087.0,0.7640205789835691,-1.058145946714099,-0.7974405346294597,-0.03637945481518508,-0.8098576192004525,0.12693140233209216
15088.0,-0.8741833591389503,-0.5571872395918231,0.15892516560842648,-0.05049417971872512,0.18806465959309385,0.9898464125195607
15089.0,-1.3187161125298095,0.48966298795922886,0.6886948699549187,0.6610559138912184,0.9696189771111754,0.49753805136710016
15090.0,0.8203894592349804,-1.058145946714099,-0.6415380464687104,-0.5707933990113551,-0.47721685960260357,0.420981602440339
15091.0,-0.14110757920304226,-0.20175138038774237,0.08482612839686843,0.10393155606934312,0.21790042237482501,0.3004324788678506
15092.0,0.5907547184430448,-0.20175138038774237,-0.13007958459198432,-0.5049664126903386,-0.05813906446410138,-0.10400506797686782
15093.0,-0.9682038613741811,2.0119964593872464,1.9696399769996307,2.074174573137494,0.7336066022127771,1.086531642595436
15094.0,1.0811159061179179,-0.5571872395918231,-1.733554573815608,-1.869817524092209,-1.7640984679528429,-2.5646757771426487
15095.0,0.12815527178031155,1.0480979277381186,0.8764350616422516,0.9874887359002433,0.6162076636214244,0.15844697620222098
15096.0,-0.4296506057480915,-1.058145946714099,-1.0384834528711433,-0.9302666386620904,-1.0458699940988507,-0.32770353762191623
15097.0,-1.8243736859341724,-0.20175138038774237,-0.017164176855999743,-0.1039727287067449,0.27450169513374717,0.10846061537904461
15098.0,0.48442796764159624,-0.20175138038774237,2.7080038824525046,-0.9248532670431823,-2.515817022689194,5.2455262522953054
15099.0,-0.007362574730335169,-1.058145946714099,-0.5885726752898017,-0.24304618451220317,-0.47721685960260357,0.5208804441952375
15100.0,0.8722016442145482,0.654643185938614,0.8174643600323213,-0.26048310689664694,-1.0458699940988507,0.5309127868126065
15101.0,-1.3798409325433134,0.48966298795922886,0.3332969073003609,0.20225036981926645,0.17272976344709118,-0.17099969145960034
15102.0,1.1688228586551845,-0.5571872395918231,-0.3720962751840792,-0.2507389147655574,-0.3805884749031534,-0.010448056248967054
15103.0,-0.6338830081757483,-0.5571872395918231,-0.20123283133792172,-0.270373833714497,-0.14457610000475504,0.3113047421362981
15104.0,0.5349521297947235,-0.5571872395918231,0.07151800628063484,0.16322582021879325,0.36503047510217346,0.8251371801451621
15105.0,-0.9682038613741811,0.9303406571479473,0.8656396210171261,0.8261356989834648,0.9088213112787457,0.2809041351143302
15106.0,-0.9682038613741811,0.2992073267345332,0.3057753379123371,0.5687929379544485,0.6162076636214244,0.024115262399191623
15107.0,0.8265858861715248,0.9303406571479473,0.007757506224215793,-0.21864860218355642,-0.21595962957782017,-1.3291670824687216
15108.0,0.3262505441323444,0.07394609082159041,0.24106078567961317,0.002919374176223124,0.14117229372259663,0.20465162282220825
15109.0,0.6767627952879732,-0.20175138038774237,0.03976085180641637,-0.42971632910462676,0.07416420415895746,0.21560125628563137
15110.0,-0.7922005967383016,0.48966298795922886,0.34676894708416967,-0.2546192855417444,-0.47721685960260357,-0.14567468308921383
15111.0,-0.6752731880764764,0.2992073267345332,0.7754966386662544,0.5592646452332911,0.7717713000569296,0.9082390701101218
15112.0,1.2586653317891858,-1.058145946714099,-1.0719104891996298,-1.2626334870875637,-1.3785107536966998,-0.390750810551148
15113.0,-1.3187161125298095,-0.20175138038774237,0.9764072522669143,1.0310585694040477,0.4897435161402434,1.9802184941301701
15114.0,-0.6542442484349309,1.2544959545938104,0.9333918820127644,1.2889575405446383,1.0370865419358446,0.01857872605966183
15115.0,-0.9682038613741811,-0.5571872395918231,-0.4023140856536215,-0.4635866723774432,-0.14457610000475504,-0.06733779908437754
15116.0,-0.9682038613741811,0.07394609082159041,0.26956253538593994,0.17446918697622335,-0.10021972705664996,0.258287989430245
15117.0,-1.0784157615666075,0.8001660338568091,0.7078176254163817,1.2016894056371947,0.607142454731596,0.14362767290784872
15118.0,0.2893295474663386,-1.058145946714099,-0.9598526929025244,0.6991067916340292,-2.515817022689194,-0.17939679167956996
15119.0,0.6767627952879732,-1.058145946714099,-0.899158956114114,-1.132288371569837,-0.862804573858747,-0.0649213547670592
15120.0,0.2893295474663386,-1.058145946714099,-0.6852449383384415,-0.33967165098601143,-0.5486003891756687,0.3385453279970963
15121.0,-0.3349679194593694,-0.5571872395918231,-0.510258909339395,-0.5997442262109776,-0.32196403698294906,-0.2705229159324876
15122.0,0.18649776552599168,1.15560189306089,1.1348931840558465,0.9296704395505312,1.0583966506364906,0.5155220223007173
15123.0,-1.5229485149574664,0.2992073267345332,1.1598766017644955,1.0680249298419846,1.0262202498700983,1.6324025917246778
15124.0,-0.8183807704906293,0.07394609082159041,-0.5211803141424215,-0.04764689848078281,-0.2672508963742018,-1.2271589498829916
15125.0,-0.7670473650770303,2.062432694683636,2.0940002362370276,1.861256174572798,1.0370865419358446,1.2629951900001453
15126.0,1.1760153661788,-0.5571872395918231,-0.5233046164192318,-0.3926866108572838,-0.4115503779538524,-0.2950746250584302
15127.0,-0.15997144498132296,-0.5571872395918231,-0.19295298316930543,-0.04481189004488256,-0.3507527121214226,0.32689948386696316
15128.0,-0.22013977682524094,0.2992073267345332,0.46870609862668805,0.7613377004413101,0.5887058798168258,0.3306506995001504
15129.0,-0.3349679194593694,2.0119964593872464,1.4390858925945942,1.371104722973918,0.5793298571111467,0.08811059750340887
15130.0,0.4409316275594932,-1.058145946714099,-0.7451646084946182,-0.6063545425438546,-0.5121324717856456,0.22552987065765506
15131.0,0.9794848831855826,-1.058145946714099,-1.7572742054840857,-1.132288371569837,-1.3785107536966998,-1.683426381659283
15132.0,-0.9682038613741811,0.2992073267345332,0.035965214206919935,0.20515849956283028,0.12492635577600246,-0.4830494728957123
15133.0,0.26017338137229135,0.2992073267345332,0.47802107901303875,0.4326520773339149,0.05652066271060163,0.3481807970893169
15134.0,-1.0784157615666075,1.0480979277381186,0.38877020660809775,0.49589931434238477,0.09143627489364367,-0.7575957788843545
15135.0,0.6583250720961007,-0.5571872395918231,-0.800395038714981,-1.1625337434223337,-0.7132292345010023,-0.8162884691379915
15136.0,-1.9674812683483254,0.07394609082159041,0.233517861760133,0.2928639767816046,0.3014022381220454,0.19045768786873132
15137.0,1.1566531348790148,-0.5571872395918231,-0.08783578119967117,0.11953922596126974,-0.16768729188131876,0.5249041538845974
15138.0,0.9778633268252847,-1.058145946714099,-0.4431115664285839,-0.3308725774292323,-0.24120448470420522,0.7952369902210196
15139.0,0.6609917087814282,-0.5571872395918231,-1.1845218167850333,-0.5707933990113551,-0.9194058466176699,-1.5376892536061508
15140.0,-0.31029852425924354,0.8001660338568091,0.8994627711031596,0.9183217562935335,0.7257558910386418,0.5042015419052569
15141.0,1.0741675694743047,0.654643185938614,0.28832956279608235,0.5776363779213901,0.038489320235348796,-0.4640538192125666
15142.0,-0.3873500989396135,0.48966298795922886,0.7456201580308885,0.9641139601483418,0.8153422320095451,0.6046930427077957
15143.0,0.62261037347245,-0.5571872395918231,-0.36056962631751277,-0.2885608248606143,-0.3507527121214226,0.011253797702729263
15144.0,-1.4474112861963695,2.2876939305965793,1.8515391211602132,1.5497186284461775,1.2622326247684965,0.5497731719756064
15145.0,-1.8243736859341724,0.07394609082159041,0.18012132959547492,0.2757125241073478,0.2031181655606824,0.08998858304693418
15146.0,0.42189980965276064,-0.5571872395918231,0.2558107401719775,0.7139992226987668,0.6162076636214244,1.1724367125396986
15147.0,0.6609917087814282,-1.058145946714099,-0.2879477577506155,-0.20047835993770063,-0.32196403698294906,1.0878939550301374
15148.0,-1.2629135238814884,-1.058145946714099,-0.8107845776489998,-0.6404409748334174,-0.586765087019821,0.10176298734115893
15149.0,0.2893295474663386,0.2992073267345332,0.3697172251856272,-0.17585491448525636,0.31452880707427483,0.14439367555820815
15150.0,-1.0028785328055105,1.3460575542855853,1.6347818607548625,1.6571615235144197,2.007361641610787,1.2301157718594384
15151.0,1.0232997359133336,-0.5571872395918231,0.5813359708090313,0.3087537487318148,0.23242103254119895,1.7860433770140431
15152.0,-1.3187161125298095,1.4312993642702228,1.2482507871078876,1.1802999783085908,1.3215639934150147,0.4018927604089719
15153.0,-0.6338830081757483,-1.058145946714099,-0.7470386573177366,-0.6030410799249616,-0.5121324717856456,0.22199519691413933
15154.0,-0.07913835459246295,-0.20175138038774237,0.2882984455190043,-0.2316732047996185,1.114296432923324,0.6835676599418145
15155.0,0.9597502430728069,-1.058145946714099,-0.636560581728541,-0.6231769669374269,-0.4437267787202448,0.4303696790524929
15156.0,-2.4120140217391843,-0.20175138038774237,0.023760915615819774,0.12064001440031988,0.15710275654239486,0.18548540770067143
15157.0,-1.8243736859341724,0.2992073267345332,0.7549595381837997,1.2765544352958187,1.0424661878166923,0.8695611601697787
15158.0,-0.40114257027902034,-0.5571872395918231,-0.30840510213801636,-0.5370567252723396,-1.0458699940988507,0.10947434073250135
15159.0,-2.1519790306632065,2.478149591821275,2.2825402633498215,2.1712933479830356,1.8591084508987932,1.145403693801629
15160.0,0.9147872115980474,0.07394609082159041,-0.3285685093611479,-0.3157518899197936,-0.7132292345010023,-0.8659750684407621
15161.0,0.9680469331528011,-1.058145946714099,-1.4710335719947605,-0.8112565093766205,-0.1914684658752519,-1.1435433012182474
15162.0,1.3734934744233138,-1.058145946714099,-0.7836271204586226,-1.244856163309911,-0.9802035124500996,0.15298510582991354
15163.0,-0.9682038613741811,-0.5571872395918231,-0.803243748528776,-0.6439488281553082,-0.2941514393624997,-0.8216439693212928
15164.0,-0.13187971929566594,0.9303406571479473,0.5755490454471475,0.41249845917447864,1.4253684886861164,-0.2645051744654719
15165.0,0.942827752064887,-1.058145946714099,0.03417426052988643,-0.2885608248606143,-0.3507527121214226,1.695453494663585
15166.0,1.0879897682663244,-1.058145946714099,-1.233391505688454,-0.8296554976039625,-0.9802035124500996,-0.6953227630094186
15167.0,0.8468186429686271,0.2992073267345332,0.41681042632703147,0.36948531269097756,1.48688632403703,0.23299638032460662
15168.0,-0.7428435417295326,-1.058145946714099,-1.5554008628150675,-1.473214373913271,-1.614523128595098,-1.3026698106215002
15169.0,0.9580779469522994,-0.5571872395918231,-0.35347062939336577,-0.21864860218355642,0.26071325195673184,0.024619774545306606
15170.0,0.9986303407132077,-1.058145946714099,-1.7496021505475297,-1.7651973438095343,-1.7640984679528429,-1.668955994971101
15171.0,0.8664325630436192,-1.058145946714099,0.23508303252619647,-0.35309499319525317,-1.614523128595098,2.074390773381697
15172.0,-1.3798409325433134,0.2992073267345332,0.40118612854031244,0.7728625173886673,0.7490861757345402,0.20359872238406193
15173.0,0.9564012788108172,0.654643185938614,0.34136888316212854,0.34492345044290107,0.3891614223084505,-0.36443024295455834
15174.0,0.8507897095190223,-0.5571872395918231,-0.4738992099548825,-0.17241134149447188,-0.16768729188131876,-0.2020897813775086
15175.0,-0.10496702096475002,-1.058145946714099,-1.0231177212963576,-0.059110734465001924,-0.47721685960260357,-0.2987219832049234
15176.0,1.3157764807748435,-1.058145946714099,0.043369047510922513,-0.06784167159379038,0.17272976344709118,1.7127959308467624
15177.0,1.0278214364224065,-1.058145946714099,0.014295651509631014,-0.015759554867775548,-0.3805884749031534,1.657960129232158
15178.0,0.7121203814881557,-1.058145946714099,-2.241661650659703,-1.8259532106467022,-1.9471638881929467,-2.5970373628833303
15179.0,-0.9682038613741811,1.3460575542855853,1.5025551153858077,1.570064041945144,1.3624991221135656,0.9810851439780441
15180.0,0.932455689893557,-0.20175138038774237,-0.020277203857606674,0.21571296430386852,0.07416420415895746,0.10260199804734223
15181.0,-0.15997144498132296,0.2992073267345332,0.1834102461801742,0.21380652546532233,-0.8098576192004525,-0.20597484087624526
15182.0,0.3779288407609402,1.15560189306089,0.8429513152578285,0.5715693073737764,0.5001945244425666,-0.033609249884610004
15183.0,1.188995712108433,-0.20175138038774237,-0.26923473383308605,-0.33746082221933615,-0.1914684658752519,-0.365725175719934
15184.0,-0.6752731880764764,0.07394609082159041,-0.21508416441558054,-0.014407610016013072,0.43539298020353107,-0.6529322201453672
15185.0,-0.12278275543912286,-1.058145946714099,-0.7888802208402556,0.1924626752284485,-0.5486003891756687,0.14307714838400548
15186.0,-1.1198059414673356,0.2992073267345332,0.29592848147652745,0.24000655597032053,-0.2941514393624997,0.0055953444548853355
15187.0,-2.1519790306632065,1.5859404542672264,1.178361079701173,0.8768103286355493,0.3014022381220454,0.08949528969723033
15188.0,1.3682150479281203,-1.058145946714099,-0.7893197127082866,-0.49647957314787533,-0.47721685960260357,0.14224821567571408
15189.0,-2.4120140217391843,2.842379197713229,2.1148370261188436,1.729504768144664,0.6162076636214244,0.4197182410460051
15190.0,1.0397257262171897,-1.058145946714099,-0.07824995874045605,0.3046093056627695,-0.037881416532715165,1.4834083595059504
15191.0,1.0811159061179179,-0.20175138038774237,-0.3300594091438693,-0.3599108152129162,-0.1914684658752519,-0.4800752606146572
15192.0,0.21911455007042469,0.2992073267345332,0.5444145413994992,0.7861910612935304,0.23242103254119895,0.47314245441258906
15193.0,-0.2097114950440718,-1.058145946714099,-0.4477057366450875,-0.8112565093766205,-0.6267921989603487,0.7865718515985922
15194.0,-1.9674812683483254,2.245808014503504,1.867210515422777,1.916285140763528,1.5234898547932807,0.6268483615837632
15195.0,-1.9674812683483254,-1.058145946714099,1.0249651450167008,0.6824664425217746,-2.515817022689194,3.5642001791191578
15196.0,1.0382497182035755,-0.5571872395918231,-0.7759775609318972,-0.8730374341016977,-0.16768729188131876,-0.7703814525474958
15197.0,-1.2629135238814884,0.48966298795922886,0.5056291349056149,0.4965206851385348,0.038489320235348796,0.15306448307165946
15198.0,0.050323496031906285,0.2992073267345332,-0.3507839402561831,-0.2743721496068976,-0.32196403698294906,-1.2085799813400244
15199.0,-0.23074043468561758,1.0480979277381186,0.8720098565929681,0.38585477825304043,-0.7132292345010023,0.15012443322722546
15200.0,1.1238867651285056,-1.058145946714099,-0.37942139984332507,-0.6130319698342725,-0.2672508963742018,0.9153640417534659
15201.0,0.014882147642767907,0.654643185938614,0.49224851289907234,0.792557435875949,0.038489320235348796,-0.0808800652669701
15202.0,1.0187459283862368,-0.20175138038774237,1.3427389444877886,-3.172763669970543,-2.515817022689194,2.670862691921267
15203.0,-0.7428435417295326,1.5110377522649707,1.119137665305159,1.400034323567289,1.031671386584256,0.06556529005226262
15204.0,0.9147872115980474,-1.058145946714099,-0.7752283973339983,-0.42971632910462676,-1.1954453334565955,0.16882607312033351
15205.0,0.0001383902963132679,-0.5571872395918231,-0.2544236548463248,-0.17931661162787071,-0.10021972705664996,0.21112827510204574
15206.0,-1.3187161125298095,0.07394609082159041,-0.5715776638545218,-0.7342923345111426,-1.9471638881929467,-1.3215649285142392
15207.0,1.0126234456218501,-0.20175138038774237,-0.22140046546324074,-0.09781136337988046,-0.6267921989603487,-0.2757757601830144
15208.0,-2.4120140217391843,0.48966298795922886,0.03048994338486562,-0.21864860218355642,-0.3507527121214226,-0.739739079677727
15209.0,1.3726167481092915,-1.058145946714099,-1.1844417375320084,-1.0893783142783806,-0.9194058466176699,-0.6029978149507711
15210.0,0.6197789110416514,-0.20175138038774237,0.16886088339125127,0.34570505592859024,0.36503047510217346,0.45864668685323823
15211.0,-0.22013977682524094,-0.5571872395918231,0.22833981696082864,-0.21680882213416025,0.17272976344709118,1.120663094756939
15212.0,0.6636473034612838,-0.5571872395918231,-1.0757565921946775,-1.1625337434223337,-1.3785107536966998,-1.3335980486509527
15213.0,0.8428228344109817,-0.5571872395918231,-0.749005104389636,-0.39509144329435947,-0.5121324717856456,-0.7196651739874282
15214.0,-2.1519790306632065,0.8001660338568091,0.4175780506365289,0.6082086105405562,0.7717713000569296,-0.40190717036513895
15215.0,-0.37384801709977017,0.654643185938614,0.6891678025930217,0.2928639767816046,0.5698454386786636,0.2894781358209594
15216.0,0.02212883716268363,-0.5571872395918231,-0.46701690026206905,-0.5430633509352029,-0.4437267787202448,-0.1891356682588994
15217.0,1.206283152308942,-1.058145946714099,-0.561488821194586,-0.630028288668433,-0.32196403698294906,0.5719637386978188
15218.0,-1.2629135238814884,1.9594133665673954,1.8123490098004058,1.6953818444581314,0.9696189771111754,0.8506684284035416
15219.0,0.46304848128521175,-0.5571872395918231,-0.21979257264282165,-0.3975051008243698,-0.3805884749031534,0.2763491864226097
15220.0,-0.31029852425924354,0.48966298795922886,0.4667977983822676,0.6772967622257227,0.7791957222855813,0.08002381691780101
15221.0,0.9307105862349311,0.07394609082159041,0.7018473438011307,-0.3599108152129162,-0.5486003891756687,1.0722709003537145
15222.0,0.8428228344109817,1.15560189306089,0.9646517160398519,1.4420599509556802,0.6853342645162757,0.19522997337156994
15223.0,0.62261037347245,0.2992073267345332,0.3034582590565015,-0.16727955260903868,-0.3805884749031534,0.019757248008357726
15224.0,0.9165761254464796,0.2992073267345332,-0.0470888800244665,-0.07520704462975447,-0.4437267787202448,-0.6390236380442653
15225.0,0.6448229902562577,-1.058145946714099,-0.5904664823130967,-0.5164552801556334,-0.47721685960260357,0.5173085041913544
15226.0,0.8265858861715248,-1.058145946714099,-1.2902096429088101,-1.2717056438696925,-1.2818823689972492,-0.8024883690015227
15227.0,-0.5236711079833221,0.9303406571479473,0.7085474192507006,0.5885260461905456,0.5793298571111467,-0.014536969180657555
15228.0,-0.15997144498132296,0.48966298795922886,1.290310002971807,1.259060314590854,1.1982735174240835,1.6306680187057288
15229.0,1.2319172849905398,-1.058145946714099,-1.2625112260560167,-0.9637172845910725,-1.1954453334565955,-0.7502459377591966
15230.0,0.6583250720961007,-0.5571872395918231,-0.5558439331241369,-0.2279254970027644,-0.47721685960260357,-0.3563085127224864
15231.0,1.2690598089055165,-1.058145946714099,-0.9440212162330748,-0.630028288668433,-0.862804573858747,-0.1495367879196511
15232.0,0.18089663648351514,-0.5571872395918231,-0.30127045813495507,0.211894544645614,-0.3805884749031534,0.12290908489585413
15233.0,0.9891290528763733,-1.058145946714099,-1.9712261532289992,-2.397537599248726,-2.515817022689194,-2.0869646047508374
15234.0,0.752588454545872,-1.058145946714099,-1.1156818037604845,-0.609684782260171,-0.862804573858747,-0.47330859367228223
15235.0,0.5996007235020872,1.5859404542672264,0.8281131844794304,0.8216048824065979,1.0893585536871893,-0.5684534284786872
15236.0,0.8014326545102536,-1.058145946714099,-0.7651566250515093,-0.4023591519246488,-0.8098576192004525,0.1878226054403111
15237.0,-2.1519790306632065,0.07394609082159041,0.30059345815772304,0.504545535701317,0.6514988276797011,0.3166892399392155
15238.0,-0.6752731880764764,-0.20175138038774237,0.10207551785275648,0.2176138931958927,0.12492635577600246,0.33290557233130114
15239.0,-1.3187161125298095,-0.5571872395918231,-0.12626180234977552,0.11733210664580168,0.10835219495760728,0.452518402382517
15240.0,-0.40114257027902034,1.2544959545938104,1.1288626363879986,1.2269212945671453,0.939783214329445,0.38621788637707033
15241.0,-0.15047015714448805,1.15560189306089,0.8551477562830525,1.249839318185575,0.8499631098416093,-0.01068113066325363
15242.0,1.0217853899940603,-1.058145946714099,-0.8089989561045619,-0.609684782260171,-1.7640984679528429,0.10513087696661631
15243.0,-0.0876328522714647,-0.5571872395918231,-0.002317541774759241,0.05839231350401781,0.23242103254119895,0.6860172067605329
15244.0,-0.1696156146721137,-0.20175138038774237,-0.014214470989666331,-0.03359249751475335,0.038489320235348796,0.11401191880655077
15245.0,0.2893295474663386,0.8001660338568091,1.1528284384226113,1.1862027818792897,0.43539298020353107,0.9812110009260022
15246.0,0.6556473011960866,-0.20175138038774237,-0.12643699566594327,-0.2131446291541037,0.05652066271060163,-0.0971523062989835
15247.0,0.22962831338438636,-0.20175138038774237,0.034587385470312516,0.022360817336503108,-0.9194058466176699,0.20586335957304272
15248.0,1.0048872215498614,-0.20175138038774237,0.511900449319106,0.500853921114919,0.7257558910386418,1.104785740573397
15249.0,-0.6141483680629726,1.7233615276208618,1.6556819741408326,1.514873702843016,1.6084339089262203,0.8279273850276732
15250.0,1.2893566040861313,-1.058145946714099,-1.964103263361499,-1.5248267984910486,-1.9471638881929467,-2.073530007166174
15251.0,-1.3798409325433134,1.9044924940644754,2.2216491860404335,2.099139251498394,1.193826931703096,1.6847433577000945
15252.0,-0.540774126845729,0.2992073267345332,0.5874569796947464,0.6945265437454221,0.7490861757345402,0.5541667910968683
15253.0,-1.0395356639262063,0.8001660338568091,0.5707183054863983,0.7634105699125021,0.7178293264081053,-0.11415837457887514
15254.0,0.2551824986059697,-0.20175138038774237,0.11297956532744426,0.23540387141532754,0.34016817678249833,0.35343389660471164
15255.0,-0.15047015714448805,0.9303406571479473,0.9999862471599492,0.9854246021408115,0.9578145568046977,0.5337015181983422
15256.0,0.3568999011193944,-0.5571872395918231,-1.2196396345048313,-1.1033729047604708,-1.4880589811139169,-1.6035504953952353
15257.0,0.7662827513425954,-0.5571872395918231,-0.21932034497685868,-1.2717056438696925,-1.0458699940988507,0.27723856744847003
15258.0,0.43717017866052393,-0.5571872395918231,-0.2883401811158857,-0.8203916692661117,-0.21595962957782017,0.1472577267959084
15259.0,1.1467483017274251,0.07394609082159041,0.17264004000958189,0.15701108794485863,0.14117229372259663,0.07591349928202575
15260.0,0.10324630795624619,2.110890520920167,1.6496091346118427,1.4798918391959583,1.207095033142026,0.3710501564721903
15261.0,0.29406259624637104,0.07394609082159041,0.34779636923799245,0.31778062819737996,0.5887058798168258,0.4055368636333878
15262.0,0.8527660599238526,-0.20175138038774237,-0.5741135183672501,-0.5400531812013325,-0.5121324717856456,-0.9385370527150845
15263.0,0.14622196505218568,-1.058145946714099,-1.280537724533164,-1.12493945781088,-0.9802035124500996,-0.7842460075912487
15264.0,-0.1794070292720186,-0.5571872395918231,-0.06630851540944992,-0.07520704462975447,0.17272976344709118,0.5654586123148772
15265.0,0.3653943987983962,0.07394609082159041,0.9217557929157002,0.7559174655160901,1.1757955892278433,1.4866094502725065
15266.0,0.8798139021176289,0.2992073267345332,-0.06308350849290616,-0.48810084915407465,-0.07890961835600385,-0.6690521370389473
15267.0,-0.8456753236698794,0.2992073267345332,0.441418114974504,0.42160928381509843,-1.2818823689972492,0.2792996928137958
15268.0,1.1028578254869597,-0.20175138038774237,0.024067807413410962,-0.09781136337988046,-0.5486003891756687,0.18606304124075795
15269.0,-0.7922005967383016,-0.20175138038774237,0.19834769206053796,-0.18981238124781294,-0.1914684658752519,0.5141698051551549
15270.0,-1.0395356639262063,1.9044924940644754,1.5956163515862074,1.3724178672859333,0.36503047510217346,0.5058205256716729
15271.0,-1.5229485149574664,2.062432694683636,1.1680874607525131,1.0680249298419846,1.7669266519203308,-0.47859863113537693
15272.0,-0.2524823540546596,0.48966298795922886,0.5812910750073506,0.212851229816185,1.4711393327727598,0.29541201963485153
15273.0,1.2470333934915165,-1.058145946714099,-1.0078534325921902,-0.5460873605785668,-2.515817022689194,-0.26993176182409184
15274.0,-1.8243736859341724,-0.5571872395918231,-0.18784355130131175,0.1444026327256631,0.038489320235348796,0.336523006883012
15275.0,-0.5070123740010525,-1.058145946714099,-0.2976592775779705,0.0016026151001768691,-0.0181119525235737,1.0695769006823934
15276.0,-0.15997144498132296,0.07394609082159041,-0.2585215538163284,-0.26639967697796235,1.0842787042858788,-0.7344951568909027
15277.0,-0.37384801709977017,-0.5571872395918231,-0.481587211545675,-0.18805141382691998,-0.47721685960260357,-0.21656009197404216
15278.0,1.2051450416307883,0.07394609082159041,-0.4522714061236269,-0.053353840479229184,-0.2941514393624997,-1.0980065631093052
15279.0,0.9111943439444019,0.2992073267345332,0.38162956989352864,0.31451244289505065,0.457567115373851,0.16680458890775351
15280.0,0.44838898133871236,-0.20175138038774237,-0.5960717703336207,0.02108244776242612,0.10835219495760728,-0.9797534911537854
15281.0,-0.23074043468561758,1.5859404542672264,1.5971959606971156,1.5474605722709198,1.8863924447270346,0.877590400075623
15282.0,1.214193871802146,-1.058145946714099,-0.7060289110560588,-0.15045712821546633,-0.3507527121214226,0.2993443414781499
15283.0,0.9713357875339578,-0.20175138038774237,-1.3189671927175393,-1.8928978199024078,-1.1954453334565955,-2.3317948880832144
15284.0,1.1303193686941886,-1.058145946714099,-2.585571076435872,-2.9060807784127,-2.515817022689194,-3.245690483571976
15285.0,1.0002002930243403,-1.058145946714099,-1.6379335106085329,-0.9302666386620904,-1.4880589811139169,-1.4583359701898368
15286.0,-0.3349679194593694,-1.058145946714099,-0.9724210669977793,-1.4370004055740193,-1.9471638881929467,-0.20310220498852496
15287.0,-0.8456753236698794,0.2992073267345332,-0.05986446269848886,0.4660122161371026,-0.47721685960260357,-0.6630089113189906
15288.0,-0.4296506057480915,1.0480979277381186,1.0290824965104959,0.6824664425217746,0.9024861982765124,0.44561663769625787
15289.0,-0.6752731880764764,0.2992073267345332,0.38732512712704975,0.7793585794666286,0.37718466862099537,0.17752007678701087
15290.0,-1.7074462772723475,2.1575193073054413,1.7455085759099915,1.6967853037840173,0.7490861757345402,0.49830982291413317
15291.0,-0.7428435417295326,2.6736379125253507,1.945107741181141,1.5197413467695544,0.8223842757380923,0.2898797550078671
15292.0,0.5477790613471053,-1.058145946714099,-1.1766368281788868,-1.4253590231077382,-0.4437267787202448,-0.5882768494024487
15293.0,1.3138563440146453,-1.058145946714099,-0.951980466012869,-0.6727062364625485,-0.6267921989603487,-0.1645488574386881
15294.0,1.0048872215498614,-1.058145946714099,-0.9942267683763343,-1.0689293841626601,-0.8098576192004525,-0.24423029043160938
15295.0,1.3022132067018704,-1.058145946714099,-1.045547665061896,-0.7802470860088049,0.14117229372259663,-0.34102746229306147
15296.0,-0.3225146116861712,1.2544959545938104,1.7348971431938072,1.5758664330159715,1.7047633710291312,1.527366692168593
15297.0,-1.3187161125298095,-0.20175138038774237,-0.2669784408592899,-0.34859003764638075,-0.2672508963742018,-0.3614827627118359
15298.0,-2.1519790306632065,2.0119964593872464,1.6705635139645583,1.668026217146993,1.2622326247684965,0.5235102533428779
15299.0,-0.15047015714448805,1.0480979277381186,1.5490694267229346,1.5745412323978885,-1.1954453334565955,1.424756352886907
15300.0,-0.1794070292720186,-1.058145946714099,-0.45186568304005875,-0.34859003764638075,-0.32196403698294906,0.7787257095368978
15301.0,-0.3225146116861712,1.6565606001831652,1.5132009515547884,1.416800362702153,1.3839953665057922,0.6372425630813611
15302.0,1.3726167481092915,-1.058145946714099,-0.7949643473221619,-1.0362001973790858,-0.8098576192004525,0.1316017791926954
15303.0,0.7818983972139277,-0.20175138038774237,0.19765400564984564,0.022360817336503108,0.32744864979204164,0.5128635633161384
15304.0,-0.2097114950440718,0.9303406571479473,-0.008343209430487246,-0.8631467072838476,-1.2818823689972492,-1.3592761424245774
15305.0,1.197121207936731,-1.058145946714099,-1.6479187949701926,-1.6420643925920622,-1.614523128595098,-1.4771693762459113
15306.0,-0.1794070292720186,0.9303406571479473,0.9510988031450572,1.1976379427253467,0.8700553726182927,0.44169827114994104
15307.0,0.07733065274709057,-1.058145946714099,-1.0860910857502806,-1.6920419146655814,-0.9802035124500996,-0.4174970626640313
15308.0,0.7456300658619328,-1.058145946714099,-0.7892271658264637,-0.6838229113311526,-0.6267921989603487,0.14242276984377428
15309.0,1.2586653317891858,0.07394609082159041,-0.11042275000376485,-0.07966618671858629,0.12492635577600246,-0.456323179757255
15310.0,1.1028578254869597,-1.058145946714099,0.40586679942298814,0.7153365073454374,0.05652066271060163,2.396508793585849
15311.0,-2.4120140217391843,4.685999968399436,3.481495684012979,3.2625724915945082,2.463626177507059,0.945541744347947
15312.0,-0.07913835459246295,1.2544959545938104,0.8262423419086544,0.8054966257344327,0.8362895757000253,-0.18281548182769547
15313.0,0.16379361762110795,-1.058145946714099,-2.065405655061287,-1.9416401849203377,-2.515817022689194,-2.2645980837709088
15314.0,0.5413976634342754,-0.20175138038774237,-0.09041894745583923,0.27047864286413414,0.12492635577600246,-0.0293872657361028
15315.0,-0.1794070292720186,-0.5571872395918231,-0.3518548923857511,0.3619077987076936,-0.14457610000475504,0.027661913153494682
15316.0,0.858658829090127,-1.058145946714099,-1.2427074196162766,-1.0490970995891926,-2.515817022689194,-0.7128936586826355
15317.0,1.324346655508488,-1.058145946714099,-1.4147135002384086,-1.5663808849782732,-1.614523128595098,-1.0373171045395244
15318.0,-1.8243736859341724,-1.058145946714099,-0.7842701791580057,0.1683602798515559,-0.1914684658752519,0.15177222243423621
15319.0,0.7685369722885271,-1.058145946714099,-1.088890868418062,-0.6838229113311526,-0.7601216003714991,-0.42277777795878546
15320.0,-0.41523819700049863,-1.058145946714099,-0.8971944225460117,-0.2763804593773598,-0.12209817180851448,-0.06121601628507016
15321.0,-0.1138130260237924,1.2544959545938104,1.4231091167816108,1.3111063520767763,1.4219993132850381,0.9400796931213415
15322.0,0.00755263702131852,-0.5571872395918231,0.2895679761239216,0.4401378594606127,0.47915765239960845,1.2360599817318914
15323.0,1.206283152308942,-0.20175138038774237,-0.5475248248220828,-0.6369517309004904,-0.2941514393624997,-0.888621151392209
15324.0,1.3466558683234804,-1.058145946714099,-1.3592048725049533,-1.244856163309911,-1.2818823689972492,-0.932621385533892
15325.0,0.12815527178031155,0.8001660338568091,0.3913460884007958,0.6725615298302748,1.1044120596547777,-0.45117243580416555
15326.0,0.8722016442145482,0.2992073267345332,0.43432144090767744,0.657175543115032,0.6514988276797011,0.26594578009725306
15327.0,-0.2983107883386734,-1.058145946714099,-1.0741401020813208,-0.9523769874762635,-1.1172535236719159,-0.39495611940644487
15328.0,1.0002002930243403,-1.058145946714099,-1.5508595748728893,-1.132288371569837,-1.2818823689972492,-1.2941044141105105
15329.0,-0.4907754257615954,1.15560189306089,0.8394305006623268,0.5896051620007948,0.6853342645162757,-0.04022779897107353
15330.0,-0.6141483680629726,-0.5571872395918231,-0.18946215080258114,0.6379237997894005,-1.1172535236719159,0.33347439352897884
15331.0,1.1303193686941886,-0.20175138038774237,-0.13804809701966494,0.2261007327383554,-0.0181119525235737,-0.11899583048520143
15332.0,0.9307105862349311,0.48966298795922886,1.4061612803178698,1.172346252293763,0.8010741670374462,1.8489963065383435
15333.0,0.5696268012260529,-1.058145946714099,0.07230232544116906,-0.24113697870484116,-0.7601216003714991,1.7673674535052344
15334.0,0.39022299102027264,-0.20175138038774237,-0.6997080579354523,-0.39029053921352713,0.37718466862099537,-1.1741965111613455
15335.0,-0.28654302333393833,-1.058145946714099,-1.2047849492080922,-1.1942372750823944,-0.16768729188131876,-0.6413674749527906
15336.0,0.9907224082272229,-1.058145946714099,-0.972570242685632,-1.1625337434223337,-0.8098576192004525,-0.2033835676619618
15337.0,1.0048872215498614,-1.058145946714099,-0.6573541167879875,-0.5964638157260045,-0.5486003891756687,0.3911506568462299
15338.0,1.324346655508488,-1.058145946714099,-0.854668444356744,-0.7845884941066654,0.23242103254119895,0.018992917798518933
15339.0,-0.15997144498132296,0.654643185938614,0.4863193832507696,0.5473005737190528,1.0944071422788821,-0.09202667303006558
15340.0,1.2051450416307883,-1.058145946714099,-1.5625375066576004,-1.2275467185765694,-1.3785107536966998,-1.316130349800543
15341.0,-0.030406677691591163,-0.5571872395918231,0.6832831832760254,0.46470979801091167,-0.5121324717856456,1.978241769217461
15342.0,0.2700401175059993,-1.058145946714099,-0.5963018476046453,-0.36910985941490526,-0.4437267787202448,0.5063023274976549
15343.0,0.014882147642767907,-1.058145946714099,-0.6739587396804018,-1.1625337434223337,-0.5486003891756687,0.35983240951202444
15344.0,-2.4120140217391843,-0.20175138038774237,-0.36017410610280337,-0.9523769874762635,-0.5486003891756687,-0.536678818552197
15345.0,-0.3873500989396135,-1.058145946714099,-0.6188663301701939,-1.186166978263674,-0.586765087019821,0.4637430926065658
15346.0,0.8702843776182111,-0.20175138038774237,-0.3202542774921822,-0.4246569123197467,-0.12209817180851448,-0.4616437999416242
15347.0,0.9307105862349311,0.07394609082159041,0.27531490522750485,0.19835275285002624,-0.2941514393624997,0.2691137320026747
15348.0,-0.10496702096475002,-1.058145946714099,-1.273571898492349,-1.1625337434223337,-1.1954453334565955,-0.7711076506260354
15349.0,0.39426922020759336,-0.5571872395918231,-0.4854166606437467,-0.2743721496068976,0.3526935049184267,-0.2237677379487545
15350.0,0.942827752064887,-0.5571872395918231,-0.24348193196976056,-0.28244244642561867,-0.3805884749031534,0.2317343769607178
15351.0,-1.2115801184678894,1.0480979277381186,1.0016976025705728,0.7219824474089629,1.27039580711652,0.39408724470468004
15352.0,1.1901628192527913,-1.058145946714099,-1.501276943353257,-1.5956177399879288,-0.16768729188131876,-1.2005858122443982
15353.0,0.6997152519968288,0.654643185938614,0.8842595547362518,0.7479143582320683,1.5234898547932807,0.6566474654932208
15354.0,1.2502267205812954,-0.20175138038774237,-0.8522151651751871,-3.172763669970543,-2.515817022689194,-1.4600373545837522
15355.0,-0.6752731880764764,-0.5571872395918231,-0.871015982117291,-1.5663808849782732,-1.1954453334565955,-0.949033007764295
15356.0,-0.6338830081757483,1.3460575542855853,0.9469981048612618,0.9199550348552192,1.5698848620204007,-0.06423731308510393
15358.0,-1.7074462772723475,2.7324831383346417,2.095080366616624,2.2563700495765966,1.7444487237240907,0.5058753929126208
15359.0,1.3109653164344783,0.8001660338568091,-1.1750148055081453,-0.8067360727591756,-1.1172535236719159,-3.3602359790383467
15360.0,-0.4749394310824503,-1.058145946714099,-0.558644049670254,-0.5252055769172435,-0.9194058466176699,0.5773293082012992
15361.0,0.9236822945372614,0.07394609082159041,-0.21600250312829183,-0.18805141382691998,-1.1172535236719159,-0.6546568208907977
15362.0,1.0614676455862315,-0.5571872395918231,-0.3000725423469877,-0.1969037808196001,-0.07890961835600385,0.12516481679815236
15363.0,0.942827752064887,-0.5571872395918231,0.05498320163327719,0.03875739455507873,-0.21595962957782017,0.7939812627174969
15364.0,0.07733065274709057,-0.5571872395918231,-0.01333900266443562,-0.005021015286987677,-0.2941514393624997,0.6652519929295869
15365.0,-0.7428435417295326,1.3460575542855853,1.1443870801432072,0.9567513354433073,0.8896672959534744,0.3069371237715785
15366.0,-0.07913835459246295,0.654643185938614,0.6791825044013939,1.0476555109480923,0.5793298571111467,0.27069153984681205
15367.0,-0.2524823540546596,1.15560189306089,1.2228289533501475,1.1692269737022365,1.3215639934150147,0.6810327342963423
15368.0,-0.8741833591389503,-0.5571872395918231,-0.1816740430880443,-0.1324362491901478,-1.2818823689972492,0.348143291124798
15369.0,1.1199960037583185,1.15560189306089,1.3721165296799305,1.2418885300545461,0.038489320235348796,0.9621069318302418
15370.0,-0.4594850640247002,0.8001660338568091,1.0018363393708287,0.6791813507323218,0.6162076636214244,0.6969024366167345
15371.0,1.3099987372027848,-1.058145946714099,-1.9712261532289992,-2.397537599248726,-2.515817022689194,-2.0869646047508374
15372.0,0.30342517418781684,0.8001660338568091,1.3446056879793018,1.6808723329190383,0.05652066271060163,1.3424437774115956
15373.0,-1.4474112861963695,1.6565606001831652,0.9378843107203321,0.2869117104674071,0.7567177940893411,-0.44438885747508333
15374.0,0.2651257241188405,-0.5571872395918231,-0.7965518660980176,-0.35309499319525317,-1.2818823689972492,-0.8090632958233949
15375.0,1.3365270473241955,-1.058145946714099,-1.952851092125518,-1.1625337434223337,-1.4880589811139169,-2.052307105321395
15376.0,-0.4749394310824503,-0.20175138038774237,0.2030331219925459,0.1444026327256631,0.7017426726202728,0.5229927280810139
15377.0,0.9597502430728069,0.07394609082159041,0.19030592710440739,-0.4425378060430995,-0.8098576192004525,0.10915017993347435
15378.0,1.0811159061179179,-0.5571872395918231,-0.9548860875207444,-0.8780391383485852,-1.2818823689972492,-1.1066207095390352
15379.0,0.43717017866052393,0.8001660338568091,1.1933838371097656,1.1816162981718437,1.1666290909919852,1.0575904640042828
15380.0,-1.3798409325433134,1.15560189306089,0.9499257088927319,0.48017113928223104,-0.3507527121214226,0.16753379118706135
15381.0,0.5877787261013253,0.2992073267345332,0.510621593571037,0.31451244289505065,-0.586765087019821,0.40953642891464725
15382.0,-1.0784157615666075,1.2544959545938104,1.9392028493197258,1.9169303518294114,1.6375007934350612,1.9123544969918533
15384.0,0.4409316275594932,0.07394609082159041,0.5610864504032234,0.833618384225835,0.5505411819726732,0.8071356479870769
15385.0,-0.4749394310824503,-0.20175138038774237,0.009080586957248473,-0.09781136337988046,-0.6688728615528973,0.15785460687356387
15386.0,0.4982949986740278,-1.058145946714099,-0.6177713145239575,-0.070777930661493,-0.24120448470420522,0.4658084192969614
15387.0,1.1199960037583185,-1.058145946714099,-0.49329057312187763,-0.25852268535940026,-0.586765087019821,0.7005935555108422
15388.0,0.736233191538285,-1.058145946714099,-1.3575738786665401,-1.132288371569837,-1.1172535236719159,-0.929545141721374
15389.0,0.44838898133871236,0.2992073267345332,0.7762690789832828,1.3608379741796566,-2.183176263091345,0.909693853313686
15390.0,0.9811023498659778,-0.5571872395918231,0.1932174664885088,0.38585477825304043,0.4897435161402434,1.054471318749131
15391.0,1.2297284596616558,-1.058145946714099,-0.8385349008594599,-0.9929541396007278,-0.9802035124500996,0.04942265467956188
15392.0,-1.7074462772723475,0.654643185938614,0.8216626379215728,0.9607496513357084,0.7017426726202728,0.5388149006503034
15393.0,-1.0395356639262063,0.2992073267345332,-0.030771016895024955,-0.17931661162787071,-0.10021972705664996,-0.6083851596716247
15394.0,-1.3187161125298095,1.15560189306089,1.2513878346442189,1.0271896115490002,0.9088213112787457,0.7347943887007191
15395.0,0.8567005826867328,-1.058145946714099,-1.549462882727694,-2.183500472526469,-1.3785107536966998,-1.2914700905045853
15396.0,0.18089663648351514,-0.5571872395918231,-0.11184918492463655,-0.3807925988742401,-0.7601216003714991,0.47966788167400737
15397.0,0.7818983972139277,-1.058145946714099,-1.6448783130010425,-2.0821123426729526,-1.4880589811139169,-1.4714346741125355
15398.0,-1.0395356639262063,-0.5571872395918231,0.265709086857453,0.2869117104674071,0.28806221969362183,1.1910921939624177
15399.0,-2.4120140217391843,-0.20175138038774237,-0.09453608087099079,0.13586068229131587,0.05652066271060163,-0.03713374306635569
15400.0,0.050323496031906285,0.8001660338568091,0.24219512080708377,0.18850644712690176,-0.7601216003714991,-0.7311302710591829
15401.0,1.0657289582664145,-0.5571872395918231,-1.0465058348800689,-1.0963383891618057,-0.862804573858747,-1.2786848596041067
15402.0,0.3568999011193944,0.48966298795922886,0.4873824433037623,0.9261247655254411,0.5105140700321456,0.11874162649675762
15403.0,1.1199960037583185,-0.5571872395918231,-1.2176244577332729,-0.006353783602812739,-1.4880589811139169,-1.5997716540660534
15404.0,0.9479515492166357,-1.058145946714099,-0.9247785999955069,-0.26048310689664694,-0.7601216003714991,-0.11324297874433607
15405.0,0.5085019812125491,-0.5571872395918231,-0.24719070358785336,-0.23355509718163991,-0.2941514393624997,0.22474974510130524
15406.0,-0.6338830081757483,0.07394609082159041,0.034447244625578466,0.06321080347110442,0.7642790739473241,-0.184007816143379
15407.0,-0.5764124726865254,0.07394609082159041,0.09155611792464217,0.07628247188122585,0.9870131210634252,-0.0766109360241874
15408.0,0.7218745649366273,-1.058145946714099,-0.8970600612326499,-1.0111411307468456,-0.16768729188131876,-0.06096259524255234
15409.0,1.3646718057725404,-1.058145946714099,-1.4064937172975303,-1.3916223493687232,-1.1954453334565955,-1.0218136392188204
15410.0,-0.007362574730335169,1.0480979277381186,1.1644343606412981,0.8820152168277247,0.5207054191909427,0.7003678121900933
15411.0,-0.7428435417295326,0.07394609082159041,0.2728181329211472,0.042483868766071,0.5793298571111467,0.26441487753991316
15412.0,0.44467114368717237,-1.058145946714099,-1.1396217649777542,-0.9989607652635911,-1.1172535236719159,-0.5184621410567435
15413.0,1.3383805896515117,0.2992073267345332,1.432601992664895,1.1108801462071543,-0.586765087019821,2.146426799953928
15414.0,-1.3187161125298095,-0.20175138038774237,-0.1315269318956049,-0.07520704462975447,-0.10021972705664996,-0.10672792157047835
15415.0,0.8306838247077005,-1.058145946714099,-0.3489481292365522,0.09598659911547203,0.07416420415895746,0.9728401694637244
15416.0,-0.1696156146721137,0.654643185938614,1.1468632473951177,1.0403609340836106,1.2201519621759485,1.151165854288972
15417.0,0.0001383902963132679,-1.058145946714099,-0.4341797719946878,-0.3667980083921493,-0.32196403698294906,0.8120833919147811
15418.0,1.0263177424185734,-0.5571872395918231,-0.5187919748227757,-0.40970806568360574,0.34016817678249833,-0.2865820518339643
15419.0,-0.7670473650770303,-1.058145946714099,-1.381803000041724,-0.5049664126903386,-1.2818823689972492,-0.9752440787484323
15420.0,1.0397257262171897,0.48966298795922886,-0.1617793141685612,0.3480443148454563,0.17272976344709118,-1.1002547850709414
15421.0,-0.23074043468561758,1.0480979277381186,1.0145042318239967,0.8905995326117603,1.133714926635295,0.418184548095038
15422.0,0.8507897095190223,0.654643185938614,0.3993746661147681,0.23447945673215612,0.5207054191909427,-0.2554446881831849
15423.0,-0.5070123740010525,-0.20175138038774237,-0.8978397058167145,-0.6030410799249616,-0.9194058466176699,-1.5454724744157342
15424.0,0.6972051697365015,-0.20175138038774237,-0.3182538001782437,0.3702382846550766,-0.1914684658752519,-0.4578832455530632
15425.0,0.9875317290149478,0.07394609082159041,0.5309047209225546,0.4865076135204111,0.8082392174469527,0.7502952364387638
15426.0,-0.9353081791524545,0.9303406571479473,0.7443736067219253,0.5901440566960836,1.6680779869560265,0.052824208802427
15427.0,-0.5950029105353472,-0.20175138038774237,0.3358260919772946,0.46796102034448694,1.3910374102343395,0.7730856214250091
15428.0,-1.0784157615666075,0.07394609082159041,-0.14290015128048955,-0.23544238954920166,-0.05813906446410138,-0.5173449593604499
15429.0,-0.7195200551006783,-0.5571872395918231,-0.6119410793494038,-0.17585491448525636,0.4897435161402434,-0.4618593274900318
15430.0,1.0879897682663244,-0.5571872395918231,0.01869708849392674,-0.3114947816027251,-0.12209817180851448,0.7256112030819248
15431.0,1.134148187223855,-1.058145946714099,-1.2956551330211503,-1.1625337434223337,-2.183176263091345,-0.8127591958248256
15432.0,-0.8183807704906293,-0.5571872395918231,-0.7658057980368237,-1.1033729047604708,-0.7601216003714991,-0.7512561873516871
15433.0,0.5877787261013253,-0.5571872395918231,-0.40035585912213517,0.04741988396874322,-0.037881416532715165,-0.0636512655341903
15434.0,-1.4474112861963695,1.15560189306089,0.7309383238356355,0.6913012857437157,0.5407159979871611,-0.24411957643470653
15435.0,-0.8456753236698794,-1.058145946714099,-1.314349531689944,-1.448851553929116,-0.2941514393624997,-0.8480190029922017
15436.0,-1.2115801184678894,-0.20175138038774237,0.135241805587695,0.13800659264123738,1.4253684886861164,0.3953472927429452
15437.0,0.7170160174661255,-0.5571872395918231,-0.6190307261307643,-0.6763909572414488,0.23242103254119895,-0.47519757575424243
15438.0,0.2749171387187454,-1.058145946714099,-1.2802175523800525,-1.3916223493687232,-0.4115503779538524,-0.7836421257237928
15439.0,0.9954788591929878,0.07394609082159041,0.22357265905118098,0.09255201721779839,0.12492635577600246,0.17174378115923544
15440.0,-0.27498730170981883,-0.20175138038774237,-0.6371036130430185,-0.6063545425438546,0.14117229372259663,-1.0567551560878892
15441.0,0.9811023498659778,-0.20175138038774237,0.21510325347596262,0.10954833605195877,0.05652066271060163,0.5457218772529179
15442.0,0.6845052458484283,-1.058145946714099,-0.32281720589624674,-0.9302666386620904,-2.183176263091345,1.0221261258835308
15443.0,-2.1519790306632065,1.4312993642702228,1.2361184196121122,1.1208109400920454,1.849140004351645,0.3790665461809275
15444.0,-1.3798409325433134,-0.5571872395918231,0.30361567086164953,0.28262686835012835,1.228742543886138,1.2625367272461712
15445.0,0.7218745649366273,-0.5571872395918231,-0.8519627240594152,-0.9412289080697872,-0.9802035124500996,-0.9132234505352405
15446.0,0.9496504249089739,-0.20175138038774237,-0.5947811606554764,-0.40724929295545936,0.6162076636214244,-0.9773311377796524
15447.0,0.8664325630436192,0.2992073267345332,-0.45704125231940557,-0.5106857612406167,-0.3507527121214226,-1.4074957397480103
15448.0,0.8306838247077005,-0.5571872395918231,-0.11872288191785198,-0.013058438386405854,0.12492635577600246,0.46671960701334597
15449.0,-0.7428435417295326,-0.20175138038774237,0.03345072147416054,0.3226526574288026,0.09143627489364367,0.20372386217291888
15450.0,-0.6542442484349309,-1.058145946714099,-0.5554424138951747,-0.18279662471361577,-0.2672508963742018,0.5833679651300144
15451.0,1.0397257262171897,-0.5571872395918231,-0.9946573772420765,-1.2024078265981781,0.23242103254119895,-1.1813236666752938
15452.0,-0.6542442484349309,0.48966298795922886,0.4749094305307286,0.516703385362417,1.074023657541187,0.09528068028045529
15453.0,-2.1519790306632065,0.654643185938614,0.2882776999210756,0.3488222226106565,1.1289032233573464,-0.46415121801649434
15454.0,0.9236822945372614,-0.5571872395918231,-0.795687635371543,-0.7933582365477243,-0.14457610000475504,-0.8074385228992484
15455.0,1.2448956408493488,-1.058145946714099,-2.2818289422065314,-3.172763669970543,-2.183176263091345,-2.672797540007462
15456.0,0.7662827513425954,1.0480979277381186,0.5928674066003007,1.1423309634166523,0.9024861982765124,-0.3745243800480261
15457.0,0.7170160174661255,-1.058145946714099,-0.9828781296551137,-0.8680734789258341,0.23242103254119895,-0.22282543970536373
15458.0,-0.7670473650770303,-0.5571872395918231,-0.66234201089273,-0.3308725774292323,-0.9194058466176699,-0.5566747964702505
15459.0,1.014159554616912,-0.5571872395918231,-1.0947707074237665,-0.9248532670431823,-1.4880589811139169,-1.3692880713626165
15460.0,0.9093903337567483,-1.058145946714099,-1.0471342928389058,-0.9929541396007278,0.18806465959309385,-0.3440200265608363
15461.0,1.0783455985755337,-0.5571872395918231,-0.5556766062552557,-0.5049664126903386,-2.515817022689194,-0.35599364595652644
15462.0,0.06396922782168996,0.07394609082159041,-0.16756528943694887,-0.0023635533331493675,-0.21595962957782017,-0.5636811161194624
15463.0,-0.6752731880764764,-1.058145946714099,-1.4348888558544601,-1.0111411307468456,-1.3785107536966998,-1.0753701685165276
15464.0,0.8798139021176289,-1.058145946714099,0.08636525599566167,-0.2297966815900328,1.0583966506364906,1.7938917738829385
15465.0,-0.9040178174155593,2.4054512011867506,1.8803074826684223,1.1289340044456981,0.6514988276797011,0.4704407475173031
15466.0,0.0001383902963132679,0.07394609082159041,0.37727430443272975,0.42160928381509843,1.3100360324395852,0.46102757967821234
15467.0,-1.3798409325433134,-0.20175138038774237,-0.4118020700694412,-0.3093765158786823,-0.0181119525235737,-0.6336990810579043
15468.0,-0.3225146116861712,-0.20175138038774237,0.3097935070172108,0.6805912568216348,0.5207054191909427,0.7240524268995759
15469.0,-0.3349679194593694,-0.20175138038774237,-0.044705606726869934,-0.3599108152129162,-0.07890961835600385,0.056630480067004295
15470.0,1.2208976805661906,-1.058145946714099,-1.9247947050430432,-0.4992963694822978,-1.7640984679528429,-1.9993895006491094
15471.0,-2.1519790306632065,-0.20175138038774237,0.2500366383468381,0.209016111435269,0.8634124775613803,0.6115079778748461
15472.0,0.18089663648351514,-1.058145946714099,-0.660172481467572,-0.44773720812994533,0.47915765239960845,0.38583489371899027
15473.0,-1.1198059414673356,0.8001660338568091,0.5675254910374031,0.2928639767816046,-1.614523128595098,-0.12015991576083793
15474.0,1.242750738519486,-1.058145946714099,-1.251002736909726,-1.4253590231077382,-0.6267921989603487,-0.7285395905652952
15475.0,-0.06247962061019341,-1.058145946714099,-0.5159522107871316,-0.2906129979414018,-0.2941514393624997,0.6578510748175406
15476.0,0.9547202157281579,0.07394609082159041,0.6230547957097189,0.5648862259409839,0.37718466862099537,0.9238497706375345
15477.0,1.298284709279553,-1.058145946714099,-0.666310516256816,-0.5460873605785668,-2.183176263091345,0.37425784719881167
15478.0,-0.4749394310824503,-0.20175138038774237,0.560087692349368,0.393162863870899,0.18806465959309385,1.1955797831857489
15479.0,1.3752433396257897,-1.058145946714099,-1.3234689481077253,-1.6749572933624948,-1.1954453334565955,-0.8652192815390974
15480.0,0.19755537046578467,0.2992073267345332,1.3753065826851985,0.8645029752258055,1.2622326247684965,2.038427127966483
15481.0,0.9891290528763733,-1.058145946714099,0.5487452926210289,0.7036553639726696,-0.07890961835600385,2.6659942265106205
15482.0,-1.0395356639262063,1.7867352234743035,1.9829181949395758,1.6932710243206155,0.457567115373851,1.370833290226311
15483.0,0.4062569561281632,1.0480979277381186,-0.05469529479863687,0.42160928381509843,1.3291602796973225,-1.5875624799034924
15484.0,-2.4120140217391843,0.48966298795922886,1.159850297577047,1.3831524235520274,1.1803407147432114,1.3848472749935368
15485.0,-0.6542442484349309,0.654643185938614,1.3145872516185977,1.0860106074469305,0.5207054191909427,1.4671430103137548
15486.0,1.1639826455004636,-1.058145946714099,-1.586616845392446,-1.6420643925920622,-2.515817022689194,-1.361546779371282
15487.0,1.3271781179392865,-1.058145946714099,-1.0004959236103939,-0.8112565093766205,-0.862804573858747,-0.25605464533981415
15488.0,0.05718265445124563,0.2992073267345332,-0.5519719205521604,-0.44773720812994533,-1.1172535236719159,-1.585009318035783
15489.0,-0.8183807704906293,0.8001660338568091,0.6883288033551969,0.613428645391542,0.46843340743959727,0.1069740665203602
15490.0,1.0338012018782479,-1.058145946714099,-1.0443599826360082,-1.1548410131689795,-0.5121324717856456,-0.3387873552933754
15491.0,0.07068473629108864,0.48966298795922886,0.8668442921243461,0.786990236287123,0.7642790739473241,0.8329350724733342
15492.0,-0.6970151074455184,-0.5571872395918231,-0.2476051823700196,-0.018471810005313997,-0.21595962957782017,0.22396917150183912
15493.0,-0.5950029105353472,0.9303406571479473,1.1050513133055342,0.611345600297109,1.567060786745896,0.7314717827501368
15494.0,-0.8741833591389503,0.2992073267345332,1.0097005065786118,1.2025391744101874,1.6164639213921022,1.3494232626527607
15495.0,0.9530347346034082,-1.058145946714099,-0.9548860875207444,-0.616396278646906,-0.586765087019821,-0.17002919707860864
15496.0,1.279288497801991,-1.058145946714099,-1.3296133135385775,-1.0622519568722428,-0.5121324717856456,-0.8768082683846274
15497.0,-0.9682038613741811,0.9303406571479473,1.6067314255264717,1.1676617693016154,0.36503047510217346,1.6764370308015788
15498.0,-1.9674812683483254,2.7886526377188545,2.400196221728889,2.1264817428877096,2.160787307445943,1.0171112865081386
15499.0,1.3673310709462236,-1.058145946714099,-1.2576198004652055,-1.3807506813715704,-0.037881416532715165,-0.7410201409758277
15500.0,-1.4474112861963695,0.07394609082159041,0.1410101844738447,0.09255201721779839,0.34016817678249833,0.016410125318829686
15501.0,0.9954788591929878,-0.5571872395918231,-0.6026847202039088,-0.5771176875341992,0.34016817678249833,-0.4444441976221637
15502.0,-1.0395356639262063,1.4312993642702228,1.952712310479698,1.6219902455639599,1.3839953665057922,1.728499139072982
15503.0,0.9254466015614758,-0.5571872395918231,-0.8971406750142793,-0.848584025185672,0.7938459876173184,-0.9981274064198037
15504.0,-0.030406677691591163,0.07394609082159041,-0.5655311692166947,-0.7933582365477243,0.0011923041824166546,-1.310240836760774
15505.0,-0.2983107883386734,0.2992073267345332,0.9767325138852733,1.0321598186170422,0.6162076636214244,1.2873090367780824
15506.0,-0.8183807704906293,0.48966298795922886,0.5654208371043034,0.7873894599344671,1.1803407147432114,0.26555125922896383
15507.0,0.44838898133871236,-1.058145946714099,-0.4578003554282841,-0.7342923345111426,-0.0181119525235737,0.7675322281247524
15508.0,0.5085019812125491,0.48966298795922886,0.052224919449653184,-0.07966618671858629,0.5001945244425666,-0.6989511740576257
15509.0,0.9547202157281579,-1.058145946714099,-1.2361822593327105,-1.2626334870875637,-0.3805884749031534,-0.7005864485171208
15510.0,0.8664325630436192,-1.058145946714099,-0.9447672610612974,-3.361978192741088,-2.515817022689194,-0.15094391511573785
15511.0,-1.2115801184678894,0.2992073267345332,-0.016467178616704225,-0.3975051008243698,0.8293663864529791,-0.5815256724575734
15512.0,0.38615107131684145,0.07394609082159041,-0.7419725348643167,-0.4908819143496147,-0.2941514393624997,-1.640388367080745
15513.0,-0.5950029105353472,2.5129551665095216,2.446051602529892,2.0258400271328187,1.5353368918139898,1.4140452584876182
15514.0,-1.2115801184678894,1.7233615276208618,1.4110706907523258,1.410021262794945,1.1384985731749109,0.367567620772051
15515.0,0.9663961595288088,-1.058145946714099,-1.2137360173217453,-0.8730374341016977,-1.3785107536966998,-0.658250229045133
15516.0,-0.40114257027902034,-0.20175138038774237,-1.9359546813435524,-1.8928978199024078,-0.8098576192004525,-3.471394565992266
15517.0,0.6420881238566438,-1.058145946714099,-0.8974632203548585,-0.3463490782764294,-0.3507527121214226,-0.06172300017232258
15518.0,-0.1794070292720186,1.5110377522649707,1.0888354426415814,1.141632622237468,1.448573071542019,0.008596857310356684
15519.0,0.9597502430728069,-0.5571872395918231,-0.7142797513915617,-0.9523769874762635,-0.16768729188131876,-0.6543627000947544
15520.0,-2.1519790306632065,-1.058145946714099,-0.7165978140039072,-0.30097102207113285,-0.6688728615528973,0.2794101629836088
15521.0,-0.4749394310824503,1.5859404542672264,1.4645212874777689,1.4505600279155262,1.207095033142026,0.6278319644078678
15522.0,-0.5950029105353472,-0.5571872395918231,-0.6092507799170198,0.09369887180446144,0.09143627489364367,-0.45679779285351074
15523.0,-0.007362574730335169,1.5859404542672264,2.1080458818435717,2.2772063912300635,0.3526935049184267,1.839902618707325
15524.0,-0.7670473650770303,-0.5571872395918231,-0.3259729161944903,-1.869817524092209,-1.1954453334565955,0.07639456806687756
15525.0,-2.1519790306632065,0.07394609082159041,0.23853671691818312,0.20612502573059738,1.0424661878166923,0.19990190553538528
15526.0,-0.5950029105353472,-0.5571872395918231,-1.318436582208334,-1.967436469196142,-1.7640984679528429,-1.7887350317607582
15527.0,-0.9353081791524545,2.0119964593872464,1.2897119794152125,0.9842421821570863,1.3661211723993998,-0.1926257047686825
15528.0,0.6972051697365015,-1.058145946714099,-1.0066949476121183,-0.9141583819899257,-0.3805884749031534,-0.26774672459837867
15529.0,-0.8183807704906293,1.2544959545938104,1.2271573541057368,1.4464702554028477,1.931152256609813,0.5711867813765548
15530.0,-0.8456753236698794,0.2992073267345332,0.48073428169001925,0.6518023752247377,0.7865535568710715,0.3532869363144875
15531.0,-1.4474112861963695,-0.5571872395918231,0.5538219671057639,0.5250821093562177,1.2498335012412511,1.7341741092113276
15532.0,-0.7670473650770303,1.0480979277381186,1.0081456017902077,0.6562018627909401,1.8669969064568752,0.40621984875453265
15533.0,-0.9353081791524545,-0.20175138038774237,-0.10180706912685708,-0.3553590950482323,0.44655496268773315,-0.050814003399189206
15534.0,1.3690978081484741,-1.058145946714099,-1.2547449428699806,-1.3491740126569907,-1.2818823689972492,-0.7355978256482687
15535.0,0.45208539041217766,0.48966298795922886,0.11262889078774724,-0.28244244642561867,0.5979759564957379,-0.5855653947968946
15536.0,1.00176641150428,-1.058145946714099,-0.9191323138073036,-0.47165696919616373,-0.7601216003714991,-0.10259342720031148
15537.0,0.41412607569926796,-1.058145946714099,-1.5267677341531196,-1.8475197636971112,-0.4437267787202448,-1.2486644043441504
15538.0,1.1772063139654854,0.48966298795922886,0.9244980311927083,0.46990406736709617,-1.9471638881929467,0.941508483834642
15539.0,-1.5229485149574664,-1.058145946714099,-0.3934301228014468,-0.12600371929944124,-0.0181119525235737,0.8889419631985082
15540.0,-1.2629135238814884,-0.5571872395918231,-0.505624048192094,-0.07372735685424821,-0.24120448470420522,-0.26179998427280393
15541.0,0.18649776552599168,-1.058145946714099,-1.7155102121160506,-1.5115390548677536,-0.2941514393624997,-1.6046546394499623
15542.0,1.1454993720263298,-0.20175138038774237,-0.009204788308520636,-0.03777737444621675,1.3138967127742598,0.12344018225746663
15543.0,0.777475447277631,-0.5571872395918231,-0.9656217074138016,-0.7066363290939456,0.14117229372259663,-1.126787244622345
15544.0,-1.3798409325433134,1.8470162614078611,1.5643141638137614,1.740559161782333,1.1573590143130723,0.5130678847951552
15545.0,-0.28654302333393833,-0.5571872395918231,-0.5584424804507476,-0.48257374991591023,0.5001945244425666,-0.36119829854171454
15546.0,1.2544599055801144,-0.5571872395918231,0.10683466491471837,-0.6030410799249616,-1.4880589811139169,0.8916853524397294
15547.0,-1.5229485149574664,2.1575193073054413,1.7216486001122504,1.7719352395295955,2.232970718884709,0.45341584523049794
15548.0,1.242750738519486,-1.058145946714099,-1.2733453894666258,-1.3389765845331374,-0.47721685960260357,-0.7706804282954232
15549.0,-0.06247962061019341,0.8001660338568091,0.6660634109576425,0.4188193710897949,0.9696189771111754,0.06510192776677012
15550.0,-1.8243736859341724,1.2544959545938104,0.6259236540348602,0.5478752534749721,1.114296432923324,-0.559012318085569
15551.0,-0.5236711079833221,0.654643185938614,0.4383587664702703,0.3242686802044462,0.8293663864529791,-0.18218012955972782
15552.0,0.5966655916107547,-0.5571872395918231,-0.9375686966489497,-0.7183468035229781,-0.2941514393624997,-1.0740879774882386
15553.0,-0.22013977682524094,-1.058145946714099,-0.5431872174454216,-0.06346171574858953,0.15710275654239486,0.6064826890252486
15554.0,0.7548912404987429,-1.058145946714099,-1.045679750692841,-1.244856163309911,-0.862804573858747,-0.34127659113423026
15555.0,-1.2115801184678894,2.5468070428147276,1.848691732747252,1.9067485980427406,2.2516027019158176,0.251324725385474
15556.0,-0.7922005967383016,-1.058145946714099,-0.8640010976554064,-0.48810084915407465,-0.24120448470420522,0.0013904497276888907
15557.0,-0.6752731880764764,-1.058145946714099,-0.48565952481139496,-0.5370567252723396,-0.7601216003714991,0.7149865989394978
15558.0,1.2873555878018408,-1.058145946714099,-1.0558902508072314,-1.147237218205978,-0.47721685960260357,-0.3605347802578448
15559.0,1.2119436056379256,-1.058145946714099,0.12677108617327498,0.03751052984269448,0.31452880707427483,1.8701018625700179
15560.0,0.9843250963403034,-0.5571872395918231,-1.2943481882132872,-1.2626334870875637,-1.1172535236719159,-1.743598567552532
15561.0,-1.2115801184678894,0.8001660338568091,0.5271243907111515,0.6488529490319831,0.3526935049184267,-0.19609399925235835
15562.0,0.9057670179108388,-0.20175138038774237,-0.2325756351866616,0.07980284213457398,-0.21595962957782017,-0.2967915826827113
15563.0,-0.8456753236698794,0.654643185938614,0.8105380508408444,1.1857673492657,1.1757955892278433,0.5178761059491076
15564.0,1.0811159061179179,-0.5571872395918231,-1.8472413505499703,-1.6107384274973675,-1.7640984679528429,-2.7763724316697656
15565.0,-0.3349679194593694,-0.5571872395918231,-1.2081285834125899,-1.3807506813715704,-1.2818823689972492,-1.5819642561977802
15566.0,0.9762376600515654,-0.5571872395918231,-1.0112771320858964,-0.7716493042481812,-1.1954453334565955,-1.2125356410500672
15567.0,-0.9353081791524545,-1.058145946714099,-1.1568312323097005,-0.5252055769172435,-1.3785107536966998,-0.5509211952541172
15568.0,-1.9674812683483254,-0.20175138038774237,-0.14712046679349317,-0.04906899836195044,-0.3507527121214226,-0.13606270059534376
15569.0,0.12815527178031155,1.0480979277381186,0.9718059676789823,0.8219836448350352,0.8700553726182927,0.33784636100808074
15570.0,-1.5229485149574664,2.110890520920167,1.6591757584696367,1.4151121269539078,1.9146521752584527,0.38904722692604876
15571.0,-1.2115801184678894,1.4312993642702228,1.0596839495961259,1.0633194340570669,1.9146521752584527,0.04723478016010777
15572.0,-1.7074462772723475,1.0480979277381186,1.0627074590503336,0.9619750283809846,1.4774744457749929,0.508893969550877
15573.0,-0.6141483680629726,0.2992073267345332,0.18758539025135465,0.29624124191093276,1.1848607981176718,-0.1981260950102262
15574.0,0.4702544582071883,0.48966298795922886,0.3528879127151263,0.42508011476559643,1.228742543886138,-0.1341716108825936
15575.0,1.2680279097306315,-1.058145946714099,-2.449542405887865,-2.804692648559184,-1.9471638881929467,-2.9891246117440846
15576.0,-0.5070123740010525,-1.058145946714099,0.008002421108446687,-0.13567626036680622,0.020052745320578196,1.6460903657625237
15577.0,0.3653943987983962,0.2992073267345332,-0.6108023443619761,-0.9248532670431823,0.26071325195673184,-1.694912275145756
15578.0,0.4102035851912229,-1.058145946714099,-1.4294682893810784,-1.473214373913271,-0.9194058466176699,-1.065146350571079
15579.0,-0.13187971929566594,0.2992073267345332,0.2423056921066108,0.24639667781208657,0.9754580982530536,-0.09524525243917742
15580.0,0.9496504249089739,0.8001660338568091,0.28454415603540123,0.43196730794482957,1.031671386584256,-0.6516695545434938
15581.0,0.22439297656561819,2.611849228042442,1.5310903266355067,1.2128607076030802,2.081634608837307,-0.41867823034636253
15582.0,-0.7670473650770303,-0.20175138038774237,-0.22246385422774176,-0.060557865827245164,-0.05813906446410138,-0.2777755909861647
15583.0,0.9479515492166357,-1.058145946714099,-1.5467437851695884,-1.3491740126569907,-0.10021972705664996,-1.2863415566979257
15584.0,-0.7922005967383016,0.48966298795922886,0.2283510895270218,-0.013058438386405854,1.15268439735128,-0.36822192957343486
15585.0,0.4666615905535427,-1.058145946714099,-0.5140704970801738,-0.2885608248606143,-0.24120448470420522,0.6614002054222224
15586.0,1.2395198742615607,-0.20175138038774237,0.14579162326656966,0.6508207019995073,-0.2672508963742018,0.41521037343236195
15587.0,-0.3349679194593694,0.654643185938614,0.35448882101246243,0.04000190001399655,-1.9471638881929467,-0.3397825026116305
15588.0,1.325291865994738,-1.058145946714099,-0.3404712727219297,-1.0756752990814846,-1.7640984679528429,0.9888285054025552
15589.0,0.7022155483365661,-0.20175138038774237,-0.4782887451487311,-0.46895585271479406,-0.32196403698294906,-0.7586030409840416
15590.0,0.9580779469522994,0.2992073267345332,0.3423318569224395,0.33863694199834826,0.46843340743959727,0.09287670717690635
15591.0,1.2286312392078274,-0.20175138038774237,-1.043371740436407,-1.4026767430063911,-1.4880589811139169,-1.8177106122316322
15592.0,-0.37384801709977017,-1.058145946714099,-0.6279827657495677,-0.22234367335609284,-0.4437267787202448,0.4465484362671187
15593.0,-0.1138130260237924,-1.058145946714099,-1.1055629773010374,-1.3807506813715704,-1.614523128595098,-0.45422331170941144
15594.0,-1.0395356639262063,0.2992073267345332,0.4638851923849106,0.44820815627933314,0.5698454386786636,0.32157831249458824
15595.0,1.1147713296580601,-1.058145946714099,-0.687692321477391,-0.8112565093766205,-1.7640984679528429,0.3339292791434844
15596.0,0.10956483393148946,0.9303406571479473,0.8737703129926819,0.6692264654070016,0.5407159979871611,0.296200260662997
15597.0,-0.5583457794146515,-0.5571872395918231,-0.3609015204260834,-0.1537873679317828,-0.14457610000475504,0.010628913834623974
15598.0,-0.2983107883386734,-0.5571872395918231,-0.38077201658222964,-0.13567626036680622,-0.21595962957782017,-0.026781939578085955
15599.0,-0.7195200551006783,-0.20175138038774237,0.21271686706335743,0.520906089366719,0.4897435161402434,0.5412280474627492
15600.0,1.0308182885991817,0.07394609082159041,0.18287614227086266,0.18352746090632982,0.21790042237482501,0.0951715009716937
15601.0,-1.2629135238814884,2.3282062876889484,2.000842589828645,2.0396594645263306,1.6244160972942285,0.7848067879338361
15602.0,-1.4474112861963695,1.5859404542672264,0.896529745276478,1.0207836402693722,0.31452880707427483,-0.4400371426924596
15603.0,-0.04624267237073655,-0.5571872395918231,-1.6880142840405998,-0.8881581216111365,-1.7640984679528429,-2.479761105706498
15604.0,-0.31029852425924354,-1.058145946714099,-1.048359707213561,-0.74651041226979,-0.7132292345010023,-0.3463313003983094
15605.0,-0.540774126845729,0.9303406571479473,0.5280211346012978,0.23632698867395574,0.5207054191909427,-0.3537916186899015
15606.0,-0.2097114950440718,1.6565606001831652,1.2437419250898374,0.7744925577243597,0.5602500888610992,0.13030491029053096
15607.0,0.8779192915851238,0.9303406571479473,0.43789115656512134,0.7126592135314093,0.6600894093898906,-0.5230429155019148
15608.0,-0.6970151074455184,0.2992073267345332,0.4696341626034245,0.6123879474864333,0.6428173386552047,0.3323972239886758
15609.0,0.49139896235014185,-1.058145946714099,-0.8175143298476937,-0.7933582365477243,-0.7601216003714991,0.08906989306119813
15610.0,-0.31029852425924354,-1.058145946714099,-1.5169200925389106,-1.3190441216122357,-1.4880589811139169,-1.2300906084964103
15611.0,-1.3187161125298095,2.1575193073054413,0.8425495862847866,0.26784600050146823,0.020052745320578196,-1.19672317011963
15612.0,-0.540774126845729,-0.5571872395918231,-1.122446269731317,-1.473214373913271,-1.7640984679528429,-1.4212276218458115
15613.0,1.2576165577225409,-1.058145946714099,-0.5489820410064534,0.22516314036460627,-0.3507527121214226,0.5955529787440604
15614.0,1.045596020739638,0.07394609082159041,0.8777454396417161,0.7813755112489762,0.44655496268773315,1.4036774715187321
15615.0,-1.3187161125298095,2.8683910257136036,2.25792556634633,2.098160823475108,1.5755040145163772,0.6598066862219201
15616.0,1.045596020739638,-1.058145946714099,-0.7740268227865907,-0.8438005790920419,-0.9194058466176699,0.17109238227471907
15617.0,0.9811023498659778,-0.20175138038774237,-0.08334826131671218,-0.015759554867775548,-0.0181119525235737,-0.016083363312912127
15618.0,-0.5950029105353472,0.07394609082159041,-0.12971727514961923,-0.059110734465001924,-0.05813906446410138,-0.49257692781454077
15619.0,-1.2629135238814884,-1.058145946714099,-0.7316041091098208,-0.848584025185672,-1.9471638881929467,0.25110654749398625
15620.0,-0.2524823540546596,0.07394609082159041,0.530085723897806,0.6055829745634238,0.8082392174469527,0.7487528925186199
15621.0,-1.8243736859341724,0.07394609082159041,0.23705143330162007,0.005545010153355491,-1.0458699940988507,0.1971069610798798
15622.0,-0.4296506057480915,1.6565606001831652,1.5364336038089448,1.38556785387892,1.678022266979655,0.680971503840087
15623.0,0.32174999795173626,0.8001660338568091,0.693501916370645,0.514289727832406,0.6251737972068488,0.11670312444071845
15624.0,0.20301349020923423,0.07394609082159041,-0.3299615506626582,-0.21680882213416025,-0.3805884749031534,-0.8685892071303786
15625.0,0.12815527178031155,0.9303406571479473,0.8978419585770634,1.1859851016063099,0.7490861757345402,0.34148837754542466
15626.0,-0.07913835459246295,-0.20175138038774237,0.09906730767172424,0.5444196188771608,0.44655496268773315,0.3272423166299656
15627.0,1.0727688225756027,-0.5571872395918231,-0.356408418802572,-0.24113697870484116,-0.47721685960260357,0.019088482584748476
15628.0,-1.7074462772723475,1.6565606001831652,1.2995451399043434,1.3403275547039317,0.951848035544989,0.23524744111498355
15629.0,1.0628912315177839,0.07394609082159041,0.6330622958194115,0.7337784894895687,-0.05813906446410138,0.9426996781911631
15630.0,-0.40114257027902034,-0.20175138038774237,0.3349807757246831,0.45087639904140053,0.47915765239960845,0.7714934036951343
15631.0,1.2903547758033207,-1.058145946714099,-0.31959085335124576,0.03626129691480907,-0.05813906446410138,1.0282114015110697
15632.0,-1.0395356639262063,0.8001660338568091,0.9086471205809155,0.949929086321279,0.7567177940893411,0.5214872367346
15633.0,1.1417379231273606,1.3460575542855853,1.1112819348475398,0.9338362864634282,0.4897435161402434,0.24466474076900688
15634.0,-1.0028785328055105,-0.5571872395918231,-0.3721222116616975,-0.5135641944509618,-0.16768729188131876,-0.010496887578300073
15635.0,0.9811023498659778,-1.058145946714099,-1.5982537874017206,-2.9060807784127,-2.183176263091345,-1.3834954035840465
15636.0,0.03638109477975766,0.07394609082159041,0.31685658173089565,0.07863147773092258,-0.05813906446410138,0.34729913317804034
15637.0,-0.2983107883386734,0.2992073267345332,-0.11075653545408493,0.17750249414563374,-0.10021972705664996,-0.7585353024745312
15638.0,0.9530347346034082,0.48966298795922886,0.6408307939994877,0.5421057345599555,-0.586765087019821,0.4074531450776452
15639.0,0.2893295474663386,-0.20175138038774237,0.09741992823733076,0.3519246856216433,0.3014022381220454,0.3241409792423542
15640.0,-1.8243736859341724,2.2876939305965793,2.340149493334645,2.114280924671357,1.6057396764320917,1.4698109164245214
15641.0,0.13423422913161528,1.2544959545938104,1.2593498217356132,1.436728250109387,1.4452980450086004,0.6317780273379138
15642.0,1.3726167481092915,-1.058145946714099,-1.5606454755244035,-0.3999276484574282,-1.4880589811139169,-1.3125617593316474
15643.0,0.5185490566485405,-0.20175138038774237,-0.24266877428602715,-0.4609184296153759,-0.24120448470420522,-0.31577173006728304
15644.0,0.42575162422735197,0.07394609082159041,-0.0969840593918254,0.07510481545414811,1.114296432923324,-0.43107019165855665
15645.0,-0.9353081791524545,-0.20175138038774237,0.09069015549989072,-0.14879831034045113,0.27450169513374717,0.3114717254799323
15646.0,0.39426922020759336,0.2992073267345332,0.033517199242664164,0.49215871124319727,0.3526935049184267,-0.4876478919205725
15647.0,1.0110836484864059,-1.058145946714099,-1.2255496290895491,-0.9088754544805527,-1.0458699940988507,-0.6805320729419544
15648.0,0.5572336581134208,-0.5571872395918231,-0.24991097753364905,-0.5311044589581426,-0.47721685960260357,0.2196267593748796
15649.0,0.8760190673835795,0.07394609082159041,0.6100215986094074,-0.015759554867775548,-1.2818823689972492,0.8993012592034639
15650.0,1.1578805519021536,-0.5571872395918231,-0.37312147655371986,-0.5645293427226981,-0.1914684658752519,-0.012378229037455364
15651.0,-0.5236711079833221,0.2992073267345332,0.21788218468075463,0.3687314777215735,0.17272976344709118,-0.14116748903587378
15652.0,0.04339018311183878,0.2992073267345332,0.3046709648387587,0.18552358061389118,0.6428173386552047,0.02203812760454925
15653.0,0.05718265445124563,-0.5571872395918231,-0.04208405478999862,0.57928136653745,-1.7640984679528429,0.6110959228179723
15654.0,-1.3798409325433134,-0.5571872395918231,-0.006014276326865575,-0.02943407941301077,-0.8098576192004525,0.6790522583818764
15655.0,0.6689257299564773,-1.058145946714099,-0.36435717964634673,-0.2804155698175485,-0.16768729188131876,0.9437769106925993
15656.0,-0.40114257027902034,0.07394609082159041,-0.156471941844257,-0.24304618451220317,0.07416420415895746,-0.5428418322165233
15657.0,-0.8183807704906293,-1.058145946714099,-2.4518631588039836,-1.967436469196142,-2.515817022689194,-2.993501821289854
15658.0,0.5118685254199581,0.8001660338568091,0.6894769743562186,0.21666411550188663,0.5105140700321456,0.10913341089246631
15659.0,-0.41523819700049863,-0.20175138038774237,-0.40144910886152896,-0.7383398607540069,-0.862804573858747,-0.6142456491209615
15660.0,-0.7670473650770303,1.5110377522649707,0.7968384812621447,0.8788972291874401,0.44655496268773315,-0.5398998020423006
15661.0,0.8388019735984524,0.8001660338568091,0.19279717645733302,0.29539855000987036,-0.3507527121214226,-0.8237854295481676
15662.0,1.309030698983018,-0.5571872395918231,-0.8539088057057488,-0.8067360727591756,-0.9802035124500996,-0.9168811576506033
15663.0,0.14025610622843504,-1.058145946714099,-1.3698972770444262,-1.0111411307468456,-1.1954453334565955,-0.9527885023744426
15664.0,-0.3225146116861712,0.07394609082159041,0.2149999113504361,0.042483868766071,0.2031181655606824,0.15561291376869216
15665.0,0.4333865381942647,0.2992073267345332,1.0531627323719288,1.1348434865968147,1.0994248524597794,1.4313139965524613
15666.0,1.0934362995056883,-0.5571872395918231,-0.277136710735267,-0.03777737444621675,0.31452880707427483,0.16835523314141684
15667.0,-0.4749394310824503,-1.058145946714099,-0.8107130677674377,-0.47709271037340434,-0.9194058466176699,0.1018978632833657
15668.0,0.5996007235020872,-1.058145946714099,-1.7932659093550376,-1.2626334870875637,-2.515817022689194,-1.7513109154492617
15669.0,-0.4749394310824503,0.07394609082159041,-0.22095872574133382,-0.24496094842291352,-0.24120448470420522,-0.6639642300224258
15670.0,0.7971428378544745,-0.5571872395918231,-0.7559302387547436,-0.8680734789258341,-0.6267921989603487,-0.732687053012279
15671.0,-0.9353081791524545,0.654643185938614,0.7557786962004928,0.807822099950031,0.17272976344709118,0.4148176099287007
15672.0,1.3682150479281203,-1.058145946714099,-2.1627937860539754,-2.5074125686447046,-1.9471638881929467,-2.448283410056662
15673.0,0.02212883716268363,0.9303406571479473,1.3907216259969244,1.256327127771583,1.1666290909919852,1.2694559323141745
15674.0,-0.09624137345486956,1.3460575542855853,1.4482744810929156,1.3102057344654205,1.48688632403703,0.8788755758796739
15675.0,-0.030406677691591163,0.07394609082159041,-0.3886638726225187,0.14968556023503557,-0.21595962957782017,-0.9787242930816483
15676.0,-0.9353081791524545,-0.20175138038774237,0.9409036174345086,0.9930589487503655,1.228742543886138,1.9132925184659626
15677.0,-0.3476678433474425,-0.20175138038774237,0.2440339260753555,0.2012781287866438,0.32744864979204164,0.6002033968847372
15678.0,-0.2983107883386734,-0.20175138038774237,0.5118852381870181,0.5020867629731707,0.4897435161402434,1.104757080860722
15679.0,-0.7922005967383016,0.07394609082159041,-0.12562593196284,0.5626433561160352,0.6853342645162757,-0.4848897431423234
15680.0,-1.3798409325433134,1.0480979277381186,1.1365108501913495,1.1976379427253467,1.0583966506364906,0.6478037493059925
15681.0,-0.7670473650770303,1.4312993642702228,0.8407255364294947,0.6768247701431739,0.10835219495760728,-0.3642039827550663
15682.0,1.2459654079011127,-0.5571872395918231,-0.7714716455016286,-0.5281484048190704,-0.4115503779538524,-0.7619093940588841
15683.0,0.20301349020923423,-0.5571872395918231,-0.41226810967706573,-0.26442156740029954,-0.4115503779538524,-0.0860768329352729
15684.0,1.1878264771467721,-0.20175138038774237,-1.2048673215398693,-1.2190598790341067,-1.1954453334565955,-2.1192222694435046
15685.0,1.0628912315177839,-1.058145946714099,-2.013228646286567,-1.709582179172762,-0.7132292345010023,-2.1661861850753823
15686.0,1.0187459283862368,-1.058145946714099,-1.6758763463502246,-1.2626334870875637,-2.515817022689194,-1.5299005653040267
15687.0,-1.3798409325433134,0.9303406571479473,0.8415442829204114,0.6369211762129198,0.8431548296299944,0.23557663787820035
15688.0,1.0172207785620297,-1.058145946714099,-1.1394712887239884,-1.0824911210991475,-0.3805884749031534,-0.5181783253649394
15689.0,0.21911455007042469,-0.20175138038774237,-0.4170969830665645,-0.5739479419351734,-0.586765087019821,-0.6436479256612809
15690.0,-1.8243736859341724,-0.5571872395918231,-0.974781661236335,-0.12921212048498146,-0.6267921989603487,-1.143992969506613
15691.0,0.6921553389303546,0.07394609082159041,-0.35084689339976904,-0.5583243821854503,-0.9802035124500996,-0.9077789052500994
15692.0,-0.6970151074455184,-1.058145946714099,-1.1377055425049718,-0.8390516708165107,-0.9802035124500996,-0.5148479229116643
15693.0,1.3070902279146166,-1.058145946714099,-2.2957314922294625,-1.8259532106467022,-2.515817022689194,-2.699019364075098
15694.0,-2.4120140217391843,2.062432694683636,1.76678256065925,1.1020350544459465,0.21790042237482501,0.6468780639307893
15695.0,0.7290940618003953,0.07394609082159041,0.1406792576447905,-0.017114284365895672,0.21790042237482501,0.015787608226666864
15696.0,-0.5950029105353472,1.3460575542855853,1.0334180727180795,0.6801216238571579,1.0994248524597794,0.09823070152531015
15697.0,1.3365270473241955,-1.058145946714099,-0.954158583009076,-0.8932765983286024,-0.862804573858747,-0.1686570390729249
15698.0,1.2721455816534404,-1.058145946714099,-2.148920975944967,-1.3807506813715704,-2.183176263091345,-2.4221176789208543
15699.0,-0.9682038613741811,-1.058145946714099,-0.7911267566816651,-0.96946160877935,-0.6688728615528973,0.13883992086114716
15700.0,0.44838898133871236,-0.5571872395918231,-0.20809939536807093,-0.21680882213416025,0.5698454386786636,0.29837205351859103
15701.0,-2.1519790306632065,0.07394609082159041,0.3639175671417591,0.40682841596643776,1.2372441024225518,0.4358836535737982
15702.0,1.0988369646744305,-0.5571872395918231,-1.3583379474027446,-1.0298453562635617,-0.2672508963742018,-1.8634793719991736
15703.0,0.7242901052643254,-1.058145946714099,-1.0647539128498091,-1.3190441216122357,-1.614523128595098,-0.37725267634828086
15704.0,0.3172176455272237,0.48966298795922886,1.016889421639977,0.8170426379491432,0.9088213112787457,1.1155262928091718
15705.0,0.5477790613471053,-1.058145946714099,-1.3446571451756504,-1.3595320367867216,-1.4880589811139169,-0.9051826821317313
15706.0,-0.1794070292720186,0.07394609082159041,0.0943582392558522,-0.2865150349101377,0.14117229372259663,-0.07134073248554121
15707.0,-0.5583457794146515,0.07394609082159041,0.01174993375580225,0.12938062062542638,0.8896672959534744,-0.22668443344424644
15708.0,-0.4594850640247002,0.9303406571479473,1.115615484218912,0.7984704598680793,0.9458378031172426,0.751360439840604
15709.0,0.7685369722885271,-0.5571872395918231,-0.7500998982155407,-0.7066363290939456,-0.3805884749031534,-0.7217238268941812
15710.0,1.014159554616912,-1.058145946714099,-0.02471581309035025,0.1673365894677739,0.7791957222855813,1.584379975974358
15711.0,1.199423993889602,-0.5571872395918231,-0.5716631891240548,-0.5997442262109776,-0.4115503779538524,-0.38607557323995584
15712.0,-1.3798409325433134,1.2544959545938104,0.9485474197913258,0.6201533380291686,0.5793298571111467,0.04707263710251798
15713.0,0.33071972736706673,0.07394609082159041,0.059756447598443195,0.017232362980571646,0.10835219495760728,-0.13641534084622614
15714.0,-1.2115801184678894,0.2992073267345332,-0.12238160524281569,-0.20768633277585966,0.05652066271060163,-0.7803513751656631
15715.0,1.1982736344801281,0.2992073267345332,-0.24917800584426839,-0.4609184296153759,-0.1914684658752519,-1.0181804706634767
15716.0,0.34394339583208783,1.15560189306089,0.8567165793058588,0.853406467618376,1.215822701168371,-0.0077318039624161535
15717.0,0.6448229902562577,0.2992073267345332,-0.30724268267564364,-0.5222758574236794,-0.7132292345010023,-1.127009305302389
15718.0,1.1795815951948991,-1.058145946714099,-0.8288884597100483,-1.0824911210991475,-0.6688728615528973,0.06761696308208183
15719.0,-0.5950029105353472,2.3674323185913275,1.7265047978419243,1.564210006440338,1.9275141439641945,0.22415872379132898
15720.0,-0.7922005967383016,-0.5571872395918231,-0.16282609643938262,-0.270373833714497,1.0424661878166923,0.3836442914247604
15721.0,-1.2115801184678894,-1.058145946714099,-0.43661507165819774,-0.12760596354808515,0.5207054191909427,0.8074901338992946
15722.0,-0.540774126845729,1.15560189306089,1.2474660994102185,1.0020471199693661,0.6251737972068488,0.7274115406591257
15723.0,0.9289607210324548,0.07394609082159041,0.013324020731390761,-0.07372735685424821,0.7642790739473241,-0.22372489203442905
15724.0,0.5477790613471053,-0.20175138038774237,-0.7883485627532058,-0.9467793286780029,-0.7132292345010023,-1.340379959686204
15725.0,-1.0784157615666075,-1.058145946714099,-0.5802673887547978,-0.5311044589581426,-0.21595962957782017,0.5365451792253555
15726.0,0.9713357875339578,-1.058145946714099,-0.763234922983728,-0.9141583819899257,-0.47721685960260357,0.19144715873799084
15727.0,-1.0028785328055105,1.5110377522649707,1.669507028393869,1.6310162908224954,1.8844733957651463,1.1013221401359998
15728.0,0.9547202157281579,-0.5571872395918231,-0.38527483330044293,-0.8680734789258341,-1.1172535236719159,-0.035259285679305384
15729.0,0.5847888596192942,-0.20175138038774237,-1.1320617175600893,-1.5383885354275355,-1.1172535236719159,-1.9833794892763914
15730.0,-0.15997144498132296,0.2992073267345332,0.4452741802382151,0.4983812830944592,0.7178293264081053,0.28655583402820933
15731.0,1.195966706816979,-1.058145946714099,-1.4396655325340806,-0.9194840867058315,-1.2818823689972492,-1.0843795355257733
15732.0,0.5817849890277144,1.0480979277381186,0.42646520103934665,0.6620224400589856,0.18806465959309385,-0.6868868121903473
15733.0,0.7662827513425954,-1.058145946714099,-1.2545242743159362,-1.3595320367867216,-1.1172535236719159,-0.73518161912559
15734.0,0.19205039933619955,0.07394609082159041,0.6402263895939222,0.024910126492420626,-0.12209817180851448,0.9561940231298994
15735.0,1.0202674598207486,-1.058145946714099,-0.7504725073421862,-0.5771176875341992,-0.6267921989603487,0.21551855694037564
15736.0,1.0411983450016138,-0.5571872395918231,0.48152800895023323,0.6155051141684996,0.6600894093898906,1.5978906833731468
15737.0,-1.0784157615666075,0.8001660338568091,0.1863556986099722,0.1228360796752538,0.28806221969362183,-0.8358650106580721
15738.0,-0.9353081791524545,2.703410827734218,1.9200319904131868,1.9245530897866658,0.4126028186801636,0.20926017946398845
15739.0,-0.15997144498132296,-1.058145946714099,-0.523896702856896,-0.03359249751475335,-1.2818823689972492,0.6428668400536677
15740.0,-0.3476678433474425,-1.058145946714099,-1.2880336716830882,-0.7759341463654605,-1.1954453334565955,-0.7983842345396434
15741.0,1.0741675694743047,-0.5571872395918231,-1.074586853701555,-1.2809046880716817,-1.0458699940988507,-1.3314022695450614
15742.0,1.2669943475426584,-1.058145946714099,-1.2788926382917642,-1.4857427705919495,-0.0181119525235737,-0.7811431838699228
15743.0,-1.0395356639262063,0.07394609082159041,-0.12270262913983071,-0.5460873605785668,0.27450169513374717,-0.4793970758910593
15744.0,-0.054309762370586455,-1.058145946714099,-2.3481260714036623,-0.9302666386620904,-1.9471638881929467,-2.7978416258139553
15745.0,-0.9353081791524545,0.07394609082159041,0.11709548020688279,-0.10863192839430982,0.24668909751329784,-0.028574626615047543
15746.0,0.2893295474663386,-1.058145946714099,-1.1161186592801393,-0.6727062364625485,-0.32196403698294906,-0.4741325539213351
15747.0,-1.1640528084915374,0.9303406571479473,0.7296885784875938,0.6663543170053218,0.8223842757380923,0.025211835026417172
15748.0,-0.4749394310824503,-0.20175138038774237,-0.2981038354293758,-0.41963611741357915,-0.16768729188131876,-0.42000284430580553
15749.0,0.6475462436000934,-0.20175138038774237,2.7868852762298797,2.360933623417504,-1.614523128595098,5.3942986622130515
15750.0,-1.9674812683483254,1.7233615276208618,1.4324399402816115,1.4616775162480178,1.8101152053728418,0.4077704679760614
15751.0,1.0783455985755337,1.15560189306089,0.2841530437074353,-0.07520704462975447,0.6162076636214244,-1.0822876301429958
15752.0,-0.4749394310824503,0.9303406571479473,1.086886154749566,1.1743437191400288,1.7444487237240907,0.6972743771247082
15753.0,0.8141325783983266,-1.058145946714099,-1.7669131974878647,-0.8112565093766205,-2.515817022689194,-1.701606640107952
15754.0,-0.3225146116861712,0.9303406571479473,0.8521777075191335,0.8317556785378892,0.8082392174469527,0.25557945814316163
15755.0,-1.3187161125298095,1.6565606001831652,1.3417334328127786,1.3763416429129682,1.544111232749301,0.3146013203706434
15756.0,-0.2097114950440718,0.07394609082159041,-0.40081455210297656,-0.47165696919616373,1.0842787042858788,-1.001514912593792
15757.0,-0.15997144498132296,0.48966298795922886,0.8287381707186277,0.8298876825682382,1.0944071422788821,0.7611813063979449
15758.0,-0.7670473650770303,-1.058145946714099,-1.0862657538295757,-1.5383885354275355,-1.1954453334565955,-0.41782650694856543
15759.0,0.5996007235020872,0.654643185938614,-0.08128382131367638,0.03375569030819123,-1.1172535236719159,-1.1572768988792699
15760.0,1.279288497801991,-0.5571872395918231,1.9487298033104457,-3.361978192741088,-2.515817022689194,4.364553417307717
15761.0,1.0528591244028263,-1.058145946714099,-1.344907220887895,-1.8050714269853785,-1.614523128595098,-0.9056543539702967
15762.0,-0.1696156146721137,-0.5571872395918231,-0.3353389532544884,-0.44773720812994533,-0.10021972705664996,0.05875909818290272
15763.0,-0.6141483680629726,-0.5571872395918231,0.11203301449678342,-0.3975051008243698,0.26071325195673184,0.901481006941946
15764.0,0.02212883716268363,0.8001660338568091,1.135791269184485,1.1694502705771723,1.211470473151452,0.9491262005598298
15765.0,1.3148171310090697,-1.058145946714099,-0.6619735053604707,-0.25852268535940026,-0.4115503779538524,0.38243795347541604
15766.0,-0.1794070292720186,-0.20175138038774237,-0.08117122795592953,-0.26048310689664694,-0.5486003891756687,-0.011987086538407608
15768.0,0.19755537046578467,2.478149591821275,2.031071504198166,1.4120314611869142,1.9053400087938746,0.6719497319479804
15769.0,-1.5229485149574664,2.842379197713229,3.2834011511174883,3.0199563827328118,-0.3805884749031534,2.620969857368793
15770.0,1.260757748649645,-1.058145946714099,-0.7642621726076025,-1.3092999294811463,-0.6688728615528973,0.18950964663651626
15771.0,1.2512876392662957,-0.20175138038774237,0.056723238126275805,0.019801588664723924,-0.3805884749031534,0.24753015523650496
15772.0,1.0156919930971386,-1.058145946714099,-0.8611579111536247,-0.9870018732865309,-0.7601216003714991,0.006753029694545765
15773.0,-1.608585561882396,-0.5571872395918231,-0.13187993160601785,-0.12600371929944124,0.07416420415895746,0.4419355511598754
15774.0,-0.13187971929566594,0.48966298795922886,0.2573174527499035,-0.03220343482568643,0.5979759564957379,-0.3137966310770101
15775.0,0.6741610667752455,-0.5571872395918231,-1.3085711931573485,-0.4246569123197467,-1.1954453334565955,-1.7702506105725004
15776.0,0.28456130840953614,-1.058145946714099,-0.969236086788887,-0.8390516708165107,-0.6688728615528973,-0.19709496239211466
15777.0,0.6636473034612838,0.654643185938614,0.46014813054200876,0.1228360796752538,-0.2941514393624997,-0.14122432243644184
15778.0,1.035287471833904,-1.058145946714099,-0.7950809575914675,-1.0426170379233037,-0.7132292345010023,0.13138183868097883
15779.0,1.0811159061179179,-0.5571872395918231,-1.4466599676885135,-2.0821123426729526,-1.2818823689972492,-2.02882088601233
15780.0,0.49139896235014185,-0.20175138038774237,-0.48318916842921456,-0.5340738587593296,-0.3805884749031534,-0.767807289005417
15781.0,-0.7670473650770303,-0.20175138038774237,-0.712509686248027,-0.6653981508446892,-0.586765087019821,-1.198204502570563
15782.0,-1.3187161125298095,0.07394609082159041,1.0529796954174675,0.8616572338959887,0.15710275654239486,1.7339102998035916
15783.0,-1.2629135238814884,-1.058145946714099,-0.9554686204203758,-0.5583243821854503,-0.862804573858747,-0.17112792178612987
15784.0,1.0879897682663244,-0.5571872395918231,-0.06636790274123398,-0.17413087434004473,-0.1914684658752519,0.5653467326310986
15785.0,-0.5950029105353472,1.5859404542672264,1.3389402014850902,1.445150266455122,0.7178293264081053,0.3915162610833653
15786.0,-0.3873500989396135,0.2992073267345332,1.5947672855153323,1.6353183802257494,1.7421666831507694,2.4521283444442314
15787.0,-0.7428435417295326,-0.20175138038774237,0.013627796109278709,0.05475513775326972,1.0636387966331442,0.16641307857675403
15788.0,1.1417379231273606,-1.058145946714099,-1.0305494017579826,-0.958022695435433,-0.862804573858747,-0.31273899571487235
15789.0,0.9165761254464796,0.48966298795922886,0.5373353059792096,1.061480388891812,0.7791957222855813,0.2127106870229571
15790.0,-1.3187161125298095,-1.058145946714099,-1.0337255393748317,-0.9637172845910725,-0.16768729188131876,-0.3187295601556582
15791.0,-0.41523819700049863,0.2992073267345332,0.9762096290430008,0.9051074305711296,0.8567153541898691,1.2863239065951972
15792.0,0.9875317290149478,-0.5571872395918231,0.0027568609994537206,0.13046507419147776,0.24668909751329784,0.695577856625844
15793.0,-1.0784157615666075,0.8001660338568091,0.6823382491560159,0.8023831480208053,-0.9802035124500996,0.09570790119124864
15794.0,1.377859217618911,-0.5571872395918231,-0.12957925630229927,-0.35763101764852595,-0.8098576192004525,0.44626931270723447
15795.0,0.36116121379957716,0.8001660338568091,0.5438618137695909,0.6857352079090798,0.7865535568710715,-0.16463773655729938
15796.0,-2.4120140217391843,1.6565606001831652,1.236104500163377,0.8216048824065979,0.9637379981128575,0.11594399065130355
15797.0,0.18089663648351514,0.48966298795922886,0.7989071577153107,0.6222087176356097,-0.9802035124500996,0.7050140333624647
15798.0,1.1212955486788323,-0.20175138038774237,0.3607492556012485,0.40110906741615904,0.44655496268773315,0.8200314209875718
15799.0,-0.07075489928216207,0.07394609082159041,0.3066707644610177,0.6527825854490907,0.9927301689877395,0.3281275678803847
15800.0,0.14622196505218568,0.654643185938614,0.20839555980289814,0.11066595898664759,1.258120370257919,-0.6141332525924355
15801.0,-0.3873500989396135,-0.20175138038774237,0.09665572468843062,0.09025229131259026,0.3014022381220454,0.3227023030240487
15802.0,0.33071972736706673,-1.058145946714099,-0.5202240282935011,-3.628661084298931,-2.515817022689194,0.6497939308463765
15803.0,-0.3225146116861712,0.07394609082159041,0.5253611401913122,0.47889648590110606,0.10835219495760728,0.7398555590071407
15804.0,-2.4120140217391843,1.3460575542855853,1.0866892229460947,1.0786189748272563,1.133714926635295,0.19840972899149723
15805.0,-0.8183807704906293,2.3282062876889484,1.7241165013263804,1.6616134791791317,1.692716266781489,0.2640997122480144
15806.0,-0.3873500989396135,-0.20175138038774237,-0.12259254769177035,0.12611649016022689,-0.4437267787202448,-0.0899196935430642
15807.0,-0.3349679194593694,0.2992073267345332,0.48224161673936644,0.739812668866803,0.5698454386786636,0.3561236990402933
15808.0,0.816224995258786,1.9044924940644754,2.150358229141777,1.759946024556804,1.7189901967493497,1.5504192646606627
15809.0,-0.540774126845729,0.654643185938614,0.22662433312914051,0.22516314036460627,0.15710275654239486,-0.5799146951507056
15810.0,-0.04624267237073655,0.8001660338568091,0.8429724526853035,0.789779726425166,0.607142454731596,0.39789281667542975
15811.0,-0.8456753236698794,0.654643185938614,1.0304522045189637,0.8888916091934528,1.2864824609043526,0.9319132598476777
15812.0,0.14622196505218568,1.2544959545938104,1.2396646720716216,1.2735120664653228,0.5887058798168258,0.5947268286638827
15813.0,0.5696268012260529,-0.5571872395918231,0.2430847386914502,0.127206334550111,-0.037881416532715165,1.1484522145172362
15814.0,-1.0028785328055105,0.48966298795922886,0.7496012549351231,0.8189474204527596,0.5505411819726732,0.6121875957184204
15815.0,-0.1794070292720186,0.2992073267345332,0.5864941350633153,0.8659212419506803,-0.1914684658752519,0.5523542019100002
15816.0,1.1819481115290005,-0.5571872395918231,-1.3394255037653557,-1.448851553929116,-1.0458699940988507,-1.8280555869219668
15817.0,1.0202674598207486,-0.20175138038774237,0.7848080676886147,0.7667136324166158,0.9336836095984207,1.619069362450802
15818.0,1.2340986653209314,-1.058145946714099,-0.7229004182431988,-0.3667980083921493,-1.0458699940988507,0.2675227193665713
15819.0,-0.3476678433474425,1.0480979277381186,1.0386034082517914,1.1656438749459173,1.189356113787718,0.46353294186011945
15820.0,0.8448238506952722,-1.058145946714099,-1.0802467141133618,-0.8881581216111365,-0.7132292345010023,-0.40647389895691344
15821.0,-0.41523819700049863,-0.5571872395918231,-0.35127512069215816,-0.589951674024074,0.24668909751329784,0.028753520599646
15822.0,-1.9674812683483254,0.48966298795922886,0.4911182502119022,0.4257720884630957,0.07416420415895746,0.12576865846773452
15823.0,0.9411106822337401,-0.20175138038774237,1.0316825347791279,0.8365877840270219,1.0583966506364906,2.0844185320648485
15824.0,1.0671431268633091,-0.5571872395918231,-0.031094102137104434,-0.02530178767071874,-0.4437267787202448,0.6318008586670883
15825.0,0.44838898133871236,-1.058145946714099,-0.400841543138006,-0.5340738587593296,-0.586765087019821,0.8749631636375641
15826.0,-0.26363611690734395,0.07394609082159041,0.7396457795568722,0.8544885423436139,0.7017426726202728,1.1434787609734334
15827.0,-0.09624137345486956,2.245808014503504,1.0123674990766114,0.8544885423436139,0.8766449105123539,-0.9787989667168953
15828.0,0.9462481612329638,-1.058145946714099,0.12639459731999403,-0.19868864199310854,0.457567115373851,1.8693917608650876
15829.0,0.09686491004341691,-0.5571872395918231,-0.2735084529136402,0.45684066001113044,0.038489320235348796,0.1751877979527675
15830.0,-0.5070123740010525,-1.058145946714099,-0.3449532072940756,-0.11805052760678522,-0.05813906446410138,0.980375056241098
15831.0,-0.2415192631816249,-0.20175138038774237,-0.10700360166780558,0.5250821093562177,0.32744864979204164,-0.060590996500884446
15832.0,0.6972051697365015,-1.058145946714099,-0.07622585561800585,-0.04339895515390956,0.2031181655606824,1.4872260530861998
15833.0,1.3795972273515245,-1.058145946714099,-1.7562111221967038,-1.967436469196142,-1.614523128595098,-1.6814212831064999
15834.0,-0.12278275543912286,0.654643185938614,1.0083537528424282,0.8526840941917745,1.6829495674195714,0.890298170035638
15835.0,-0.41523819700049863,0.07394609082159041,0.018199305840299444,-0.08115931094395196,0.09143627489364367,-0.21455842815526496
15836.0,-0.3349679194593694,-1.058145946714099,-1.3738961106379772,-1.9168175809686259,-1.1172535236719159,-0.9603307669800647
15837.0,-0.1696156146721137,-0.5571872395918231,-0.12956999423897533,-0.13405425969568574,0.17272976344709118,0.4462867596092346
15838.0,-1.2629135238814884,2.478149591821275,3.1543854260148403,3.2010001447035643,0.3014022381220454,2.7883832315454047
15839.0,-0.5950029105353472,-0.20175138038774237,0.08611811781006148,0.2012781287866438,0.23242103254119895,0.30286468178400366
15840.0,-0.23074043468561758,-0.5571872395918231,-0.691803328884367,-0.14879831034045113,-0.3805884749031534,-0.6120899821346102
15841.0,-0.09624137345486956,0.9303406571479473,0.7785341663733382,1.0324348430570962,0.28806221969362183,0.11706315498252709
15842.0,0.9762376600515654,-0.5571872395918231,-0.3797489868642877,-0.33967165098601143,-0.4437267787202448,-0.024855892375128183
15843.0,0.8120333123706301,-1.058145946714099,-1.4768373594436148,-1.8928978199024078,-1.2818823689972492,-1.154489918432988
15844.0,-0.3873500989396135,-1.058145946714099,-1.4092779361510896,-0.8582565662530369,-1.0458699940988507,-1.0270649993522785
15845.0,-0.9682038613741811,1.15560189306089,1.1233983259880156,0.9558251851769614,0.9088213112787457,0.4938898583216832
15846.0,0.9630818100393996,-1.058145946714099,-1.55239239789016,-1.2024078265981781,-0.3507527121214226,-1.2969954963522141
15847.0,-0.5070123740010525,0.2992073267345332,-0.08856163466955196,0.1693823794182505,-0.05813906446410138,-0.7168786122854552
15848.0,1.270090050410331,-1.058145946714099,-1.3606350266753378,-1.5522358034901937,-0.16768729188131876,-0.9353188224058013
15850.0,-0.9353081791524545,0.48966298795922886,0.09310815275853743,0.6706578499519347,1.5084363488256922,-0.6222131825031623
15851.0,1.1639826455004636,-1.058145946714099,-1.5344705324719026,-1.3092999294811463,-1.2818823689972492,-1.2631927766219309
15852.0,0.5017154078421048,-0.20175138038774237,-0.9242203468241086,-1.3807506813715704,-0.24120448470420522,-1.5948539265180817
15853.0,-0.31029852425924354,-1.058145946714099,-1.5275407646126669,-0.853402515152758,-0.2941514393624997,-1.250122429575186
15854.0,-1.8243736859341724,1.9044924940644754,1.2907669045636585,0.8097537340515011,1.124063132285242,-0.06748692357109606
15855.0,0.30342517418781684,0.48966298795922886,0.08901665211381554,0.23632698867395574,0.43539298020353107,-0.6298938855489632
15856.0,-1.8243736859341724,2.990819440597063,2.5970574700401974,2.443260335205991,1.799529341632207,1.161149082953448
15857.0,-0.9353081791524545,-0.5571872395918231,-0.3518801104353291,0.10618402723932531,-0.5486003891756687,0.0276144320659886
15858.0,-1.0395356639262063,1.3460575542855853,1.0432716275705132,1.1636197706131897,1.520501170041236,0.11675913756744306
15859.0,1.0367703053241684,-1.058145946714099,-0.5411675290267731,-0.6875706191280061,-0.5121324717856456,0.6102920559613783
15860.0,-0.4594850640247002,1.6565606001831652,0.7133709124877544,0.6527825854490907,1.4452980450086004,-0.8655371727675681
15861.0,-1.2115801184678894,1.2544959545938104,1.1194012179971078,1.3473492483925815,1.9329652806783522,0.36841673635579336
15862.0,-1.4474112861963695,1.3460575542855853,0.825775101325149,0.8004297134431949,1.8669969064568752,-0.29201912970268623
15863.0,-0.7428435417295326,0.2992073267345332,-0.6854852962985087,-0.7262712480428852,0.457567115373851,-1.8343005795694187
15864.0,-0.8456753236698794,0.654643185938614,0.6134680491104072,0.7197745871994163,-0.6688728615528973,0.14707136779695842
15865.0,-0.4594850640247002,0.2992073267345332,0.6356354903219006,0.549596286132849,0.8431548296299944,0.6448702886560312
15866.0,0.10956483393148946,-1.058145946714099,-1.002950463418205,-0.8984352203714877,0.020052745320578196,-0.26068419250211655
15867.0,-1.7074462772723475,2.3674323185913275,1.6397969489771813,1.5355408768064032,2.0891543045374834,0.06112599908373896
15868.0,1.2286312392078274,-1.058145946714099,-1.640869334272139,-1.4139201097638212,-1.7640984679528429,-1.4638732746033225
15869.0,0.752588454545872,-0.20175138038774237,-0.7593402363996944,-0.39029053921352713,-0.2941514393624997,-1.2860086628406036
15870.0,-0.5950029105353472,0.07394609082159041,-0.05435311100288864,0.014653061875805272,0.8961017842882889,-0.35094998970478203
15871.0,1.0441334768929462,-1.058145946714099,-2.383183295387295,-2.9060807784127,-1.614523128595098,-2.863963622000429
15872.0,-1.0784157615666075,0.07394609082159041,-0.11248205350266231,0.01206360601609874,1.1044120596547777,-0.4601927149094165
15873.0,1.1303193686941886,0.07394609082159041,-0.7812893905346606,0.5524547040990186,-1.9471638881929467,-1.7138633379051793
15874.0,-0.1794070292720186,1.9044924940644754,1.797697951888541,1.530789186758203,1.48688632403703,0.8861918230728145
15875.0,1.2943319990854762,-1.058145946714099,-1.52163528255812,-1.2275467185765694,-0.6688728615528973,-1.2389840045226967
15876.0,1.00176641150428,-0.5571872395918231,0.31912607430254697,0.37994927560467073,-1.0458699940988507,1.2917707716165632
15877.0,-2.1519790306632065,-0.5571872395918231,-0.4564578705213493,-0.191578076103695,0.8634124775613803,-0.16926061793106761
15878.0,1.2051450416307883,-0.5571872395918231,-0.7437296831954013,-0.46895585271479406,0.09143627489364367,-0.7097451269868733
15879.0,0.9938972919331752,0.07394609082159041,0.15720397063258465,0.1693823794182505,1.1384985731749109,0.04687369290522455
15880.0,0.935931715741001,-1.058145946714099,-0.21862830370891204,-0.10707519171773172,0.6600894093898906,1.2186384965241783
15881.0,0.8286381285590276,0.2992073267345332,-0.444730539518839,-0.4246569123197467,-0.3805884749031534,-1.3844612801276626
15882.0,0.5413976634342754,0.8001660338568091,0.3420334726654845,0.3242686802044462,0.12492635577600246,-0.5437632772843352
15883.0,-2.1519790306632065,-0.5571872395918231,-0.6135165824011903,-0.5252055769172435,0.0011923041824166546,-0.464823460067824
15884.0,1.0367703053241684,-0.5571872395918231,-0.9456290428952463,-0.7506340680270399,-0.862804573858747,-1.0892306616368364
15885.0,0.05718265445124563,1.5110377522649707,0.5335849588749454,0.1475774784982984,0.5505411819726732,-1.0334626331163048
15886.0,-0.22013977682524094,0.07394609082159041,0.08911922327217435,0.19344802513379777,0.26071325195673184,-0.08119417752160199
15887.0,0.9986303407132077,-0.20175138038774237,0.07131478442592466,0.12938062062542638,-0.3507527121214226,0.2749975309934708
15888.0,-0.030406677691591163,-0.20175138038774237,-0.556580633289016,-0.8343368051868192,-0.1914684658752519,-0.9056229040879802
15889.0,0.39022299102027264,0.8001660338568091,0.47777391690100446,0.4522064721717343,1.4679533363137638,-0.288827570616559
15890.0,0.9794848831855826,0.2992073267345332,-0.39719343951660097,-0.935724935040335,-1.1172535236719159,-1.2954863383670214
15891.0,0.6254293898743742,-1.058145946714099,-0.41229553316031825,-0.07669006879540254,0.28806221969362183,0.8533596081213364
15892.0,1.3167343976054073,-1.058145946714099,-1.4233069422957567,-1.5522358034901937,-0.07890961835600385,-1.05352533435287
15893.0,1.1068536340446045,-1.058145946714099,-0.8013355154310978,-0.35763101764852595,-2.515817022689194,0.11958501615409523
15894.0,0.6946852246521797,-0.5571872395918231,-0.5715947680963865,-0.36910985941490526,-0.14457610000475504,-0.3859468288451179
15895.0,0.36116121379957716,-1.058145946714099,-1.1836814281462205,-1.0893783142783806,-1.0458699940988507,-0.6015637831423462
15897.0,0.5251607151948186,-0.5571872395918231,-1.0298383112962584,-0.42214172402019695,-0.7132292345010023,-1.2473899140780416
15898.0,-2.4120140217391843,2.110890520920167,1.2923779440126908,1.039817363028866,1.544111232749301,-0.3004592732229422
15899.0,0.935931715741001,-1.058145946714099,-1.5166660942431538,-1.210681155040306,-1.7640984679528429,-1.2296115382097488
15900.0,-0.7922005967383016,0.07394609082159041,-0.023491668130099504,0.18751366061567995,0.7017426726202728,-0.29293898762773185
15901.0,-1.0028785328055105,0.654643185938614,-0.20137607210862157,0.22703699046058815,1.0040461146997783,-1.38202108301336
15902.0,0.9547202157281579,-1.058145946714099,-1.3351686558622304,-0.9088754544805527,-0.6688728615528973,-0.8872862892373519
15903.0,-1.3187161125298095,1.2544959545938104,1.629863007377121,1.3584973277990586,0.26071325195673184,1.3294866545268764
15904.0,-1.4474112861963695,-1.058145946714099,-1.2440978554699755,-1.1625337434223337,-0.2672508963742018,-0.7155161821961556
15905.0,1.1831281030280887,-1.058145946714099,-1.5028945767469353,-1.178194505634738,-0.5121324717856456,-1.203636856706386
15906.0,-0.9040178174155593,1.0480979277381186,0.7277267456041261,0.27135385382335897,0.9927301689877395,-0.12114487535848233
15907.0,-1.8243736859341724,-0.20175138038774237,0.028209266013023475,0.015943976792285198,1.1573590143130723,0.19385816867253763
15908.0,1.1186938201661045,-0.5571872395918231,-0.14118503584883374,-0.6875706191280061,-0.10021972705664996,0.42440779166356907
15909.0,0.4557606165093461,-1.058145946714099,-1.134336354374122,-1.0622519568722428,-1.3785107536966998,-0.5084932427794447
15910.0,-2.4120140217391843,1.5110377522649707,0.7624356490635412,0.9689769836983179,1.820566213675165,-0.6044585599922058
15911.0,1.2721455816534404,0.8001660338568091,0.43509179838007805,0.32184315463270247,1.0944071422788821,-0.3690110531861603
15912.0,0.4702544582071883,0.9303406571479473,0.10389319140505927,0.27831392870678395,0.5505411819726732,-1.1492752046139338
15913.0,1.1724291954243062,-1.058145946714099,-3.4939221881943614,-3.172763669970543,-2.515817022689194,-4.958946181619127
15914.0,0.9513448121530387,-0.5571872395918231,-1.0836849799131818,-0.7889587489815226,-0.9194058466176699,-1.348480403922156
15915.0,0.9907224082272229,-1.058145946714099,-0.5564968794205157,-0.06346171574858953,0.7413828979433381,0.5813791206773582
15916.0,-1.0395356639262063,1.3460575542855853,0.939100278302328,0.8093678607997137,1.3697273015336935,-0.07908185302233726
15917.0,0.6819348007287381,0.2992073267345332,-0.3644084993762787,-0.4171400197733095,0.8961017842882889,-1.2340974509912914
15918.0,0.5152174896819478,-0.20175138038774237,-0.33641186112597815,-0.47709271037340434,0.12492635577600246,-0.4920160012694378
15919.0,-0.9040178174155593,-0.5571872395918231,-0.015375514422616804,0.3021100463966054,0.7257558910386418,0.6614150982004693
15920.0,0.3779288407609402,0.9303406571479473,-0.3504189204391143,-0.47709271037340434,0.6428173386552047,-1.9973749792366993
15921.0,0.45208539041217766,0.07394609082159041,-0.10668949453689978,-0.24496094842291352,0.40096584261492885,-0.4493080990243076
15922.0,0.942827752064887,-1.058145946714099,-0.16566392280851416,-0.38552442459827896,-1.0458699940988507,1.3185354704987886
15923.0,0.942827752064887,-1.058145946714099,-0.9329222514453367,-0.4662657837754595,-0.5486003891756687,-0.1286028512305608
15924.0,1.3734934744233138,-1.058145946714099,-1.5809027995029203,-1.0298453562635617,-0.862804573858747,-1.3507694251605509
15925.0,0.5251607151948186,-1.058145946714099,-1.0796579517381086,-1.0963383891618057,-0.9802035124500996,-0.4053634247348413
15926.0,1.1819481115290005,-1.058145946714099,-1.3893186192813285,-0.7631624647057185,-1.3785107536966998,-0.9894194095427967
15927.0,1.2953224629098814,-1.058145946714099,-1.4506461026677429,-1.2902342195152068,-0.9194058466176699,-1.1050901661462214
15928.0,1.3041684679689238,-1.058145946714099,-0.8295242916286395,-0.7262712480428852,-1.0458699940988507,0.06641771023433923
15929.0,1.2923464705681624,-1.058145946714099,-0.32281720589624674,-0.9302666386620904,-2.515817022689194,1.0221261258835308
15930.0,-0.15047015714448805,-1.058145946714099,-0.5608313379492715,-0.8343368051868192,-0.5486003891756687,0.5732038284624746
15931.0,1.0308182885991817,-1.058145946714099,-0.97436276390251,-0.9412289080697872,-0.862804573858747,-0.2067644708710098
15932.0,-1.8243736859341724,0.8001660338568091,0.7106804306602771,1.0140319545777978,0.6428173386552047,0.14901213069424868
15933.0,-0.8741833591389503,-0.20175138038774237,0.12551102372502437,0.3792073455329857,0.32744864979204164,0.37702674163233885
15934.0,1.0156919930971386,-0.5571872395918231,0.6167304316144742,0.9674611477224434,-0.2941514393624997,1.8527702350902022
15935.0,0.6583250720961007,-0.5571872395918231,-0.5774856059574985,-0.958022695435433,-0.9802035124500996,-0.39703121482619824
15936.0,0.9530347346034082,-0.5571872395918231,-0.8562916882266645,-0.5614195452564948,-0.7601216003714991,-0.9213597953912395
15937.0,-0.1794070292720186,-1.058145946714099,-1.333492627787012,-1.2536847648443734,-1.3785107536966998,-0.8841251056236763
15938.0,0.17524615765079224,0.9303406571479473,-0.16975563304600963,-0.06637844309529126,-0.3507527121214226,-1.6607819555862484
15939.0,0.03638109477975766,1.5859404542672264,1.6395139010288315,1.6653005606467943,0.17272976344709118,0.9572710992117098
15940.0,0.8265858861715248,-1.058145946714099,-2.328273764667246,-3.0259974839117305,-2.515817022689194,-2.760397869544751
15941.0,1.2853483085455746,-1.058145946714099,-0.5982338527019845,-1.3807506813715704,-1.4880589811139169,0.5026583414895744
15942.0,0.2893295474663386,-1.058145946714099,-0.7293863727360002,-0.4992963694822978,-0.862804573858747,0.2552894558760314
15943.0,1.298284709279553,-0.5571872395918231,-0.8861003596079458,-0.6545860563214968,-0.9802035124500996,-0.9773808687439702
15944.0,0.752588454545872,0.07394609082159041,0.60799105059527,0.35961741587499746,-0.4115503779538524,0.8954767013807273
15945.0,0.9289607210324548,0.07394609082159041,-0.08446099903855521,-0.14714366559657338,-0.4437267787202448,-0.4075362304980453
15946.0,1.134148187223855,-0.20175138038774237,0.6531200379835451,0.774085426211016,-0.4115503779538524,1.3708872389724196
15947.0,-0.014952310633841332,-1.058145946714099,0.43758346384484925,0.3887877638884077,-0.2941514393624997,2.456330106446476
15948.0,-1.4474112861963695,-0.20175138038774237,0.3483166893184875,0.3542419667226139,0.32744864979204164,0.796612907004671
15949.0,-1.0028785328055105,-0.5571872395918231,-0.6735251342006406,-0.3667980083921493,-0.9802035124500996,-0.5777103916222407
15950.0,-0.6141483680629726,1.0480979277381186,1.4719867909432611,1.2608113845348552,1.3624991221135656,1.2795421335039747
15951.0,-1.3798409325433134,-0.20175138038774237,0.061449484483692286,-0.11019235839979795,0.038489320235348796,0.25642680245241095
15952.0,-0.5764124726865254,0.07394609082159041,-0.10269881520029532,-0.14384681188258933,0.3526935049184267,-0.44180914903590585
15953.0,-1.0784157615666075,1.7233615276208618,0.9883275447339293,0.8645029752258055,0.7178293264081053,-0.42699137261950676
15954.0,1.2351865794051047,-1.058145946714099,-1.13879453416956,-0.935724935040335,-0.586765087019821,-0.5169018876730104
15955.0,-0.7922005967383016,1.9594133665673954,1.6068121491035647,1.4048906869672912,1.3515360227957012,0.46381825040933555
15956.0,1.1924906809695346,-0.5571872395918231,-0.2947879661874959,-0.3807925988742401,-0.6688728615528973,0.13511599547297273
15957.0,-0.6141483680629726,-0.20175138038774237,-0.00013178710117926466,-0.053353840479229184,0.8567153541898691,0.1405160056263267
15958.0,-0.0876328522714647,0.07394609082159041,-0.4568807752370697,-0.7262712480428852,0.14117229372259663,-1.1066480563411007
15959.0,1.3290588383452664,-0.20175138038774237,-0.34060780864519713,-0.3714298651318708,0.26071325195673184,-0.4999029511718219
15960.0,0.9445402369244065,0.07394609082159041,-0.5877500702818425,-0.42971632910462676,-0.4437267787202448,-1.3518498737399849
15961.0,0.9530347346034082,-1.058145946714099,-0.5204311158931361,-0.7673921959311133,0.0011923041824166546,0.6494033395810864
15962.0,1.0614676455862315,-1.058145946714099,-0.8239190000312345,-0.4908819143496147,0.020052745320578196,0.07698994121876405
15963.0,-0.9040178174155593,-0.5571872395918231,-0.49006040962553377,-0.33525739992806775,-0.3805884749031534,-0.23250792069265785
15964.0,1.3109653164344783,-1.058145946714099,-0.8816943392056156,-1.0893783142783806,-0.586765087019821,-0.03198105883372745
15965.0,-1.0028785328055105,1.3460575542855853,0.8463393078356796,0.6959039702987088,1.274447139088575,-0.25338866283757083
15966.0,1.0643116644325106,-1.058145946714099,-0.5609998662155338,-0.3879031647636542,-0.3507527121214226,0.5728859645784344
15967.0,-0.8183807704906293,1.2544959545938104,0.853123297989256,0.5814683043421845,1.6400928747608428,-0.13230095221120805
15968.0,0.9680469331528011,-1.058145946714099,-0.5754363857654946,-0.4425378060430995,0.4126028186801636,0.5456570119644417
15969.0,-1.9674812683483254,0.2992073267345332,0.13813496101426848,-0.5252055769172435,-0.24120448470420522,-0.2910768055475121
15970.0,0.8120333123706301,-0.5571872395918231,0.06439214669592408,0.0016026151001768691,-0.6267921989603487,0.811710101867732
15971.0,-0.9682038613741811,1.7233615276208618,1.3307964890218518,0.9927669527682976,-0.9802035124500996,0.2165725968470483
15972.0,1.0713670183041981,0.2992073267345332,0.47936304396243784,-0.022561279794168585,0.7336066022127771,0.3507063163064944
15973.0,0.932455689893557,-0.20175138038774237,0.043660419945283316,-0.3286910797782772,-1.2818823689972492,0.22294141749482743
15974.0,-0.4907754257615954,0.654643185938614,0.9422421790148562,0.9959718008930533,0.9812559531764108,0.7658113387778048
15975.0,-0.007362574730335169,-1.058145946714099,-0.6612370591668227,-0.46895585271479406,-0.4437267787202448,0.3838269765318528
15976.0,0.42189980965276064,0.48966298795922886,0.45359322725669493,0.5088263937438549,1.4961914490148744,0.055188867881063614
15977.0,-1.0028785328055105,-0.5571872395918231,0.09038989412962548,0.46990406736709617,0.10835219495760728,0.8606976242998238
15978.0,-0.06247962061019341,-0.20175138038774237,0.9073544544178593,1.0468489860906776,0.7567177940893411,1.8500525726487602
15979.0,1.2502267205812954,-1.058145946714099,-0.7471041191698804,-0.06491846260944777,-0.5121324717856456,0.2218717282578694
15980.0,0.029294556390360493,0.654643185938614,1.4105387477989477,1.4991047494984342,0.7098254282188435,1.6479427262057391
15981.0,-0.7670473650770303,1.9044924940644754,1.6631677009208445,1.4943538810744914,1.0370865419358446,0.6329455573403333
15982.0,1.252346805813942,-1.058145946714099,-0.7574560998418167,-0.8730374341016977,0.05652066271060163,0.20234669037033454
15983.0,-0.8456753236698794,0.8001660338568091,1.042989619587234,1.0484610480222134,0.9578145568046977,0.7743813525022898
15984.0,-1.9674812683483254,2.3282062876889484,1.6151649890860522,1.6465468383387574,1.9437600819107885,0.05923390563179181
15985.0,0.23482125834678733,0.654643185938614,0.7713726413498241,1.1244070176057817,0.14117229372259663,0.44416407167010935
15986.0,-0.6542442484349309,-0.5571872395918231,-0.6941109130908991,-0.1969037808196001,-0.4115503779538524,-0.6164301620846168
15987.0,-1.2115801184678894,0.8001660338568091,0.42649088910865984,0.8139834652768959,0.9927301689877395,-0.3851665769260948
15988.0,-0.9353081791524545,-0.20175138038774237,-0.1360079747691916,-0.014407610016013072,0.8082392174469527,-0.11515789165453247
15989.0,0.9479515492166357,-0.5571872395918231,-0.6583373617879096,-0.6989435988405914,0.5307717179635321,-0.5491417874392558
15990.0,-0.41523819700049863,0.654643185938614,0.554757781552706,0.5161008008596119,0.8293663864529791,0.036653354510545105
15991.0,1.1724291954243062,-1.058145946714099,-1.3083334128689013,-1.6262149283445646,-1.4880589811139169,-0.8366719041480923
15992.0,-1.8243736859341724,-0.20175138038774237,-0.026535868320603888,0.022360817336503108,0.18806465959309385,0.09082356059939335
15993.0,-1.3798409325433134,0.654643185938614,0.7928789424962565,0.9315964173215003,1.6878474509651678,0.4846393684957602
15994.0,-0.27498730170981883,-0.20175138038774237,0.1845970592251759,-0.03777737444621675,0.6428173386552047,0.48827714686250095
15995.0,1.0095401454577722,-1.058145946714099,-0.20860566571835182,-0.22419902279177215,0.7642790739473241,1.2375423558628307
15996.0,0.02212883716268363,0.654643185938614,0.4285301659206649,0.26784600050146823,0.9754580982530536,-0.20065279253029586
15998.0,-0.5236711079833221,1.5859404542672264,1.577080018917619,1.5646998377337318,2.269820912959956,0.839716821304156
15999.0,1.377859217618911,-1.058145946714099,-2.7189123041749994,-1.967436469196142,-2.515817022689194,-3.4971875261268175
16000.0,-1.9674812683483254,-0.20175138038774237,1.865237136546304,1.531819491944499,-1.1954453334565955,3.6561214800719033
16001.0,0.9564012788108172,-1.058145946714099,-0.33578272140019383,-0.2546192855417444,-0.2941514393624997,0.9976716577514304
16002.0,1.2731708819498868,-1.058145946714099,-1.2246600339435205,-1.2809046880716817,0.0011923041824166546,-0.6788541931737027
16003.0,-0.6542442484349309,1.0480979277381186,1.2946299320179189,0.98068211425661,1.0096460890517032,0.945501125464423
16004.0,1.0974910561031592,0.2992073267345332,0.6020259382090142,0.5076061319118196,0.32744864979204164,0.5815939297686102
16005.0,-1.2115801184678894,1.0480979277381186,0.6932565587487746,0.6369211762129198,1.6375007934350612,-0.18592606342365767
16006.0,0.5787669825224744,-0.5571872395918231,-0.7089618498785899,-0.5614195452564948,0.46843340743959727,-0.6443613519187825
16007.0,-0.36062434863474907,0.654643185938614,0.8610232697404461,1.0983142019496104,1.692716266781489,0.6129050915820274
16008.0,-0.7922005967383016,1.5110377522649707,1.2645308565378928,1.2388820295941458,0.32744864979204164,0.3390060717792595
16009.0,-0.8456753236698794,0.07394609082159041,0.04676350094053677,-0.17931661162787071,0.3891614223084505,-0.16084844507330315
16010.0,0.6767627952879732,1.15560189306089,0.4442222923613395,0.41249845917447864,0.8634124775613803,-0.7823254958888254
16011.0,-1.4474112861963695,2.2876939305965793,1.3280609282855915,1.2775022967349854,1.1848607981176718,-0.43423807225937927
16012.0,-0.5583457794146515,0.2992073267345332,0.8407472211214989,0.8332462648728789,1.294409025534889,1.031137206879661
16013.0,-1.8243736859341724,3.574427058129272,2.9703398701893726,2.6005450691987897,0.2031181655606824,1.2133427858272776
16014.0,-0.5070123740010525,0.2992073267345332,0.14018895207219162,-0.02530178767071874,1.3404244345531768,-0.287216409101108
16015.0,-1.8243736859341724,-0.20175138038774237,-0.19915903354306352,0.3967866798633863,1.0096460890517032,-0.23394611513934566
16016.0,-1.9674812683483254,1.15560189306089,0.7215844612061085,0.49714146945909393,1.1848607981176718,-0.2616931702970817
16017.0,-0.37384801709977017,0.2992073267345332,0.36935582122045774,0.16631130330722144,0.6935794902722501,0.14371377439886324
16018.0,-0.4907754257615954,0.07394609082159041,-0.20660332868206702,0.008160206198442868,0.10835219495760728,-0.6370051266086347
16019.0,-0.37384801709977017,2.202452120611942,2.1124264134286665,1.736517997341144,1.4679533363137638,1.1378543554807141
16020.0,-1.0028785328055105,-0.20175138038774237,-0.0640977024759268,-0.013058438386405854,0.0011923041824166546,0.020139251984925038
16021.0,0.9794848831855826,-0.5571872395918231,-0.40177335349610227,-0.33746082221933615,0.8293663864529791,-0.06631982514731229
16022.0,0.7121203814881557,-1.058145946714099,-0.28245324997143195,-0.42214172402019695,0.3891614223084505,1.0982572348663087
16023.0,-0.3873500989396135,-0.20175138038774237,-0.1845972244900923,-0.21497417397441176,0.6162076636214244,-0.20655761866922798
16024.0,-1.2115801184678894,-0.20175138038774237,-0.4698183746848406,0.010765045004341275,0.5001945244425666,-0.7426929072044463
16025.0,-0.6542442484349309,-1.058145946714099,-0.5392025416956057,-0.2526762385191352,-0.32196403698294906,0.6139982502932109
16026.0,-0.4296506057480915,-1.058145946714099,-0.9858505275663797,-0.46895585271479406,-0.2672508963742018,-0.22843172739788542
16027.0,0.050323496031906285,1.5110377522649707,0.5683557891753059,0.946804515415001,-0.586765087019821,-0.9683366186796404
16028.0,1.242750738519486,-1.058145946714099,-1.740450254739841,-2.1479393289939694,-1.614523128595098,-1.6516944565224916
16029.0,-0.4907754257615954,3.870308439958154,3.514295165030879,3.1120699769640785,0.24668909751329784,1.9095977679952447
16030.0,0.8245270555146574,-1.058145946714099,-0.7427095815685195,-0.36910985941490526,-0.32196403698294906,0.2301603365816249
16031.0,0.050323496031906285,-0.5571872395918231,-0.37956551978550657,-0.1055221309281067,0.6251737972068488,-0.024510480325987138
16032.0,1.0713670183041981,0.48966298795922886,0.5404268690292743,0.7171153344981446,0.9151078788768329,0.21852695108490028
16033.0,-1.608585561882396,2.202452120611942,1.7684681329847087,1.4164937328882983,2.1716897012106156,0.49034433925037135
16034.0,0.5317049066607064,0.48966298795922886,-0.0012005833735679633,0.12064001440031988,0.020052745320578196,-0.7991982543906551
16035.0,1.2028627431408645,-1.058145946714099,-1.0439315779381955,-1.7651973438095343,-0.5486003891756687,-0.3379793342758456
16036.0,0.014882147642767907,0.07394609082159041,0.7280648882129498,0.6658744038583051,0.8499631098416093,1.12166123929638
16037.0,0.736233191538285,0.2992073267345332,0.34843597583716995,0.28434415637220195,0.31452880707427483,0.10435924478080814
16038.0,-1.4474112861963695,-0.20175138038774237,-0.48850408526348493,-0.4662657837754595,-0.4437267787202448,-0.7777897659678673
16039.0,1.024810514465536,-0.5571872395918231,-0.5123354574472327,-0.12760596354808515,-0.3507527121214226,-0.27443099502856705
16040.0,-0.1696156146721137,0.654643185938614,0.6875216095449964,0.5710149702665375,0.6600894093898906,0.2863809015241698
16041.0,-0.6338830081757483,-0.20175138038774237,0.8820901694240558,0.7617527972924533,-1.4880589811139169,1.8024307457589088
16042.0,-0.8456753236698794,0.8001660338568091,0.6408053556135777,0.7000190260920628,0.5979759564957379,0.01760647276257461
16043.0,-0.5070123740010525,0.8001660338568091,0.49755924041165767,0.4666624593327295,0.23242103254119895,-0.25165218227887737
16044.0,1.0411983450016138,-1.058145946714099,-0.7221833471108137,-0.7027787172215069,-0.6267921989603487,0.268875198807132
16045.0,0.21911455007042469,0.8001660338568091,0.9407295684598811,0.9496172963468189,0.7865535568710715,0.5818726571319001
16046.0,1.2051450416307883,-1.058145946714099,-0.9867933342885729,-0.45561419974850736,-0.5121324717856456,-0.23020997037909066
16047.0,1.3290588383452664,-1.058145946714099,-1.5515256190626503,-3.628661084298931,-2.515817022689194,-1.2953606508107112
16048.0,0.942827752064887,0.07394609082159041,0.10424814196688094,0.08909940593623888,-0.2672508963742018,-0.052739436019930946
16049.0,-0.4749394310824503,0.48966298795922886,0.5140837156851673,0.5598289703977313,1.797395678382385,0.16896871970462168
16050.0,0.4557606165093461,-0.20175138038774237,-0.8121923827391908,-0.1621874941005139,-0.6267921989603487,-1.385060826500719
16051.0,1.3290588383452664,-1.058145946714099,-1.1475281870494471,-1.1942372750823944,-0.9802035124500996,-0.5333745713825792
16052.0,-0.28654302333393833,-1.058145946714099,-0.6787853946662842,-0.3714298651318708,-0.16768729188131876,0.35072877761239263
16053.0,-0.5950029105353472,0.48966298795922886,0.9814809415105185,1.196138985028979,1.1289032233573464,1.0488312885712494
16054.0,0.3395657324261091,0.07394609082159041,0.5903514603926768,0.30544028611292184,0.7717713000569296,0.8622529859121715
16055.0,0.6083263710119671,-1.058145946714099,-1.3874058211021467,-2.0222782993066613,-1.2818823689972492,-0.9858116500131662
16056.0,-0.40114257027902034,-1.058145946714099,-0.24174830350833512,-0.23544238954920166,0.36503047510217346,1.1750314916089444
16057.0,-1.0395356639262063,1.0480979277381186,1.02381672962712,0.8047196369390447,1.1573590143130723,0.435707833751403
16058.0,0.9970565357545049,-1.058145946714099,-1.9328938704400882,-2.1479393289939694,-2.183176263091345,-2.014665467272909
16059.0,-0.15997144498132296,1.2544959545938104,0.8936832428717622,0.7298699349373117,1.3910374102343395,-0.05606817858753579
16060.0,0.9891290528763733,-0.20175138038774237,-0.3887833090525641,-0.46895585271479406,-0.5121324717856456,-0.5904449265027267
16061.0,1.035287471833904,-1.058145946714099,-1.6786532020316667,-2.1142026552549544,-1.9471638881929467,-1.5351380376396688
16062.0,-1.3187161125298095,0.8001660338568091,0.8096455507626924,0.9264478905325817,0.939783214329445,0.33518416336880874
16063.0,0.7121203814881557,-1.058145946714099,-0.733914390166741,-0.41963611741357915,-0.47721685960260357,0.24674908909092838
16064.0,1.3682150479281203,-1.058145946714099,-1.5262528408424663,-1.4253590231077382,-0.7132292345010023,-1.2476932557575036
16065.0,0.9289607210324548,0.8001660338568091,0.6772322207054513,0.7022940921404748,1.3215639934150147,0.08610543846041432
16066.0,-1.0028785328055105,0.2992073267345332,0.35438945985201264,0.41601757371637593,0.4897435161402434,0.11555866862703315
16067.0,1.206283152308942,-0.20175138038774237,0.9323678256333565,0.6211818307153746,0.28806221969362183,1.8972024429232004
16068.0,1.2405986385173122,-1.058145946714099,-1.4533158290824824,-1.473214373913271,-0.16768729188131876,-1.1101255802422363
16069.0,1.0156919930971386,-1.058145946714099,-0.5102903275843739,-0.8390516708165107,-0.4115503779538524,0.6685300441425445
16070.0,-0.8456753236698794,-0.5571872395918231,-0.06313418430513104,-0.05478834691222856,-0.21595962957782017,0.5714387445282104
16071.0,-0.40114257027902034,0.07394609082159041,0.1052985743729027,0.2223423171467483,0.31452880707427483,-0.05076370186180486
16072.0,0.777475447277631,0.07394609082159041,1.1073699832532848,0.7728625173886673,1.8610876872197588,1.8364229239010526
16073.0,0.7971428378544745,-1.058145946714099,-1.4564041318205936,-1.5248267984910486,-2.515817022689194,-1.11595047790006
16074.0,0.9713357875339578,-1.058145946714099,-0.9022646748961474,-1.6583052409265662,-0.47721685960260357,-0.07077910110652237
16075.0,1.134148187223855,-0.5571872395918231,-0.16768246064401468,-0.3975051008243698,-0.0181119525235737,0.3744969787195229
16076.0,-1.9674812683483254,1.0480979277381186,0.6310763958694716,0.6968206546823646,0.4240770344914922,-0.3027544969383421
16077.0,1.2741945456928903,-1.058145946714099,0.651937450143075,0.34492345044290107,-1.2818823689972492,2.860626620944713
16078.0,0.7685369722885271,-0.5571872395918231,-0.6769419120940522,-0.5964638157260045,-0.05813906446410138,-0.5841372167703275
16079.0,-1.0028785328055105,-0.20175138038774237,0.26916320417172973,0.3634303015606991,-0.6688728615528973,0.6475289434849527
16080.0,-0.022632943738098474,0.07394609082159041,-0.31252421713149064,-0.33525739992806775,-0.2941514393624997,-0.8358650106580721
16081.0,-0.26363611690734395,0.8001660338568091,1.1288949421595926,0.9907193431217984,1.3980195209492263,0.9361392073912379
16082.0,1.3176908857749932,-1.058145946714099,-1.5541290896927527,-1.6583052409265662,-0.7601216003714991,-1.3002710988015616
16083.0,0.10956483393148946,0.07394609082159041,0.6677378618047235,0.732044221012627,0.3014022381220454,1.0080164889930676
16084.0,0.8014326545102536,-1.058145946714099,-0.5449158318736779,-0.5460873605785668,-0.07890961835600385,0.6032223214420537
16085.0,-0.8183807704906293,1.2544959545938104,0.665316935305105,0.6730365901173099,1.4774744457749929,-0.48506859894912857
16086.0,-0.23074043468561758,1.0480979277381186,0.8100328555732894,0.7372333677620366,0.36503047510217346,0.03357929704651864
16087.0,0.9696934685856777,0.2992073267345332,0.4508170720473802,0.1904875357897548,-1.4880589811139169,0.29698631391214647
16088.0,1.2208976805661906,-0.5571872395918231,0.3132836040832861,-0.18805141382691998,-1.9471638881929467,1.2807588187887755
16089.0,0.9647411258391285,-0.5571872395918231,-0.8857035062076479,-0.9194840867058315,0.0011923041824166546,-0.9766350952781172
16090.0,1.2721455816534404,-1.058145946714099,-1.0839635373102627,-1.3289348484300858,-0.6688728615528973,-0.41348425920009807
16091.0,0.3820531327806657,-0.5571872395918231,-0.7786855771222196,-0.7673921959311133,-0.7601216003714991,-0.7754730063862131
16092.0,0.19205039933619955,0.48966298795922886,0.3849933501724569,0.5726765819430477,0.28806221969362183,-0.0738112607036635
16093.0,0.14622196505218568,-1.058145946714099,-2.843588729982052,-2.0821123426729526,-2.515817022689194,-3.7323417458564223
16094.0,-1.2115801184678894,1.15560189306089,0.993415755960404,0.9215842676397582,0.7098254282188435,0.24933297273835542
16095.0,1.0713670183041981,-1.058145946714099,-0.5272181909431338,-0.4121760645974459,-0.2672508963742018,0.6366021277457514
16096.0,0.7218745649366273,0.07394609082159041,0.38364517822279603,0.22516314036460627,0.26071325195673184,0.473021000416504
16097.0,0.6609917087814282,-1.058145946714099,-1.1605398634052568,-1.1397203256595403,-1.1172535236719159,-0.557916104242687
16098.0,0.02212883716268363,1.4312993642702228,1.1269410707488146,0.9625868618565518,0.5505411819726732,0.17370219855851984
16099.0,-0.3349679194593694,0.654643185938614,0.3782774792176423,0.4326520773339149,0.038489320235348796,-0.2950875264247611
16100.0,1.0811159061179179,-1.058145946714099,-0.3367081170535175,-0.08265583249698989,-0.10021972705664996,0.9959262540683375
16101.0,-0.1138130260237924,0.07394609082159041,0.8962286464036116,0.8616572338959887,1.0478107868958557,1.4385061807577877
16102.0,-0.44439436309454555,-0.20175138038774237,0.49193190523989055,0.4202158067285957,-0.0181119525235737,1.0671630113136694
16103.0,-1.5229485149574664,1.9594133665673954,1.3652203057354684,1.0973184092706676,0.7865535568710715,0.0094570284707125
16104.0,-0.19945007294872236,0.9303406571479473,0.7879803917567065,0.4902804017168488,1.211470473151452,0.1348283665140906
16105.0,0.6845052458484283,0.2992073267345332,0.6783106614955051,0.9548977289403598,0.6340429977198944,0.7252219134348227
16106.0,-0.15997144498132296,-1.058145946714099,-1.5433098669963918,-1.244856163309911,-1.4880589811139169,-1.27986478818771
16107.0,-0.9682038613741811,0.654643185938614,0.8906298822190923,0.5660047992357687,-0.7601216003714991,0.6686400935103114
16108.0,0.0001383902963132679,0.07394609082159041,0.6314598400816406,0.7139992226987668,0.8766449105123539,0.9396813040847284
16109.0,0.6025224834477799,-0.20175138038774237,0.007091222774831586,0.5173054183003826,-0.2672508963742018,0.15411038634889215
16110.0,-0.40114257027902034,0.07394609082159041,0.48293472523038933,0.39170772845699897,1.707151707671158,0.6599622840711882
16111.0,1.0308182885991817,-1.058145946714099,-0.3620387781170574,-0.48810084915407465,0.43539298020353107,0.9481496852497049
16112.0,0.33071972736706673,0.07394609082159041,-1.1202820493003194,0.09484373012451636,-0.8098576192004525,-2.345560669956304
16113.0,0.4879229365026979,-1.058145946714099,-1.2585954329280609,-0.6800964371201603,-0.2672508963742018,-0.7428602971164974
16114.0,0.44467114368717237,-1.058145946714099,-1.3823824032185568,-1.5956177399879288,-1.2818823689972492,-0.9763369004352508
16115.0,-1.3187161125298095,1.2544959545938104,0.7332019984600929,0.7687696545310132,1.380451546493704,-0.35760022964435917
16116.0,0.5817849890277144,-1.058145946714099,-0.3004246638455003,-0.45561419974850736,-0.16768729188131876,1.064361060993515
16117.0,0.5118685254199581,-0.20175138038774237,-0.2531471387328718,-0.2865150349101377,0.34016817678249833,-0.33547545017799907
16118.0,1.3012333360775918,-1.058145946714099,1.1152089817080035,1.1481218173307322,-0.0181119525235737,3.734410536571903
16119.0,-1.4474112861963695,0.8001660338568091,0.44286341984440736,0.32184315463270247,-0.10021972705664996,-0.35441254374281994
16120.0,-0.23074043468561758,0.48966298795922886,0.8567401445821523,0.9791930465189127,0.5602500888610992,0.8139083701835517
16121.0,-0.2524823540546596,0.2992073267345332,0.33288263744119095,0.3880557427345978,1.4679533363137638,0.07510216910872537
16122.0,-0.09624137345486956,0.48966298795922886,0.05299456499138144,0.6796516553206882,-0.32196403698294906,-0.6975067423222765
16123.0,-0.31029852425924354,-1.058145946714099,-0.795477573717881,-0.7027787172215069,-0.7601216003714991,0.1306337746012202
16124.0,0.8388019735984524,0.07394609082159041,0.4641737328224586,0.31040424128878547,0.32744864979204164,0.6246358596404357
16125.0,0.932455689893557,1.4312993642702228,1.1491958947836656,0.8963735206150749,1.124063132285242,0.2155569536907569
16126.0,-0.6752731880764764,1.5110377522649707,1.9855914644246233,1.6527863052243585,0.9984076522496489,1.696779725703394
16127.0,-0.4907754257615954,-0.5571872395918231,-0.10740765498562499,-0.15713455550588437,0.46843340743959727,0.48803466243567145
16128.0,-0.9682038613741811,1.15560189306089,1.0136916170727244,1.0471179376130533,1.0583966506364906,0.28747386046091356
16129.0,0.9986303407132077,-0.20175138038774237,0.29224994349121186,0.6118669803789536,0.6251737972068488,0.6910099604938548
16130.0,1.0217853899940603,0.07394609082159041,0.04296092806935615,-0.33967165098601143,0.18806465959309385,-0.1679988949710352
16131.0,-0.31029852425924354,1.2544959545938104,1.7075349367500545,1.486266765458317,0.921346639414674,1.4758142696540875
16132.0,1.1843059274157668,-0.5571872395918231,-0.24245208712228308,-0.3760945721938142,-0.862804573858747,0.23367386622255296
16133.0,-1.8243736859341724,3.0807148010694942,2.3105148283937758,2.1781207109672605,1.6057396764320917,0.5211977320074737
16134.0,-0.8456753236698794,0.2992073267345332,0.6016735067191148,0.7833862769202601,0.5698454386786636,0.580930439248756
16135.0,0.7194498921096045,-0.5571872395918231,-0.09129670279623804,-0.15045712821546633,-0.14457610000475504,0.5183843813100668
16136.0,-0.22013977682524094,0.07394609082159041,0.0126780725387408,0.20030444846255188,0.038489320235348796,-0.22493938293582433
16137.0,1.3271781179392865,-1.058145946714099,-0.5674843426032746,-0.5645293427226981,-0.32196403698294906,0.5606554889657146
16138.0,0.9530347346034082,-0.20175138038774237,-0.015581063883105881,0.29116881878447554,-0.14457610000475504,0.11144000472185457
16139.0,-0.9353081791524545,0.2992073267345332,0.12790585325289475,0.12611649016022689,0.09143627489364367,-0.3103014352907218
16140.0,-0.15997144498132296,-0.20175138038774237,0.37110093033285224,0.6692264654070016,0.14117229372259663,0.8395306797449705
16141.0,0.02212883716268363,-0.5571872395918231,0.019593737682438276,-0.12600371929944124,0.09143627489364367,0.727300621057033
16142.0,0.6870654296828469,-1.058145946714099,-0.3976098159694506,-0.10707519171773172,-0.10021972705664996,0.8810585764293672
16143.0,-1.9674812683483254,1.2544959545938104,1.1982399824478212,0.918648736632759,0.7567177940893411,0.5167647243900391
16144.0,0.6793540117376464,-1.058145946714099,-1.1997370623818466,-2.2210947581379226,-2.515817022689194,-0.6318465741070592
16145.0,-1.3798409325433134,1.7867352234743035,1.433313785913367,1.5520937517793334,1.3329322084435713,0.33612973236103205
16146.0,0.39022299102027264,0.07394609082159041,0.012358684268342001,0.05960024945199777,-0.16768729188131876,-0.22553988516364495
16147.0,0.2893295474663386,0.2992073267345332,0.6821401058507576,0.6782397314751365,0.8010741670374462,0.7324326399438776
16148.0,0.7949871208707016,-0.5571872395918231,-0.6316172628752617,-0.4503524041750327,-1.1954453334565955,-0.4988766878853566
16149.0,-1.7074462772723475,-0.20175138038774237,-0.568301148801458,0.12173896359300188,-0.2672508963742018,-0.9276260191359351
16150.0,-0.4296506057480915,1.0480979277381186,1.1183857650182714,0.9668538337930468,0.9927301689877395,0.6136867014911336
16152.0,0.7338623008571977,-1.058145946714099,0.4867920480116395,0.1683602798515559,-0.2941514393624997,2.5491432115610557
16153.0,-0.3349679194593694,1.15560189306089,1.2301867154827681,1.3182672386936538,1.0893585536871893,0.6948832146871435
16155.0,0.9580779469522994,0.2992073267345332,-0.11137941352999325,-0.0023635533331493675,0.05652066271060163,-0.759704265205803
16156.0,-1.3798409325433134,1.8470162614078611,1.3682938311693684,1.2322189515873527,1.2622326247684965,0.14433703011717683
16157.0,-1.0395356639262063,-0.20175138038774237,-0.2506337390361689,-0.23544238954920166,-0.9802035124500996,-0.3307492835416903
16158.0,1.1578805519021536,0.9303406571479473,-0.28240744713285937,-0.6581703754853391,-0.2941514393624997,-1.8707850413032452
16159.0,0.7640205789835691,0.07394609082159041,0.20270029124309036,0.16116076062973644,-0.24120448470420522,0.13247019642504052
16160.0,-0.1696156146721137,-0.5571872395918231,0.07011530950974809,0.5581345402494097,-0.586765087019821,0.8224941036068768
16161.0,-2.1519790306632065,2.7608870603908318,1.890267250763975,1.677787332240617,1.9437600819107885,0.08877012281799401
16162.0,0.6921553389303546,-1.058145946714099,-2.2976055977269376,-3.0259974839117305,-2.183176263091345,-2.702554144713032
16163.0,0.639341544931368,0.48966298795922886,0.8061478799827307,0.28605697228499055,0.27450169513374717,0.7186468436524364
16164.0,-1.0028785328055105,-0.20175138038774237,-0.0886403856294483,-0.09018994625017852,-0.3507527121214226,-0.026040829145203608
16165.0,1.1366880923212137,-1.058145946714099,-1.7606510201466912,-3.361978192741088,-2.515817022689194,-1.6897954463161844
16166.0,1.0308182885991817,-0.5571872395918231,-0.5454929594091567,-0.6913398038775899,-0.6688728615528973,-0.33683028581430274
16167.0,1.0095401454577722,0.2992073267345332,0.28710979731057334,0.7233036147875206,0.15710275654239486,-0.010990182374678088
16168.0,-1.2629135238814884,3.2804253085186272,1.7550683233766404,1.5304024058362629,0.921346639414674,-0.7447143772615451
16169.0,-1.4474112861963695,0.07394609082159041,0.48439796343602853,0.6444038614552899,0.4240770344914922,0.6627175848526459
16170.0,-0.3225146116861712,1.8470162614078611,1.4400116152963767,1.6435133646224882,1.4615439829551946,0.27921288852369597
16171.0,-0.23074043468561758,-1.058145946714099,-1.8229460636294383,-1.967436469196142,-1.9471638881929467,-1.8072911336394446
16172.0,0.07068473629108864,0.8001660338568091,0.5083246189015026,0.6894511553006836,0.5307717179635321,-0.23142309124938876
16173.0,-1.0395356639262063,0.48966298795922886,0.3036461336912777,0.09598659911547203,0.4126028186801636,-0.22673214387919496
16174.0,0.2501524712613207,0.654643185938614,0.6349401581728881,0.6949860065226161,-0.32196403698294906,0.1874608240076336
16175.0,0.06396922782168996,0.654643185938614,0.4896999829439425,0.41320379000754903,0.27450169513374717,-0.08567127113282977
16176.0,1.0202674598207486,0.07394609082159041,0.5698766916896337,0.42715385564946473,0.18806465959309385,0.8236907324777649
16177.0,-0.3349679194593694,0.8001660338568091,0.6351196629705749,0.47312977730895983,0.5105140700321456,0.006915750124454123
16178.0,0.30805570115501285,-0.5571872395918231,-0.300636019365874,-0.3221896666559816,-0.4437267787202448,0.12410376224746682
16179.0,-0.2097114950440718,-1.058145946714099,-1.050218361315081,-1.0556416405393652,-1.0458699940988507,-0.3498369379088569
16180.0,0.10324630795624619,1.3460575542855853,2.060429598005485,1.96092640476113,1.1384985731749109,2.032129539085991
16181.0,-0.09624137345486956,-1.058145946714099,-0.8007240659607224,-0.7759341463654605,-1.0458699940988507,0.12073828087258119
16182.0,-0.10496702096475002,0.9303406571479473,1.7085638872655013,1.6249010153204442,-0.586765087019821,1.868339529826006
16183.0,-0.15047015714448805,0.07394609082159041,0.10597352176013193,-0.2279254970027644,-0.21595962957782017,-0.04949420462200488
16184.0,-0.1794070292720186,0.48966298795922886,0.15813032289042664,0.07980284213457398,-0.3805884749031534,-0.5001246325004668
16185.0,-1.0028785328055105,-0.20175138038774237,-0.2638693941196549,-0.2865150349101377,-0.05813906446410138,-0.35563688511517544
16186.0,-0.8183807704906293,2.1575193073054413,1.6367826670387284,1.7221269484458033,1.1432544882744613,0.2937659342852753
16187.0,-0.6141483680629726,1.5110377522649707,1.4444494463724757,1.5237920895033847,1.0842787042858788,0.6775745265518575
16188.0,-0.40114257027902034,0.2992073267345332,0.11252299323146815,0.3433574474678515,0.43539298020353107,-0.3392102038755431
16189.0,-1.0395356639262063,-0.5571872395918231,-1.0513824593511762,-0.8582565662530369,-1.1954453334565955,-1.2878405888967845
16190.0,-0.4749394310824503,0.8001660338568091,0.773563229919125,0.5960429387369828,0.607142454731596,0.26729883376965524
16191.0,-1.9674812683483254,2.062432694683636,2.0350752819064724,1.92984395013051,0.8010741670374462,1.152012108021874
16192.0,1.377859217618911,-1.058145946714099,-0.7004644574781093,-0.5707933990113551,-1.0458699940988507,0.3098395472147128
16193.0,0.6529583027123002,-0.5571872395918231,-0.2799954654043412,-0.17758348562160425,-0.07890961835600385,0.16297179869521689
16194.0,0.9462481612329638,-1.058145946714099,-0.7935664940077659,-0.8296554976039625,-1.2818823689972492,0.13423829289859793
16195.0,1.3664458738438814,-1.058145946714099,-0.7602508194818809,-0.9141583819899257,-0.7601216003714991,0.1970755245339049
16196.0,1.1160814939519808,-1.058145946714099,-1.6502076052298862,-1.9168175809686259,-1.7640984679528429,-1.4814863382316545
16197.0,1.0893557436471168,0.9303406571479473,0.5571402291551009,0.6899141760440615,0.17272976344709118,-0.29909094808800124
16198.0,-0.07913835459246295,-0.5571872395918231,0.07333813843957519,-0.16898570386098052,-0.24120448470420522,0.8285668301978496
16199.0,0.9746078619728364,0.654643185938614,0.009592342055359833,-0.2865150349101377,-2.183176263091345,-0.9870274829995638
16200.0,-1.8243736859341724,1.2544959545938104,1.2984212967528945,1.2008385375511226,1.7489938492394586,0.7053240825842599
16201.0,-1.9674812683483254,0.2992073267345332,0.590433307225621,0.6903768710605444,0.5793298571111467,0.559769862321473
16202.0,0.9219131204530229,0.9303406571479473,0.7124444929848126,0.6354143692794166,0.7413828979433381,-0.0072101168464701
16203.0,-0.23074043468561758,0.48966298795922886,0.13009898846462298,0.1315477426479715,0.23242103254119895,-0.5527635802963995
16204.0,-0.8183807704906293,-0.20175138038774237,0.010729123115607395,0.211894544645614,0.5793298571111467,0.16095736500711566
16205.0,-0.6338830081757483,0.654643185938614,0.4874099832740278,0.7059179081329621,1.0152080971839796,-0.08997639611302632
16206.0,-0.27498730170981883,1.3460575542855853,0.7407649111225753,0.6730365901173099,1.211470473151452,-0.4516640914945563
16207.0,-0.7670473650770303,-1.058145946714099,-0.6173337737580376,-0.8296554976039625,-0.6267921989603487,0.46663367200005884
16208.0,-0.40114257027902034,1.0480979277381186,0.9418863098596926,0.7436627536486569,1.1803407147432114,0.28155859957976476
16209.0,0.029294556390360493,0.9303406571479473,1.0764068978805148,0.8795913938310894,0.15710275654239486,0.6775470551441082
16210.0,-2.1519790306632065,2.5129551665095216,2.6817720527561257,2.2068673001274086,1.0040461146997783,1.8581773166714333
16211.0,0.029294556390360493,-0.20175138038774237,0.11445977958423613,0.028715658452027237,-0.14457610000475504,0.35622064152070976
16212.0,-0.9353081791524545,0.07394609082159041,0.2374299984402111,0.09140315939066461,0.4240770344914922,0.19781932782630107
16213.0,-0.04624267237073655,-1.058145946714099,-1.2692353167526027,-1.5248267984910486,-1.4880589811139169,-0.7629283537886211
16214.0,0.44467114368717237,0.07394609082159041,0.5647921273579645,0.6359170219128273,0.5602500888610992,0.8141146916041785
16215.0,-0.030406677691591163,-1.058145946714099,-0.967071206649348,-1.0235513279573643,-0.862804573858747,-0.19301174700696042
16216.0,0.7290940618003953,-1.058145946714099,-0.011968783802261152,-0.439953437536103,-0.10021972705664996,1.608422353727069
16217.0,0.6475462436000934,-0.5571872395918231,-0.8037629078866803,-1.110483470649885,-0.9194058466176699,-0.8226199679453639
16218.0,-0.6542442484349309,1.3460575542855853,1.1256231004731116,1.2316098566784368,0.5407159979871611,0.2716402238584672
16219.0,1.131598183073706,-1.058145946714099,-2.236471281345807,-1.5248267984910486,-2.515817022689194,-2.587247723517131
16221.0,-0.5236711079833221,0.9303406571479473,0.6313277520885604,0.7324782170289057,1.1666290909919852,-0.15968987165970858
16222.0,0.8408155551547154,-0.5571872395918231,0.265543171804186,0.008160206198442868,0.9336836095984207,1.190779491156958
16223.0,0.9462481612329638,-0.5571872395918231,0.12218140898706019,0.17750249414563374,0.7098254282188435,0.9206046027193363
16224.0,-0.2524823540546596,0.2992073267345332,0.39784826325989925,0.7496073345562625,0.7567177940893411,0.19731861489369718
16225.0,-0.40114257027902034,1.5110377522649707,0.8106410571444802,0.6242576941799441,1.2201519621759485,-0.5139941983457478
16226.0,0.5540975873223486,0.2992073267345332,-0.23386971400381995,0.031240502008641483,-0.47721685960260357,-0.9894796200785908
16227.0,0.6197789110416514,-0.20175138038774237,0.07136384322473197,-0.0856591296733116,-0.32196403698294906,0.27508988194721107
16228.0,0.9630818100393996,-0.20175138038774237,-0.031199136038328263,0.07980284213457398,0.05652066271060163,0.08204771349859177
16229.0,0.014882147642767907,0.48966298795922886,0.8107540958969132,0.6278281151785982,0.9984076522496489,0.7273195382185896
16230.0,0.5118685254199581,-0.5571872395918231,-0.38867714235941675,-0.2022729611569515,-0.21595962957782017,-0.04166466789954122
16231.0,0.9530347346034082,0.07394609082159041,0.10624733000021358,0.08330447031022294,0.40096584261492885,-0.04897920234732965
16232.0,-0.41523819700049863,0.654643185938614,0.7707595681784358,0.8634372645868037,0.28806221969362183,0.4430102941304641
16233.0,-0.1138130260237924,0.9303406571479473,0.5386922451356821,0.21476043562354646,0.12492635577600246,-0.3337468079456007
16234.0,1.0988369646744305,-0.20175138038774237,-0.73851416524043,-0.7027787172215069,-0.9194058466176699,-1.246965349435086
16235.0,-0.4594850640247002,0.9303406571479473,0.5702344976656116,0.30294418847265164,0.5207054191909427,-0.27449029485576315
16236.0,-0.054309762370586455,-1.058145946714099,-0.551506012615253,-0.6510211644571734,-0.586765087019821,0.5907924751408733
16237.0,1.0441334768929462,-1.058145946714099,-1.377655463222791,-1.4139201097638212,-1.3785107536966998,-0.9674213425884677
16238.0,1.0232997359133336,-1.058145946714099,-1.922115086866498,-1.1548410131689795,-1.4880589811139169,-1.9943354295414415
16239.0,-0.2524823540546596,0.48966298795922886,0.34021161338833583,0.2176138931958927,-0.4437267787202448,-0.1580014868199766
16240.0,-0.7922005967383016,-0.5571872395918231,0.9979318905055142,0.784990475127241,0.8896672959534744,2.571505795230032
16241.0,-1.3187161125298095,1.5859404542672264,1.107439877511254,1.028573996271436,2.0155903270174194,-0.043830500841053874
16242.0,-1.4474112861963695,1.4312993642702228,1.500868246333502,1.3633366004800664,1.7189901967493497,0.8773683112266224
16243.0,-0.5764124726865254,-0.5571872395918231,-0.5909934243165423,-0.9870018732865309,0.12492635577600246,-0.42244713146909146
16244.0,0.5817849890277144,-0.5571872395918231,0.7343870285489141,0.714445286424786,0.5979759564957379,2.074590861910176
16245.0,-0.7922005967383016,-0.20175138038774237,0.3012763448142417,0.4686093406915149,0.5207054191909427,0.7080106156337107
16246.0,1.0769559442965295,-0.5571872395918231,-0.08447839920656133,-0.2526762385191352,0.5105140700321456,0.5312289121613782
16247.0,0.4409316275594932,-1.058145946714099,-1.503704757247313,-0.6581703754853391,-0.7601216003714991,-1.2051649512292535
16248.0,-0.19945007294872236,-1.058145946714099,-1.2970580664728018,-1.210681155040306,-1.3785107536966998,-0.8154052912596294
16249.0,-0.2983107883386734,0.2992073267345332,0.4752936209614669,0.4257720884630957,0.37718466862099537,0.34304787259640074
16250.0,0.7145728708968584,-0.20175138038774237,-0.11638191649173575,-0.18279662471361577,-0.2941514393624997,-0.07823534100802285
16251.0,1.1454993720263298,-1.058145946714099,-1.4226936952096083,-1.5808368721392683,-0.586765087019821,-1.0523686791222504
16252.0,0.9597502430728069,-1.058145946714099,-0.8257176886013354,-0.7506340680270399,-0.5486003891756687,0.07359740566522471
16253.0,-0.15047015714448805,0.654643185938614,1.4848587925387293,1.6440560834739815,1.3366868742976272,1.7879978880226752
16254.0,0.9513448121530387,-0.20175138038774237,0.04125306652830037,0.06560687511486049,0.3526935049184267,0.21841004413385404
16255.0,-1.0028785328055105,1.5110377522649707,1.1976485160507828,1.1924843732533275,1.3839953665057922,0.2132009298929458
16256.0,0.7290940618003953,-0.20175138038774237,0.4035413140531343,0.7642378919571898,-0.3507527121214226,0.9006403341060917
16257.0,0.4666615905535427,-1.058145946714099,-2.1375608905782095,-3.361978192741088,-2.183176263091345,-2.4006912384916452
16258.0,-0.40114257027902034,1.5110377522649707,1.8385174774098232,1.7573025580054795,1.4583204304497215,1.419674917607716
16259.0,1.0033287148318906,-0.20175138038774237,-0.6790236072825363,-0.7342923345111426,0.46843340743959727,-1.1354001222381513
16260.0,-0.3225146116861712,-1.058145946714099,0.07710859962385802,-0.30726505037733026,-0.6688728615528973,1.7764326448428966
16261.0,-1.0028785328055105,0.48966298795922886,0.0936043705390323,-0.0519224559342961,0.8362895757000253,-0.6212816517962748
16262.0,0.9513448121530387,-1.058145946714099,-0.15010661702431788,-0.070777930661493,0.07416420415895746,1.3478783561252916
16263.0,1.0232997359133336,-1.058145946714099,-0.7010578667084595,-0.5964638157260045,-0.6267921989603487,0.3087203084842145
16264.0,1.045596020739638,-0.5571872395918231,-0.07558965373380452,0.15805096316353273,0.31452880707427483,0.5479740252358377
16265.0,-1.3798409325433134,1.2544959545938104,1.4469189638714612,1.2269212945671453,1.233004335585143,0.98491553769226
16266.0,-0.0876328522714647,1.4312993642702228,0.458241581853946,0.30544028611292184,0.44655496268773315,-1.0815001598689586
16267.0,1.2373568867177072,-1.058145946714099,-1.1543309732959155,-0.6030410799249616,-1.3785107536966998,-0.5462054163592488
16268.0,-0.1138130260237924,-0.5571872395918231,-0.23872445367383902,0.04618934864478248,0.05652066271060163,0.24069408955273217
16269.0,1.045596020739638,-1.058145946714099,-0.18684003733462268,0.10053831928015587,0.18806465959309385,1.2785948589833591
16270.0,0.9075812346760709,-1.058145946714099,0.14714292921500274,0.21380652546532233,0.2031181655606824,1.9085255246530581
16271.0,-1.9674812683483254,1.0480979277381186,0.9465967337643815,1.0346309083320302,1.1620071460508272,0.2904199078509912
16272.0,0.20301349020923423,-1.058145946714099,-0.5864393444776588,-0.5222758574236794,-0.4115503779538524,0.5249041538845974
16273.0,1.2963113994186093,-0.5571872395918231,-0.7323733800942624,-1.5522358034901937,-0.8098576192004525,-0.6883896840052791
16274.0,0.942827752064887,-1.058145946714099,-0.18851668834942134,-0.3093765158786823,0.34016817678249833,1.2754325004332832
16275.0,0.5349521297947235,-0.20175138038774237,0.6036080761646911,0.6155051141684996,0.7413828979433381,1.2775857236029478
16276.0,0.4666615905535427,-0.20175138038774237,0.7482191379425557,0.7113164687190752,-0.586765087019821,1.5501095155306701
16277.0,1.376116485027959,-1.058145946714099,-1.1465778622768859,-1.7651973438095343,-0.47721685960260357,-0.5315821484851886
16278.0,0.10324630795624619,-0.20175138038774237,0.13222750657621646,-0.24496094842291352,0.14117229372259663,0.38967209830297084
16279.0,-0.8741833591389503,0.9303406571479473,1.3062465864511108,1.3179110399636884,1.4253684886861164,1.1103367033542997
16280.0,1.3682150479281203,-1.058145946714099,-0.9799179423330624,-1.0426170379233037,-0.7601216003714991,-0.21724218260231107
16281.0,-0.10496702096475002,-0.20175138038774237,0.9384378514306684,0.7559174655160901,-0.3507527121214226,1.9086445069071307
16282.0,0.8835864141653033,-0.20175138038774237,0.24510852958156149,0.3046093056627695,-0.24120448470420522,0.6022271285813792
16283.0,-1.608585561882396,0.8001660338568091,1.1197333862324939,1.156827411395451,1.8016574700813903,0.9188866924302345
16284.0,-0.6338830081757483,-0.20175138038774237,0.0731487120112226,0.209016111435269,0.7642790739473241,0.2784498244166399
16285.0,1.2943319990854762,-1.058145946714099,-1.192818012510858,-1.3807506813715704,-0.24120448470420522,-0.6187964424309998
16286.0,1.1001800545869456,-0.5571872395918231,-0.747693543601164,-1.0426170379233037,-0.7132292345010023,-0.7171988995060191
16287.0,0.4409316275594932,0.2992073267345332,0.05703785767297426,0.692685476234549,-0.6688728615528973,-0.4434634298526472
16288.0,1.0907188157836787,-1.058145946714099,-1.4141625880115745,-2.1142026552549544,-1.3785107536966998,-1.0362780200935109
16289.0,1.079732248194294,-1.058145946714099,-1.3794375536974552,-1.0689293841626601,-0.5486003891756687,-0.9707825722062126
16290.0,1.0838742983222271,0.07394609082159041,0.5756813212202497,0.4601309166916409,0.5698454386786636,0.8346230323630986
16291.0,1.3290588383452664,-1.058145946714099,-1.4842646643474653,-3.628661084298931,-2.515817022689194,-1.168498678132771
16292.0,0.22962831338438636,0.2992073267345332,0.21484487036828004,0.21380652546532233,0.15710275654239486,-0.14687805043933969
16293.0,-0.8456753236698794,1.5110377522649707,1.1601519644339624,0.9222348324196095,1.124063132285242,0.14268455906882424
16294.0,1.1001800545869456,-1.058145946714099,-1.4353991307424898,-1.448851553929116,-1.2818823689972492,-1.0763326062216951
16295.0,-1.3187161125298095,0.07394609082159041,0.2565644902653974,0.34570505592859024,0.4126028186801636,0.233826865985095
16296.0,1.2741945456928903,0.07394609082159041,0.248454318365489,0.17142182582381535,0.23242103254119895,0.2185647717691281
16297.0,0.7338623008571977,-1.058145946714099,-0.8093319364123787,-0.5771176875341992,-0.586765087019821,0.10450283743177145
16298.0,-0.8183807704906293,0.654643185938614,0.11122448358609151,-0.3136198914928544,-0.21595962957782017,-0.7964674002862726
16299.0,1.1001800545869456,-1.058145946714099,-1.127977974155473,-1.0050227523118493,-0.9802035124500996,-0.49650059918718703
16300.0,1.0338012018782479,-0.20175138038774237,0.2903803377647221,0.18452627801370444,1.2244584972993122,0.6874887144653015
16301.0,1.3787288112420826,-1.058145946714099,-1.5502606610074647,-1.6262149283445646,-1.4880589811139169,-1.2929747929989213
16302.0,0.2551824986059697,-1.058145946714099,-0.9946266109308791,-0.7506340680270399,-1.0458699940988507,-0.2449844399295602
16303.0,-0.7428435417295326,0.654643185938614,1.5433424184160867,1.3471788764349377,1.0636387966331442,1.8982179187580521
16304.0,1.341150897193896,-1.058145946714099,-0.6408975024290833,-0.5106857612406167,-0.4115503779538524,0.4221897428956489
16305.0,0.3126530340951926,-1.058145946714099,-0.6804545390602478,-0.4348149665659621,-0.5121324717856456,0.34758057742107495
16306.0,0.5877787261013253,0.654643185938614,0.17896936941541478,0.2634347100633524,0.21790042237482501,-0.6693624811064892
16307.0,1.0323114794921844,-0.20175138038774237,0.18023582184997028,0.5357002564629622,0.40096584261492885,0.4800650386979147
16308.0,-0.5070123740010525,0.654643185938614,1.2282909879646216,2.2824475520922816,-2.515817022689194,1.3045577618484163
16309.0,0.14025610622843504,-0.5571872395918231,-0.1979563119337306,-0.040582158819487145,-0.05813906446410138,0.31747589681119975
16310.0,1.0095401454577722,-0.5571872395918231,-0.5065611411642486,-0.3999276484574282,-0.3805884749031534,-0.26356362791643073
16311.0,-0.9682038613741811,-0.5571872395918231,-0.2963505949797216,-0.1521201403247171,-0.14457610000475504,0.1321734580084758
16312.0,1.0367703053241684,-1.058145946714099,-1.2164933924628158,-1.4609201666402376,-1.1172535236719159,-0.6634509588190498
16313.0,-1.9674812683483254,-0.5571872395918231,-0.8785710771999086,-0.7222970913063499,-0.7601216003714991,-0.9632314615630734
16314.0,0.9713357875339578,-0.20175138038774237,0.3398254434125337,0.16219410088754466,0.26071325195673184,0.7806187393666316
16315.0,0.8664325630436192,-0.5571872395918231,-0.6023097878653353,-0.8158082295413044,-0.5486003891756687,-0.44373877947820517
16316.0,-0.1794070292720186,1.3460575542855853,1.3112590499960364,1.193991673494492,1.2372441024225518,0.6209391254101976
16317.0,0.21911455007042469,0.2992073267345332,0.6173384342326849,0.5987068586961933,0.7257558910386418,0.6104219435797038
16318.0,-0.5583457794146515,-1.058145946714099,-0.7494428223424128,-0.5997442262109776,-0.6267921989603487,0.21746066244365436
16319.0,0.5996007235020872,-1.058145946714099,-0.5992995563582953,-1.2626334870875637,-1.9471638881929467,0.5006483006166463
16320.0,0.44838898133871236,0.48966298795922886,1.2965729064519718,1.2480587520660147,1.2372441024225518,1.642470054998438
16321.0,-0.10496702096475002,0.654643185938614,-0.31015225481472986,-0.427181755876361,-0.8098576192004525,-1.5853159777218024
16322.0,-2.4120140217391843,-0.5571872395918231,-0.752514315562236,-0.5021252811070448,-0.32196403698294906,-0.7262638694641478
16323.0,0.5317049066607064,-0.5571872395918231,-0.6956534181858076,-0.8022464926048176,-1.7640984679528429,-0.6193313344472543
16324.0,0.26017338137229135,-0.20175138038774237,-0.5573851661127469,-0.3714298651318708,0.7017426726202728,-0.9071333199380243
16325.0,-0.37384801709977017,1.2544959545938104,0.9740422014315477,1.0522072311127761,0.7336066022127771,0.09500959826523704
16326.0,-1.608585561882396,2.062432694683636,1.1858339990562892,0.5339424266269587,1.4253684886861164,-0.44528726052539686
16327.0,-1.1198059414673356,1.5859404542672264,1.7614664263058175,1.8695480240634919,1.567060786745896,1.1869379730591185
16328.0,1.206283152308942,-1.058145946714099,-0.7883947783225908,-0.8250072737432935,-0.7601216003714991,0.14399274935448653
16329.0,1.0308182885991817,0.07394609082159041,0.4354005566528405,0.3338823120967778,0.5505411819726732,0.5704598048461432
16330.0,-0.9682038613741811,0.654643185938614,-0.27555844151047537,-0.2743721496068976,0.7413828979433381,-1.5206932049945632
16331.0,1.0367703053241684,0.48966298795922886,0.5645977521257599,0.2757125241073478,-0.1914684658752519,0.2640026212947103
16332.0,-0.6970151074455184,1.15560189306089,0.5548867640845042,0.5409457326035286,1.074023657541187,-0.5747150756507746
16333.0,-1.4474112861963695,1.9594133665673954,2.4162652274180516,2.7420953600494293,-1.1954453334565955,1.9883201727546111
16334.0,1.1199960037583185,-1.058145946714099,-0.8699024568107395,-0.5614195452564948,0.2031181655606824,-0.009740199058025825
16335.0,1.1936514508770608,0.654643185938614,0.78678429150151,0.46990406736709617,1.2372441024225518,0.47316884539481674
16336.0,1.0202674598207486,0.07394609082159041,0.9578804997819093,0.7139992226987668,0.34016817678249833,1.5546853228927853
16337.0,-0.5236711079833221,-1.058145946714099,-1.3059599154740125,-1.1397203256595403,-1.1172535236719159,-0.8321952123893063
16338.0,0.39022299102027264,-1.058145946714099,-1.0536495258420628,-1.0893783142783806,-1.0458699940988507,-0.3563085127224864
16339.0,0.7685369722885271,-1.058145946714099,-1.533040267705412,-1.9942859497559235,-0.7132292345010023,-1.26049513115292
16340.0,0.14622196505218568,-0.20175138038774237,0.3563693657710424,0.6542501671784144,1.5323911326091049,0.8117812126387884
16341.0,-0.7670473650770303,0.654643185938614,1.0230575845475771,1.1864203901323278,0.7257558910386418,0.9179877288467837
16342.0,-0.07913835459246295,0.07394609082159041,-0.7621200057579686,-0.7547837407119178,-1.1172535236719159,-1.67804437262479
16343.0,-1.0395356639262063,-0.20175138038774237,-0.21809399938694513,-0.10707519171773172,0.2031181655606824,-0.2695574971687396
16344.0,0.39426922020759336,0.07394609082159041,-0.07139962374612359,0.23076875047894285,0.020052745320578196,-0.3829890687232115
16345.0,-0.41523819700049863,-0.5571872395918231,0.1825338676452879,0.14546261835203206,0.6600894093898906,1.034337468526532
16346.0,0.9630818100393996,-1.058145946714099,-1.021934454778121,-0.3553590950482323,-0.8098576192004525,-0.2964902051199572
16347.0,-1.2629135238814884,1.15560189306089,0.9561828388851721,0.8272635431103109,1.3022597367090243,0.17930179596206028
16348.0,-0.6141483680629726,0.8001660338568091,0.4745530709175027,0.5671214734238775,1.1803407147432114,-0.2948789693481391
16349.0,0.7840984858169682,-1.058145946714099,-2.0452947733071944,-2.5701000695833423,-1.1954453334565955,-2.226666624985935
16350.0,-0.8741833591389503,0.9303406571479473,0.6372255016415087,0.5082165458199537,0.43539298020353107,-0.14860551794192703
16351.0,0.8702843776182111,1.3460575542855853,0.9183868095189345,0.9671575608539998,0.8766449105123539,-0.11801161340422041
16352.0,-0.9682038613741811,-0.5571872395918231,-0.4547687292580229,-0.3308725774292323,-0.32196403698294906,-0.1660811263599305
16353.0,-1.8243736859341724,2.611849228042442,1.7105705560980677,1.2887713491948305,0.47915765239960845,-0.08157393551972865
16354.0,-0.18935025478488945,0.2992073267345332,0.1397046867410029,0.1228360796752538,0.8223842757380923,-0.2881265704862489
16355.0,0.9462481612329638,-1.058145946714099,-0.578365630277256,-0.669042043482492,0.09143627489364367,0.540132116595477
16356.0,0.5381829940526488,0.48966298795922886,-0.5791948713738957,-0.630028288668433,-0.3507527121214226,-1.8804478121877155
16357.0,-0.5950029105353472,0.07394609082159041,-0.04956294392385638,-0.16049886431851781,0.020052745320578196,-0.3419463512598074
16358.0,-2.4120140217391843,0.2992073267345332,0.8236465566191722,0.9360685536106192,0.8362895757000253,0.9989269619322096
16359.0,-1.5229485149574664,1.5859404542672264,0.766707092985039,0.8325013939678924,0.5001945244425666,-0.6836586498652599
16360.0,-1.7074462772723475,0.48966298795922886,0.956823006881932,0.9607496513357084,1.7580092482839644,1.0023885332390707
16361.0,-1.3187161125298095,0.07394609082159041,-0.026487701938606566,-0.10863192839430982,0.5887058798168258,-0.2985710718903058
16362.0,-0.6141483680629726,0.48966298795922886,0.01278450384498244,-0.02530178767071874,0.37718466862099537,-0.7729605007813272
16363.0,-0.2983107883386734,-1.058145946714099,-1.536882398383694,-1.473214373913271,-1.614523128595098,-1.2677418358599413
16364.0,-1.2115801184678894,-0.5571872395918231,-0.197477820263685,-0.3760945721938142,0.10835219495760728,0.3183771144187547
16365.0,-0.9682038613741811,1.5110377522649707,0.9134310521104073,0.5426849692418712,0.6770053294538549,-0.3209981880434949
16366.0,-0.9353081791524545,0.07394609082159041,0.3667092757653956,0.376976520538054,0.457567115373851,0.4411389433029364
16367.0,-0.5236711079833221,-0.20175138038774237,0.2746809522620401,0.5321798862096141,1.2498335012412511,0.6579207547692485
16368.0,-2.1519790306632065,-0.20175138038774237,-0.268920000516388,-0.29473665369865176,0.457567115373851,-0.3651333983473553
16369.0,-0.9682038613741811,0.654643185938614,0.7578576675221441,0.7658894206059939,0.8153422320095451,0.41872997294503894
16370.0,-0.022632943738098474,0.07394609082159041,0.252220983763151,0.1734549679027695,0.9927301689877395,0.22565300745404193
16371.0,1.0614676455862315,-1.058145946714099,-1.2773879347234764,-0.9989607652635911,-1.0458699940988507,-0.7783051381749596
16372.0,-0.5950029105353472,0.2992073267345332,0.25659700849631534,0.26872471932128983,1.5144909376134899,-0.06837182291778382
16373.0,0.9580779469522994,-0.5571872395918231,-0.7914979931429009,-0.935724935040335,-0.4115503779538524,-0.7995618135786707
16374.0,-0.15997144498132296,0.2992073267345332,0.46375104270057654,0.3128722402026256,1.5294347580327998,0.3213258602808449
16375.0,1.0907188157836787,-0.5571872395918231,-1.572758857575868,-1.244856163309911,-1.0458699940988507,-2.2645980837709088
16376.0,-1.3798409325433134,-0.5571872395918231,0.0426182207544127,0.21950934389907822,0.7336066022127771,0.7706828526179764
16377.0,0.7290940618003953,-0.5571872395918231,0.24560396044822475,1.1656438749459173,-1.4880589811139169,1.1532001272023928
16378.0,0.6793540117376464,-0.20175138038774237,-0.6770211046822687,-0.40724929295545936,-0.5121324717856456,-1.1316438402070663
16379.0,-1.8243736859341724,0.07394609082159041,0.6057110914359258,0.6852692348546585,0.5887058798168258,0.8911823929042695
16380.0,-0.2097114950440718,-1.058145946714099,0.4674573802659401,0.7363713480596072,-0.32196403698294906,2.512675782549998
16381.0,0.9811023498659778,-0.5571872395918231,-0.9202136404361358,-0.9752565444053659,0.28806221969362183,-1.0414814046619534
16382.0,1.0002002930243403,-0.5571872395918231,-0.6967921174697077,-0.7144200996877884,0.0011923041824166546,-0.6214730101055225
16383.0,-0.07913835459246295,0.654643185938614,0.8371361742657748,0.7765244436122027,1.4118079641262418,0.5679404283718462
16384.0,0.03638109477975766,0.07394609082159041,0.27285522459308487,0.361145223620755,0.5207054191909427,0.264484682749529
16385.0,-0.22013977682524094,0.2992073267345332,0.0737357020769285,0.06560687511486049,0.6514988276797011,-0.41209241522818907
16386.0,-0.6752731880764764,-0.20175138038774237,0.12233813491391454,0.24639667781208657,0.8961017842882889,0.37105310684011533
16387.0,0.8507897095190223,0.2992073267345332,-0.009126420373957085,-0.05478834691222856,0.3891614223084505,-0.5677404214907164
16388.0,1.3022132067018704,-1.058145946714099,-1.1566771194592813,-1.1703175140161766,-0.9194058466176699,-0.5506305205186487
16389.0,-0.2983107883386734,0.07394609082159041,0.28500279066657136,0.6018893855772485,-0.1914684658752519,0.2873463938644255
16390.0,1.1760153661788,-0.20175138038774237,-0.4950572043563454,-0.9194840867058315,-0.7601216003714991,-0.7900974072533516
16391.0,0.9891290528763733,0.07394609082159041,0.12300384007923278,0.26872471932128983,1.48376101337308,-0.017461080917964493
16392.0,0.736233191538285,-0.20175138038774237,-0.14261715880757653,0.1337077476724066,0.8831819415705221,-0.12759118342437228
16393.0,-2.1519790306632065,2.0119964593872464,1.2879032665459518,1.2099281890051887,1.6322919311293915,-0.19602372519166714
16394.0,-0.2524823540546596,0.2992073267345332,0.3700552981075551,1.0885403064838823,0.3014022381220454,0.14502968534183314
16395.0,-0.2097114950440718,1.4312993642702228,0.9619972876626309,1.1636197706131897,1.8650318922069538,-0.13638281503983468
16396.0,1.0988369646744305,-1.058145946714099,-1.371660260391864,-1.1942372750823944,-1.2818823689972492,-0.9561136937310234
16397.0,1.2762369843581085,-1.058145946714099,-1.4250939070245467,-1.4985144522516916,-1.1954453334565955,-1.0568957573800208
16398.0,0.3779288407609402,-0.5571872395918231,0.4365540569271543,0.2774479365621844,0.46843340743959727,1.5131127387207421
16399.0,-0.9353081791524545,-0.20175138038774237,-0.26711294679999903,-0.05622598888090903,0.6770053294538549,-0.3617356697444203
16400.0,0.07068473629108864,0.9303406571479473,0.8805050059561461,0.9653330910605152,1.3215639934150147,0.3088704514920437
16401.0,-2.4120140217391843,2.0119964593872464,1.4379265383608573,1.6412290425189904,0.7791957222855813,0.08593091542150928
16402.0,0.7242901052643254,-0.5571872395918231,-0.430514058337653,-0.439953437536103,0.21790042237482501,-0.12042461970347801
16403.0,0.8286381285590276,-1.058145946714099,-1.1903917706308422,-0.9637172845910725,-1.1172535236719159,-0.6142202684472076
16404.0,-0.12278275543912286,-1.058145946714099,-0.5336802287120823,-0.7547837407119178,-0.47721685960260357,0.6244139739742279
16405.0,0.8078140524230828,-0.5571872395918231,-1.233005944107459,-0.6404409748334174,-1.9471638881929467,-1.628613319014636
16406.0,-0.9353081791524545,-0.20175138038774237,-0.3746815402884209,-0.3975051008243698,0.9458378031172426,-0.5639440219755375
16407.0,-1.1640528084915374,1.4312993642702228,0.7990526874753621,0.7188893637295775,0.8499631098416093,-0.4424536524898363
16408.0,1.2373568867177072,-1.058145946714099,-0.9986063499273763,-0.5135641944509618,0.05652066271060163,-0.2524906899073792
16409.0,-0.540774126845729,1.2544959545938104,1.3067465021875517,1.3205778402334856,1.6878474509651678,0.720996020984578
16410.0,1.376116485027959,-1.058145946714099,-1.4115789274333435,-0.23355509718163991,-1.614523128595098,-1.0314049361613462
16411.0,-0.9353081791524545,0.07394609082159041,-0.015707585008033164,0.05839231350401781,0.9696189771111754,-0.27830574239300787
16412.0,-0.28654302333393833,0.2992073267345332,-0.26107378208801846,-0.30726505037733026,0.5602500888610992,-1.0404808083701775
16413.0,-0.2524823540546596,-0.5571872395918231,-0.40620578496410825,-0.3667980083921493,0.21790042237482501,-0.07466420931408733
16414.0,-0.8456753236698794,0.2992073267345332,-0.3655898630512399,-0.589951674024074,0.26071325195673184,-1.236309870040713
16415.0,-0.41523819700049863,-0.20175138038774237,-0.18496720814895698,0.03875739455507873,0.8499631098416093,-0.20725351944069983
16416.0,-0.7195200551006783,0.9303406571479473,0.836661408179307,0.98068211425661,1.0096460890517032,0.22639159404364406
16417.0,1.1212955486788323,-1.058145946714099,-2.330234563584869,-2.804692648559184,-2.515817022689194,-2.764096164042172
16418.0,-0.40114257027902034,0.2992073267345332,0.12191358998047747,0.1016713444333967,0.8567153541898691,-0.3215628676392386
16419.0,0.18089663648351514,0.8001660338568091,0.3379011658838303,0.24457725496776847,0.31452880707427483,-0.551520908302031
16420.0,0.9811023498659778,-1.058145946714099,-1.8056740292407825,-0.9302666386620904,-2.183176263091345,-1.774714070706209
16421.0,0.9479515492166357,-0.20175138038774237,-0.4098999192444367,-0.9141583819899257,-0.14457610000475504,-0.6301249785943548
16422.0,-1.0028785328055105,3.892979097926521,3.0442494439251324,3.218117365213179,0.7865535568710715,0.9989930433433651
16423.0,-0.7670473650770303,-1.058145946714099,-0.7111382752281937,-0.5049664126903386,-0.6688728615528973,0.2897074872177287
16424.0,0.5152174896819478,-0.5571872395918231,-0.5336640011466309,-0.5583243821854503,-1.1172535236719159,-0.31457003926807275
16425.0,0.8078140524230828,-1.058145946714099,-0.8074312609745213,-0.5997442262109776,-0.5486003891756687,0.10808773206325732
16426.0,-2.1519790306632065,1.0480979277381186,0.5173255042619145,0.6024183127780941,1.3100360324395852,-0.5163703922393242
16427.0,0.7194498921096045,-0.5571872395918231,-0.9709012363631292,-0.7589597607014165,-1.2818823689972492,-1.1367042300136012
16428.0,1.0095401454577722,-0.20175138038774237,-0.24671107843877532,0.11843659210905207,0.8567153541898691,-0.3233730598125411
16429.0,0.14025610622843504,-1.058145946714099,-0.8518365366573589,-2.5701000695833423,-2.183176263091345,0.024334224634069115
16430.0,-0.2524823540546596,0.654643185938614,0.13229190907852495,-0.3157518899197936,-0.6267921989603487,-0.756946834959964
16431.0,0.5847888596192942,-0.20175138038774237,-0.2660040229185209,-0.060557865827245164,0.15710275654239486,-0.3596505927987509
16432.0,-0.1794070292720186,-1.058145946714099,-0.8446801384388837,-0.38552442459827896,-1.2818823689972492,0.037832022860529634
16433.0,-0.6970151074455184,-0.5571872395918231,-0.6355318174253132,-0.5521774127817789,-0.1914684658752519,-0.506240942085132
16434.0,-0.6752731880764764,1.2544959545938104,0.7783581604609978,0.6508207019995073,0.8896672959534744,-0.27278152051045457
16435.0,1.1454993720263298,-0.20175138038774237,0.060311746745574865,0.1337077476724066,0.8431548296299944,0.25428512378091916
16436.0,1.3157764807748435,-0.20175138038774237,-0.7468423074347975,-0.47982752071194684,-0.10021972705664996,-1.2625792050394873
16437.0,0.9564012788108172,-0.5571872395918231,-0.8108799351980327,-0.6063545425438546,-0.7132292345010023,-0.8359994596439716
16438.0,-1.608585561882396,0.2992073267345332,-0.11007108939094074,-0.04622786677865658,0.457567115373851,-0.7572489118336678
16439.0,1.3655594532482656,-1.058145946714099,-0.788695251794101,-1.244856163309911,-1.1954453334565955,0.14342602148845196
16440.0,-1.4474112861963695,0.48966298795922886,1.0242128128991101,0.9496172963468189,1.274447139088575,1.1293210898384618
16441.0,-0.15047015714448805,0.2992073267345332,0.07639909416974591,-0.017114284365895672,0.37718466862099537,-0.4070883156524793
16442.0,-2.1519790306632065,0.2992073267345332,-0.024235508358391656,0.1050587558976008,1.3661211723993998,-0.596113193060857
16443.0,1.1566531348790148,-1.058145946714099,-1.2547890846910366,-1.0756752990814846,-2.515817022689194,-0.7356810822496723
16444.0,-0.3873500989396135,1.6565606001831652,0.9857767976775756,0.9014264592097044,1.3329322084435713,-0.354464801308139
16445.0,-0.5764124726865254,0.07394609082159041,-0.3123212819003501,-0.3330613346531344,0.9927301689877395,-0.8354841440760118
16446.0,-2.4120140217391843,-0.5571872395918231,3.7456318309093906,3.3491217718258586,-1.9471638881929467,7.753629758185978
16447.0,0.298760970365054,-0.20175138038774237,-0.1313040737744193,-0.28244244642561867,0.27450169513374717,-0.10630866579814402
16448.0,0.5381829940526488,-0.5571872395918231,-0.6673451362173664,-0.669042043482492,0.05652066271060163,-0.566085847099968
16449.0,0.5381829940526488,-0.5571872395918231,-0.19681659958606046,-0.19868864199310854,-0.037881416532715165,0.31962249530840053
16450.0,0.36116121379957716,-0.20175138038774237,0.34671155940641957,0.20709013366430046,-0.12209817180851448,0.7935894543587623
16451.0,0.02212883716268363,-0.20175138038774237,0.06143527384320914,0.03500968675822464,0.3014022381220454,0.2564000522872953
16452.0,1.279288497801991,-0.5571872395918231,-0.7406953284826827,-0.5997442262109776,-0.862804573858747,-0.7040391440209396
16453.0,1.1688228586551845,-0.5571872395918231,-0.9398746878220163,-0.8343368051868192,-0.8098576192004525,-1.0784202288994582
16454.0,-0.40114257027902034,0.07394609082159041,-2.4301120713921955,-2.5701000695833423,-1.7640984679528429,-4.714644259160156
16455.0,-0.1794070292720186,1.15560189306089,1.1165444768257975,1.2038117725604565,0.7865535568710715,0.48099197449086534
16456.0,0.09686491004341691,1.3460575542855853,1.439372552914663,1.323940338566651,1.3661211723993998,0.8621146278987675
16457.0,0.5996007235020872,-1.058145946714099,-1.0754811887296016,-0.8296554976039625,-1.1954453334565955,-0.3974855645868374
16458.0,-1.9674812683483254,2.3282062876889484,1.307541108590087,1.2650722535746088,0.6251737972068488,-0.51859460866486
16459.0,1.3726167481092915,-1.058145946714099,-1.8367710519654348,-1.3916223493687232,-1.614523128595098,-1.8333666673570483
16460.0,-0.6970151074455184,-0.20175138038774237,-0.09546303652746299,0.37473810338443625,0.9024861982765124,-0.038877815690662225
16461.0,0.4702544582071883,-0.20175138038774237,0.3972599802575353,0.48461307278041543,1.3552066913673189,0.8888075878772158
16462.0,-0.0876328522714647,-0.20175138038774237,-1.3810662509666332,-2.2210947581379226,-2.515817022689194,-2.4473052722748347
16463.0,-0.8741833591389503,0.07394609082159041,0.3057145907336576,0.5586998354615226,0.457567115373851,0.3263279036850542
16464.0,-0.9040178174155593,-0.20175138038774237,0.249007704131601,0.434702118283372,1.0424661878166923,0.6095702319552538
16465.0,1.0202674598207486,-0.5571872395918231,-0.15864806030683493,0.009463915126396273,0.05652066271060163,0.39151399055309793
16466.0,-0.5764124726865254,1.5110377522649707,1.0207715854432111,0.847969228562083,1.294409025534889,-0.11933437065192583
16467.0,1.1417379231273606,0.654643185938614,0.8110805527208667,1.7738975220610262,-0.862804573858747,0.5188971921445267
16468.0,-0.0876328522714647,-0.20175138038774237,-0.11990079196238217,-0.191578076103695,-0.07890961835600385,-0.08485559817892713
16469.0,-0.7922005967383016,0.2992073267345332,-0.0830356131771904,-0.239233298826501,1.1191943164689204,-0.706506079638931
16470.0,-0.31029852425924354,1.15560189306089,0.6998432771306139,0.6600879653150391,1.5585297595388092,-0.3025359939570854
16471.0,0.7479579275786754,0.07394609082159041,0.17725309506534942,0.196395248611044,0.10835219495760728,0.08459232538973539
16472.0,1.0397257262171897,-0.5571872395918231,-0.11800247564110213,-0.44513236932404693,-0.05813906446410138,0.46807665958083583
16473.0,0.42189980965276064,0.07394609082159041,-0.4899534955608987,-0.33967165098601143,-0.3805884749031534,-1.1686417873335213
16474.0,-1.5229485149574664,0.654643185938614,0.5033200135846347,0.42091291430716116,1.4049427101962726,-0.0600651407599311
16475.0,0.02212883716268363,0.07394609082159041,-0.38567116284986075,-0.2906129979414018,-0.47721685960260357,-0.9731106429065288
16476.0,1.0367703053241684,-1.058145946714099,-0.7024102086773052,-0.6404409748334174,-0.4437267787202448,0.3061696344619767
16477.0,-0.1794070292720186,1.15560189306089,1.105892297426532,1.0955721360765782,1.1666290909919852,0.4609467757078303
16478.0,-0.7670473650770303,-0.20175138038774237,-0.7432303040945643,-0.5222758574236794,-0.8098576192004525,-1.2558074433760409
16479.0,-1.3187161125298095,-0.5571872395918231,-0.8118819520665251,-1.0362001973790858,-0.14457610000475504,-0.8378831432990426
16480.0,-0.07075489928216207,-1.058145946714099,-0.1367559727681846,-0.05766678012257356,0.15710275654239486,1.3730592218151465
16481.0,1.3290588383452664,-1.058145946714099,-0.5171089758269082,-0.5931996852608044,-0.7601216003714991,0.6556692815989885
16482.0,-1.0395356639262063,-1.058145946714099,-1.034472992150029,-0.23733511298142163,-0.6688728615528973,-0.3201393429032664
16483.0,0.5185490566485405,-1.058145946714099,-1.3636578898162752,-1.5808368721392683,-0.6267921989603487,-0.9410202933828137
16484.0,0.4557606165093461,-0.5571872395918231,-0.599477326966721,-0.5964638157260045,-0.4115503779538524,-0.4384096038391506
16485.0,-0.06247962061019341,0.2992073267345332,0.6501442270585946,0.5535946020252502,0.8896672959534744,0.6721873714990309
16486.0,1.1772063139654854,-1.058145946714099,-1.3897443759599477,-1.967436469196142,-1.3785107536966998,-0.9902224360885713
16487.0,1.22200820066849,-0.5571872395918231,-1.0719104891996298,-0.7302695639352857,-0.32196403698294906,-1.3263782580256993
16488.0,-0.5950029105353472,-0.20175138038774237,-0.4484550636772798,0.2509233366900676,-0.32196403698294906,-0.7025622124967497
16489.0,0.9547202157281579,-0.5571872395918231,-0.8050624450425004,-1.6749572933624948,-1.7640984679528429,-0.8250630352395195
16490.0,1.042667590085983,-1.058145946714099,-1.0857069649428712,-0.96946160877935,-0.9194058466176699,-0.41677256620719455
16491.0,-0.37384801709977017,-0.5571872395918231,0.359711968127562,0.49776166841009845,0.5793298571111467,1.3682691869134098
16492.0,1.180765944929144,-1.058145946714099,-0.6335905229036002,-0.4908819143496147,-0.47721685960260357,0.4359715549565299
16493.0,-0.03827579726269536,0.654643185938614,0.5972112816804729,0.9110867530131331,0.4897435161402434,0.11649426125383157
16494.0,0.7971428378544745,-1.058145946714099,-0.08510508524718695,0.2012781287866438,0.09143627489364367,1.4704787947193183
16495.0,-1.9674812683483254,-0.20175138038774237,-0.22088512877459912,-0.2546192855417444,0.5001945244425666,-0.2748066043049931
16496.0,-1.3798409325433134,0.48966298795922886,0.6613844281900295,0.8325013939678924,0.8499631098416093,0.4461355456841391
16497.0,-0.3349679194593694,2.0119964593872464,1.4215558136723834,1.1924843732533275,1.4118079641262418,0.05515380262996572
16498.0,0.4062569561281632,-0.5571872395918231,-1.5938590486400679,-1.5663808849782732,-0.8098576192004525,-2.304014550022524
16499.0,0.9201390523816813,0.8001660338568091,0.7340965411216688,0.6634695714212294,0.7336066022127771,0.1930561416019645
16500.0,-1.7074462772723475,0.9303406571479473,-0.07012773485760766,-0.1655778157249051,-0.4437267787202448,-1.4747610405033906
16501.0,0.9597502430728069,-1.058145946714099,0.20528881161120408,0.1683602798515559,1.1848607981176718,2.0181954122589842
16502.0,1.2680279097306315,-0.5571872395918231,-0.8988895251303806,-0.44773720812994533,-0.0181119525235737,-1.0014136706563042
16503.0,0.14622196505218568,1.15560189306089,0.9774065152551517,0.7410985362144052,1.0893585536871893,0.21922005899138006
16504.0,-0.7670473650770303,-1.058145946714099,-0.4695510978609723,0.03500968675822464,0.47915765239960845,0.7453689630959756
16505.0,-0.6141483680629726,-1.058145946714099,-0.12902374311204706,0.09712748567873544,-1.7640984679528429,1.387643105013507
16506.0,-0.9040178174155593,-0.5571872395918231,-1.673504671721301,-1.6107384274973675,-1.9471638881929467,-2.4526937624043703
16507.0,1.2164362698867952,-1.058145946714099,-1.2979011394865405,-0.9523769874762635,-0.10021972705664996,-0.8169954248830267
16508.0,1.2782729390801475,-1.058145946714099,-0.9482205895120684,-1.0111411307468456,0.0011923041824166546,-0.15745729366388334
16509.0,0.7971428378544745,-1.058145946714099,-0.6755376899864324,-1.3389765845331374,-0.9194058466176699,0.35685432584622334
16510.0,0.9411106822337401,0.48966298795922886,0.5862883786756042,0.5076061319118196,0.6514988276797011,0.3048150594620722
16511.0,-0.8456753236698794,0.48966298795922886,0.482835750538986,0.3021100463966054,1.3980195209492263,0.11018945661032215
16513.0,-1.7074462772723475,0.07394609082159041,-0.04442573914712084,-0.13082220926652727,-0.1914684658752519,-0.332290189130989
16515.0,-0.31029852425924354,1.0480979277381186,0.8933540755506822,0.7687696545310132,1.1982735174240835,0.19026813251858668
16516.0,-0.6542442484349309,-1.058145946714099,-1.5887187228893136,-1.4026767430063911,-1.4880589811139169,-1.3655111644548585
16517.0,0.752588454545872,-1.058145946714099,-1.2527613543966367,-1.0756752990814846,-0.7132292345010023,-0.7318565474018448
16518.0,-0.2097114950440718,0.07394609082159041,0.022171971945349294,0.03500968675822464,0.3014022381220454,-0.20708891614104225
16519.0,-0.7670473650770303,0.07394609082159041,-0.3700373066953129,-0.6800964371201603,-0.21595962957782017,-0.9437829844962815
16520.0,0.4982949986740278,0.48966298795922886,0.7068463172040924,0.6144676992234456,1.4518350760667693,0.531704132649661
16521.0,1.0110836484864059,-0.20175138038774237,0.15140124225270127,0.46990406736709617,1.3138967127742598,0.42577231021756273
16522.0,1.042667590085983,-0.5571872395918231,-0.5495790252923041,-0.5583243821854503,-0.7601216003714991,-0.34451942850993733
16523.0,-2.1519790306632065,2.245808014503504,1.836935610680313,1.5147416436238572,1.1803407147432114,0.5698727851366763
16524.0,1.0571778289304525,-0.5571872395918231,-0.794637938923453,-0.4246569123197467,0.14117229372259663,-0.8054650618451216
16525.0,-2.1519790306632065,2.8938664889589134,2.3587081359171034,2.2235758355663298,0.8153422320095451,0.8209543463714291
16526.0,0.44838898133871236,-0.5571872395918231,-0.18720114138975277,-0.3784393908584309,-0.2672508963742018,0.33773298113015643
16527.0,-0.030406677691591163,-0.5571872395918231,0.22549349400687851,0.24911640989754108,0.36503047510217346,1.1152988032099647
16528.0,-1.8243736859341724,-1.058145946714099,-0.9609969342270721,-0.6989435988405914,-0.7132292345010023,-0.18155496371662222
16529.0,0.5118685254199581,0.07394609082159041,0.5554561609303523,0.27135385382335897,0.5887058798168258,0.7965320092701044
16530.0,1.3157764807748435,-1.058145946714099,-2.1168229656406155,-2.183500472526469,-1.9471638881929467,-2.361577103434084
16531.0,-0.8456753236698794,1.15560189306089,0.6512890191606497,0.8683958735028668,0.7717713000569296,-0.39373141420874724
16532.0,-0.9682038613741811,0.2992073267345332,1.614944507970963,1.0732140765913942,-2.183176263091345,2.4901673098960044
16533.0,-0.9353081791524545,-0.20175138038774237,0.11773318785324964,0.13693451263401815,0.7938459876173184,0.3623834039665494
16534.0,1.2903547758033207,-1.058145946714099,-0.27377993946016865,-0.7105166998701326,-0.12209817180851448,1.114616105860133
16535.0,-1.7074462772723475,-0.20175138038774237,0.05317427030810951,0.21093646590547468,0.37718466862099537,0.24084968339855337
16536.0,0.16379361762110795,-1.058145946714099,-0.3795262114880398,-0.44773720812994533,0.12492635577600246,0.9151663548180895
16537.0,1.2893566040861313,-1.058145946714099,-2.62585423545172,-1.3916223493687232,-1.9471638881929467,-3.3216692002002115
16538.0,1.180765944929144,-0.20175138038774237,-0.607846430315971,-0.43226070728274824,-0.14457610000475504,-1.00185244019609
16539.0,-1.9674812683483254,1.0480979277381186,1.000486375479798,0.639424875234718,0.5505411819726732,0.3918082196712276
16540.0,1.0095401454577722,-1.058145946714099,-1.0149703043919622,-0.9637172845910725,-0.4115503779538524,-0.2833550086340458
16541.0,1.3769884432844162,-1.058145946714099,-0.5652259337239014,-0.6913398038775899,-0.07890961835600385,0.5649151104171772
16542.0,-0.28654302333393833,-0.5571872395918231,-0.9240529551726683,-0.8203916692661117,-0.9194058466176699,-1.048694947602424
16543.0,1.2384392923735166,-1.058145946714099,-0.8327610445033861,-0.29473665369865176,-0.6688728615528973,0.06031281837694423
16544.0,1.1554233642263942,0.07394609082159041,-0.6502988195925088,-0.7845884941066654,-1.2818823689972492,-1.468933330768332
16545.0,0.42189980965276064,-0.5571872395918231,-0.21521975443528613,-0.28447558850457283,-1.4880589811139169,0.2849615461705363
16546.0,0.7840984858169682,0.2992073267345332,1.2936847485171503,1.4284982140191929,0.46843340743959727,1.884582624034891
16547.0,1.1866551065949535,-1.058145946714099,-1.5216992131049043,-0.96946160877935,-0.4115503779538524,-1.2391045849592037
16548.0,1.2459654079011127,-1.058145946714099,-2.4483848262692876,-2.804692648559184,-1.4880589811139169,-2.9869412821353034
16549.0,-1.3187161125298095,2.478149591821275,1.9096786900201252,1.7643885703600777,2.436630785908086,0.4435150270526604
16550.0,0.1579897300569208,1.7233615276208618,1.6687147919556038,1.6067808351793926,1.5234898547932807,0.8524641858061469
16551.0,0.07733065274709057,0.654643185938614,0.6318463000059525,0.9395611663683813,0.37718466862099537,0.18164101658472082
16552.0,0.6689257299564773,-0.5571872395918231,-0.4835826457486123,-0.42971632910462676,-0.7132292345010023,-0.2203158336742516
16553.0,0.41412607569926796,2.442335020593583,2.0776979111722946,2.3016882285968356,1.2456584639501014,0.8002051377102115
16554.0,-0.44439436309454555,0.8001660338568091,0.8041582199201525,0.6547386342924404,0.7642790739473241,0.32485974667175005
16555.0,-0.5583457794146515,0.48966298795922886,0.5201243081562381,0.8515990442803519,0.27450169513374717,0.18033221041652717
16556.0,-0.15047015714448805,1.6565606001831652,1.5509638631970246,1.4263867485178408,1.5411968671369618,0.7083220978993744
16557.0,-0.7922005967383016,-0.5571872395918231,-0.8586824766972915,-0.9811029912456316,-1.0458699940988507,-0.9258532401350152
16558.0,-2.4120140217391843,2.611849228042442,1.9465087903607385,1.8337857746862951,1.797395678382385,0.3620333656575376
16559.0,0.982715747443508,-1.058145946714099,-1.1599591301373438,-1.2536847648443734,-0.7132292345010023,-0.5568207738496062
16560.0,-0.7195200551006783,0.8001660338568091,0.8547272506042346,0.7695902671624874,0.9754580982530536,0.4200125375160895
16561.0,-1.608585561882396,-0.5571872395918231,-0.43090793271619404,-0.4662657837754595,-0.2941514393624997,-0.12116606512764884
16562.0,1.1001800545869456,-1.058145946714099,-1.0240144595637655,-0.4146533591976824,-0.16768729188131876,-0.30041333572974094
16563.0,-0.28654302333393833,0.48966298795922886,1.122825175703196,1.0865173262229997,0.21790042237482501,1.3150904468802322
16564.0,1.2130697256793863,-1.058145946714099,-1.693511319304562,-1.6420643925920622,-1.614523128595098,-1.5631621725259692
16565.0,0.9272060682311211,0.07394609082159041,-0.13324711380421805,-0.5614195452564948,-1.3785107536966998,-0.49920897240784906
16566.0,-1.0784157615666075,0.2992073267345332,-0.2982208699357482,-0.20768633277585966,-0.862804573858747,-1.1101036467084267
16567.0,0.5251607151948186,-0.5571872395918231,-0.051862574378987204,0.45684066001113044,-0.16768729188131876,0.5926736136961088
16568.0,1.0308182885991817,-0.5571872395918231,0.06692101726075111,-0.20047835993770063,-1.614523128595098,0.8164751743254836
16569.0,-1.9674812683483254,0.2992073267345332,0.3221459367099655,0.4515417718232907,-0.3507527121214226,0.05490656693494036
16570.0,-1.0784157615666075,1.8470162614078611,1.4969933605232464,1.4171068496316535,0.8082392174469527,0.3864020491791804
16571.0,-0.7195200551006783,1.0480979277381186,1.093906180782183,1.3200453445043818,1.0370865419358446,0.5676113009925188
16572.0,0.2551824986059697,-0.20175138038774237,0.05890843514139046,0.04495650678653084,-0.037881416532715165,0.2516435377772211
16573.0,0.0001383902963132679,-0.5571872395918231,-0.24309150176178923,-0.21132015936061974,-0.037881416532715165,0.23246966703186087
16574.0,-0.1138130260237924,-0.20175138038774237,0.24190755599946098,0.46078699748300556,0.5793298571111467,0.5961989544254925
16576.0,1.0187459283862368,-0.5571872395918231,-0.3902180924587005,-0.28244244642561867,-0.21595962957782017,-0.044565730683697895
16577.0,1.3148171310090697,-1.058145946714099,-0.6440302749343216,-0.8203916692661117,-0.47721685960260357,0.41628097009204174
16578.0,1.2741945456928903,-1.058145946714099,-1.2801261007449782,-0.9989607652635911,-1.1954453334565955,-0.783469637318309
16579.0,1.0278214364224065,-1.058145946714099,-0.8258150430322062,-0.935724935040335,-0.862804573858747,0.0734137839012831
16581.0,0.4879229365026979,-1.058145946714099,-1.560240685798788,-0.8582565662530369,-1.1954453334565955,-1.3117982788944638
16582.0,0.18089663648351514,-1.058145946714099,-0.7819761712432546,-0.7262712480428852,-1.4880589811139169,0.15609898780110412
16583.0,0.9445402369244065,-0.5571872395918231,-0.40292289474108267,-0.4146533591976824,-0.6688728615528973,-0.06848393187684065
16584.0,-0.03827579726269536,0.2992073267345332,0.8814688182886014,0.8878647222732178,0.3014022381220454,1.1078431242004296
16585.0,1.2405986385173122,-0.5571872395918231,-0.7206040911327898,-0.7802470860088049,-0.7601216003714991,-0.6662565737836268
16586.0,0.6845052458484283,-0.20175138038774237,0.32587228727985934,-0.23355509718163991,-0.3507527121214226,0.7543370302361212
16587.0,0.639341544931368,-1.058145946714099,-1.019892299486403,-1.2717056438696925,-0.9194058466176699,-0.2926384630517832
16588.0,0.9647411258391285,0.07394609082159041,0.2740887592078771,0.376976520538054,0.34016817678249833,0.26680615559948606
16589.0,-0.1138130260237924,0.07394609082159041,-0.300917923193268,0.049874069423682894,-0.05813906446410138,-0.8140815995770486
16590.0,0.9891290528763733,-0.5571872395918231,-0.3085475681641034,-0.47709271037340434,-0.3805884749031534,0.10920607524261339
16591.0,-0.13187971929566594,-1.058145946714099,-1.0580035762951012,-1.6262149283445646,-1.1172535236719159,-0.36452075758208874
16592.0,-1.8243736859341724,2.245808014503504,1.5323205234621224,1.580662960664119,1.3478488567818285,-0.0030512240337130167
16593.0,-0.3225146116861712,0.8001660338568091,0.1015044529606356,-0.1810543165721022,0.24668909751329784,-0.9949246338534913
16594.0,-0.07913835459246295,-1.058145946714099,-1.1760429816291105,-1.3389765845331374,0.18806465959309385,-0.5871567858367198
16595.0,-0.2097114950440718,0.2992073267345332,0.47932723759702395,0.6701810678079644,1.692716266781489,0.3506389301614976
16596.0,-1.0395356639262063,0.07394609082159041,-0.34043404014141954,-0.5135641944509618,-0.47721685960260357,-0.8882407373305059
16597.0,-1.8243736859341724,-1.058145946714099,-1.6755596716988521,-0.6510211644571734,-1.3785107536966998,-1.529303280131071
16598.0,0.7730217821651971,-1.058145946714099,-1.3349712736360835,-1.2536847648443734,-1.1172535236719159,-0.8869140034336993
16599.0,0.9647411258391285,-1.058145946714099,-1.2096196377251263,-0.74651041226979,-0.9802035124500996,-0.6504862590252367
16600.0,-1.8243736859341724,1.3460575542855853,0.6043777762566732,1.0403609340836106,0.7490861757345402,-0.7076072803312121
16601.0,-0.4594850640247002,-0.20175138038774237,-0.22105336145920315,-0.15045712821546633,0.28806221969362183,-0.2751229873862665
16602.0,-0.540774126845729,-0.5571872395918231,-0.1423531327324047,-0.09627999845339072,-0.10021972705664996,0.42220750165681864
16603.0,-0.07913835459246295,-0.5571872395918231,-0.4723922697947906,-0.022561279794168585,-0.16768729188131876,-0.19925339008621762
16604.0,1.206283152308942,-0.5571872395918231,-0.5510902777871284,-0.6838229113311526,-1.1172535236719159,-0.34736327216637913
16605.0,1.3673310709462236,-1.058145946714099,-1.958455214921999,-0.8112565093766205,-2.515817022689194,-2.0628771318115255
16606.0,0.9938972919331752,-0.5571872395918231,-0.687571763828681,-0.7933582365477243,-0.7601216003714991,-0.604131015085222
16607.0,-0.9682038613741811,2.110890520920167,1.3064726014174775,1.43880682816965,1.3138967127742598,-0.2739875143591256
16608.0,1.0685541839756287,-0.5571872395918231,0.23464736217246668,0.13800659264123738,0.6514988276797011,1.1325506000428232
16609.0,-1.0784157615666075,0.654643185938614,1.279013957833072,1.0403609340836106,1.0583966506364906,1.4001190600584563
16610.0,0.6025224834477799,-1.058145946714099,-1.7994432622137158,-1.3190441216122357,-1.4880589811139169,-1.762962120415026
16611.0,0.4982949986740278,0.48966298795922886,0.4692913216634509,0.3709903955875822,0.5793298571111467,0.084713739969124
16612.0,-0.5950029105353472,0.9303406571479473,0.8998490933785936,0.6894511553006836,0.7413828979433381,0.34526474802593543
16613.0,-0.12278275543912286,-1.058145946714099,-0.29363565938798336,-0.3463490782764294,-0.2672508963742018,1.0771659119155237
16614.0,0.4879229365026979,-0.20175138038774237,0.171061188213962,-0.2316732047996185,-0.10021972705664996,0.46278968924089087
16615.0,1.2741945456928903,-1.058145946714099,-0.8345080571632187,-0.5614195452564948,-0.6267921989603487,0.05701774959211658
16616.0,-1.0784157615666075,-0.5571872395918231,-0.44612318470156,-0.19334852384513587,-0.24120448470420522,-0.1498072761863487
16617.0,0.6502579820962507,-1.058145946714099,-1.3021785061661946,-1.110483470649885,-1.614523128595098,-0.8250630352395195
16618.0,-0.6338830081757483,0.2992073267345332,0.7531878430448149,0.6629875479926887,0.5105140700321456,0.8662245702162644
16619.0,0.7218745649366273,0.07394609082159041,0.528589858161436,0.4946548088834669,0.7257558910386418,0.7459358692077985
16620.0,-1.8243736859341724,0.48966298795922886,0.45864294894387614,0.5490231088078554,0.5001945244425666,0.06468615272944635
16621.0,-0.31029852425924354,0.07394609082159041,-0.09655926482798037,-0.3265167937029618,-0.5121324717856456,-0.4302719209356799
16622.0,1.1843059274157668,-1.058145946714099,-1.0190961518442614,-1.5808368721392683,-0.9802035124500996,-0.2911368361294079
16623.0,0.6767627952879732,0.07394609082159041,0.06291877231523534,-0.07669006879540254,0.038489320235348796,-0.13046842336579814
16624.0,-0.030406677691591163,-0.5571872395918231,-0.09913843315274376,-0.011712028624911322,0.038489320235348796,0.5036120705300289
16625.0,0.7479579275786754,0.2992073267345332,0.414358968518061,0.49589931434238477,0.5407159979871611,0.22838377531661155
16626.0,-2.4120140217391843,1.6565606001831652,1.1212499227178565,1.1099032118443943,0.5793298571111467,-0.09996166728383073
16627.0,-0.04624267237073655,-1.058145946714099,-0.7612515662546252,-0.7342923345111426,-0.586765087019821,0.19518799988785993
16628.0,-0.6542442484349309,0.654643185938614,0.6574583077470011,0.611345600297109,0.5602500888610992,0.2298213435568788
16629.0,-0.0876328522714647,-0.5571872395918231,-0.5759868639856627,-0.005021015286987677,0.26071325195673184,-0.39421115519558764
16630.0,0.9986303407132077,-1.058145946714099,-1.5537947852759002,-1.2626334870875637,-1.7640984679528429,-1.299640561843286
16631.0,1.1068536340446045,0.654643185938614,0.5113640629874234,0.29201694390368005,0.07416420415895746,-0.044941320657215275
16632.0,1.1121429440166524,-0.5571872395918231,-0.5957533230318627,-0.4348149665659621,-0.5121324717856456,-0.43140294288783254
16633.0,-1.0028785328055105,0.48966298795922886,0.8145719098259443,0.5444196188771608,0.8153422320095451,0.7345078836157997
16634.0,0.6140782050718988,0.48966298795922886,0.4810875982882967,0.6424167876212222,0.43539298020353107,0.10690128273648132
16635.0,0.9986303407132077,-1.058145946714099,-0.48664700307153097,-0.3831542564881224,-0.4115503779538524,0.7131241002493156
16636.0,1.045596020739638,0.07394609082159041,1.01387922490644,0.973503642576299,0.31452880707427483,1.6602188530090431
16637.0,-0.6141483680629726,0.07394609082159041,0.1554412373851719,0.4096695475497316,0.36503047510217346,0.04355757254025397
16638.0,-0.8183807704906293,1.5110377522649707,0.691572275541203,0.7889839357185202,0.9151078788768329,-0.7373861886861873
16639.0,-0.6338830081757483,0.07394609082159041,0.45414552912447337,0.27135385382335897,0.47915765239960845,0.6057536667555875
16640.0,0.9843250963403034,-1.058145946714099,-1.1827621256600067,-0.8022464926048176,-0.9194058466176699,-0.5998298718801189
16641.0,0.14025610622843504,-0.5571872395918231,-0.3723167650060643,-0.059110734465001924,-0.12209817180851448,-0.010863178481793414
16642.0,-1.7074462772723475,-0.20175138038774237,0.10573301895644198,0.29201694390368005,0.14117229372259663,0.33979124218752116
16643.0,0.6767627952879732,-0.5571872395918231,-0.005561867800164704,0.07037298973010923,0.10835219495760728,0.6799046307479217
16644.0,0.4702544582071883,-0.5571872395918231,-0.07881945438626418,0.3338823120967778,0.31452880707427483,0.541889518521673
16645.0,1.377859217618911,-1.058145946714099,-1.263002199764726,-0.9467793286780029,-0.862804573858747,-0.7511719711984127
16646.0,1.0614676455862315,-1.058145946714099,-0.2268073683837608,0.5051587953623482,-0.2941514393624997,1.2032118305824664
16647.0,0.4409316275594932,0.07394609082159041,-0.3888496711797562,-0.14879831034045113,-0.32196403698294906,-0.9790728051528761
16648.0,-0.4296506057480915,-0.20175138038774237,-0.23319564743605417,0.008160206198442868,-0.10021972705664996,-0.2979575384490634
16649.0,1.1554233642263942,-1.058145946714099,-0.7982834432800828,-1.178194505634738,-0.586765087019821,0.125341578716621
16650.0,-0.10496702096475002,0.654643185938614,0.520285952408567,0.7307405120846736,0.4240770344914922,-0.02816642788848634
16651.0,1.233008902613806,-1.058145946714099,-1.3800150572607404,-1.3807506813715704,-1.4880589811139169,-0.9718718110012475
16652.0,-0.23074043468561758,1.5859404542672264,2.1159056895940944,1.7821285448168114,0.8766449105123539,1.854714401080814
16653.0,-1.0395356639262063,-0.5571872395918231,0.190846429166434,0.25541905439068696,0.37718466862099537,1.0500029426591575
16654.0,0.32174999795173626,0.8001660338568091,0.4389439044376451,0.2279719173256238,0.34016817678249833,-0.3617751907197448
16655.0,-0.9682038613741811,1.3460575542855853,1.4055706892021158,1.3729096212817804,1.849140004351645,0.7984742985449467
16656.0,-0.8456753236698794,2.3282062876889484,2.085840813846987,2.2587180643789777,-0.5121324717856456,0.9448307230647955
16657.0,-1.3187161125298095,0.07394609082159041,0.0025872606919809223,0.5949743423381456,1.074023657541187,-0.24391135311148146
16658.0,0.9341960578512235,0.48966298795922886,-0.09603746435353999,-0.29473665369865176,0.12492635577600246,-0.9770493633484253
16659.0,0.5085019812125491,-1.058145946714099,-2.266031004521654,-1.2626334870875637,-2.183176263091345,-2.643000794667862
16660.0,-1.0395356639262063,0.654643185938614,0.5064112507461795,0.45353386099523824,-0.586765087019821,-0.05425329129985251
16661.0,1.1795815951948991,0.07394609082159041,0.04234101903419548,-0.16727955260903868,0.14117229372259663,-0.1691645760902724
16662.0,0.9778633268252847,-1.058145946714099,-1.247935446110473,-1.709582179172762,-0.32196403698294906,-0.7227543238646087
16663.0,1.3717388216219801,-1.058145946714099,-1.2427074196162766,-1.0490970995891926,-2.515817022689194,-0.7128936586826355
16664.0,1.2130697256793863,-1.058145946714099,-1.5379278728617538,-1.967436469196142,-1.2818823689972492,-1.2697137221531518
16665.0,0.9236822945372614,-1.058145946714099,-1.3842290643438688,-1.3916223493687232,-1.1954453334565955,-0.9798199177997349
16666.0,-0.9353081791524545,-0.5571872395918231,-1.0173794690492721,-0.19868864199310854,0.0011923041824166546,-1.2239950750984894
16667.0,-0.14110757920304226,-0.5571872395918231,-0.35232156922362695,-0.48533149374139894,0.17272976344709118,0.026783244410732
16668.0,-1.0784157615666075,1.3460575542855853,-0.05451166377903757,0.2903195986034831,-0.32196403698294906,-1.9391392384046582
16669.0,-0.7922005967383016,-0.20175138038774237,0.2812417211884003,0.3814306296966477,0.9812559531764108,0.6702770834785555
16670.0,-1.0028785328055105,1.8470162614078611,1.5525420545208863,1.4531758017783196,1.4743130042630095,0.49091629959439204
16671.0,-0.6970151074455184,-0.20175138038774237,0.4308190709505052,0.37174164745544397,-1.9471638881929467,0.9520274926183496
16672.0,-2.1519790306632065,1.8470162614078611,1.5618835024219537,1.1437254252933526,-0.5121324717856456,0.5084940384857433
16673.0,1.3262356854422417,-1.058145946714099,-1.146046227334643,-1.0426170379233037,-0.6267921989603487,-0.5305794232368921
16674.0,-0.27498730170981883,-0.5571872395918231,-0.7683858781045273,-0.6369517309004904,0.607142454731596,-0.7561074138426842
16675.0,1.0514130692268566,-0.5571872395918231,-0.3050416015739615,-0.33967165098601143,-0.5486003891756687,0.115807883936715
16676.0,-0.5764124726865254,0.48966298795922886,0.670940965189542,0.4096695475497316,0.7490861757345402,0.464121970858391
16677.0,1.0048872215498614,-0.5571872395918231,-0.03948017908735895,-0.05478834691222856,0.05652066271060163,0.6160015604124124
16678.0,-1.9674812683483254,1.2544959545938104,0.8691410681799504,1.0340825790474115,0.6340429977198944,-0.10219721143373632
16679.0,0.9307105862349311,-0.20175138038774237,-0.11485573591471802,-0.38552442459827896,-0.8098576192004525,-0.07536402682694876
16680.0,-0.4296506057480915,-0.20175138038774237,-0.08954226000954263,-0.1810543165721022,-0.4437267787202448,-0.027737745066137527
16681.0,-0.09624137345486956,0.654643185938614,0.5224365022114086,0.7224231314715501,-0.5121324717856456,-0.024122877461101897
16682.0,-1.7074462772723475,0.2992073267345332,0.07191027257099687,0.4852451929048097,-0.8098576192004525,-0.41552207216510184
16683.0,1.1724291954243062,-1.058145946714099,-0.7669488676234211,-0.630028288668433,-0.6688728615528973,0.1844422277880328
16684.0,-1.8243736859341724,3.058846686938299,3.6480863375741843,3.518638994696458,1.1982735174240835,3.065753850240071
16685.0,-0.2097114950440718,-0.5571872395918231,-0.7580540565493585,-0.14879831034045113,0.28806221969362183,-0.7366805594775938
16686.0,-0.37384801709977017,1.5859404542672264,1.2213514680807038,1.2848491056488607,2.092142989289527,0.1703338033107558
16687.0,0.972973911537828,-1.058145946714099,-1.2754319630792688,-0.8250072737432935,-1.2818823689972492,-0.7746159484758683
16688.0,-2.4120140217391843,0.07394609082159041,0.21891081993003697,0.31614856547706294,0.17272976344709118,0.16297179869521689
16689.0,-0.07075489928216207,-0.5571872395918231,-0.5676544342262996,-0.26838375371270823,-0.9802035124500996,-0.37853245270384445
16690.0,-0.10496702096475002,0.07394609082159041,-0.6969345814839322,-0.567653913628976,-0.9802035124500996,-1.55617791338063
16691.0,1.0156919930971386,-0.5571872395918231,-1.185042548959717,-1.1033729047604708,-1.0458699940988507,-1.5386659855124971
16692.0,0.7022155483365661,0.07394609082159041,0.5197557740808898,0.37399026823985,-1.9471638881929467,0.7292996539776965
16693.0,-0.13187971929566594,0.2992073267345332,0.1829661875261606,0.21380652546532233,1.0262202498700983,-0.2068096064445125
16694.0,1.3664458738438814,-1.058145946714099,-1.6129786054929314,-1.9168175809686259,-1.9471638881929467,-1.4112681207315345
16695.0,1.2051450416307883,-0.5571872395918231,-1.1298313526401549,-0.6474754904320826,-0.2672508963742018,-1.4350857321120736
16696.0,0.29406259624637104,0.07394609082159041,-0.24930922955913923,-0.8022464926048176,-1.3785107536966998,-0.7171988995060191
16697.0,0.6636473034612838,-1.058145946714099,-1.5150806301104847,-1.8928978199024078,-0.586765087019821,-1.226621168710353
16698.0,0.6254293898743742,-0.5571872395918231,0.5504270756090351,0.34492345044290107,-1.7640984679528429,1.72777414359942
16699.0,0.9547202157281579,0.654643185938614,0.04813274100633273,0.16631130330722144,0.15710275654239486,-0.914783049326941
16700.0,-1.3798409325433134,2.110890520920167,1.6479982155487933,1.7275963932709257,1.4899997739109212,0.36801969967610554
16701.0,-1.3798409325433134,2.1575193073054413,1.7045845689430517,2.0387669939852993,1.0531207928583965,0.4213110775434026
16702.0,1.0110836484864059,0.07394609082159041,0.12769848644921533,0.2176138931958927,0.5602500888610992,-0.008630337976354359
16704.0,1.2659591169727051,-0.5571872395918231,-0.20915366498934185,-0.05766678012257356,0.14117229372259663,0.2963864266890963
16705.0,-2.4120140217391843,2.7324831383346417,2.7702019055737477,2.500856929955178,1.8329341824441348,1.7772488865906877
16706.0,-0.5236711079833221,-0.20175138038774237,-0.40299057195715493,-0.4529780401521651,0.7642790739473241,-0.6171421572158174
16707.0,0.9875317290149478,0.07394609082159041,-0.37672773715694846,-0.13893231126810912,0.34016817678249833,-0.9563340304213069
16708.0,-0.3873500989396135,-1.058145946714099,-0.25069948058877356,-0.3644942549377236,-0.3507527121214226,1.1581485319925888
16709.0,0.0001383902963132679,1.4312993642702228,1.6416633922081239,1.2394844301297445,1.3441450443638419,1.1425054769673146
16710.0,-0.9353081791524545,1.9594133665673954,1.3833044501424308,1.4332991181000256,2.0801223631425247,0.04345198002016202
16711.0,-1.9674812683483254,0.9303406571479473,0.810909809137833,0.5858204852433715,-0.3805884749031534,0.17795374562844724
16712.0,-1.3798409325433134,1.3460575542855853,1.0969940563664191,0.9449226230329796,1.6003245210805033,0.2177909573847827
16713.0,-0.9353081791524545,2.4054512011867506,1.9813428139649794,1.880468924512391,2.0801223631425247,0.6605706061503349
16714.0,0.6025224834477799,0.07394609082159041,0.3581320493165751,0.3519246856216433,0.6600894093898906,0.424992753084862
16715.0,-0.054309762370586455,-0.5571872395918231,-0.28562069752237434,0.5648862259409839,-0.3507527121214226,0.15237879942950047
16716.0,0.7290940618003953,-0.20175138038774237,0.603129108679266,0.3989514243478757,-1.3785107536966998,1.2766831743316998
16717.0,-0.7922005967383016,1.4312993642702228,1.4522041171481637,1.2293716703494098,1.5234898547932807,0.7857469476439434
16718.0,0.935931715741001,0.2992073267345332,0.9839916147521495,1.0191022053387833,0.8700553726182927,1.3009854744355451
16719.0,-1.0784157615666075,1.4312993642702228,1.045619829492447,1.0711433281235603,1.2824902726998832,0.020793866252069106
16720.0,-0.7428435417295326,-0.20175138038774237,-0.11266297523340728,-0.02393010638355865,0.9151078788768329,-0.07123860042543756
16721.0,0.7170160174661255,-1.058145946714099,-0.8321223514058143,-0.6951307131548892,-0.10021972705664996,0.061517467740558746
16722.0,-1.0028785328055105,1.9594133665673954,1.6338206510753819,1.8726211329776898,1.0040461146997783,0.5146384579956932
16723.0,0.04339018311183878,0.07394609082159041,0.24182458328210807,0.46078699748300556,0.7642790739473241,0.2060889219101918
16724.0,0.9954788591929878,-1.058145946714099,-1.323711776469787,-1.2902342195152068,-0.7132292345010023,-0.8656772840334683
16725.0,0.8078140524230828,1.4312993642702228,0.5073915299254615,0.2996012540141724,1.4219993132850381,-0.9894552488261088
16726.0,-0.7428435417295326,0.654643185938614,0.5823022789893743,0.6596034563142669,1.031671386584256,0.08845384480862942
16727.0,0.9272060682311211,0.07394609082159041,0.31327859448488843,0.5274565557574462,1.074023657541187,0.3405646444464976
16728.0,-0.3873500989396135,0.07394609082159041,0.0903489397017881,0.20322117580925303,1.3366868742976272,-0.07888136765661277
16729.0,-0.5070123740010525,1.9044924940644754,1.4779034040106924,1.613179838497991,1.3945358933915557,0.28436456282644434
16730.0,-0.31029852425924354,-0.20175138038774237,-0.1616727827327393,0.45551993479062725,0.46843340743959727,-0.16343722007554123
16731.0,1.2963113994186093,-1.058145946714099,-1.204455554010036,-0.8932765983286024,-0.037881416532715165,-0.6407461973513501
16732.0,-0.6141483680629726,0.07394609082159041,1.1170815949130695,1.0387288713632936,1.2622326247684965,1.8547275540216375
16733.0,1.167616225752049,-1.058145946714099,-0.9174995387054943,-0.9752565444053659,-0.9802035124500996,-0.09951382371814142
16734.0,-0.31029852425924354,-0.20175138038774237,-0.2574368230433869,-0.23733511298142163,0.038489320235348796,-0.34354160515764065
16735.0,-0.04624267237073655,1.4312993642702228,1.3743374908485193,1.4154194013994899,1.1712251425483466,0.6391694388197742
16736.0,1.137954282661102,0.2992073267345332,0.8326960608071917,0.49153320388382654,0.8223842757380923,1.015972179450337
16737.0,-0.2983107883386734,-0.5571872395918231,-0.07759473292926504,0.09712748567873544,-2.515817022689194,0.5441967239349051
16738.0,0.799291332992275,-1.058145946714099,-3.8035824913276346,-3.172763669970543,-2.515817022689194,-5.543001479107597
16739.0,0.4666615905535427,-0.5571872395918231,-0.12089758331620765,-0.15713455550588437,-0.1914684658752519,0.4626230621751051
16740.0,0.9794848831855826,-1.058145946714099,-0.9836655308470875,-0.9523769874762635,-0.2672508963742018,-0.22431056980685807
16741.0,1.2731708819498868,-1.058145946714099,-1.208542455779145,-1.186166978263674,-1.0458699940988507,-0.6484545687648338
16742.0,-0.37384801709977017,1.4312993642702228,0.8069134216189268,1.087529594123936,0.15710275654239486,-0.42769499797441557
16743.0,-0.6752731880764764,1.4312993642702228,1.0946721923953235,1.3262311304884231,0.8362895757000253,0.1130206836338304
16744.0,-1.2629135238814884,0.654643185938614,0.24355397011909408,0.3169651030602791,1.258120370257919,-0.5481312084859801
16745.0,0.014882147642767907,1.6565606001831652,1.4733490858750284,1.713397298913755,1.0207326504320022,0.5622395698528341
16746.0,-1.7074462772723475,2.7324831383346417,2.1367856403840197,2.0880747309401064,1.8122160850282965,0.5843530410409014
16747.0,-0.5070123740010525,-0.5571872395918231,-0.07685401102100825,0.1050587558976008,-0.16768729188131876,0.5455921435800647
16748.0,-0.9682038613741811,1.4312993642702228,0.9819742698304526,0.9555161783877187,0.21790042237482501,-0.09883992641171133
16749.0,1.2373568867177072,-0.5571872395918231,1.1169896397934336,0.940194199082124,0.18806465959309385,2.796006907690216
16750.0,-0.40114257027902034,0.2992073267345332,-0.2874517634652187,-0.5521774127817789,0.457567115373851,-1.0899220081435632
16751.0,-0.6338830081757483,-1.058145946714099,0.46100973982404475,0.4795341213740282,-0.4437267787202448,2.5005147838094874
16752.0,0.942827752064887,-1.058145946714099,-0.5807003074566751,-0.9989607652635911,-1.1954453334565955,0.5357286442718762
16753.0,-0.2415192631816249,-1.058145946714099,-1.0238222073973173,-0.6334808999499925,-0.16768729188131876,-0.30005072581451603
16754.0,0.9411106822337401,2.2876939305965793,3.0865777156165057,3.2324483894244023,-0.07890961835600385,2.876637419832138
16755.0,0.18649776552599168,0.654643185938614,0.8189261107911766,0.9147142028329995,1.3404244345531768,0.5336641234249052
16756.0,0.5907547184430448,0.654643185938614,0.2477414135533185,0.23169839153661606,0.34016817678249833,-0.5402692250624244
16757.0,0.8428228344109817,-0.5571872395918231,-0.8882471528821918,-0.6653981508446892,-0.9194058466176699,-0.9814151320546797
16758.0,-0.1696156146721137,-1.058145946714099,-0.6644791756973597,-0.5867196235949155,-0.5121324717856456,0.3777119681966705
16759.0,-1.4474112861963695,-0.20175138038774237,-0.11782932075760949,0.1337077476724066,-0.037881416532715165,-0.08095843345774381
16760.0,1.0338012018782479,-1.058145946714099,-1.010867945578786,-0.7105166998701326,-0.7132292345010023,-0.27561748344017895
16761.0,0.0839084047561103,-1.058145946714099,-0.7751376425281349,-0.24688130289311921,-0.9194058466176699,0.16899724722499196
16762.0,-0.9040178174155593,-0.20175138038774237,0.3446281643699448,0.143340936064449,0.15710275654239486,0.7896651459196802
16763.0,0.5413976634342754,-0.5571872395918231,0.026160166906203854,-0.006353783602812739,0.038489320235348796,0.739672799069762
16764.0,-1.8243736859341724,1.3460575542855853,0.7933113895265601,0.6108238065856435,1.3022597367090243,-0.3529939619832391
16765.0,0.7906538260142463,-0.5571872395918231,-0.514939586022057,-0.30726505037733026,0.17272976344709118,-0.27933194978385884
16766.0,0.7432937237559131,-0.5571872395918231,0.14988824122219305,0.049874069423682894,-0.7132292345010023,0.9728164833266351
16767.0,-0.6338830081757483,1.5110377522649707,1.5564479363024548,1.750047027588396,1.3022597367090243,0.8884211848072119
16768.0,-0.36062434863474907,0.9303406571479473,0.4375328716433562,0.2937099202278743,0.7642790739473241,-0.5237155348827103
16769.0,0.7121203814881557,0.07394609082159041,0.14746459584503482,-0.3286910797782772,0.47915765239960845,0.028551876552652865
16770.0,-0.2415192631816249,0.9303406571479473,0.5262824456151213,0.5339424266269587,1.274447139088575,-0.3570574889842157
16771.0,-0.5950029105353472,1.0480979277381186,1.0445856022697957,1.010914116234806,1.6057396764320917,0.4747904185900213
16772.0,1.0232997359133336,-0.20175138038774237,0.9988514652066275,0.21476043562354646,0.2031181655606824,2.0225278098660415
16773.0,-0.2524823540546596,-0.20175138038774237,-0.56997167516751,-0.44513236932404693,0.18806465959309385,-0.930761989122337
16774.0,-0.14110757920304226,0.8001660338568091,0.3879396400372059,0.30043858186603434,0.607142454731596,-0.45756939279697495
16775.0,-1.3187161125298095,1.5859404542672264,0.8567354315885445,0.4724858996865095,0.9275383145186272,-0.5147373447849668
16776.0,-0.22013977682524094,-0.5571872395918231,-0.29217174708130783,-0.06491846260944777,0.7413828979433381,0.14004253898900895
16777.0,-0.03827579726269536,0.2992073267345332,0.24520764300860795,-0.02943407941301077,0.8831819415705221,-0.08978854709687067
16778.0,-0.0876328522714647,-0.5571872395918231,-0.9565183678411185,-0.616396278646906,-0.7601216003714991,-1.1096869768050495
16779.0,-2.1519790306632065,3.0139138736317976,2.5767250840022937,2.4167903089155813,1.5782992235479503,1.0970096804401674
16780.0,0.10324630795624619,-0.20175138038774237,-0.308963255027434,-0.22049354291306064,0.44655496268773315,-0.4404181594596615
16781.0,0.9411106822337401,-0.5571872395918231,0.003072827823884608,-0.32003673203707234,-0.12209817180851448,0.6961731700867083
16782.0,-1.3187161125298095,2.611849228042442,1.7415250587228825,1.4160335199677336,2.130036437980234,-0.023400821495859044
16783.0,1.0441334768929462,-1.058145946714099,-0.621776194873295,-0.7302695639352857,-0.4115503779538524,0.45825474980761977
16784.0,-0.9040178174155593,0.2992073267345332,-0.026592066502415114,-0.0010388380035462495,0.9637379981128575,-0.6005382466089878
16785.0,1.0033287148318906,-1.058145946714099,-0.3997087892323413,-0.3030623463730282,-0.14457610000475504,0.877099669068386
16786.0,0.9778633268252847,-1.058145946714099,-2.067584320840642,-1.2626334870875637,-2.515817022689194,-2.2687073004739013
16787.0,0.9843250963403034,0.07394609082159041,0.07709469446470514,-0.03081729956279179,0.7178293264081053,-0.10380891905880572
16788.0,0.23482125834678733,0.2992073267345332,0.5330238584708107,0.44954363072557546,1.7189901967493497,0.45170190917658276
16789.0,-1.4474112861963695,-1.058145946714099,-1.7526787957234349,-1.7848322627584738,-1.614523128595098,-1.6747589051126262
16790.0,-1.8243736859341724,0.48966298795922886,0.36554077751979513,0.3887877638884077,0.5979759564957379,-0.11038441796518784
16791.0,-0.6752731880764764,1.5110377522649707,1.057379422981565,0.8722658661212669,1.8184866357374985,-0.0505323387652015
16792.0,0.7640205789835691,0.2992073267345332,-0.2879939141148125,-0.2804155698175485,0.6162076636214244,-1.0909380613214448
16793.0,-0.2524823540546596,-1.058145946714099,-0.9626725621104458,-0.8022464926048176,-0.7601216003714991,-0.18471539252199795
16794.0,-2.4120140217391843,1.5110377522649707,0.5831639605199276,0.7691800888275181,1.4320656120576276,-0.9405942726264395
16795.0,0.9289607210324548,-0.20175138038774237,0.7096754070362778,0.7077223562848015,1.6137959741395977,1.4774682984628102
16796.0,0.029294556390360493,-1.058145946714099,-0.8005360319959006,-0.6439488281553082,-0.6688728615528973,0.12109293476961194
16797.0,0.9762376600515654,0.2992073267345332,0.4862918015670812,0.3967866798633863,1.567060786745896,0.36374609890669035
16798.0,1.195966706816979,-0.20175138038774237,-0.06604557318518588,-0.567653913628976,0.9812559531764108,0.016473957106895566
16799.0,1.0367703053241684,-0.5571872395918231,-0.45253234878720633,-0.6800964371201603,0.5307717179635321,-0.16187153654356568
16800.0,-1.2629135238814884,-1.058145946714099,0.18418369472183233,0.05475513775326972,1.0207326504320022,1.9783887105325255
16801.0,0.41412607569926796,0.07394609082159041,0.3992679675565173,0.002919374176223124,0.43539298020353107,0.5024323602374844
16802.0,1.3262356854422417,-0.5571872395918231,-0.3367451576099241,-0.19512375012878516,0.10835219495760728,0.05611136583782668
16803.0,-0.1696156146721137,-1.058145946714099,-0.7404142142189462,-0.4635866723774432,-0.4437267787202448,0.2344896660004604
16804.0,-0.8183807704906293,-0.20175138038774237,-0.39539638128010984,-0.4609184296153759,0.27450169513374717,-0.6028719621278892
16805.0,0.4557606165093461,0.2992073267345332,0.11883633779055774,0.5351148350279571,1.3177393102307873,-0.3273459046636512
16806.0,0.12201814170468762,0.07394609082159041,-0.10724600647003205,-0.17931661162787071,0.3891614223084505,-0.45035383732521045
16807.0,0.33071972736706673,0.48966298795922886,0.5944324564865786,0.6959039702987088,0.7567177940893411,0.32013947209775634
16808.0,0.09686491004341691,-0.5571872395918231,-0.8421360735598189,-0.609684782260171,-0.5486003891756687,-0.8947535005992692
16809.0,-0.8183807704906293,0.9303406571479473,0.4456286376595251,0.517906900682315,0.8010741670374462,-0.5085167238984408
16810.0,0.5185490566485405,-0.5571872395918231,-0.07172435769121878,-0.18981238124781294,-0.16768729188131876,0.5552557618285268
16811.0,-1.7074462772723475,-0.5571872395918231,-0.38201997923036707,-0.02667633558752202,-0.3805884749031534,-0.029131458891829953
16812.0,0.9219131204530229,0.07394609082159041,0.6800623275620314,0.5315913215718552,0.6853342645162757,1.0312325076170314
16813.0,-1.4474112861963695,1.0480979277381186,0.43112115739194834,0.7368024991329325,1.4420098920812565,-0.6781516970625326
16814.0,-1.1198059414673356,2.5468070428147276,1.871374054343915,1.526132735883984,1.43870850711454,0.29398487703373544
16815.0,1.0685541839756287,-0.5571872395918231,-0.5877150866349959,-0.48257374991591023,0.36503047510217346,-0.41627881268482114
16816.0,0.12201814170468762,0.07394609082159041,-0.5771407915392051,-0.39029053921352713,-0.32196403698294906,-1.3319831600443552
16817.0,-1.9674812683483254,1.3460575542855853,0.7947638489573193,0.7538208078948723,0.7567177940893411,-0.35026613267969825
16818.0,-1.2629135238814884,1.15560189306089,0.9226014977493331,0.9668538337930468,1.1432544882744613,0.11614764936768118
16819.0,1.0838742983222271,-0.5571872395918231,-1.1701312785072466,-0.4425378060430995,-0.7132292345010023,-1.5106955375631328
16820.0,0.07733065274709057,-1.058145946714099,-0.450172807417039,-0.3157518899197936,-0.3805884749031534,0.7819186695825006
16821.0,0.9580779469522994,-1.058145946714099,-1.5112896884906586,-2.348795234230796,-1.3785107536966998,-1.2194710125129795
16822.0,1.3328038136515803,-1.058145946714099,-1.1748567546970492,-0.6989435988405914,-1.0458699940988507,-0.5849194240674402
16823.0,0.6254293898743742,0.654643185938614,0.6392041111057278,0.5615190465451568,1.0262202498700983,0.1954817870560577
16824.0,-1.0395356639262063,-0.20175138038774237,-0.21896375586863964,-0.1588145588172647,-0.16768729188131876,-0.2711932015704816
16825.0,-0.4907754257615954,0.2992073267345332,0.4859449703107271,0.630366601304611,0.10835219495760728,0.3630933629227393
16826.0,-0.3225146116861712,-1.058145946714099,-0.7203727576885051,-0.7506340680270399,-0.5121324717856456,0.27229018075017053
16827.0,0.9762376600515654,0.2992073267345332,-0.6214461857886345,-0.9036346224583335,-1.1172535236719159,-1.7147870615133645
16828.0,0.05718265445124563,-0.5571872395918231,-1.4216356779418031,-1.3916223493687232,-1.2818823689972492,-1.981990148609344
16829.0,0.39022299102027264,-0.5571872395918231,-0.4278189896230036,-0.5491253379834612,-0.4115503779538524,-0.1153512897064482
16830.0,-0.4907754257615954,0.07394609082159041,0.18777622214616888,0.2242242095287697,0.3526935049184267,0.10439065696955746
16831.0,1.2085533323744282,-1.058145946714099,-1.6617619921350268,-1.5248267984910486,-1.4880589811139169,-1.5032792539295845
16832.0,0.49139896235014185,0.2992073267345332,-0.5761934017827441,-0.669042043482492,-0.6267921989603487,-1.6302685611813794
16833.0,-2.4120140217391843,0.48966298795922886,0.6851753222163646,0.37399026823985,0.5887058798168258,0.49091348572592114
16834.0,0.6282360691847436,-0.5571872395918231,-0.024643746968285644,0.2791787821368612,0.020052745320578196,0.6439534136405368
16835.0,0.26017338137229135,0.48966298795922886,0.3621736773169874,0.023636707045639957,0.26071325195673184,-0.11671464741435264
16836.0,-0.4749394310824503,0.07394609082159041,-0.12462258297847688,0.05353826240373942,0.0011923041824166546,-0.4830045350594347
16837.0,-0.6338830081757483,1.15560189306089,0.8831313807841643,0.7529802698395117,0.8700553726182927,0.041930110275256775
16838.0,0.5349521297947235,0.07394609082159041,0.15863961992010275,0.015943976792285198,0.18806465959309385,0.04957450605684311
16839.0,-1.3798409325433134,2.7886526377188545,2.2888254520338043,2.066799034619194,0.9275383145186272,0.8074275127519909
16840.0,1.2502267205812954,-0.5571872395918231,-1.361095322543816,-0.9467793286780029,-1.1954453334565955,-1.868643507751616
16841.0,-0.5236711079833221,1.2544959545938104,1.0515353036509356,1.2788270120645886,1.211470473151452,0.24074821117163
16842.0,0.10956483393148946,-0.20175138038774237,0.22080993281163508,0.21856230134696658,0.05652066271060163,0.5564682820311466
16843.0,-0.4296506057480915,2.5129551665095216,2.19444226901624,2.3780023424333505,1.642676792037434,0.940175647270877
16844.0,1.206283152308942,-0.5571872395918231,-0.29859550814147706,-0.37375808327557425,-0.3805884749031534,0.12794615023111672
16845.0,1.2659591169727051,-1.058145946714099,-0.9337134290172809,-0.7144200996877884,-0.586765087019821,-0.13009510402329025
16846.0,-0.3349679194593694,-0.20175138038774237,-0.07140816750166028,0.02618108522376143,0.09143627489364367,0.006383320754608147
16847.0,-0.4296506057480915,-0.5571872395918231,-0.29795171898260003,-0.43737918400021425,-0.10021972705664996,0.1291584421208919
16848.0,-0.2983107883386734,0.07394609082159041,0.3002364688227497,0.29624124191093276,0.46843340743959727,0.31601734315340285
16849.0,0.5017154078421048,-1.058145946714099,-1.443842564161462,-1.7651973438095343,-1.2818823689972492,-1.0922579023201733
16850.0,0.8722016442145482,-1.058145946714099,-0.7401764339304995,-0.4529780401521651,-0.6267921989603487,0.2349381472416798
16851.0,-1.8243736859341724,-0.20175138038774237,-0.718797460498571,-0.3975051008243698,-0.7132292345010023,-1.209995611072229
16852.0,-1.3187161125298095,-0.5571872395918231,-1.3356623480969427,-1.4253590231077382,-1.1954453334565955,-1.821006277351239
16854.0,1.014159554616912,-0.5571872395918231,0.29887829412679084,0.45750002942856505,0.43539298020353107,1.2536077964808336
16855.0,-0.7922005967383016,-0.5571872395918231,-0.748895716433813,-0.7262712480428852,-0.6267921989603487,-0.7194594800953684
16856.0,-1.0784157615666075,-0.20175138038774237,-0.6859061157409283,-0.6989435988405914,-0.7601216003714991,-1.1483098520044337
16857.0,1.0528591244028263,-1.058145946714099,-0.6974028759390449,-0.7105166998701326,-1.0458699940988507,0.3156140455875761
16858.0,0.935931715741001,1.0480979277381186,1.1617479221581615,0.732044221012627,0.46843340743959727,0.6953106067675316
16859.0,0.3395657324261091,0.654643185938614,0.5263868108018157,0.8809775290939846,0.5887058798168258,-0.016695250286764253
16860.0,1.0671431268633091,-0.20175138038774237,0.3952061419204784,0.15073707275125517,-0.14457610000475504,0.8849386047516938
16861.0,-0.22013977682524094,0.2992073267345332,0.012518396098836516,0.14121238747917952,-0.05813906446410138,-0.5270899818074998
16862.0,1.1878264771467721,0.07394609082159041,-0.24448066019874276,0.02108244776242612,-0.16768729188131876,-0.7081327972349044
16863.0,-0.6338830081757483,-0.20175138038774237,0.05096437901574968,0.2660850330805747,0.020052745320578196,0.23668988259800355
16864.0,1.0397257262171897,-0.5571872395918231,-0.5907299051482732,-0.36910985941490526,-0.7132292345010023,-0.42195131250967305
16865.0,0.9907224082272229,-1.058145946714099,-1.408130189971196,-0.7547837407119178,-0.8098576192004525,-1.0249002167509693
16866.0,0.32174999795173626,-0.20175138038774237,-1.0776183237939014,-1.3807506813715704,-1.1172535236719159,-1.8817048413442161
16867.0,1.3365270473241955,-1.058145946714099,-1.7893622608790767,-1.4026767430063911,-1.4880589811139169,-1.743948181030777
16868.0,0.9778633268252847,-0.20175138038774237,-0.6191403442777633,-0.9523769874762635,0.09143627489364367,-1.0230474292021967
16869.0,-0.8183807704906293,0.07394609082159041,-0.08607229528983978,0.10730737668200685,0.8010741670374462,-0.4105643422589353
16870.0,1.0893557436471168,-1.058145946714099,-0.5222336964293136,-0.3807925988742401,-0.32196403698294906,0.6460034633274905
16871.0,-0.8456753236698794,0.48966298795922886,0.7966720131308918,0.6076843212032644,0.921346639414674,0.7008057586293953
16872.0,-0.06247962061019341,0.48966298795922886,0.19112543088264752,0.5094356767321276,-0.9802035124500996,-0.43815316880722743
16873.0,-1.7074462772723475,1.2544959545938104,1.9841431958321731,1.8742287854937374,1.4550841617278796,1.9970514483439215
16874.0,0.9530347346034082,-1.058145946714099,-1.0438986342777055,-1.186166978263674,-0.24120448470420522,-0.33791719870588954
16875.0,-0.15047015714448805,1.15560189306089,1.091492671644136,0.946804515415001,1.0893585536871893,0.4338507472384971
16876.0,0.9938972919331752,-1.058145946714099,-1.381013654845476,-0.6617743348522026,-0.21595962957782017,-0.9737552820290887
16877.0,-1.2115801184678894,0.48966298795922886,-0.06180933923364904,-0.04622786677865658,0.7865535568710715,-0.9128756103201979
16878.0,-0.007362574730335169,-1.058145946714099,-3.0094060216485508,-2.397537599248726,-1.9471638881929467,-4.045092416940434
16880.0,-0.6338830081757483,0.8001660338568091,0.49143130318896816,0.39823063420581406,0.9151078788768329,-0.2631666085149514
16881.0,-0.15047015714448805,-1.058145946714099,-0.5518387732573247,0.12393136875236042,-2.515817022689194,0.590164849921137
16882.0,-0.15047015714448805,-0.20175138038774237,-0.19943451499795103,-0.1039727287067449,-0.05813906446410138,-0.2344642379193113
16883.0,0.5017154078421048,1.7867352234743035,0.6814431694230555,0.5100443958304641,1.0791672045283927,-1.0754095531756738
16884.0,-0.5070123740010525,0.07394609082159041,0.10337049312496015,0.031240502008641483,0.34016817678249833,-0.05439017940699711
16885.0,-1.0784157615666075,0.07394609082159041,-0.19372202609993142,-0.18279662471361577,0.8567153541898691,-0.6128123836565077
16886.0,1.0713670183041981,-1.058145946714099,-1.391663400150315,-1.5248267984910486,-1.2818823689972492,-0.993841938598424
16887.0,-0.5583457794146515,-0.20175138038774237,-0.246231772314763,-0.1039727287067449,0.6514988276797011,-0.32247175781833143
16888.0,0.9891290528763733,-0.20175138038774237,-0.5433187755657993,-0.7977873505159858,0.038489320235348796,-0.880724206151004
16889.0,0.5284411581469689,0.48966298795922886,0.7207197788944665,0.7748994373777968,1.0994248524597794,0.5578190213721625
16890.0,1.1001800545869456,-0.20175138038774237,-0.8496695649021506,-0.46895585271479406,-0.7132292345010023,-1.4552694102240238
16891.0,-2.1519790306632065,1.15560189306089,0.5713243596957195,0.29116881878447554,1.6878474509651678,-0.5438635077308306
16892.0,-2.4120140217391843,0.654643185938614,-0.1435136831673628,-0.19334852384513587,0.8431548296299944,-1.2737721237342676
16893.0,0.932455689893557,-0.5571872395918231,-0.6039895762664892,-0.6581703754853391,0.5207054191909427,-0.44689921788488746
16894.0,1.1328744525473045,-0.20175138038774237,0.25412686939981166,0.013359608285288696,1.207095033142026,0.6192109690144172
16895.0,-0.1696156146721137,0.2992073267345332,0.13452953819967678,-0.09018994625017852,0.9458378031172426,-0.2978529636557408
16896.0,1.197121207936731,-1.058145946714099,-1.5731020789005756,-2.1479393289939694,-0.6688728615528973,-1.3360563600826998
16897.0,0.8014326545102536,-0.5571872395918231,-0.8387578988297226,-1.2536847648443734,-0.10021972705664996,-0.8884037588905894
16898.0,-0.7428435417295326,0.2992073267345332,0.06371958500979719,0.3169651030602791,1.3552066913673189,-0.4309105000008919
16899.0,-1.4474112861963695,0.8001660338568091,0.4429513013967974,0.3274888625918719,0.7098254282188435,-0.3542474600330477
16900.0,-1.0028785328055105,-0.20175138038774237,-0.03419499936196383,0.3394260493981089,0.5001945244425666,0.07640983730353244
16901.0,1.3717388216219801,-1.058145946714099,-1.0897329288791795,-1.6107384274973675,-0.47721685960260357,-0.4243660017903354
16902.0,0.19755537046578467,-1.058145946714099,0.43700987746445785,0.15492639225725532,0.020052745320578196,2.4552482559133426
16903.0,-0.6752731880764764,-0.20175138038774237,0.09552484050750608,0.26784600050146823,1.0207326504320022,0.3205733255178232
16904.0,-1.8243736859341724,1.9044924940644754,1.2300295134290369,1.1383638568501628,1.988962657158903,-0.18161825856602734
16905.0,-1.7074462772723475,1.6565606001831652,1.2161083407843087,0.9341556459932795,1.1384985731749109,0.07834674047131086
16906.0,-0.022632943738098474,0.654643185938614,0.31895710413440087,0.13800659264123738,1.1803407147432114,-0.4065299132878189
16907.0,-0.6752731880764764,0.9303406571479473,0.43744011004752503,0.04495650678653084,0.7717713000569296,-0.5238896788457803
16908.0,1.3655594532482656,-1.058145946714099,-0.9373697594505019,-1.370055796318314,-0.586765087019821,-0.13699136788818742
16909.0,-0.10496702096475002,-1.058145946714099,-0.6456586491604875,-0.0856591296733116,-0.6688728615528973,0.413209667172479
16910.0,-1.8243736859341724,0.8001660338568091,0.3487794107238404,0.37994927560467073,1.6452525965305758,-0.5310985993131015
16911.0,1.284342308027405,-0.5571872395918231,-0.9298505565972155,-0.7383398607540069,-0.2672508963742018,-1.0595875600442906
16912.0,-0.6752731880764764,1.5110377522649707,1.1321391313649585,0.8054966257344327,0.9151078788768329,0.09001050304084278
16913.0,0.7818983972139277,-0.20175138038774237,-0.5654294096857025,-0.5078198702626843,-0.6688728615528973,-0.922235011075541
16914.0,-0.540774126845729,-1.058145946714099,-1.0751370823491546,-0.9248532670431823,-0.4115503779538524,-0.3968365399867641
16915.0,-1.3798409325433134,1.15560189306089,0.36440304769592957,-0.630028288668433,0.2031181655606824,-0.9319566069031964
16916.0,-0.7922005967383016,0.07394609082159041,0.13579957747419868,0.28262686835012835,1.1803407147432114,0.006608372955632005
16917.0,0.752588454545872,-0.5571872395918231,0.4980400986292875,0.30709910398793705,0.05652066271060163,1.6290174636282033
16918.0,-0.3349679194593694,1.5859404542672264,0.8926795967475456,0.9373407415097778,1.5411968671369618,-0.4472653284626425
16919.0,0.38615107131684145,2.062432694683636,1.2291221244663186,1.0417178995717598,1.380451546493704,-0.3640165924081631
16920.0,1.0048872215498614,-1.058145946714099,-0.6920256686775393,-1.186166978263674,-0.47721685960260357,0.32575608302343084
16921.0,-0.2097114950440718,-0.20175138038774237,-0.5278295994554273,-0.3330613346531344,0.5001945244425666,-0.8516411582154071
16922.0,1.2175545355560562,-1.058145946714099,-0.30242327568244565,-0.37375808327557425,0.8634124775613803,1.0605914469384363
16923.0,-1.2115801184678894,2.4054512011867506,1.9203223465798418,1.6662453359188534,1.8940240630818357,0.54573403914987
16924.0,-0.8741833591389503,-0.20175138038774237,-0.06770966331582483,-0.005021015286987677,0.40096584261492885,0.01334266861216365
16925.0,1.1795815951948991,-1.058145946714099,-1.4376714011554277,-0.9141583819899257,-0.6688728615528973,-1.080618372135421
16926.0,0.9393890028136239,0.2992073267345332,0.3051828343602472,-0.48533149374139894,0.32744864979204164,0.023000864557356927
16927.0,0.19755537046578467,-0.20175138038774237,-0.3873248863406304,0.45485857632484195,-1.614523128595098,-0.5877042571448785
16928.0,-0.03827579726269536,2.2876939305965793,1.0705545609011293,1.1256013541220988,0.9458378031172426,-0.9171616659105507
16929.0,-1.8243736859341724,0.654643185938614,0.2383644252661996,0.41108552428350564,0.15710275654239486,-0.5578743611930378
16930.0,-0.7428435417295326,-0.20175138038774237,-0.6429907986890752,-0.24688130289311921,0.09143627489364367,-1.0678014058971363
16931.0,-1.7074462772723475,2.0119964593872464,1.2441040595429944,1.2759850620626225,1.9579356926023905,-0.2782986321275783
16932.0,-0.2983107883386734,-0.20175138038774237,-0.5374875623272718,-0.5078198702626843,0.8223842757380923,-0.8697756354028441
16933.0,-2.4120140217391843,0.9303406571479473,0.8854606946971177,0.7462170129318713,1.3177393102307873,0.3181939365345795
16934.0,-0.27498730170981883,0.48966298795922886,0.5900478638702982,0.41812003988217145,0.9024861982765124,0.31188909410459154
16935.0,0.9580779469522994,-0.20175138038774237,-0.397932337249357,-0.3807925988742401,0.21790042237482501,-0.6076373229922385
16936.0,-0.7428435417295326,-0.5571872395918231,-0.37664943167374076,-0.24496094842291352,0.8634124775613803,-0.01902036240453296
16937.0,1.1290379992392874,-1.058145946714099,-1.0973560836277034,-0.8984352203714877,0.12492635577600246,-0.43874415704433195
16938.0,-1.3798409325433134,0.9303406571479473,1.4580535657313543,1.528465082082685,2.0891543045374834,1.3963007898645174
16939.0,1.1160814939519808,-0.20175138038774237,-0.5240888354157203,-0.4992963694822978,-0.07890961835600385,-0.8446169426697077
16940.0,-0.31029852425924354,0.8001660338568091,1.3921656795830215,1.448664367096686,1.7467244340796466,1.4320465875955999
16941.0,1.2597123935708792,-1.058145946714099,-2.385299576372715,-2.397537599248726,-2.183176263091345,-2.867955173736322
16942.0,-1.1640528084915374,0.9303406571479473,0.5219679066179175,0.32184315463270247,1.0791672045283927,-0.365161572380226
16943.0,0.5817849890277144,0.2992073267345332,0.240639797559852,-0.7977873505159858,-0.4437267787202448,-0.0983776995024127
16944.0,1.2576165577225409,-1.058145946714099,-1.5911082859254861,-1.8928978199024078,-1.3785107536966998,-1.3700181578790642
16945.0,-0.8456753236698794,2.442335020593583,1.5975829473492837,1.6251243880306245,1.3839953665057922,-0.10288007284253783
16946.0,0.9597502430728069,0.2992073267345332,0.19639425795559484,0.015943976792285198,0.40096584261492885,-0.18156604010248523
16947.0,0.6502579820962507,0.2992073267345332,0.019043824679717464,0.18152526472149003,0.14117229372259663,-0.5148337684093531
16948.0,0.3126530340951926,0.654643185938614,-0.049231472888605785,0.944294127104787,-0.586765087019821,-1.0972459109427943
16949.0,-1.8243736859341724,0.48966298795922886,0.23327719483147072,0.30544028611292184,0.24668909751329784,-0.35896679467142717
16950.0,-0.2524823540546596,1.0480979277381186,1.0105233429474854,1.059636187174183,0.7865535568710715,0.4106938898058455
16951.0,0.29406259624637104,-0.20175138038774237,0.22849198172760823,0.640922532668474,0.44655496268773315,0.5709347715056322
16952.0,0.1579897300569208,0.2992073267345332,-0.10968355984020159,-0.24113697870484116,0.47915765239960845,-0.7565216245062013
16953.0,-0.6542442484349309,-1.058145946714099,-2.7055676050686475,-2.5074125686447046,-2.515817022689194,-3.472017873679955
16954.0,-2.4120140217391843,1.8470162614078611,1.352325632913555,1.384763695643513,0.5505411819726732,0.11431190615739203
16955.0,0.4948562494227654,0.48966298795922886,0.24611554808336722,0.33149204560607887,-0.1914684658752519,-0.33484503308410235
16956.0,-0.9682038613741811,-1.058145946714099,-0.7932407180405032,-0.9637172845910725,-0.7601216003714991,0.13485274421040314
16957.0,0.6583250720961007,-0.5571872395918231,-0.5778650924885244,-0.6951307131548892,-0.8098576192004525,-0.39774526123216414
16958.0,1.0411983450016138,-1.058145946714099,-0.10014245951487746,0.07980284213457398,0.40096584261492885,1.4421165603208668
16959.0,0.014882147642767907,-1.058145946714099,-1.4865139551459141,-1.5115390548677536,-1.3785107536966998,-1.1727411018245824
16960.0,-0.4907754257615954,0.8001660338568091,0.5666202209198156,0.7324782170289057,1.6854021643347719,-0.1218615377573048
16961.0,0.19755537046578467,-0.20175138038774237,-0.11349580076390602,-0.019832143352295165,0.17272976344709118,-0.07280546934669316
16962.0,1.0033287148318906,-1.058145946714099,-0.9417877049558445,-0.7506340680270399,-0.8098576192004525,-0.1453241262375848
16963.0,0.5017154078421048,-1.058145946714099,-1.5291539131654739,-1.7276030581980808,-1.3785107536966998,-1.2531650151063944
16964.0,1.3752433396257897,-0.5571872395918231,-1.077238691862249,-1.5115390548677536,-1.4880589811139169,-1.3363801533871933
16965.0,0.6254293898743742,-1.058145946714099,-1.1005919931017514,-0.3508386584307874,-0.3805884749031534,-0.4448474581500517
16966.0,-1.4474112861963695,0.654643185938614,0.6048993661744706,0.9087679157728861,-1.2818823689972492,0.1309544239105409
16967.0,0.5085019812125491,-1.058145946714099,-0.7697131655658894,-0.2624493891945898,-0.5486003891756687,0.17922844080662467
16968.0,-1.8243736859341724,-0.5571872395918231,-0.5395787494156178,-0.2763804593773598,-0.24120448470420522,-0.3257007724915526
16969.0,-0.4907754257615954,-0.20175138038774237,-0.2575474350777432,0.32588074213598256,0.0011923041824166546,-0.3437495937708442
16970.0,1.2741945456928903,-1.058145946714099,-1.840642282868084,-2.397537599248726,-2.183176263091345,-1.8406682584670984
16971.0,-0.5070123740010525,-1.058145946714099,-0.6884764382145869,-1.2626334870875637,-0.037881416532715165,0.3324503439051773
16972.0,0.9597502430728069,-0.5571872395918231,-0.12106232379545773,-0.630028288668433,0.2031181655606824,0.462312736641559
16973.0,0.9647411258391285,-1.058145946714099,-1.4300310329923427,-1.3807506813715704,-1.4880589811139169,-1.0662077503822949
16974.0,1.1591056242877176,-0.5571872395918231,-0.6719899046916633,-1.2809046880716817,-1.614523128595098,-0.5748226580754082
16975.0,1.0232997359133336,-0.20175138038774237,-0.0032185746212907004,0.10842881077944226,0.038489320235348796,0.13470647147339118
16976.0,0.7290940618003953,-1.058145946714099,-0.9404166695190594,-1.132288371569837,-2.183176263091345,-0.1427381941636433
16977.0,0.9794848831855826,0.07394609082159041,-0.4525033504911561,-0.8203916692661117,-0.4115503779538524,-1.0984414127016198
16978.0,-0.054309762370586455,-0.20175138038774237,-0.13713962288680095,-0.3644942549377236,0.3526935049184267,-0.11728678532516539
16979.0,-1.8243736859341724,0.9303406571479473,0.8087116425469281,0.7041084958809167,0.5407159979871611,0.17381929242556016
16980.0,0.6997152519968288,-0.20175138038774237,0.3310472402162891,0.48461307278041543,0.6251737972068488,0.76408432225727
16982.0,-0.2097114950440718,-1.058145946714099,-0.6363921379419888,-0.6581703754853391,-0.5121324717856456,0.430687383597988
16983.0,-1.1640528084915374,1.15560189306089,0.9962678680591504,1.0638439324411662,1.0370865419358446,0.2546979027974052
16984.0,0.02212883716268363,0.9303406571479473,1.763039863764248,1.559538324056891,2.254055298831019,1.9710082246593563
16985.0,-1.0028785328055105,2.0119964593872464,1.774231904972787,1.2038117725604565,0.9151078788768329,0.7186182861614618
16986.0,-0.6542442484349309,1.15560189306089,1.1949934193766354,1.0719206230008775,0.3526935049184267,0.6286367956241763
16987.0,-1.9674812683483254,1.15560189306089,0.7221414041140891,0.20515849956283028,1.0583966506364906,-0.26064683733517624
16988.0,-1.7074462772723475,-0.5571872395918231,-0.6389980609075875,-0.7506340680270399,-0.586765087019821,-0.5127617248835338
16989.0,-1.5229485149574664,0.48966298795922886,0.1420846482903764,0.5971098018075677,-1.3785107536966998,-0.5302572757392304
16990.0,0.6025224834477799,-0.5571872395918231,-0.7155527185957684,-0.5964638157260045,-2.515817022689194,-0.6567567309974736
16991.0,1.0202674598207486,-1.058145946714099,0.08110216010163923,0.30709910398793705,0.457567115373851,1.7839649637397261
16992.0,-1.2629135238814884,1.3460575542855853,1.276786230118676,0.9347939002294943,1.3138967127742598,0.5560581767262412
16993.0,1.0824965852277768,-0.5571872395918231,0.5332638561941286,-0.3644942549377236,-0.6267921989603487,1.6954186984580715
16996.0,-0.6542442484349309,0.9303406571479473,0.5943408877793626,0.4039749583940921,-0.21595962957782017,-0.2291962779625415
16997.0,0.777475447277631,-0.20175138038774237,-0.20262551977498117,-0.21132015936061974,-1.3785107536966998,-0.24046580713446433
16998.0,0.36116121379957716,0.2992073267345332,-0.6035782022248909,-1.0235513279573643,-2.183176263091345,-1.6814212831064999
16999.0,-0.8183807704906293,-0.5571872395918231,-0.4688981715614727,-0.3441157282908022,-0.5486003891756687,-0.1926766851951272
17000.0,0.9811023498659778,-0.5571872395918231,-0.5959302208252152,-0.32003673203707234,-0.3805884749031534,-0.4317357756038793
17001.0,-2.4120140217391843,1.7867352234743035,1.415669189278425,1.3339259061833404,0.7642790739473241,0.3029388323499189
17002.0,0.00755263702131852,0.654643185938614,0.7321971098942545,0.6139483774919209,0.34016817678249833,0.3704418224155107
17003.0,0.9907224082272229,0.07394609082159041,-0.08195108137897548,-0.0023635533331493675,0.6162076636214244,-0.40281928935093864
17004.0,-0.3873500989396135,0.07394609082159041,0.6899790957242147,0.6222087176356097,0.10835219495760728,1.049913425121842
17005.0,1.092078996990952,-0.5571872395918231,-0.16239944601199777,0.3021100463966054,-0.862804573858747,0.3844479222854395
17006.0,-1.7074462772723475,0.8001660338568091,0.40660655585819594,0.09369887180446144,0.7257558910386418,-0.4225132543321855
17007.0,-0.3225146116861712,0.654643185938614,0.13368160006871288,0.24092324035397641,0.32744864979204164,-0.7543396829903213
17008.0,1.0323114794921844,-1.058145946714099,-1.7477624490668828,-1.967436469196142,-2.515817022689194,-1.6654861043047897
17009.0,1.1924906809695346,-1.058145946714099,-0.9679304490188086,-0.25656808974912876,-1.1172535236719159,-0.19463237791325408
17010.0,-0.9682038613741811,-1.058145946714099,-1.1216752087263244,-0.9412289080697872,-1.0458699940988507,-0.4846128515473575
17011.0,-0.6542442484349309,-0.20175138038774237,-0.234373000053498,0.3062702180070226,-0.3507527121214226,-0.3001715850373245
17012.0,1.3682150479281203,-1.058145946714099,-0.636205024348042,-0.4047996776888514,-0.16768729188131876,0.4310403015686512
17014.0,-1.4474112861963695,-0.20175138038774237,-0.33216658729085213,-0.4635866723774432,0.32744864979204164,-0.48403617517428915
17015.0,-0.6752731880764764,-0.20175138038774237,0.4920960895388578,0.9087679157728861,1.189356113787718,1.0674723463481737
17016.0,1.22200820066849,-1.058145946714099,-0.3750460416585666,-0.3114947816027251,-0.0181119525235737,0.9236164754698983
17017.0,-1.9674812683483254,2.2876939305965793,1.9587188949079288,2.0111033179292326,0.8499631098416093,0.7514951236003299
17018.0,-0.4594850640247002,0.48966298795922886,0.6479499307189825,-0.05622598888090903,-0.3805884749031534,0.4208512486072627
17019.0,-1.2629135238814884,1.15560189306089,1.052638620214746,1.0983142019496104,1.7095331115410488,0.360744833045628
17020.0,1.1819481115290005,-0.5571872395918231,0.004127615605283179,0.360381763362304,0.34016817678249833,0.6981604989888656
17021.0,1.0514130692268566,0.48966298795922886,0.17254260495051654,0.4541965521735231,-0.14457610000475504,-0.4730569276426422
17022.0,-0.6338830081757483,-0.5571872395918231,-0.9166155107981445,-0.6653981508446892,-0.7601216003714991,-1.0347208814211564
17023.0,1.014159554616912,-0.20175138038774237,-0.10842327766226574,0.042483868766071,0.10835219495760728,-0.06326200918302305
17024.0,-0.40114257027902034,-0.20175138038774237,-1.630980594326239,-1.2902342195152068,-2.183176263091345,-2.9105898423193057
17025.0,-0.2097114950440718,0.2992073267345332,0.34905594761902536,0.4750576368391155,-0.24120448470420522,0.10552549618468311
17026.0,0.4948562494227654,-0.20175138038774237,-1.0733503732421303,-0.8680734789258341,-1.7640984679528429,-1.8737311632759626
17027.0,-0.04624267237073655,0.9303406571479473,0.2557836121632402,0.17951695495102846,0.8896672959534744,-0.8647003985563603
17028.0,1.226431150604787,-0.20175138038774237,0.387659559440307,0.35731902935859977,0.5698454386786636,0.870722608263356
17029.0,0.1695454516810397,0.654643185938614,0.5989691601289159,0.6139483774919209,-0.6267921989603487,0.11980053555510722
17030.0,-0.1794070292720186,-1.058145946714099,-1.326047101690128,-0.8022464926048176,-1.0458699940988507,-0.8700819786375149
17031.0,-1.2115801184678894,0.48966298795922886,0.7867453394672511,0.7663016556171737,-0.16768729188131876,0.682116344699512
17032.0,1.188995712108433,0.8001660338568091,0.8443066981948301,0.8062726977286697,1.193826931703096,0.40040350589697776
17033.0,0.00755263702131852,0.07394609082159041,0.25885884064453135,0.3687314777215735,-0.1914684658752519,0.2381445503390134
17034.0,-1.0395356639262063,0.2992073267345332,0.2319605001926461,0.22516314036460627,0.12492635577600246,-0.11469736346223872
17035.0,0.6767627952879732,0.07394609082159041,-0.2994743304080906,-0.2743721496068976,-0.2941514393624997,-0.8113720552804761
17036.0,0.9597502430728069,-1.058145946714099,-1.192818012510858,-1.2275467185765694,-0.9802035124500996,-0.6187964424309998
17037.0,0.02212883716268363,-1.058145946714099,0.2225904331694802,0.1825271246848983,0.46843340743959727,2.0508282800305526
17038.0,-0.6542442484349309,-0.5571872395918231,-0.16161468131435108,0.048648121372928815,0.3014022381220454,0.3859260922367077
17039.0,1.2512876392662957,-1.058145946714099,0.5347537446744014,0.21476043562354646,0.038489320235348796,2.6396045420221483
17040.0,0.30805570115501285,-0.5571872395918231,-0.5016238987839784,-0.6334808999499925,-0.8098576192004525,-0.2542714994272308
17041.0,-0.7195200551006783,0.48966298795922886,0.4282654287731715,0.6503293153955485,0.6428173386552047,0.007556397998201691
17042.0,-1.9674812683483254,0.2992073267345332,0.08329059946504035,0.45551993479062725,0.457567115373851,-0.3941399191415231
17043.0,-0.6141483680629726,0.8001660338568091,0.7446930173672529,0.7781454448980404,1.1573590143130723,0.21298862810451225
17044.0,-0.7670473650770303,1.2544959545938104,1.839709884924477,1.6062064565394432,0.6340429977198944,1.7248602350572106
17045.0,0.18089663648351514,0.2992073267345332,-0.08410438815633625,-0.3441157282908022,0.038489320235348796,-0.7085122369328352
17046.0,0.39022299102027264,0.2992073267345332,0.5165022539818367,0.7829846152657581,0.47915765239960845,0.4206047271825302
17047.0,0.0001383902963132679,0.48966298795922886,0.6484314875770958,0.5704601655615137,0.8082392174469527,0.42175754150452116
17048.0,0.20842554932144108,0.654643185938614,0.5765092334494893,0.5027023184123969,0.5979759564957379,0.07755890036259051
17049.0,-1.9674812683483254,1.7867352234743035,1.7068153172631602,1.4146509459565353,1.6400928747608428,0.8508527254776441
17050.0,0.07733065274709057,1.15560189306089,1.1653670321939193,1.0487293412907945,1.2372441024225518,0.5728744044908333
17051.0,0.5251607151948186,0.07394609082159041,-0.19003606790398173,0.02108244776242612,0.7567177940893411,-0.6058893446485417
17052.0,-0.6970151074455184,-1.058145946714099,-0.5828688109216545,-0.42214172402019695,0.43539298020353107,0.5316385948741069
17053.0,0.2749171387187454,-1.058145946714099,-0.4489165756024947,-0.9194840867058315,-0.9194058466176699,0.7842880686909242
17054.0,-0.6970151074455184,0.2992073267345332,0.27146563304714244,0.31614856547706294,0.34016817678249833,-0.04041112517484967
17055.0,1.0571778289304525,-1.058145946714099,-0.9754104641812086,-1.1397203256595403,-0.4437267787202448,-0.20874055528274235
17056.0,1.3795972273515245,-1.058145946714099,-1.4210794500812238,-1.9168175809686259,-1.2818823689972492,-1.0493240253221408
17057.0,1.242750738519486,-1.058145946714099,-0.826569986168415,-0.8830791702047491,0.10835219495760728,0.07198987346283209
17058.0,-0.022632943738098474,-0.20175138038774237,0.17112221199008998,0.11511755593814922,0.15710275654239486,0.4629045925574854
17059.0,-0.6542442484349309,0.9303406571479473,1.2931782571858097,1.2985675706859099,1.7213375318475266,1.0857231398840275
17060.0,0.7266965816295208,-1.058145946714099,-0.9914953274250353,-0.5460873605785668,-1.614523128595098,-0.2390784755517521
17061.0,-0.0876328522714647,1.15560189306089,1.2439126879633577,0.7372333677620366,0.24668909751329784,0.7207221450280342
17062.0,0.8327230162471487,0.48966298795922886,0.18820540922226522,0.40611621130691133,0.5407159979871611,-0.4436380353391125
17063.0,-0.8741833591389503,1.3460575542855853,0.9822118978686278,0.8809775290939846,1.031671386584256,0.001956321053849001
17064.0,-0.23074043468561758,-0.20175138038774237,-0.05707839058460077,-0.292671594109595,0.18806465959309385,0.03334763476958174
17065.0,1.286352733494551,-0.5571872395918231,-1.1241013268372007,-1.178194505634738,-1.4880589811139169,-1.424333399889614
17066.0,1.3690978081484741,-1.058145946714099,-1.0097988627209775,-1.0963383891618057,-0.7132292345010023,-0.2736010690007462
17067.0,1.3682150479281203,-0.20175138038774237,-0.5152716966910531,-0.28447558850457283,-1.2818823689972492,-0.8280599332937962
17068.0,-1.2115801184678894,2.8683910257136036,1.647476957835053,1.4386585759569614,1.448573071542019,-0.48768538207331075
17069.0,-0.6970151074455184,1.4312993642702228,1.3174240817114489,1.250826442697453,1.274447139088575,0.5320551740726264
17070.0,0.18649776552599168,-0.5571872395918231,-0.5300059135130908,-0.49367478877460497,0.7178293264081053,-0.3076859245041263
17071.0,-0.6970151074455184,1.3460575542855853,1.013720045641921,0.8933230186514618,0.9812559531764108,0.061193244087299516
17072.0,1.2731708819498868,-1.058145946714099,-0.858173133571225,-0.5400531812013325,-0.586765087019821,0.01238266688467374
17073.0,-0.9682038613741811,0.07394609082159041,0.3176088941390233,0.27831392870678395,0.9870131210634252,0.348715144654552
17074.0,1.206283152308942,-1.058145946714099,-1.0939933684512966,-2.1142026552549544,-1.7640984679528429,-0.43240168565599874
17075.0,-0.9682038613741811,1.0480979277381186,0.6333290256622914,0.3021100463966054,1.0478107868958557,-0.29852278380839914
17076.0,-0.540774126845729,0.48966298795922886,0.20849405966981022,0.022360817336503108,-0.24120448470420522,-0.4055266728749916
17077.0,1.2231168011153777,-1.058145946714099,-0.7996435401120231,-1.709582179172762,-2.515817022689194,0.12277627812189103
17078.0,-0.540774126845729,-0.5571872395918231,-0.6474427193112716,0.30294418847265164,-0.32196403698294906,-0.5286476826170059
17079.0,-0.054309762370586455,-1.058145946714099,-1.477739040258994,-1.967436469196142,-2.183176263091345,-1.1561905931773362
17080.0,-0.8456753236698794,0.654643185938614,0.020790042906471403,0.08909940593623888,-0.3805884749031534,-0.9660397193611097
17081.0,-0.7670473650770303,0.48966298795922886,0.025928811681149175,-0.16049886431851781,1.114296432923324,-0.748297716468531
17082.0,-0.5950029105353472,0.48966298795922886,1.1715196735179947,1.0685456907075157,0.8293663864529791,1.4068336577423175
17083.0,0.1579897300569208,0.9303406571479473,1.0593567071644692,0.9000828000318645,-0.2672508963742018,0.6454510582415333
17084.0,-0.5583457794146515,-0.20175138038774237,1.2398724068481424,1.24268794788472,1.4899997739109212,2.476913917215485
17085.0,0.23482125834678733,2.245808014503504,1.5399848594408916,1.3020441952329018,1.8551355954006,0.011355056771449934
17086.0,-1.5229485149574664,0.48966298795922886,0.5689603195690036,0.8669829386118938,0.47915765239960845,0.2722108599418852
17087.0,1.3795972273515245,-1.058145946714099,-1.0315202028176982,-0.96946160877935,-0.9802035124500996,-0.31457003926807275
17088.0,-0.6970151074455184,0.07394609082159041,0.547902926923883,0.36646477494230845,0.6685909679263046,0.7823070438030606
17089.0,0.9647411258391285,-1.058145946714099,-1.4219139529626785,-1.7276030581980808,-1.7640984679528429,-1.0508979946806645
17090.0,-1.8243736859341724,1.3460575542855853,0.8782304996057086,0.6625051710449167,0.2031181655606824,-0.19347151750134575
17091.0,-1.9674812683483254,1.7867352234743035,1.5326148312187529,1.344789023521841,1.4219993132850381,0.5229614846462994
17092.0,-0.3349679194593694,1.15560189306089,1.2922041251434102,1.3372210212724023,1.520501170041236,0.8116373710941912
17093.0,1.2395198742615607,-1.058145946714099,-0.9864890682883589,-0.9637172845910725,-0.9194058466176699,-0.22963608936343424
17094.0,0.848807249829656,-0.5571872395918231,-0.6032206764633509,-0.5583243821854503,-0.6688728615528973,-0.4454525733745061
17095.0,-0.8183807704906293,0.654643185938614,0.7323931591823851,0.8062726977286697,0.7791957222855813,0.3708107338421929
17096.0,-1.0784157615666075,1.15560189306089,1.0057120809259568,0.7563359961944226,1.0944071422788821,0.2724632282649033
17097.0,-2.1519790306632065,0.9303406571479473,0.2629853927832197,0.18651937329283408,1.189356113787718,-0.851197932185344
17098.0,0.9580779469522994,-0.20175138038774237,-0.3263744388133173,-0.9036346224583335,-1.1172535236719159,-0.47314843717080846
17099.0,1.17122933502038,-1.058145946714099,-0.3372886379650448,-0.29473665369865176,-0.037881416532715165,0.9948313242040646
17100.0,-0.9682038613741811,-0.5571872395918231,0.03139427075636509,0.3128722402026256,0.3526935049184267,0.7495347516180527
17101.0,-1.3187161125298095,0.654643185938614,0.7138997608001667,0.565445750380347,0.2031181655606824,0.3360122257415034
17102.0,0.7170160174661255,-1.058145946714099,-2.5648827705830004,-3.361978192741088,-2.515817022689194,-3.206669935871256
17103.0,1.3655594532482656,-1.058145946714099,-0.564768322774997,-0.03498450002122707,-0.21595962957782017,0.5657782178164532
17104.0,1.024810514465536,-1.058145946714099,-0.4850828560082143,-0.7889587489815226,-0.6267921989603487,0.716074263280022
17105.0,0.3982900810201226,-0.5571872395918231,-0.24074254535286635,0.21856230134696658,0.5207054191909427,0.2368934263045503
17106.0,0.9696934685856777,-1.058145946714099,-0.4594527070651277,-0.7589597607014165,0.15710275654239486,0.7644157010237734
17107.0,-0.5950029105353472,1.0480979277381186,2.052652348715551,1.7879952285778022,1.7844758356646182,2.373803313399969
17108.0,1.3119304410693373,-1.058145946714099,-1.200760196385338,-1.8050714269853785,-1.1954453334565955,-0.633776323670479
17109.0,-0.6752731880764764,0.8001660338568091,0.23840333343369455,0.3037772740036711,0.8766449105123539,-0.7382437155709436
17110.0,0.42189980965276064,-0.20175138038774237,-0.431499148248553,-0.8203916692661117,-0.07890961835600385,-0.6707073689509637
17111.0,-0.37384801709977017,-0.5571872395918231,-0.48122499824725123,0.12502483689915586,0.038489320235348796,-0.21587834348880927
17112.0,1.134148187223855,-1.058145946714099,-1.0865453108507244,-0.8582565662530369,0.038489320235348796,-0.41835378395985784
17113.0,1.2186708547218628,0.48966298795922886,0.6588520963852015,0.40110906741615904,0.8634124775613803,0.4413695115361761
17114.0,-1.608585561882396,0.8001660338568091,-0.10087192192947042,-0.5370567252723396,0.5698454386786636,-1.3737743407645793
17115.0,-1.4474112861963695,0.654643185938614,0.783528435242544,0.3792073455329857,0.7178293264081053,0.4670412012727404
17116.0,1.2963113994186093,-1.058145946714099,-0.6257665771424867,-0.15545883246235384,0.09143627489364367,0.450728425381326
17117.0,0.777475447277631,-1.058145946714099,-1.4935501573571757,-1.29969799342043,-1.1954453334565955,-1.186012196421163
17118.0,0.8408155551547154,-1.058145946714099,-1.27820829259064,-0.7673921959311133,-1.1172535236719159,-0.7798524283936447
17119.0,-1.9674812683483254,-0.5571872395918231,-0.307349357321469,-0.26048310689664694,-0.14457610000475504,0.11146232548435815
17120.0,0.6420881238566438,-1.058145946714099,-0.7962247379687118,-0.9302666386620904,-0.6688728615528973,0.1292245360440779
17121.0,0.9923118147379644,-1.058145946714099,-0.7794155227700513,-1.0111411307468456,-0.9802035124500996,0.1609286682304243
17122.0,0.21379231870524154,0.07394609082159041,-0.3518548923857511,-0.1969037808196001,-0.47721685960260357,-0.9096701873631678
17123.0,0.4102035851912229,-0.20175138038774237,0.035405558770503553,0.20225036981926645,-0.10021972705664996,0.2074033788800236
17124.0,0.4948562494227654,-1.058145946714099,-0.8165284839071292,-0.8780391383485852,-0.24120448470420522,0.0909293130070813
17125.0,-0.3349679194593694,-1.058145946714099,-0.9184123298069864,-0.3508386584307874,-0.16768729188131876,-0.10123545375251283
17126.0,0.3695998250074675,0.9303406571479473,0.5760780029146151,0.7117643549732271,1.583861231680227,-0.2635113388950066
17127.0,1.0323114794921844,0.2992073267345332,0.15579038917072366,-0.24880728066408775,-0.3507527121214226,-0.2578928559731158
17128.0,0.8741131961478769,-1.058145946714099,-1.2778891535450132,-1.2275467185765694,-0.862804573858747,-0.7792504950868963
17129.0,1.1554233642263942,-1.058145946714099,-2.4100943075755064,-2.9060807784127,-2.183176263091345,-2.914720916591519
17131.0,-1.7074462772723475,0.2992073267345332,0.7011809154345425,0.44820815627933314,0.5001945244425666,0.7682868417175476
17132.0,1.0657289582664145,-0.5571872395918231,0.2256971760615443,0.44619984650887157,0.31452880707427483,1.1156826698238265
17133.0,-1.0395356639262063,1.2544959545938104,1.9843866651104782,1.980340519364292,-0.5121324717856456,1.997510314452971
17134.0,0.14622196505218568,-0.20175138038774237,-0.2724235284100583,-0.7933582365477243,-0.24120448470420522,-0.3717208618677148
17135.0,-1.0395356639262063,1.0480979277381186,0.5344479050467799,0.8888916091934528,0.6853342645162757,-0.4842252980598225
17136.0,1.3099987372027848,-1.058145946714099,-0.9993801662402215,-0.4348149665659621,-0.862804573858747,-0.2539501973490089
17137.0,1.0126234456218501,0.48966298795922886,0.1423260232440529,0.2223423171467483,0.8831819415705221,-0.5298040122829025
17138.0,0.7502773702473149,0.654643185938614,1.1219303456825775,0.9228847543487826,1.3945358933915557,1.104202191602018
17139.0,-1.0395356639262063,2.110890520920167,2.1949218315866488,1.964002059769552,1.923859825863566,1.3976926214944847
17140.0,0.6793540117376464,-1.058145946714099,-0.4984180565657565,-0.3265167937029618,-0.7601216003714991,0.6909225261994326
17141.0,1.0156919930971386,0.07394609082159041,-0.15088848174922684,-0.0856591296733116,0.9637379981128575,-0.5323526006574404
17142.0,0.6583250720961007,0.07394609082159041,0.23186515655943946,-0.28244244642561867,0.5001945244425666,0.1873477475577008
17143.0,1.014159554616912,-0.5571872395918231,-0.00478251950429758,-0.26838375371270823,0.5407159979871611,0.6813729840731698
17144.0,-2.4120140217391843,-0.5571872395918231,0.040836435166411715,-0.018471810005313997,0.0011923041824166546,0.7673256002507243
17145.0,1.1467483017274251,0.07394609082159041,0.8716660197537408,1.085249796559546,1.124063132285242,1.392221941397946
17146.0,0.14025610622843504,1.3460575542855853,1.3255793170637817,0.9753056188782602,1.1044120596547777,0.6478930762332953
17147.0,-0.8183807704906293,0.9303406571479473,0.8896827559192807,0.6359170219128273,0.6935794902722501,0.3261373235278061
17148.0,-0.31029852425924354,-1.058145946714099,-1.44206579747201,-1.178194505634738,-1.1954453334565955,-1.0889067139796744
17149.0,1.0643116644325106,-1.058145946714099,-1.3446571451756497,-2.1479393289939694,-1.4880589811139169,-0.90518268213173
17150.0,0.9496504249089739,0.48966298795922886,0.2816501198034683,-0.13730227093241618,0.34016817678249833,-0.26807130523367695
17151.0,1.3769884432844162,-1.058145946714099,-0.9986991640216073,-1.6107384274973675,-1.7640984679528429,-0.252665748069077
17152.0,0.5284411581469689,0.07394609082159041,0.5570652270792571,0.09826639667986224,-1.1954453334565955,0.7995623837455637
17153.0,-0.7922005967383016,-1.058145946714099,-1.0570635552704035,-1.0235513279573643,-0.862804573858747,-0.3627477687499071
17154.0,-0.07913835459246295,-1.058145946714099,-0.7468423074347975,-0.009027449637447236,-0.47721685960260357,0.22236553559859915
17155.0,-0.9682038613741811,0.654643185938614,-0.029867148105316994,0.45087639904140053,0.020052745320578196,-1.0609694612666145
17156.0,1.1199960037583185,-1.058145946714099,-0.3254014366129207,-0.15713455550588437,-0.05813906446410138,1.0172519666040436
17157.0,-1.4474112861963695,1.7867352234743035,1.2327658213965715,0.9446084501400671,0.5001945244425666,-0.04097716591103643
17158.0,-0.6141483680629726,0.2992073267345332,0.543909103110494,0.549596286132849,0.457567115373851,0.4721910594611435
17159.0,-0.8456753236698794,0.2992073267345332,0.5861477446796389,0.6557144815616681,0.8153422320095451,0.5517021108455055
17160.0,-0.6338830081757483,1.6565606001831652,1.725524457370349,1.8578942652776458,1.3253709285855884,1.0369808882227771
17161.0,1.0543019263585547,-1.058145946714099,-0.05988127894916289,0.051097736639536824,0.17272976344709118,1.5180538230394434
17162.0,-0.6752731880764764,1.0480979277381186,0.4406209103820742,0.4601309166916409,0.5307717179635321,-0.6603281334720734
17163.0,-0.8456753236698794,0.07394609082159041,-0.20490467768218637,0.04372134973094234,-0.3507527121214226,-0.6338149466230428
17164.0,-0.5950029105353472,0.654643185938614,0.7024022303485468,0.7263760571925223,0.6340429977198944,0.31437871677747076
17165.0,0.7685369722885271,0.48966298795922886,0.4729894135831064,0.30294418847265164,0.4897435161402434,0.0916693495518165
17166.0,-0.4907754257615954,-0.5571872395918231,-1.0824675558060668,-1.210681155040306,-1.0458699940988507,-1.346195231350979
17167.0,0.9547202157281579,-0.20175138038774237,-0.050608075422048496,-0.09627999845339072,0.34016817678249833,0.04552322355608577
17168.0,1.1290379992392874,-1.058145946714099,-0.606803941716775,-0.5340738587593296,-0.5486003891756687,0.4864941582268529
17169.0,-0.2415192631816249,-0.20175138038774237,0.1568492791060286,0.19737472896898794,0.34016817678249833,0.4360301527201591
17170.0,0.9445402369244065,-0.5571872395918231,-1.1856438617460783,-0.7759341463654605,-1.2818823689972492,-1.5397938567751317
17171.0,0.7796907351412116,-0.5571872395918231,-0.6354009890839075,-0.5193591300769778,-0.4115503779538524,-0.50599482298823
17172.0,-0.04624267237073655,-0.20175138038774237,0.02006798300440008,0.5874451569763597,-0.05813906446410138,0.17853458836092884
17173.0,-1.7074462772723475,0.8001660338568091,1.007132633322811,0.5351148350279571,-0.12209817180851448,0.7068732686321211
17174.0,0.5996007235020872,-1.058145946714099,-1.9652855329582923,-1.6262149283445646,-1.7640984679528429,-2.07575990494151
17175.0,-0.41523819700049863,0.07394609082159041,0.3164127976342299,0.3649492882377048,0.0011923041824166546,0.3464638388412204
17176.0,0.5509461058021287,-0.20175138038774237,-0.021958422657591355,0.09712748567873544,-0.10021972705664996,0.09943802117651006
17177.0,1.1366880923212137,-1.058145946714099,-1.4735408160633832,-1.6420643925920622,-0.2941514393624997,-1.1482722547378255
17178.0,1.3734934744233138,-1.058145946714099,-0.5440427748716619,-1.0426170379233037,-0.24120448470420522,0.6048690083498599
17179.0,0.4702544582071883,0.48966298795922886,0.3474429101742617,0.15073707275125517,0.46843340743959727,-0.14440771249473774
17180.0,-0.26363611690734395,1.15560189306089,0.6382122941726269,0.855928544974226,1.2201519621759485,-0.41828786314552757
17181.0,-0.2524823540546596,-0.20175138038774237,-0.49834079690195715,-0.017114284365895672,-0.32196403698294906,-0.7962642581606147
17182.0,1.0232997359133336,-0.5571872395918231,-0.7645974621790339,-1.448851553929116,-1.7640984679528429,-0.7489841808474209
17183.0,-1.4474112861963695,0.48966298795922886,0.9221152849501886,0.6298596872611718,0.0011923041824166546,0.9370210376695624
17184.0,1.2130697256793863,-0.5571872395918231,-1.1105684919888827,-1.2536847648443734,-0.862804573858747,-1.3989374603563702
17185.0,1.2384392923735166,-0.20175138038774237,-1.0062883540967493,-0.935724935040335,-0.07890961835600385,-1.7483844202201526
17186.0,-0.37384801709977017,-0.5571872395918231,-1.3401705596555469,-0.5964638157260045,-2.515817022689194,-1.8294512287244125
17187.0,0.6254293898743742,-0.5571872395918231,-0.4947342787246754,-0.10088483130343502,-0.5486003891756687,-0.24130467339187686
17188.0,-1.2629135238814884,1.3460575542855853,1.1500245795958748,1.0796434624780145,0.951848035544989,0.317542291655899
17189.0,0.14025610622843504,0.2992073267345332,0.020865215887156407,0.12829437605349844,0.7098254282188435,-0.511412705899294
17190.0,-0.23074043468561758,0.654643185938614,0.4521073314778389,0.9851291963694837,1.0842787042858788,-0.15633849530169389
17191.0,-0.6970151074455184,1.5110377522649707,1.1871849662369978,1.0711433281235603,1.5084363488256922,0.1935220053311309
17192.0,1.1748222026740256,-1.058145946714099,-1.7793289309784972,-1.5522358034901937,-0.586765087019821,-1.7250241555080064
17193.0,-0.540774126845729,0.9303406571479473,0.6549495340525283,0.7957176626827412,-0.32196403698294906,-0.1152926813299832
17194.0,0.7456300658619328,-0.20175138038774237,-0.09742682017847436,-0.11019235839979795,0.24668909751329784,-0.04257266826686977
17195.0,1.3031915824809857,-1.058145946714099,-0.36139964838754135,-0.014407610016013072,-0.24120448470420522,0.9493551581518791
17196.0,1.0308182885991817,-1.058145946714099,-0.6971992322588422,-0.7105166998701326,0.5602500888610992,0.3159981412208199
17197.0,-0.6542442484349309,-1.058145946714099,0.06133579151220534,-0.6265937067707593,-0.2941514393624997,1.746683296797096
17198.0,-0.7922005967383016,-0.20175138038774237,0.1915704227808908,0.1228360796752538,0.607142454731596,0.5014079988170433
17199.0,1.2275321383409903,-1.058145946714099,-1.334625984783722,-0.3221896666559816,-1.2818823689972492,-0.8862627485542561
17200.0,0.9663961595288088,0.07394609082159041,-0.6894829658639902,-0.19868864199310854,-0.4115503779538524,-1.542240793475446
17201.0,-0.28654302333393833,0.07394609082159041,0.20808258853167816,0.506995150967925,1.0531207928583965,0.1425973015964532
17202.0,1.0202674598207486,-1.058145946714099,-1.261842255105045,-1.4370004055740193,-1.2818823689972492,-0.7489841808474209
17203.0,-0.540774126845729,1.0480979277381186,1.289742990675846,1.463536092031968,1.2456584639501014,0.93629858735695
17204.0,0.4594149010336265,0.9303406571479473,1.2804852584919146,1.100301275783678,0.7791957222855813,1.0618171024406409
17205.0,-0.28654302333393833,-0.20175138038774237,0.05156251024942889,0.9818709459201863,-0.3507527121214226,0.23781577564249787
17206.0,-0.2983107883386734,-1.058145946714099,-1.0898031450212669,-1.2275467185765694,-1.3785107536966998,-0.42449843758963035
17207.0,1.3002519660332574,-1.058145946714099,-0.8061985049101053,-0.4743692243337022,0.21790042237482501,0.11041285318032669
17208.0,0.9811023498659778,-1.058145946714099,-1.4987953458679946,-1.0298453562635617,-0.5486003891756687,-1.1959052311597842
17209.0,1.2972988133147116,-0.20175138038774237,-0.30181134691008,0.25362445317143667,-0.12209817180851448,-0.4269729442161636
17210.0,0.9762376600515654,-1.058145946714099,-0.9351567383279866,-0.46895585271479406,0.09143627489364367,-0.13281735301776124
17211.0,-0.7195200551006783,1.3460575542855853,1.0587979174152693,1.0196631613973541,1.3329322084435713,0.14595602475568198
17212.0,0.6946852246521797,-0.20175138038774237,-0.11363167884326673,0.2500204938045738,-0.2941514393624997,-0.07306110846088189
17213.0,-0.4749394310824503,1.3460575542855853,1.2370045348802752,0.9713950781087741,0.9151078788768329,0.4811939018673072
17214.0,-0.22013977682524094,0.48966298795922886,0.1001455155676465,-0.38552442459827896,0.5105140700321456,-0.6090019291908805
17215.0,1.0824965852277768,-1.058145946714099,-1.1562919814717052,-1.0235513279573643,-1.0458699940988507,-0.5499041055418763
17216.0,1.195966706816979,-1.058145946714099,-1.9067886046009026,-2.0222782993066613,-0.9194058466176699,-1.9654279038802285
17217.0,0.6448229902562577,-0.5571872395918231,-1.0430426273191988,-1.0824911210991475,-0.3507527121214226,-1.2721826100058682
17218.0,-1.8243736859341724,1.7233615276208618,1.084337298498144,0.9777005999089354,1.4420098920812565,-0.24668764954906364
17219.0,-0.6141483680629726,-0.5571872395918231,-0.919021500203979,-0.6369517309004904,0.020052745320578196,-1.0392415075321322
17220.0,-0.7922005967383016,1.9044924940644754,1.1323706456912506,1.1120992771193277,1.849140004351645,-0.3650488797527853
17221.0,-1.5229485149574664,0.2992073267345332,0.03639938406149508,0.23908859219422796,0.8153422320095451,-0.4822339095875357
17222.0,-0.1696156146721137,0.48966298795922886,0.39269340322125845,0.36266949067331455,0.6514988276797011,-0.05933338206824234
17223.0,0.8245270555146574,-0.20175138038774237,-0.0452986265382229,-0.5281484048190704,0.31452880707427483,0.05551452689706015
17224.0,1.131598183073706,-1.058145946714099,-1.5946368071155737,-1.3289348484300858,-1.2818823689972492,-1.37667335866689
17225.0,1.2275321383409903,-1.058145946714099,-1.4070387953549883,-1.709582179172762,-1.614523128595098,-1.0228417197437758
17226.0,0.8224615941517993,-0.20175138038774237,-0.0237155392502549,0.356551112238319,0.15710275654239486,0.09613122556125307
17227.0,-0.9353081791524545,1.2544959545938104,0.5590376824995275,0.836217341359496,0.26071325195673184,-0.6845153359376879
17228.0,-1.0395356639262063,1.3460575542855853,0.8845520920753623,1.0793874901304341,1.2622326247684965,-0.18159330543688665
17229.0,0.07733065274709057,-0.5571872395918231,-0.7702988488673058,-0.6474754904320826,-0.05813906446410138,-0.759704265205803
17230.0,0.7218745649366273,1.7233615276208618,1.7051815626553342,1.3546338045987583,0.9812559531764108,0.9211241318577869
17231.0,-1.2115801184678894,2.110890520920167,1.4736234384958489,1.3262311304884231,2.0301971174514417,0.04009973239599526
17232.0,-1.9674812683483254,-0.5571872395918231,-0.5694939866133241,-0.5867196235949155,-0.2672508963742018,-0.38199388027004977
17233.0,-0.5583457794146515,-0.20175138038774237,-0.36411346082931634,-0.33525739992806775,0.23242103254119895,-0.5440826164131579
17234.0,0.4879229365026979,-1.058145946714099,-1.3114784481749167,-1.4370004055740193,-0.862804573858747,-0.8426038060182394
17235.0,-0.7670473650770303,0.8001660338568091,0.5160524679183502,0.4401378594606127,0.17272976344709118,-0.2169010944988344
17236.0,-1.1640528084915374,1.2544959545938104,0.5252118300455064,0.31614856547706294,0.8700553726182927,-0.7479616154751688
17237.0,-1.2629135238814884,0.07394609082159041,0.05352636278020057,-0.11805052760678522,0.47915765239960845,-0.1481311160445261
17238.0,-1.9674812683483254,2.4054512011867506,1.5300274535126226,1.3230571358841783,1.9923387650392004,-0.1881509822381542
17239.0,0.8306838247077005,0.07394609082159041,0.17693235132748267,0.023636707045639957,-0.6688728615528973,0.08398888580985052
17240.0,1.242750738519486,-1.058145946714099,-1.4100441171457605,-0.9989607652635911,-1.3785107536966998,-1.0285101056970203
17241.0,0.9630818100393996,1.2544959545938104,0.7789884306886619,0.3641902334058461,0.8223842757380923,-0.27159750418329526
17242.0,0.15213283821989562,0.2992073267345332,0.8161143325325438,0.7077223562848015,0.038489320235348796,0.984739844454085
17243.0,-2.4120140217391843,3.3345441581476316,2.2414175924071382,1.8426696650624506,1.7444487237240907,0.1083186075343229
17244.0,-0.2983107883386734,0.2992073267345332,0.4856098042774494,0.6894511553006836,0.7717713000569296,0.3624625815255816
17245.0,0.5603544681590024,-0.5571872395918231,-0.6600371025140691,-0.3157518899197936,-0.4437267787202448,-0.5523391255152269
17246.0,1.1878264771467721,-0.5571872395918231,-2.2696321772220136,-1.709582179172762,-1.4880589811139169,-3.5582381642308194
17247.0,-1.0784157615666075,-1.058145946714099,-0.8578168074758598,-1.0111411307468456,0.18806465959309385,0.013054739286352778
17248.0,0.21911455007042469,-0.5571872395918231,-0.383217426203723,-0.34859003764638075,0.5698454386786636,-0.031385866186078325
17249.0,1.0323114794921844,-1.058145946714099,-1.8749894325953236,-1.2024078265981781,-0.3507527121214226,-1.9054509721337909
17250.0,-1.8243736859341724,-0.5571872395918231,-0.6355318174253132,-0.7105166998701326,0.21790042237482501,-0.506240942085132
17251.0,0.9254466015614758,-0.20175138038774237,-0.09748882840385958,-0.17758348562160425,0.3526935049184267,-0.04268933614017168
17252.0,0.20301349020923423,-0.5571872395918231,-0.6952471755560378,-0.6197778847530964,0.5793298571111467,-0.6185672674217415
17253.0,-0.9682038613741811,-1.058145946714099,-1.1873302119122207,-1.5956177399879288,-0.6688728615528973,-0.6084458131163499
17254.0,-1.7074462772723475,-0.20175138038774237,-0.4901062347953509,-0.1454931730396027,0.9088213112787457,-0.7807988625331802
17255.0,-0.4594850640247002,0.07394609082159041,-0.10936828259437745,0.11733210664580168,1.0994248524597794,-0.45434176628263473
17256.0,0.14622196505218568,0.2992073267345332,-0.4482676588559458,-0.3330613346531344,-0.586765087019821,-1.3910798716327943
17257.0,1.042667590085983,-0.5571872395918231,-1.1313918829303236,-0.6369517309004904,-0.862804573858747,-1.4380139747727425
17258.0,0.982715747443508,-0.5571872395918231,-0.5767272319175796,-0.6369517309004904,0.07416420415895746,-0.39560424645219794
17259.0,0.3526100844636154,0.48966298795922886,0.5101528729430472,0.5558684882617793,1.1757955892278433,0.1615741991970041
17260.0,1.0048872215498614,-1.058145946714099,-1.4649215334383474,-1.9942859497559235,-1.4880589811139169,-1.1320152866125444
17261.0,1.1429941922828974,-1.058145946714099,-1.003230625782941,-1.0622519568722428,0.020052745320578196,-0.2612126112617229
17262.0,-0.31029852425924354,1.15560189306089,0.7825182412863887,0.23355374097229537,-0.9802035124500996,-0.1471980811664982
17263.0,0.5696268012260529,-1.058145946714099,-1.9245710225462598,-1.709582179172762,-0.47721685960260357,-1.998967609480368
17264.0,1.024810514465536,-1.058145946714099,-0.8644632138475596,-0.5135641944509618,0.4126028186801636,0.0005188449163800938
17265.0,0.3126530340951926,-0.5571872395918231,-0.3615018710578694,-0.1521201403247171,0.7490861757345402,0.00949858646198594
17266.0,-2.1519790306632065,0.2992073267345332,-0.42166665405552395,-0.44513236932404693,0.6600894093898906,-1.341298332491646
17267.0,0.2551824986059697,-0.5571872395918231,-0.7728724792219187,-0.74651041226979,-0.10021972705664996,-0.7645432706725654
17268.0,0.15213283821989562,1.15560189306089,0.448316831182914,0.6782397314751365,-0.3805884749031534,-0.7746471047507303
17269.0,0.9647411258391285,-1.058145946714099,-0.39476712993430885,-0.25656808974912876,0.7791957222855813,0.8864202124580141
17270.0,1.0893557436471168,-0.5571872395918231,-0.310330774116424,-0.10863192839430982,0.05652066271060163,0.10584828125309968
17271.0,1.377859217618911,-1.058145946714099,-1.0685278175570538,-0.9467793286780029,0.07416420415895746,-0.3843706989497583
17272.0,-0.44439436309454555,0.07394609082159041,0.6027772164526506,0.83769786182438,0.4126028186801636,0.885656460181003
17273.0,1.024810514465536,-1.058145946714099,-1.354627078879068,-0.8631467072838476,-0.9802035124500996,-0.9239871350634451
17274.0,-0.5583457794146515,-0.5571872395918231,-0.3432318359177745,-0.3926866108572838,0.47915765239960845,0.04389775931059714
17275.0,0.9597502430728069,-1.058145946714099,-1.5039542269252772,-1.2626334870875637,-0.47721685960260357,-1.2056354800167777
17276.0,0.9907224082272229,-1.058145946714099,-0.43475953280582874,-0.6334808999499925,0.14117229372259663,0.8109898956881196
17277.0,0.6282360691847436,-0.5571872395918231,0.09760240564910179,-0.09475219070763317,0.37718466862099537,0.874288449549563
17278.0,0.6636473034612838,-0.5571872395918231,-0.8862326926583973,-0.6130319698342725,-0.7132292345010023,-0.977629550864436
17279.0,-0.2415192631816249,-1.058145946714099,-1.149852252966189,-1.5248267984910486,-1.2818823689972492,-0.5377580296323158
17280.0,1.045596020739638,-1.058145946714099,-1.4773782325283809,-1.244856163309911,-1.4880589811139169,-1.155510067891056
17281.0,0.9445402369244065,0.48966298795922886,-0.11052196736685757,-0.3418899361875976,-2.183176263091345,-1.0042005755904881
17282.0,0.2700401175059993,0.2992073267345332,0.6641265049685998,1.0213431647087352,1.124063132285242,0.6985141419576487
17283.0,0.9530347346034082,-1.058145946714099,-1.1474521149292816,-0.669042043482492,-0.8098576192004525,-0.5332310905284807
17284.0,-0.22013977682524094,0.8001660338568091,0.791742532734426,0.9379759138805378,1.5556662555596725,0.30150033791730935
17285.0,1.2762369843581085,-0.5571872395918231,-0.5579555874914762,-0.8296554976039625,-0.0181119525235737,-0.36028209656867927
17286.0,-0.8456753236698794,-0.20175138038774237,-0.6153317709211208,-0.191578076103695,0.607142454731596,-1.0159001665314544
17287.0,-0.7428435417295326,1.9044924940644754,1.0703320904543732,0.9474306182122147,1.5382721116074227,-0.48151814433943
17288.0,-1.3798409325433134,1.15560189306089,0.7118655956993869,0.8105248020633823,1.3910374102343395,-0.2799515646087819
17289.0,-0.6141483680629726,0.9303406571479473,0.5791847383784473,0.611345600297109,1.274447139088575,-0.2576741698737692
17290.0,-1.8243736859341724,0.8001660338568091,0.3446569418604179,0.549596286132849,1.1982735174240835,-0.5388380983409953
17291.0,0.8203894592349804,-1.058145946714099,-0.37713245110052795,-1.2626334870875637,-2.515817022689194,0.9196812649344264
17292.0,1.0934362995056883,-0.5571872395918231,-0.8848840344531009,-0.8730374341016977,-0.862804573858747,-0.9750951256671083
17293.0,-1.4474112861963695,1.6565606001831652,1.0085904754504489,0.9877830840540953,1.0207326504320022,-0.31162004285254513
17294.0,1.3167343976054073,-0.5571872395918231,-0.49461129749214605,-0.33746082221933615,-0.7132292345010023,-0.2410732102915094
17295.0,-0.6752731880764764,-0.20175138038774237,-0.3691456193141192,-0.3441157282908022,0.18806465959309385,-0.5535400691581758
17296.0,1.3726167481092915,-1.058145946714099,-0.7279187473965735,-0.5460873605785668,-0.21595962957782017,0.2580575677248774
17297.0,-1.0028785328055105,-1.058145946714099,-1.4036116670946588,-1.3092999294811463,0.12492635577600246,-1.0163777577978481
17298.0,0.10956483393148946,0.2992073267345332,0.020812595624110915,0.35578229749408147,0.3014022381220454,-0.5115115414088117
17299.0,-1.2115801184678894,0.48966298795922886,0.06351415158344628,0.41461218656028065,0.6685909679263046,-0.6777633512981857
17300.0,0.972973911537828,-0.5571872395918231,-0.6186837119686538,-0.040582158819487145,-0.10021972705664996,-0.4745447214420637
17301.0,-0.8741833591389503,-0.5571872395918231,-0.7444685302854145,-0.5078198702626843,0.7567177940893411,-0.711134488539983
17302.0,-1.0784157615666075,0.2992073267345332,0.14359508683668482,0.09598659911547203,0.3891614223084505,-0.2808146256530018
17303.0,0.9219131204530229,-1.058145946714099,-0.9446524346476052,-0.8112565093766205,0.18806465959309385,-0.1507273391628954
17304.0,1.1724291954243062,-1.058145946714099,-1.5230430664591463,-1.2536847648443734,-1.614523128595098,-1.2416392484683807
17305.0,1.2972988133147116,-1.058145946714099,0.5983488251899394,0.46340479572007903,-1.1954453334565955,2.759552250183243
17306.0,-1.2629135238814884,1.9044924940644754,1.6947541626614375,2.182633229087464,-0.7132292345010023,0.6923970537362435
17307.0,0.9794848831855826,1.15560189306089,1.050424891957008,1.3136215403763267,-0.5121324717856456,0.356579878532081
17308.0,0.9762376600515654,-0.5571872395918231,1.137178617865404,1.5366915211759216,-1.614523128595098,2.8340771097880015
17309.0,0.07068473629108864,-0.20175138038774237,-0.7441207431675173,-0.6197778847530964,-0.1914684658752519,-1.257476851993983
17310.0,0.9663961595288088,-0.5571872395918231,0.0698765792771336,-0.13893231126810912,-2.515817022689194,0.8220442689805926
17311.0,-0.054309762370586455,0.48966298795922886,0.9678197330637928,1.1256013541220988,0.8766449105123539,1.0231003853830112
17312.0,0.3126530340951926,-0.20175138038774237,-0.26433824686689217,-0.18981238124781294,-1.0458699940988507,-0.3565184644320539
17313.0,-0.6338830081757483,-1.058145946714099,0.6607877481272902,0.6815295179490874,-0.4437267787202448,2.8773193108688964
17314.0,-0.7670473650770303,1.6565606001831652,1.1973004541350392,1.3129038960729356,1.2663243691962696,0.04298672311938218
17315.0,-2.1519790306632065,2.7608870603908318,1.6849841758229196,1.5336186515547043,1.8016574700813903,-0.2969570183118063
17316.0,1.0187459283862368,-1.058145946714099,-1.44453152269464,-1.5808368721392683,-0.14457610000475504,-1.0935573581334663
17317.0,-0.3873500989396135,-0.20175138038774237,0.7402166430240331,0.5490231088078554,-1.2818823689972492,1.5350274121493364
17318.0,1.3682150479281203,-1.058145946714099,-1.245839681692998,-1.3807506813715704,-0.7132292345010023,-0.7188014687587755
17319.0,1.3167343976054073,-1.058145946714099,-2.4730932979984575,-2.3034171780254993,-1.9471638881929467,-3.033544329604565
17320.0,0.10324630795624619,0.48966298795922886,0.8177305796890144,0.6768247701431739,0.5793298571111467,0.7404552138610699
17321.0,-1.4474112861963695,0.48966298795922886,0.4513384164923755,0.32668529384340617,1.4186162443378565,0.050948184494292705
17322.0,0.9479515492166357,0.2992073267345332,-0.005967462270960669,0.15701108794485863,0.8153422320095451,-0.561808008847635
17323.0,-1.0784157615666075,1.2544959545938104,0.3747855395078887,0.7000190260920628,1.124063132285242,-1.0298964426002126
17324.0,-0.9682038613741811,1.2544959545938104,0.6523975760599585,0.7419543866133782,0.7865535568710715,-0.5093211972108271
17325.0,0.7594721542528383,-0.20175138038774237,-0.3042031738073294,-0.04339895515390956,-0.05813906446410138,-0.4314695029108227
17326.0,1.0002002930243403,-0.5571872395918231,-0.7631456660972794,-0.8296554976039625,0.5407159979871611,-0.7462543860233034
17327.0,1.0033287148318906,-0.5571872395918231,-1.2998251626061967,-1.3916223493687232,-1.9471638881929467,-1.7538621022746808
17328.0,1.3205518207744387,-1.058145946714099,-1.5679708455574097,-1.147237218205978,-1.4880589811139169,-1.3263782580256993
17329.0,-1.1198059414673356,0.2992073267345332,0.055212582607919905,-0.09170718092254211,0.5207054191909427,-0.446892485740235
17330.0,-0.8183807704906293,0.07394609082159041,-0.565615979804399,-0.9194840867058315,-1.3785107536966998,-1.31039967768764
17331.0,0.2399724924575698,-1.058145946714099,-1.1997370623818466,-2.2210947581379226,-2.515817022689194,-0.6318465741070592
17332.0,1.1651961277902847,0.2992073267345332,-0.07495401304814286,0.30792694668854886,0.5407159979871611,-0.6913359516435386
17333.0,0.00755263702131852,-1.058145946714099,-0.4550451279329319,-0.1845435605050292,-0.32196403698294906,0.772728907189404
17334.0,0.8078140524230828,-0.20175138038774237,-0.27462899476942865,0.08562857498574035,-0.586765087019821,-0.3758676104925565
17335.0,0.9614181899137091,-0.5571872395918231,-0.4353114458159776,-0.5460873605785668,-0.16768729188131876,-0.12945536647832523
17336.0,1.0934362995056883,-1.058145946714099,-1.7498653488791591,-1.5248267984910486,-2.515817022689194,-1.669452417593965
17337.0,0.3653943987983962,0.07394609082159041,0.5611148645397528,0.6160232086724894,1.8748102327255782,0.8071891612195563
17338.0,-1.0028785328055105,1.6565606001831652,1.8504872069038223,1.6240067650959353,2.1511273953353474,1.2723365394207269
17339.0,0.06396922782168996,-0.20175138038774237,-0.6781902074204199,-0.6369517309004904,-1.1172535236719159,-1.1338368428560013
17340.0,-0.6542442484349309,1.7233615276208618,2.2918656015142393,2.048459525751596,1.6554756952610448,2.0263834340329474
17341.0,0.39022299102027264,0.2992073267345332,0.5103396355848756,0.5620814415677136,1.2663243691962696,0.4090057458306579
17342.0,0.9547202157281579,0.07394609082159041,0.1996274944936263,0.031240502008641483,-0.24120448470420522,0.12668863293622853
17343.0,0.9111943439444019,0.48966298795922886,0.21838525648118626,-0.059110734465001924,0.3014022381220454,-0.3869449170386645
17344.0,-0.3873500989396135,-0.5571872395918231,-0.49411958234260017,-0.5552437164184574,0.34016817678249833,-0.2401477518781802
17345.0,-1.0784157615666075,1.0480979277381186,0.3925453218417698,0.9193022100484667,1.15268439735128,-0.7505152642348605
17346.0,-1.8243736859341724,2.1575193073054413,1.2563041680637963,1.3111063520767763,2.042966138759257,-0.4212523879118127
17347.0,0.00755263702131852,-1.058145946714099,-1.0078534325921902,-0.5460873605785668,-2.515817022689194,-0.26993176182409184
17348.0,-1.0784157615666075,0.9303406571479473,0.7050423023741379,1.134608123939515,1.6655729680414202,-0.021126798647739062
17349.0,0.4738273097812196,0.2992073267345332,-0.06304972659786123,0.34492345044290107,0.457567115373851,-0.6689887177750663
17350.0,-1.4474112861963695,0.654643185938614,0.5164912961457536,0.5879858236231679,0.8766449105123539,-0.035301201657294154
17351.0,-0.540774126845729,1.2544959545938104,0.546896582516755,-0.1706962924423711,0.05652066271060163,-0.7072899769766552
17352.0,1.342071680121387,-1.058145946714099,-2.3195156036221665,-2.2609688413137667,-1.614523128595098,-2.743878960589107
17353.0,0.2651257241188405,0.07394609082159041,0.8990873516660755,0.9680679013990583,-1.3785107536966998,1.4438930377955528
17354.0,-0.3225146116861712,0.07394609082159041,0.8768522586276554,1.0708840255620289,0.5698454386786636,1.4019944331098946
17355.0,0.9647411258391285,-1.058145946714099,-0.8504247453921452,-0.43226070728274824,-0.32196403698294906,0.026997026934049807
17356.0,0.8286381285590276,0.2992073267345332,0.012427136530244519,0.4082505158476054,0.44655496268773315,-0.5272613843769605
17357.0,-0.7922005967383016,-0.5571872395918231,-0.6287970790408303,-0.7716493042481812,-0.0181119525235737,-0.49357115433215254
17358.0,0.8099271521892553,0.2992073267345332,-0.05148848857366016,-0.07669006879540254,0.8896672959534744,-0.647283819800042
17359.0,-1.2629135238814884,-0.5571872395918231,-0.8520636898936284,-0.48533149374139894,-0.12209817180851448,-0.9134132190903079
17360.0,-1.0028785328055105,0.48966298795922886,0.20187631198543576,0.16219410088754466,1.2201519621759485,-0.4179583070251994
17361.0,-0.3476678433474425,0.2992073267345332,-0.03946383224894256,-0.1706962924423711,0.15710275654239486,-0.6247072108108699
17362.0,0.6583250720961007,0.654643185938614,0.06913179460611704,0.06560687511486049,0.6935794902722501,-0.8754102520048134
17363.0,0.9794848831855826,-0.20175138038774237,0.008147799945426495,0.03375569030819123,-0.16768729188131876,0.15609898780110412
17364.0,-2.4120140217391843,2.245808014503504,1.8461930940277989,1.7852872960584554,2.036606470810011,0.5872942561786788
17365.0,-1.1640528084915374,1.5110377522649707,1.5698144619756307,1.8311786772504735,1.82264053350877,0.9135887716213743
17366.0,1.0367703053241684,-0.5571872395918231,0.11817990438425623,0.017232362980571646,0.8499631098416093,0.9130641534312581
17367.0,0.6556473011960866,-1.058145946714099,-1.228097397769348,-0.7845884941066654,-0.1914684658752519,-0.6853374605849785
17368.0,-0.8183807704906293,1.4312993642702228,0.8001980270220634,1.0191022053387833,1.2456584639501014,-0.4403033048552572
17369.0,1.0713670183041981,-1.058145946714099,0.03689945893630798,0.5524547040990186,-2.515817022689194,1.7005935353787573
17370.0,-0.09624137345486956,0.07394609082159041,-0.5286187611753018,0.05475513775326972,-0.24120448470420522,-1.2410957082135108
17371.0,-1.0028785328055105,0.48966298795922886,-0.24424170792555328,-0.36910985941490526,0.9458378031172426,-1.2546888659098079
17372.0,-0.4594850640247002,2.245808014503504,1.1154246047156984,0.8729670612183893,1.8571244280282562,-0.7857013557577128
17373.0,-0.4749394310824503,0.654643185938614,0.16352174378857395,0.25988425102984974,0.3526935049184267,-0.6983512303068757
17374.0,0.6025224834477799,-0.20175138038774237,-0.17733612717589164,-0.7631624647057185,-0.16768729188131876,-0.19290005055808207
17375.0,0.5413976634342754,0.07394609082159041,-0.24641692098051737,-0.022561279794168585,0.4897435161402434,-0.71176834558677
17376.0,-0.1138130260237924,0.07394609082159041,-0.5166967643770276,-0.4662657837754595,-0.0181119525235737,-1.2187580614269413
17377.0,-0.7922005967383016,3.48398306701111,2.1468065904227096,1.7919063656061616,2.0237372962241267,-0.23547669719532333
17378.0,0.9445402369244065,-1.058145946714099,-3.138772856599457,-3.628661084298931,-2.515817022689194,-4.2890932930872046
17379.0,-1.2629135238814884,-1.058145946714099,-0.5988375579182439,0.18949773735042588,0.4240770344914922,0.5015196833338147
17380.0,1.0397257262171897,-0.20175138038774237,-0.2635569950125908,-0.44513236932404693,-1.614523128595098,-0.3550494830917505
17381.0,-1.3798409325433134,2.611849228042442,2.7095523480348715,2.973668807547851,0.14117229372259663,1.7988590109621034
17382.0,-0.1696156146721137,0.8001660338568091,-0.021990332019164078,-0.05478834691222856,-0.7601216003714991,-1.2262030415299472
17383.0,-1.8243736859341724,-0.5571872395918231,-0.790338513653499,-0.7342923345111426,0.15710275654239486,-0.7973819157783433
17384.0,-0.9353081791524545,-0.20175138038774237,-0.43594879423533706,-0.9248532670431823,-0.8098576192004525,-0.6790671424899006
17385.0,-1.0784157615666075,-1.058145946714099,-0.9135574174510045,-0.5931996852608044,0.0011923041824166546,-0.09207852517089515
17386.0,-1.4474112861963695,0.654643185938614,0.7967821425075597,0.9000828000318645,-0.21595962957782017,0.491985549776005
17387.0,-0.9040178174155593,-0.5571872395918231,-0.12302379611657796,0.0571821550415415,0.4240770344914922,0.4586178718022978
17388.0,-0.054309762370586455,1.15560189306089,0.7650550791314873,1.0791314181245504,-0.0181119525235737,-0.18001521793139583
17389.0,-2.4120140217391843,3.184600854015305,2.967552836264898,2.3555856736444682,0.32744864979204164,1.6423897470861009
17390.0,1.0202674598207486,-1.058145946714099,-1.3143015864384142,-1.5115390548677536,-0.9802035124500996,-0.8479285726791713
17391.0,0.4180247211328983,-0.5571872395918231,-0.4341797719946878,-0.022561279794168585,-2.183176263091345,-0.12732508016572783
17392.0,0.8183106074995556,-0.20175138038774237,-0.2844255312559436,-0.005021015286987677,0.36503047510217346,-0.39428671266648563
17393.0,1.0048872215498614,-0.5571872395918231,-0.6418585321354107,-0.48257374991591023,0.05652066271060163,-0.5181428525703257
17394.0,0.6025224834477799,-1.058145946714099,-1.0911033793030518,-0.4743692243337022,-1.7640984679528429,-0.42695083046197646
17395.0,1.1404791882800451,-1.058145946714099,-1.6188075000269513,-1.3190441216122357,-1.9471638881929467,-1.4222620928249825
17396.0,-0.4907754257615954,1.4312993642702228,1.6190845249302173,1.0400892047102743,-0.2941514393624997,1.0999809003544891
17397.0,-0.8456753236698794,-0.20175138038774237,0.2029280341522861,0.2223423171467483,0.9275383145186272,0.5227948408634264
17398.0,0.19205039933619955,-0.20175138038774237,-0.254269472513105,-0.3093765158786823,-0.2672508963742018,-0.3375858569668275
17400.0,0.2501524712613207,0.8001660338568091,1.1631000952057622,0.9774017037716369,1.7119076227707086,1.0005553853734155
17401.0,1.180765944929144,-1.058145946714099,-1.5018986803699133,-1.7461316338435953,-1.0458699940988507,-1.2017584804700265
17402.0,-1.7074462772723475,2.0119964593872464,1.2249313759581715,0.7563359961944226,0.7413828979433381,-0.31430717269794956
17403.0,-0.540774126845729,-0.5571872395918231,-0.6061396929601154,-0.616396278646906,0.05652066271060163,-0.4509445289722089
17404.0,-1.8243736859341724,2.0119964593872464,2.837592968381977,3.0407209569241997,0.8896672959534744,2.7221320208299478
17405.0,-2.4120140217391843,-0.20175138038774237,0.07429429603914647,0.24911640989754108,0.4897435161402434,0.28060634797618156
17406.0,0.8702843776182111,1.3460575542855853,1.1973915245460895,0.9545882860088434,1.0583966506364906,0.406656558099451
17407.0,1.0064419500660224,-1.058145946714099,-0.3743952756452218,-0.10088483130343502,-0.47721685960260357,0.9248438957548805
17408.0,0.41412607569926796,-0.20175138038774237,-0.7763410723221958,-0.7302695639352857,-1.3785107536966998,-1.3178755705404044
17409.0,0.4948562494227654,1.0480979277381186,1.5309904888395405,1.3852463085589957,0.14117229372259663,1.3906962148344413
17410.0,-1.0395356639262063,0.2992073267345332,0.19206848768378093,0.14121238747917952,0.24668909751329784,-0.18969826849483848
17411.0,-1.2115801184678894,0.2992073267345332,0.3072216322543012,0.1326286318621574,0.40096584261492885,0.026835505466250832
17412.0,-1.9674812683483254,1.5859404542672264,1.121971118019467,1.0885403064838823,1.0893585536871893,-0.01651656015587425
17413.0,0.9954788591929878,-0.5571872395918231,-0.3650374628677172,-0.3265167937029618,-1.1172535236719159,0.002841883429476517
17414.0,-0.41523819700049863,0.48966298795922886,0.6358276297114371,1.664880224515661,-1.4880589811139169,0.39803744262812685
17415.0,-0.03827579726269536,-1.058145946714099,-0.43553799400855353,-0.9637172845910725,-0.862804573858747,0.8095216274446922
17416.0,-0.6542442484349309,1.9594133665673954,2.105487036686531,1.8869504712628544,1.6605398660150967,1.4027338143446486
17417.0,1.1901628192527913,-1.058145946714099,-1.2462757969139604,-1.2275467185765694,-0.7601216003714991,-0.719624032718512
17418.0,-0.44439436309454555,-0.20175138038774237,-0.23613190546104207,0.031240502008641483,-0.037881416532715165,-0.3034792389495868
17419.0,-1.2629135238814884,1.7233615276208618,1.4002866760666812,1.2004126903761259,1.2784785627150907,0.34728036815613267
17420.0,-0.3349679194593694,0.48966298795922886,0.11038185131782509,0.002919374176223124,0.020052745320578196,-0.5897841688371834
17421.0,0.9647411258391285,-0.20175138038774237,0.09357718937072591,0.31859514339597145,0.07416420415895746,0.3169067353447219
17422.0,-1.0395356639262063,1.15560189306089,0.973493312359624,1.2900735831293966,1.0262202498700983,0.21185971784868587
17423.0,-0.3873500989396135,-0.20175138038774237,0.1329420519069332,0.3046093056627695,-0.05813906446410138,0.3910174101468564
17425.0,-0.9353081791524545,-0.5571872395918231,-0.14628579914895176,-0.13082220926652727,0.0011923041824166546,0.4147997543450419
17426.0,-1.4474112861963695,1.3460575542855853,1.5568021310585705,1.5416545159179476,1.4420098920812565,1.0832437146899676
17427.0,-0.10496702096475002,-1.058145946714099,-1.5950613930991435,-1.7461316338435953,-2.183176263091345,-1.37747417714583
17428.0,-2.4120140217391843,2.8158079328937515,2.5446483556204917,2.3415341323875376,1.876751992347149,1.2586570231036245
17429.0,0.26017338137229135,0.2992073267345332,0.2720652893645157,0.6247689425063508,0.5207054191909427,-0.03928342561806264
17430.0,-0.5950029105353472,0.07394609082159041,-0.169403164205525,0.023636707045639957,-0.2672508963742018,-0.567133510311653
17431.0,0.8306838247077005,-1.058145946714099,-0.6012574493087719,-0.34859003764638075,-0.0181119525235737,0.4969554871107801
17432.0,-0.9682038613741811,0.9303406571479473,0.45554910740628973,0.46990406736709617,1.3177393102307873,-0.4898911829298954
17433.0,0.02212883716268363,-0.5571872395918231,-0.35253608968645683,-0.32003673203707234,0.5307717179635321,0.026379341207553753
17434.0,-2.1519790306632065,0.654643185938614,0.67456696611947,0.8054966257344327,0.7017426726202728,0.26200796756717654
17435.0,1.0048872215498614,-1.058145946714099,-0.742471042776001,-0.6130319698342725,-0.8098576192004525,0.23061024844962097
17436.0,-2.1519790306632065,0.2992073267345332,-0.3993315999540665,-0.6727062364625485,-1.2818823689972492,-1.2994892764910144
17437.0,1.167616225752049,-1.058145946714099,-0.6570651822256754,-0.3667980083921493,0.17272976344709118,0.3916956209893195
17438.0,0.6972051697365015,0.2992073267345332,0.30590187808904057,0.07037298973010923,0.12492635577600246,0.02435326316140108
17439.0,1.3041684679689238,-1.058145946714099,-0.7547383363017747,-0.19334852384513587,-1.2818823689972492,0.2074727080639859
17440.0,0.39022299102027264,0.07394609082159041,-0.7595178208150108,-0.3714298651318708,-1.7640984679528429,-1.6731813781085234
17441.0,1.3743690038409726,-1.058145946714099,-0.8299648118446687,-0.4635866723774432,-0.5486003891756687,0.06558683794228465
17442.0,-0.5236711079833221,1.5110377522649707,1.1543050354754458,1.2103479215904651,1.215822701168371,0.13168974543260076
17443.0,0.6054309927359476,-1.058145946714099,-0.39908922534957975,0.009463915126396273,-2.515817022689194,0.8782682385110882
17444.0,0.3526100844636154,-0.20175138038774237,0.8286597708102026,0.9530388837874821,0.9275383145186272,1.7017208167283056
17446.0,0.4666615905535427,-0.5571872395918231,-1.4652170401710518,-0.6030410799249616,-1.4880589811139169,-2.063540495880264
17447.0,-0.4749394310824503,-0.5571872395918231,-0.38934094095973093,-0.07520704462975447,-0.1914684658752519,-0.042914366752886
17448.0,1.1264675541195972,2.842379197713229,1.9811587042218817,2.067996083068083,2.1214458562700447,0.16829473792077546
17449.0,-2.1519790306632065,1.3460575542855853,1.2041310077608898,1.0708840255620289,1.5755040145163772,0.4193371346201233
17450.0,-1.4474112861963695,2.9672850872465237,4.02126229139761,3.37867912058903,0.9984076522496489,3.8720074840582357
17451.0,-2.4120140217391843,0.654643185938614,0.44311029791928835,0.580922251227544,0.5505411819726732,-0.17324940246014697
17453.0,-0.9682038613741811,-0.5571872395918231,-0.4660854905463434,-0.5370567252723396,-0.6267921989603487,-0.18738251826266367
17454.0,0.5185490566485405,1.0480979277381186,0.36662088996383807,0.2500204938045738,0.6853342645162757,-0.7991342780366073
17455.0,0.5572336581134208,-1.058145946714099,-1.404045955586093,-1.3190441216122357,-1.2818823689972492,-1.0171968763335268
17456.0,0.9289607210324548,-0.5571872395918231,0.19838294641638313,0.2527253129920289,0.27450169513374717,1.0642060478083224
17457.0,0.2551824986059697,1.4312993642702228,1.340733739141767,1.1111241532360359,-0.2672508963742018,0.5759230652288805
17458.0,-1.0784157615666075,-0.5571872395918231,-0.4053904497813991,-0.3714298651318708,0.5307717179635321,-0.07312928701288109
17459.0,-0.4296506057480915,-0.5571872395918231,-0.2499657068206998,0.051097736639536824,0.5979759564957379,0.21952369014575518
17460.0,0.06396922782168996,1.5859404542672264,0.628991273788325,0.44619984650887157,0.6428173386552047,-0.941825498357786
17461.0,-0.8183807704906293,-0.20175138038774237,-0.14790859709219842,0.31205060244579885,0.7336066022127771,-0.13754529851863864
17462.0,-0.22013977682524094,-0.5571872395918231,-0.23011155587758966,-0.5135641944509618,-0.4115503779538524,0.2569149005063693
17463.0,-1.0395356639262063,0.654643185938614,0.7283662649422689,0.7215414678826845,1.3945358933915557,0.36323326131201983
17464.0,0.39426922020759336,-0.20175138038774237,0.05270694323507317,0.17851049578171257,-0.14457610000475504,0.2399700056403797
17465.0,1.0278214364224065,0.654643185938614,0.7240958197148941,0.715781665358238,0.7257558910386418,0.355197603155347
17466.0,-1.3187161125298095,-0.5571872395918231,-0.14240027315133816,-0.3178908216871508,-0.0181119525235737,0.42211870553045955
17467.0,0.9794848831855826,-1.058145946714099,-1.5824313941815438,-2.0821123426729526,-1.7640984679528429,-1.3536525322644615
17468.0,-1.3187161125298095,-0.20175138038774237,-1.1237332077193094,-0.6510211644571734,-1.2818823689972492,-1.967830696960729
17469.0,-1.0395356639262063,1.6565606001831652,1.2185514192382543,1.0080668349968638,1.1093691324834083,0.08294009876858092
17470.0,-0.40114257027902034,1.15560189306089,0.7947561445094433,1.1462742853889325,0.7865535568710715,-0.12419864330646889
17471.0,1.0974910561031592,-1.058145946714099,-0.7638153623886051,-0.7716493042481812,-0.6267921989603487,0.19035238260472692
17472.0,0.5152174896819478,0.07394609082159041,0.0037274399766975613,0.07628247188122585,1.193826931703096,-0.24176771788301482
17473.0,1.00176641150428,-0.5571872395918231,-0.30724268267564364,-0.3999276484574282,-0.1914684658752519,0.1116631958528578
17474.0,1.2470333934915165,-1.058145946714099,0.08509433797279972,-0.5964638157260045,-1.4880589811139169,1.7914946748798848
17475.0,-0.04624267237073655,-1.058145946714099,-1.1253174559110244,-0.6727062364625485,-0.862804573858747,-0.4914825527698323
17476.0,0.9811023498659778,-0.5571872395918231,-0.4614610954425445,-0.5222758574236794,-0.2941514393624997,-0.1786781618839082
17477.0,1.260757748649645,-0.5571872395918231,0.14907077867553326,-0.5193591300769778,0.038489320235348796,0.9712759983054079
17478.0,1.0002002930243403,-0.5571872395918231,0.2256971760615443,0.024910126492420626,-0.037881416532715165,1.1156826698238265
17479.0,1.2813148034334256,-1.058145946714099,-0.6267260888123554,-0.40970806568360574,-0.6688728615528973,0.4489186749285934
17480.0,-0.054309762370586455,-0.5571872395918231,-0.022189797548946323,0.11622576334237679,0.14117229372259663,0.6485767187649951
17481.0,-1.8243736859341724,0.07394609082159041,0.21589505111713053,0.4983812830944592,0.40096584261492885,0.157297227683009
17482.0,1.1134584833473364,-0.5571872395918231,-0.12847790576129636,-0.4743692243337022,0.14117229372259663,0.4483439231872507
17483.0,-0.1696156146721137,0.07394609082159041,-0.3255716171839954,-0.4121760645974459,-0.47721685960260357,-0.860351105702199
17484.0,1.2208976805661906,-0.5571872395918231,-1.071328495977067,-0.2507389147655574,-0.862804573858747,-1.3252857416836274
17486.0,0.7145728708968584,-1.058145946714099,-0.6128098964038602,-0.6265937067707593,-0.4437267787202448,0.47516623011991005
17487.0,1.3708596916709785,-1.058145946714099,-1.2622881667267007,-1.6920419146655814,-1.2818823689972492,-0.7498252219566768
17488.0,1.2893566040861313,-1.058145946714099,-0.7313905683888621,-0.848584025185672,-0.6688728615528973,0.2515093100955967
17489.0,-0.23074043468561758,-0.5571872395918231,-0.6504132994017257,-0.09781136337988046,-0.32196403698294906,-0.534235774741748
17490.0,-2.4120140217391843,0.9303406571479473,0.7806559856049698,0.7393834871623045,0.6428173386552047,0.12105353335084611
17491.0,-2.4120140217391843,1.6565606001831652,1.34028336388781,1.3069532616566213,0.7413828979433381,0.3118736103182685
17492.0,0.6819348007287381,-0.20175138038774237,0.1351712519506324,-0.06491846260944777,-0.21595962957782017,0.39521445686215756
17493.0,0.9630818100393996,-1.058145946714099,-1.5942831764672627,-1.3595320367867216,-1.2818823689972492,-1.3760063701914202
17494.0,1.1328744525473045,-1.058145946714099,-2.029600654073588,-1.9168175809686259,-1.9471638881929467,-2.1970656933035215
17495.0,-1.4474112861963695,-0.20175138038774237,-0.10256498291760836,-0.19868864199310854,-0.07890961835600385,-0.052239987805417554
17496.0,0.9183600631720787,0.07394609082159041,0.30088401889102384,0.2012781287866438,0.2031181655606824,0.31723611064226087
17497.0,0.9713357875339578,-0.5571872395918231,-0.8450550243352788,-1.3916223493687232,-1.3785107536966998,-0.9002399855122508
17498.0,-0.07075489928216207,-1.058145946714099,-0.8836433843524224,-0.1521201403247171,-0.7132292345010023,-0.03565718435423618
17499.0,0.7818983972139277,-0.5571872395918231,0.2634901602774391,0.5136849269265208,0.36503047510217346,1.1869101512924274
17500.0,-1.0028785328055105,-0.20175138038774237,0.14509603945286248,-2.183500472526469,-1.9471638881929467,0.41390072011556717
17501.0,0.6083263710119671,-0.5571872395918231,-0.841688051824658,-0.7424124492385259,-0.6688728615528973,-0.8939113883212748
17502.0,-1.3798409325433134,0.07394609082159041,-0.21597117685003384,-0.18279662471361577,-0.4115503779538524,-0.6545979916394336
17503.0,-1.9674812683483254,-0.5571872395918231,-0.3665543663374637,-0.014407610016013072,-0.12209817180851448,-1.4077766086929051e-05
17504.0,0.5634601652637944,1.7233615276208618,1.6785737682059811,1.5822143307391687,1.428723884190206,0.8710261468511266
17505.0,0.4102035851912229,0.2992073267345332,0.693037735702333,0.6018893855772485,0.5505411819726732,0.7529528911786466
17506.0,-0.07075489928216207,-1.058145946714099,-0.808618595495255,-0.8343368051868192,-0.862804573858747,0.10584828125309968
17507.0,0.7170160174661255,-0.5571872395918231,-0.3089276153272656,-0.2131446291541037,0.5105140700321456,0.10849044162529742
17508.0,0.7617503989180828,0.8001660338568091,1.1478724188318414,1.1572824241696034,1.2622326247684965,0.9718775877413786
17509.0,-0.2415192631816249,0.8001660338568091,1.3562549629430642,1.2893297651945317,0.46843340743959727,1.3643903407575808
17510.0,-0.7670473650770303,-0.5571872395918231,-0.4260837662043464,-0.10707519171773172,-0.32196403698294906,-0.11208480024290308
17511.0,-1.9674812683483254,3.164510717157243,3.7755048306602426,3.605767674464432,2.239228514726729,3.187778690843671
17512.0,-0.6752731880764764,1.7233615276208618,1.2756434259764735,1.572245941642109,0.7178293264081053,0.11285788498565795
17513.0,-0.10496702096475002,-0.20175138038774237,0.15813653599841257,-0.07966618671858629,-0.6688728615528973,0.4384538854233372
17514.0,0.26017338137229135,-0.5571872395918231,-0.3876163348401584,-0.3418899361875976,0.43539298020353107,-0.03966753675872994
17515.0,-0.6338830081757483,0.9303406571479473,0.3982579948562244,0.04000190001399655,0.6251737972068488,-0.5974378600179233
17516.0,-1.0784157615666075,0.48966298795922886,0.020805078129990818,0.03875739455507873,1.031671386584256,-0.7579117023269598
17517.0,0.8224615941517993,-1.058145946714099,-1.2923922048098166,-1.0362001973790858,-1.0458699940988507,-0.8066049342424694
17518.0,1.0278214364224065,-0.5571872395918231,-0.7466678191095664,-0.40724929295545936,0.4240770344914922,-0.7152701055385207
17519.0,-1.0028785328055105,1.5110377522649707,1.2268077507311508,1.266614842235527,0.9870131210634252,0.26804530724175446
17520.0,-0.28654302333393833,-1.058145946714099,-0.3823619039383492,-0.2022729611569515,-0.2672508963742018,0.9098179095027129
17521.0,-0.6542442484349309,0.2992073267345332,0.22866664980690257,0.31778062819737996,0.3526935049184267,-0.1208906238936008
17522.0,-2.1519790306632065,0.2992073267345332,0.10121538883588511,0.4814433271813896,0.27450169513374717,-0.3604589702182681
17523.0,-1.2629135238814884,0.07394609082159041,-0.2549745754970229,0.36948531269097756,-0.4115503779538524,-0.7278357789037062
17524.0,0.9219131204530229,-0.20175138038774237,-0.39252237287190295,-0.20768633277585966,-0.10021972705664996,-0.5974712857179615
17525.0,0.9201390523816813,-0.20175138038774237,0.16006002169604297,-0.2526762385191352,-0.6267921989603487,0.44207556582871066
17526.0,-1.7074462772723475,1.2544959545938104,1.0797451899992137,0.7180029472358327,0.37718466862099537,0.29381247820999434
17527.0,-0.28654302333393833,0.07394609082159041,0.007006936151840241,-0.011712028624911322,0.05652066271060163,-0.23560192235362692
17528.0,-2.4120140217391843,0.8001660338568091,0.9802233095817082,0.9589072945601871,1.193826931703096,0.6562150583436335
17529.0,1.2576165577225409,-0.5571872395918231,0.2070441735516875,0.3046093056627695,0.5001945244425666,1.0805288984705907
17530.0,-2.4120140217391843,1.2544959545938104,0.8764052526128726,0.9034368151471517,1.7444487237240907,-0.08854414858338455
17531.0,0.5118685254199581,-0.20175138038774237,0.22230630328432527,-0.03359249751475335,0.2031181655606824,0.5592861606867321
17532.0,0.9647411258391285,-1.058145946714099,-1.9036316841395287,-1.8259532106467022,-1.7640984679528429,-1.9594735852266632
17533.0,1.0411983450016138,-1.058145946714099,-2.3481260714036623,-1.967436469196142,-2.515817022689194,-2.7978416258139553
17534.0,-0.28654302333393833,0.2992073267345332,0.42077418550245993,0.360381763362304,0.47915765239960845,0.24045457551753838
17535.0,0.7594721542528383,-1.058145946714099,-1.2453166915955756,-0.848584025185672,-0.9194058466176699,-0.7178150486918738
17536.0,0.4666615905535427,-0.20175138038774237,-0.6733084292647279,-0.5931996852608044,-0.7601216003714991,-1.1246794757311787
17537.0,-0.6542442484349309,-0.5571872395918231,-0.02571747736653658,0.22516314036460627,0.457567115373851,0.6419304828763024
17538.0,-0.7428435417295326,-1.058145946714099,-1.6121083237958431,-0.8582565662530369,-1.1954453334565955,-1.4096266683711622
17539.0,1.2659591169727051,0.07394609082159041,0.19905832177806135,0.26784600050146823,0.9275383145186272,0.1256177231996856
17540.0,-0.7670473650770303,0.48966298795922886,0.3861986664056248,0.11066595898664759,-0.0181119525235737,-0.07154501963295581
17541.0,1.1429941922828974,-1.058145946714099,-1.444474084317694,-1.5522358034901937,-0.24120448470420522,-1.0934490226833131
17542.0,0.736233191538285,-0.20175138038774237,-0.7203727576885051,-0.2804155698175485,0.24668909751329784,-1.2129495839568414
17543.0,1.1913278063103443,-1.058145946714099,-1.4702592849385037,-1.3595320367867216,-0.9194058466176699,-1.142082905899869
17544.0,0.9713357875339578,-0.20175138038774237,0.02316172576944732,-0.08115931094395196,0.5207054191909427,0.18435761053055352
17545.0,-0.4296506057480915,0.48966298795922886,0.3188278649134207,0.25541905439068696,1.2824902726998832,-0.19819710756617165
17547.0,0.9479515492166357,-0.5571872395918231,-0.17660413867589494,-0.5252055769172435,-0.5121324717856456,0.3576925716499189
17548.0,0.6448229902562577,0.07394609082159041,-0.1732406313030316,-0.0036909421566538865,-0.5121324717856456,-0.57434196510291
17549.0,-0.7922005967383016,-0.5571872395918231,-1.3164142011535445,-0.5645293427226981,-1.614523128595098,-1.7849459061504664
17550.0,0.5349521297947235,0.9303406571479473,0.7254683973923663,0.4522064721717343,1.448573071542019,0.017276917673338662
17551.0,0.9183600631720787,-1.058145946714099,-0.7976745770354927,-0.7845884941066654,-0.05813906446410138,0.12648997117124472
17552.0,-0.22013977682524094,1.2544959545938104,0.8633970174872404,0.9455505189649677,0.5001945244425666,-0.11299283392247625
17553.0,0.2700401175059993,0.07394609082159041,1.0054092293447778,1.0034853906907757,-2.183176263091345,1.6442561240007902
17554.0,-2.4120140217391843,0.2992073267345332,0.5338173922158173,0.8321286419381901,0.26071325195673184,0.4531955458417642
17555.0,-0.9040178174155593,0.2992073267345332,0.09244145964672766,0.26784600050146823,1.3441450443638419,-0.376945709252997
17556.0,0.5634601652637944,-0.5571872395918231,-0.812264039582407,-0.6510211644571734,-0.9194058466176699,-0.8386014243472046
17557.0,-1.1198059414673356,0.07394609082159041,-0.34562790833881474,-0.3093765158786823,-0.32196403698294906,-0.8979864399795123
17558.0,0.9762376600515654,-1.058145946714099,-0.9189107036390709,-1.448851553929116,-0.32196403698294906,-0.10217544468390884
17559.0,1.1467483017274251,-1.058145946714099,-1.2314230214635555,-0.3999276484574282,-0.9802035124500996,-0.6916099731298596
17560.0,0.07068473629108864,0.8001660338568091,0.5126112115906611,0.7634105699125021,-0.10021972705664996,-0.22336789526602202
17561.0,-0.9353081791524545,0.07394609082159041,-0.18207241397338803,-0.14879831034045113,1.0994248524597794,-0.5909313496515969
17562.0,-1.1198059414673356,0.654643185938614,0.1351455943698,0.32668529384340617,0.10835219495760728,-0.751593104157871
17563.0,1.2231168011153777,-0.5571872395918231,-0.620988090416758,-0.4348149665659621,-0.3507527121214226,-0.47888004374377124
17564.0,-0.7922005967383016,-0.20175138038774237,-0.5161105620288364,-0.8022464926048176,-0.07890961835600385,-0.8296352106365514
17565.0,1.233008902613806,-1.058145946714099,-1.403340369641207,-1.3092999294811463,-0.2672508963742018,-1.0158660592905473
17566.0,-1.4474112861963695,-0.5571872395918231,-0.022844432312048628,0.02744959273134157,0.8010741670374462,0.6473433679808023
17567.0,-1.5229485149574664,0.9303406571479473,1.260760904514434,1.214113509770058,0.9024861982765124,1.024669402635813
17568.0,1.2813148034334256,-1.058145946714099,-0.6387727170991372,-0.36910985941490526,0.3014022381220454,0.4261973348130628
17569.0,0.8683613620879451,-1.058145946714099,-0.7152603632955457,-0.74651041226979,-0.2941514393624997,0.28193275035901444
17570.0,0.9580779469522994,-1.058145946714099,-1.600746575705919,-3.628661084298931,-2.515817022689194,-1.3881970918529423
17571.0,-0.3349679194593694,0.2992073267345332,0.435688048132982,0.4724858996865095,1.5698848620204007,0.2685173205007394
17572.0,-0.1138130260237924,1.0480979277381186,-0.18140526718777472,-0.2279254970027644,-0.862804573858747,-1.8238586980326519
17573.0,-0.6752731880764764,-0.20175138038774237,-0.6428963751604594,-0.3136198914928544,-0.4437267787202448,-1.0676242407545817
17574.0,0.6689257299564773,-1.058145946714099,-1.1582197331768032,-1.2190598790341067,-1.2818823689972492,-0.5535400691581758
17575.0,1.3148171310090697,-1.058145946714099,-1.214194847746417,-1.2626334870875637,-1.614523128595098,-0.6591156365173435
17576.0,-1.4474112861963695,2.703410827734218,1.639229150759749,1.4823937392749817,1.8669969064568752,-0.3184367240915452
17577.0,1.2933400032205151,-0.5571872395918231,-0.7056991861519265,-0.669042043482492,-0.586765087019821,-0.6382251734339169
17578.0,0.5996007235020872,0.654643185938614,0.08532120658983292,0.04124405513070575,0.24668909751329784,-0.8450508657910459
17579.0,-1.7074462772723475,0.07394609082159041,-0.15189089023551725,-0.1845435605050292,0.607142454731596,-0.534235774741748
17580.0,0.6946852246521797,0.2992073267345332,-0.3843904835588263,-0.5222758574236794,0.5001945244425666,-1.271515568184413
17581.0,-2.4120140217391843,2.7608870603908318,2.1638447067301882,1.971496969296927,1.805897236918799,0.6033676338388363
17582.0,0.6502579820962507,0.2992073267345332,0.3199008416461282,0.13046507419147776,0.6340429977198944,0.05068367449504756
17583.0,1.2028627431408645,-1.058145946714099,-1.3813292891727302,-1.4370004055740193,-1.3785107536966998,-0.9743506050299282
17584.0,-1.5229485149574664,0.48966298795922886,1.2544637930552198,1.0522072311127761,0.5698454386786636,1.5631199469716093
17585.0,0.1579897300569208,0.654643185938614,0.583986765794286,1.0719206230008775,1.583861231680227,0.0916218957427199
17586.0,1.2669943475426584,-1.058145946714099,-1.2323637995609387,-1.29969799342043,-1.2818823689972492,-0.6933843898890566
17587.0,1.2762369843581085,-1.058145946714099,-1.1737908174937624,-1.29969799342043,0.0011923041824166546,-0.5829089426977899
17588.0,0.10324630795624619,0.654643185938614,0.8285397044172578,0.6706578499519347,-0.14457610000475504,0.5517593081516834
17589.0,-0.22013977682524094,1.7233615276208618,1.955610582269359,1.8883738669818173,2.166256614750188,1.3927799891529165
17590.0,-2.1519790306632065,-0.20175138038774237,0.3339202999518261,0.33547101078902963,1.0944071422788821,0.7694959201335445
17591.0,-0.09624137345486956,0.8001660338568091,0.7874772856391338,0.5643262251078305,0.6428173386552047,0.2934757495197229
17592.0,1.3804644691318602,-1.058145946714099,-1.3191119725105995,-1.6749572933624948,-0.9194058466176699,-0.8570015195180029
17593.0,-1.8243736859341724,1.15560189306089,1.558408541220589,1.592855383349771,1.627049785132738,1.312980785744958
17594.0,0.0001383902963132679,0.07394609082159041,0.7112602804625823,0.6653941402817954,0.4126028186801636,1.090003364027392
17595.0,-1.2115801184678894,-0.5571872395918231,-0.6275944403925272,-0.5078198702626843,0.3891614223084505,-0.49130864743145247
17596.0,-0.8183807704906293,1.3460575542855853,1.1996821218768063,1.7945009288871088,1.5234898547932807,0.4109663658301432
17597.0,0.5877787261013253,0.2992073267345332,0.9509664859651098,0.9821678183868856,0.7717713000569296,1.238766046218824
17598.0,0.9564012788108172,-1.058145946714099,-0.5894488191100157,-0.8984352203714877,-1.1172535236719159,0.5192279351897888
17599.0,1.1015203376219447,-1.058145946714099,-2.064726170656767,-2.4501833640843116,-1.9471638881929467,-2.2633164972646456
17600.0,-0.9682038613741811,-1.058145946714099,-1.2573096487647062,-0.8112565093766205,-0.9194058466176699,-0.7404351588458331
17601.0,0.6583250720961007,-0.5571872395918231,-0.5695622084507809,-0.3330613346531344,0.40096584261492885,-0.38212225074374
17602.0,-2.1519790306632065,1.4312993642702228,1.4986216299997928,1.6303519261813562,1.92933521698081,0.8731382995135747
17603.0,-0.054309762370586455,0.07394609082159041,0.47265218127855885,0.16631130330722144,0.7336066022127771,0.6406003512030605
17604.0,0.5966655916107547,0.48966298795922886,0.012016325386195376,0.14121238747917952,0.9870131210634252,-0.7744017684181914
17605.0,1.2362726511275435,-1.058145946714099,-1.2613966192481703,-1.2717056438696925,-0.9194058466176699,-0.7481436598625708
17606.0,1.3787288112420826,-1.058145946714099,-1.697580179113608,-1.6107384274973675,-1.4880589811139169,-1.570836514707274
17607.0,0.9479515492166357,-1.058145946714099,-0.7371569735828922,-0.4023591519246488,-0.5121324717856456,0.2406332001552508
17608.0,-0.5950029105353472,0.07394609082159041,-0.44884444487725644,0.05353826240373942,0.939783214329445,-1.0915815941538385
17609.0,-0.4594850640247002,1.15560189306089,0.5120563449127016,0.6444038614552899,1.642676792037434,-0.6550865299172502
17610.0,1.1795815951948991,0.2992073267345332,0.3579861083050278,0.39170772845699897,0.8082392174469527,0.12232463799609634
17611.0,-1.5229485149574664,2.245808014503504,1.5825779078214257,1.5627383199666014,2.3165130608777513,0.09142451325914225
17612.0,-0.2983107883386734,1.7233615276208618,1.2659652270612034,1.2869065309940613,1.3177393102307873,0.09466062607758058
17613.0,-0.8183807704906293,1.4312993642702228,1.1447063504885278,1.060690649826981,1.3100360324395852,0.20711314833669273
17614.0,-0.2524823540546596,-1.058145946714099,-0.6252320192981751,-0.48257374991591023,0.6770053294538549,0.4517366635624076
17615.0,0.2700401175059993,0.48966298795922886,-0.17133406509425073,-0.1655778157249051,0.09143627489364367,-1.1181550564680771
17616.0,0.4557606165093461,0.07394609082159041,0.09452113425110582,-0.11647136493027929,-2.515817022689194,-0.07103435932667106
17617.0,1.2017185408769109,-1.058145946714099,-0.615604444007812,-0.43737918400021425,-0.6688728615528973,0.4698953887635697
17618.0,-1.608585561882396,1.15560189306089,1.0635161887823412,0.8530453800777091,1.274447139088575,0.3812105776482049
17619.0,0.8286381285590276,-1.058145946714099,-1.0413336579787673,-0.8932765983286024,0.4240770344914922,-0.3330793554945741
17620.0,-0.22013977682524094,-1.058145946714099,-1.7470628440045501,-1.3807506813715704,-1.7640984679528429,-1.6641665679009605
17621.0,-0.8741833591389503,0.48966298795922886,0.8840712702299538,0.5280488303934219,0.3014022381220454,0.8653754694619911
17622.0,1.2448956408493488,-0.5571872395918231,0.14015073242873294,-0.17758348562160425,-0.6267921989603487,0.9544665231926437
17623.0,-0.5950029105353472,0.654643185938614,0.6775495767503691,0.3136928528340992,0.9151078788768329,0.2676193696869994
17624.0,-1.0784157615666075,0.07394609082159041,0.3761825103104403,0.43128182488246347,0.6251737972068488,0.45897225448046886
17625.0,-0.9682038613741811,0.8001660338568091,1.3506557475644467,1.2924851983554095,1.8902171279112618,1.353841690319318
17626.0,1.2502267205812954,-1.058145946714099,-0.9333742465409786,-0.589951674024074,-0.6688728615528973,-0.12945536647832523
17627.0,1.1028578254869597,-1.058145946714099,-0.8226335038942626,0.20225036981926645,-1.1172535236719159,0.0794145362382176
17628.0,-0.030406677691591163,-1.058145946714099,-1.7985977711554484,-1.2024078265981781,-1.614523128595098,-1.761367426078802
17629.0,-1.608585561882396,1.0480979277381186,0.698940358887855,0.8823607492437651,0.9088213112787457,-0.17524504320922676
17630.0,0.4409316275594932,-0.5571872395918231,-0.44156762144597406,-0.7506340680270399,-0.4437267787202448,-0.1412320028079884
17631.0,-2.1519790306632065,0.654643185938614,0.050942750514912594,0.1140074781407906,0.36503047510217346,-0.9095147327951808
17633.0,-0.6338830081757483,0.654643185938614,0.571523930710054,0.3895189712330969,0.5602500888610992,0.0681832750608076
17634.0,-0.540774126845729,0.9303406571479473,0.6709623121673621,0.34492345044290107,1.3022597367090243,-0.08519376460644927
17635.0,1.024810514465536,-0.20175138038774237,0.22160117734783208,0.28776533932026865,0.28806221969362183,0.5579583070020132
17636.0,-0.9353081791524545,-1.058145946714099,-0.8492922712354335,-0.6581703754853391,-0.586765087019821,0.029133004725854904
17637.0,-0.6338830081757483,-0.5571872395918231,-0.3820331271810234,-0.3760945721938142,-0.14457610000475504,-0.029156212288772524
17638.0,1.2953224629098814,-0.5571872395918231,-0.07141671135849795,-0.09170718092254211,-2.183176263091345,0.5558353312150865
17639.0,0.7502773702473149,0.48966298795922886,-0.29762419258355816,0.09712748567873544,0.27450169513374717,-1.35459304845116
17640.0,0.014882147642767907,0.48966298795922886,0.882667795594756,0.8051082460722441,0.10835219495760728,0.8627325180071562
17642.0,0.21911455007042469,0.2992073267345332,0.48499821753547734,0.7148910478371763,0.5979759564957379,0.36131157889528326
17643.0,0.942827752064887,-0.5571872395918231,-0.3897129354445279,-0.33746082221933615,-0.2672508963742018,-0.0436147003574656
17644.0,-2.4120140217391843,1.8470162614078611,1.3459861465217764,1.2771233160625555,1.0842787042858788,0.10239229392233908
17646.0,0.6025224834477799,1.2544959545938104,1.076929635050774,0.688987808371478,0.8766449105123539,0.28851602330038084
17647.0,-0.1696156146721137,-0.20175138038774237,-0.7417992216153059,-1.178194505634738,-0.9802035124500996,-1.2531244024638428
17648.0,-0.2097114950440718,0.2992073267345332,0.6251343935160945,0.4285327260471559,0.8082392174469527,0.6250994072657542
17649.0,0.30805570115501285,-0.20175138038774237,0.38087739203857174,0.24639667781208657,0.5979759564957379,0.8579467500491362
17650.0,-0.8741833591389503,-1.058145946714099,-1.238034408101989,-0.7845884941066654,-1.2818823689972492,-0.7040798162154926
17651.0,-1.2115801184678894,1.5859404542672264,1.3060495546854096,1.384763695643513,1.258120370257919,0.32963972763416227
17652.0,-0.7670473650770303,1.2544959545938104,1.1918875846373471,1.0641060248689442,0.8362895757000253,0.5048102545954574
17653.0,-0.5236711079833221,0.07394609082159041,0.18781199750090968,0.6848029314400146,0.038489320235348796,0.10445796635798969
17654.0,0.752588454545872,-1.058145946714099,-1.48529725049619,-1.6262149283445646,-0.5121324717856456,-1.1704462555399289
17655.0,-1.2629135238814884,0.9303406571479473,0.9849685886748113,0.7440891529756208,0.46843340743959727,0.505437718649787
17656.0,-0.09624137345486956,0.2992073267345332,0.4232985645060604,0.6801216238571579,0.37718466862099537,0.2452044892243614
17657.0,1.0338012018782479,-1.058145946714099,-1.4356827730046058,-1.3807506813715704,-1.3785107536966998,-1.0768675884719359
17658.0,-0.7428435417295326,-0.5571872395918231,-0.32109951982701035,0.14121238747917952,-0.7132292345010023,0.08557092177221362
17659.0,-1.0028785328055105,1.4312993642702228,1.020058069181447,0.8515990442803519,1.031671386584256,-0.027258581200806355
17660.0,0.32174999795173626,-0.5571872395918231,-0.6839443908378954,-0.4047996776888514,0.46843340743959727,-0.5973083431943135
17662.0,1.3099987372027848,-0.5571872395918231,-0.5843123107969084,-0.6510211644571734,-0.862804573858747,-0.4098762868418825
17663.0,-0.7428435417295326,1.6565606001831652,1.236104500163377,1.0060663787201476,1.0478107868958557,0.11594399065130355
17664.0,-0.9353081791524545,0.07394609082159041,0.1627381314700798,0.4965206851385348,0.3891614223084505,0.057284901240047446
17665.0,1.1212955486788323,-1.058145946714099,-0.36124634156668095,0.21571296430386852,-0.6267921989603487,0.9496443126219828
17666.0,-1.8243736859341724,0.2992073267345332,0.5681588558341152,0.7483380110253343,-0.2672508963742018,0.5178382732057356
17667.0,-0.15997144498132296,0.9303406571479473,1.0415104554078416,0.9753056188782602,0.9754580982530536,0.6118581264771209
17668.0,-2.4120140217391843,-0.5571872395918231,-0.707762446423676,-1.0963383891618057,-0.862804573858747,-0.6421056111568031
17669.0,-0.4296506057480915,1.0480979277381186,1.359453688504239,1.2839117805097389,0.5698454386786636,1.067579124239511
17670.0,0.6282360691847436,-1.058145946714099,-1.084695263216789,-0.9870018732865309,-1.0458699940988507,-0.41486437924678143
17671.0,-1.0395356639262063,0.2992073267345332,0.6834690244511312,0.5665633733150358,0.2031181655606824,0.7349349679130772
17672.0,-0.3349679194593694,0.654643185938614,1.315475506769898,1.12631691641078,1.1757955892278433,1.4688166241983658
17673.0,-2.1519790306632065,1.3460575542855853,1.0913310294688654,1.2518120879273262,1.2456584639501014,0.20713989572337402
17674.0,-0.0876328522714647,-0.5571872395918231,-0.06351436653503656,0.47312977730895983,-0.6267921989603487,0.5707225164176776
17675.0,-2.4120140217391843,3.352069504384517,2.677454927742552,2.2993287249330474,1.7119076227707086,0.9092116988942098
17676.0,-1.8243736859341724,1.0480979277381186,0.7846622365827597,0.8923030324990388,0.5698454386786636,-0.014120179472663448
17677.0,-2.1519790306632065,3.0365845316001647,2.6473270396396655,2.4899739572668804,1.7142752811445796,1.204607289988055
17678.0,0.7218745649366273,-0.5571872395918231,-0.3158749286977723,-0.1969037808196001,-0.3507527121214226,0.09540867243993584
17679.0,-0.2983107883386734,0.654643185938614,0.9700482164997101,0.8291389961597865,0.4126028186801636,0.8181672579790124
17680.0,-0.7922005967383016,-0.20175138038774237,-0.4504040771625025,-0.7631624647057185,-0.586765087019821,-0.7062236070291594
17681.0,1.2438240863831336,0.2992073267345332,-0.17329967776313326,-0.06491846260944777,-0.9802035124500996,-0.87588488877904
17682.0,-1.3187161125298095,1.15560189306089,1.1283455469712471,1.0593723071550747,0.5698454386786636,0.5031999348318699
17683.0,0.9647411258391285,-0.20175138038774237,-0.0916832541256793,0.2970828555111235,-0.0181119525235737,-0.03176609808700794
17684.0,-0.41523819700049863,-1.058145946714099,-0.9758299711876677,-0.8067360727591756,-0.8098576192004525,-0.2095317942209493
17685.0,-1.0028785328055105,1.2544959545938104,1.3357034505859966,1.3463263540358574,0.8766449105123539,0.7755092549646854
17686.0,-1.5229485149574664,0.9303406571479473,1.5760794329721568,1.2983840803963087,1.549909087672658,1.6186783307212484
17687.0,1.0202674598207486,-1.058145946714099,-0.5507080134665883,-0.5645293427226981,-0.3805884749031534,0.5922975942195962
17688.0,0.9778633268252847,-1.058145946714099,-0.8038809508319192,-0.9637172845910725,-0.6267921989603487,0.11478402934622352
17689.0,0.9680469331528011,-0.5571872395918231,-0.774094782970636,-0.3308725774292323,-0.7132292345010023,-0.7668414584447105
17690.0,-0.6542442484349309,1.8470162614078611,1.4983285807283404,1.208667381707657,1.4049427101962726,0.3889140164930515
17691.0,0.9165761254464796,0.07394609082159041,-0.12675983173670222,-0.18805141382691998,-0.10021972705664996,-0.4870202330724372
17692.0,0.2551824986059697,1.2544959545938104,0.837368598681595,1.0176977184954519,0.6162076636214244,-0.16190792731119127
17693.0,0.30342517418781684,-1.058145946714099,-1.1031626100749055,-0.5021252811070448,-0.7601216003714991,-0.4496959403280796
17694.0,0.3262505441323444,-0.20175138038774237,0.43239193643594404,0.7228635204661121,0.2031181655606824,0.9549906035544321
17695.0,0.27975735187346623,0.2992073267345332,0.4533457906394318,0.8490602781992872,0.07416420415895746,0.3017448566407238
17696.0,-0.5070123740010525,2.202452120611942,1.5203809993463553,1.6253476849055606,1.228742543886138,0.0237594176027708
17697.0,0.6502579820962507,-1.058145946714099,-0.7261784909424819,-1.0963383891618057,-0.6267921989603487,0.2613398935209717
17698.0,0.7145728708968584,-1.058145946714099,-1.2877101523175412,-1.0963383891618057,-1.2818823689972492,-0.797774039440769
17699.0,1.1001800545869456,-0.5571872395918231,-0.5353861599873425,-0.5707933990113551,-0.7132292345010023,-0.3178109238319486
17700.0,-1.0028785328055105,1.4312993642702228,1.4199064035081574,1.2771233160625555,1.4774744457749929,0.7249454054136496
17701.0,0.6946852246521797,-1.058145946714099,-0.575608365040202,-0.9929541396007278,-0.4437267787202448,0.5453326390776535
17702.0,-0.6542442484349309,0.48966298795922886,0.8769851607765045,0.9635035462402077,0.8499631098416093,0.8520313545812492
17703.0,-0.5583457794146515,0.07394609082159041,0.11725989183781038,0.3880557427345978,0.32744864979204164,-0.028265373898225688
17704.0,0.43717017866052393,-0.5571872395918231,-0.03575453202568917,-0.24304618451220317,-0.3507527121214226,0.6230206224851949
17705.0,-1.9674812683483254,1.15560189306089,0.5807451946303738,0.6323903596360522,0.457567115373851,-0.5261800923171464
17706.0,-1.8243736859341724,2.3674323185913275,2.2365764542630457,1.83060699452104,1.849140004351645,1.1841944227140284
17707.0,0.4948562494227654,0.8001660338568091,-0.3045218975956507,0.06200948635392683,-1.1954453334565955,-1.754082256545703
17708.0,0.5051176715181148,0.07394609082159041,-0.03352997614225973,-0.1621874941005139,0.24668909751329784,-0.31180916008920007
17709.0,0.4409316275594932,0.2992073267345332,-0.23511250421778931,-0.3418899361875976,-0.10021972705664996,-0.9918098087565872
17710.0,1.024810514465536,-1.058145946714099,-0.8295976929655723,-0.7506340680270399,-0.586765087019821,0.06627926678761853
17711.0,-1.2629135238814884,-0.5571872395918231,-0.6344485274376989,-0.4609184296153759,-0.5121324717856456,-0.5042030135584059
17712.0,-0.40114257027902034,-1.058145946714099,-0.41450655417924137,-0.5491253379834612,-0.2941514393624997,0.849189365678589
17713.0,0.9580779469522994,0.07394609082159041,0.1821433559675921,0.4522064721717343,0.21790042237482501,0.0937928284374059
17714.0,0.8468186429686271,0.2992073267345332,0.2995015341695224,0.1326286318621574,0.40096584261492885,0.012315441362571592
17715.0,0.5477790613471053,-0.5571872395918231,-0.4618428822201182,0.09712748567873544,-2.515817022689194,-0.17939679167956996
17716.0,-0.8183807704906293,2.062432694683636,2.047323410127151,1.890689656653779,1.6854021643347719,1.1750799688652023
17717.0,1.0202674598207486,-1.058145946714099,-0.6498792158256641,-0.24113697870484116,-0.3805884749031534,0.40524918824038053
17718.0,0.639341544931368,-0.5571872395918231,-0.539987893745661,-0.39029053921352713,-0.5121324717856456,-0.32647071755536083
17719.0,-0.5070123740010525,1.5110377522649707,1.266122793596492,1.0527406625603497,0.7865535568710715,0.34200087282396213
17720.0,-0.7428435417295326,1.0480979277381186,0.7854613411912555,0.7736780425257681,0.5307717179635321,-0.012617859418785153
17721.0,1.3070902279146166,-1.058145946714099,-0.7968089995649278,-1.0050227523118493,-1.0458699940988507,0.12812255081401708
17722.0,0.07733065274709057,0.2992073267345332,1.1240620893401532,1.1676617693016154,1.0994248524597794,1.5649116935710579
17723.0,0.2551824986059697,0.654643185938614,0.9287753225404795,0.3989514243478757,-1.4880589811139169,0.7404558829709355
17724.0,-0.1138130260237924,-0.20175138038774237,0.07540321764395774,-0.3308725774292323,-0.07890961835600385,0.2826938620662771
17725.0,-1.0395356639262063,1.15560189306089,0.9415993932469761,0.9662459585752804,0.8153422320095451,0.15187465053358667
17726.0,0.9794848831855826,0.654643185938614,0.11542952036792203,-0.07372735685424821,0.17272976344709118,-0.7885796364278872
17727.0,-1.0784157615666075,-1.058145946714099,0.09414777870550281,0.17142182582381535,0.36503047510217346,1.808570515621917
17728.0,-1.8243736859341724,0.2992073267345332,1.0922119648623618,0.9613626252279839,1.2498335012412511,1.5048940500159074
17729.0,1.242750738519486,-1.058145946714099,-0.5408560487749824,-0.45826096766153757,-0.47721685960260357,0.6108795438934143
17730.0,-1.9674812683483254,1.8470162614078611,1.529166015086539,1.5558265707591097,1.1666290909919852,0.4469321375870803
17731.0,-0.04624267237073655,0.48966298795922886,0.43789958465384315,0.23169839153661606,0.5407159979871611,0.025674202887822534
17732.0,0.942827752064887,0.8001660338568091,0.703289161027352,0.5518840134438602,0.6162076636214244,0.13511051159171414
17733.0,-0.4907754257615954,-0.5571872395918231,-0.21275184242190417,-0.04622786677865658,-0.1914684658752519,0.28960959806308917
17734.0,-0.28654302333393833,0.48966298795922886,0.3157291346967993,0.26254889048325236,0.47915765239960845,-0.20402153878121534
17735.0,-2.1519790306632065,2.1575193073054413,2.1032542532202214,2.0300767644949715,1.8143115984463487,1.171795505913286
17736.0,-1.3798409325433134,-0.20175138038774237,-0.6488883953142965,-0.48257374991591023,-0.4437267787202448,-1.0788667182133949
17737.0,-1.3798409325433134,-0.5571872395918231,-1.2287783268609818,-0.9989607652635911,-1.2818823689972492,-1.620686517168418
17738.0,-0.9353081791524545,1.3460575542855853,1.0827685174193056,1.1305940185129866,1.147982991607394,0.19103591135791087
17739.0,-1.2115801184678894,1.7233615276208618,1.5251500047922226,1.0168535845543771,0.23242103254119895,0.5822230688792204
17740.0,0.9696934685856777,0.48966298795922886,-0.5603765084073229,-0.5281484048190704,-1.614523128595098,-1.8453694820724924
17741.0,0.9986303407132077,-0.5571872395918231,-1.5929409605020772,-0.9637172845910725,-1.4880589811139169,-2.3022997353087558
17742.0,0.18089663648351514,1.15560189306089,0.5857668660640163,0.17951695495102846,0.17272976344709118,-0.51675369229202
17743.0,1.060040892608841,-1.058145946714099,-1.0071017706767453,-1.0756752990814846,-1.9471638881929467,-0.26851404014910224
17744.0,-1.8243736859341724,0.654643185938614,0.7536094230936714,1.3415316995601143,0.8567153541898691,0.41073533739225193
17745.0,1.1015203376219447,-0.5571872395918231,-0.3151795721320285,-0.7262712480428852,-0.3507527121214226,0.09671801725630534
17746.0,0.6609917087814282,0.07394609082159041,-0.020476195678644622,0.21380652546532233,-0.21595962957782017,-0.28727028326292786
17747.0,0.18089663648351514,-1.058145946714099,-1.840642282868084,-2.397537599248726,-2.515817022689194,-1.8406682584670984
17748.0,1.1639826455004636,-1.058145946714099,-0.6865879639315788,-0.9811029912456316,-0.7132292345010023,0.3360122257415034
17749.0,0.4702544582071883,-0.20175138038774237,0.07063462560494024,-0.070777930661493,0.17272976344709118,0.2737171642576781
17750.0,-1.7074462772723475,0.9303406571479473,0.47429269687814174,1.3636690346235125,0.7098254282188435,-0.45469719195849223
17751.0,1.0202674598207486,-1.058145946714099,-1.274387921029181,-0.7977873505159858,-0.24120448470420522,-0.7726467639081844
17752.0,0.9183600631720787,-1.058145946714099,-1.7540896491503444,-0.6231769669374269,-2.515817022689194,-1.677419938540639
17753.0,1.0824965852277768,0.07394609082159041,-0.6243297009782518,-0.8881581216111365,0.32744864979204164,-1.4203317167828504
17754.0,-2.4120140217391843,1.3460575542855853,1.1476049135402981,1.4395475883997757,1.2026961322161416,0.312990430535963
17756.0,0.9479515492166357,-0.20175138038774237,-0.17084349855777373,-0.142204561494289,0.2031181655606824,-0.18068759385573538
17757.0,-2.4120140217391843,3.0807148010694942,1.6677458284245874,1.5386047997639418,1.7512570039357047,-0.686476939529124
17758.0,-0.9353081791524545,1.2544959545938104,1.2130075856390596,1.2314066996300856,1.8390489416127673,0.5445565331232837
17759.0,-1.0028785328055105,0.2992073267345332,0.22801847467218064,0.44351252534934027,0.8082392174469527,-0.12210934446521929
17760.0,-0.8456753236698794,0.48966298795922886,-0.008828699927109634,0.22139934789733445,0.26071325195673184,-0.8135083999689021
17761.0,-0.5950029105353472,-1.058145946714099,-0.19165960530612194,-0.1454931730396027,-0.6267921989603487,1.2695045940159815
17762.0,1.0713670183041981,-1.058145946714099,-1.4147135002384086,-0.8830791702047491,-0.7601216003714991,-1.0373171045395244
17763.0,0.7194498921096045,0.07394609082159041,-1.707026676679282,-1.6262149283445646,-1.0458699940988507,-3.426799030855963
17764.0,-0.3225146116861712,0.2992073267345332,0.4010042999990158,0.25182494195641325,0.8896672959534744,0.20325661482778223
17765.0,0.3982900810201226,0.07394609082159041,-0.40373544114283466,-0.6063545425438546,0.4240770344914922,-1.0069932068674063
17766.0,0.9564012788108172,-0.5571872395918231,-0.8148004994871617,-0.7631624647057185,-0.5486003891756687,-0.8433696483831272
17767.0,-1.0784157615666075,-0.5571872395918231,-0.5840860293827078,-0.6030410799249616,-0.14457610000475504,-0.4094505222671654
17768.0,-1.4474112861963695,0.654643185938614,0.9562033659146106,1.0438832379515561,0.939783214329445,0.7920983921412905
17769.0,-1.1640528084915374,1.6565606001831652,1.464155204807576,1.219100991024766,1.6755474745837462,0.5449375628339165
17770.0,0.5413976634342754,0.2992073267345332,0.14842243771858693,-0.2022729611569515,-0.1914684658752519,-0.27174150440173384
17771.0,-0.2524823540546596,0.07394609082159041,-0.6301501319881719,-0.18805141382691998,0.32744864979204164,-1.4312259199926332
17772.0,-1.2629135238814884,-0.20175138038774237,-0.6350646823769941,-0.9194840867058315,0.6514988276797011,-1.0529293587286808
17773.0,1.1479948039640142,-0.5571872395918231,-0.33346827262616546,-0.4246569123197467,0.10835219495760728,0.062281403323188135
17774.0,0.0839084047561103,0.9303406571479473,0.9179583538565143,0.7720459798054511,1.5585297595388092,0.3793379980461584
17775.0,0.6997152519968288,-1.058145946714099,-2.007936628688272,-1.2626334870875637,-1.9471638881929467,-2.1562048252387735
17776.0,0.9663961595288088,-0.5571872395918231,-0.7270056498137931,-0.3831542564881224,0.457567115373851,-0.678295359912324
17777.0,-0.7670473650770303,-0.20175138038774237,-0.24065609405764862,0.013359608285288696,0.9812559531764108,-0.3119869483124289
17778.0,1.3099987372027848,-1.058145946714099,-1.113138744855277,-0.5521774127817789,-1.1172535236719159,-0.4685120892111586
17779.0,-0.8741833591389503,-0.20175138038774237,-0.24857686938841064,-0.14714366559657338,0.44655496268773315,-0.3268815333395235
17780.0,1.3148171310090697,-0.20175138038774237,-0.6971788710557607,-0.7506340680270399,0.47915765239960845,-1.1694530242258723
17781.0,0.3982900810201226,-0.5571872395918231,-1.149127559508554,-1.7461316338435953,-0.9802035124500996,-1.4712916161271195
17782.0,0.9597502430728069,-0.5571872395918231,-0.22657420444139295,0.05231913149156605,-0.2941514393624997,0.2635769352567777
17783.0,-0.10496702096475002,-0.20175138038774237,-0.644200513898204,-0.08115931094395196,0.6251737972068488,-1.0700711617389047
17784.0,1.1913278063103443,-1.058145946714099,-1.514384129486547,-1.2626334870875637,-0.6267921989603487,-1.2253074876379044
17785.0,-0.2983107883386734,-0.20175138038774237,-0.6011148775800383,-0.5135641944509618,0.10835219495760728,-0.9892187270191117
17786.0,0.0001383902963132679,-0.5571872395918231,-0.8666494421551219,-0.5964638157260045,0.24668909751329784,-0.9408266310300804
17787.0,0.37377785410869707,0.07394609082159041,0.7405295946040819,0.6144676992234456,0.6514988276797011,1.1451438182299325
17788.0,-0.0876328522714647,-0.5571872395918231,0.13226614876830875,-0.5614195452564948,-1.9471638881929467,0.9396084894058017
17789.0,0.7617503989180828,-0.5571872395918231,-0.6123029591599478,-0.5997442262109776,-0.3507527121214226,-0.4625401652696724
17790.0,-0.7195200551006783,1.8470162614078611,0.7892754400322161,0.6754067582274664,1.215822701168371,-0.9426626907192965
17791.0,-0.6542442484349309,-1.058145946714099,-1.558489219843724,-1.5522358034901937,-1.1172535236719159,-1.3084948106775978
17792.0,1.086620877247503,-0.5571872395918231,-0.6630990079090116,-0.7802470860088049,0.05652066271060163,-0.5580987451606786
17793.0,-0.7670473650770303,-1.058145946714099,-0.7607176616925861,-0.4992963694822978,0.12492635577600246,0.1961950059026993
17794.0,1.3337366504688906,-0.5571872395918231,-1.3239546866887064,-1.5522358034901937,-1.3785107536966998,-1.79907337161835
17795.0,0.47738036706216375,-0.5571872395918231,-0.7023281762717632,-0.24688130289311921,0.020052745320578196,-0.631885142258971
17796.0,-0.4749394310824503,0.654643185938614,0.27446422376989926,-0.17758348562160425,1.0262202498700983,-0.49009193271789897
17797.0,-0.8456753236698794,0.8001660338568091,0.546041171409568,0.5161008008596119,1.3515360227957012,-0.1605416677494924
17798.0,1.2275321383409903,-1.058145946714099,-1.1681714395119485,-0.8203916692661117,0.020052745320578196,-0.5723101431562937
17799.0,-0.8456753236698794,1.8470162614078611,1.3824869476660706,1.3207552430501521,1.9787501635766682,0.17102615703727916
17800.0,-0.5236711079833221,0.9303406571479473,0.18269601799709398,0.25810180837037866,0.15710275654239486,-1.0016836659171435
17801.0,1.0643116644325106,-0.20175138038774237,-0.11008911909438715,0.3433574474678515,0.36503047510217346,-0.0663961467505129
17802.0,-0.022632943738098474,1.0480979277381186,1.2188180845632104,1.13295822285156,1.549909087672658,0.8027524569119855
17803.0,0.9746078619728364,-1.058145946714099,-1.1620519638845932,-1.0622519568722428,-0.3507527121214226,-0.5607681013710082
17804.0,0.9479515492166357,-0.20175138038774237,-0.6342059443155292,-0.6130319698342725,0.5407159979871611,-1.0513180278723517
17805.0,-0.0876328522714647,-0.5571872395918231,-0.0025116346692534096,0.5374534008296096,-1.1172535236719159,0.6856515190126906
17806.0,-1.2629135238814884,-1.058145946714099,-0.38337547990370296,0.2500204938045738,0.020052745320578196,0.9079061875093482
17807.0,0.9794848831855826,-0.20175138038774237,-0.5421356162535098,-0.41963611741357915,0.5979759564957379,-0.8785027620565058
17808.0,1.1901628192527913,0.07394609082159041,-0.9093633684031017,-0.8158082295413044,-0.2941514393624997,-1.9529334347939074
17809.0,-1.0395356639262063,1.8470162614078611,1.8010505539792732,1.2547601920958453,0.27450169513374717,0.958696201005035
17810.0,1.3167343976054073,-0.5571872395918231,-0.6539136990871269,-0.935724935040335,0.15710275654239486,-0.540820456288339
17811.0,-1.8243736859341724,2.8683910257136036,1.681931571287928,1.5591680899132532,2.0755688284711327,-0.4230170191890626
17812.0,-1.1640528084915374,0.654643185938614,0.16252820081071626,0.13693451263401815,1.0944071422788821,-0.7002155880741902
17813.0,-1.1198059414673356,0.2992073267345332,0.4635192707699872,0.3046093056627695,1.5893857849282496,0.32088969597826866
17814.0,0.9462481612329638,-0.5571872395918231,0.39819565942278307,0.6991067916340292,0.7938459876173184,1.4408078564810098
17815.0,0.9762376600515654,-1.058145946714099,-0.32529205603676986,0.13693451263401815,-0.9194058466176699,1.0174582710747713
17816.0,-0.5236711079833221,0.48966298795922886,-1.5178097922909155,-1.0756752990814846,-0.0181119525235737,-3.6083060738772863
17817.0,-1.8243736859341724,0.48966298795922886,-0.10155757785539528,-0.2022729611569515,0.8153422320095451,-0.9873972164837581
17818.0,1.3795972273515245,-1.058145946714099,-1.412347560207662,-1.1176717491805908,0.0011923041824166546,-1.0328546668472676
17819.0,-0.10496702096475002,1.2544959545938104,1.4125944380968445,0.8634372645868037,0.36503047510217346,0.9202804800163839
17820.0,0.9445402369244065,-1.058145946714099,-1.166334038358705,-0.9752565444053659,-0.05813906446410138,-0.5688445911746393
17821.0,0.9970565357545049,-1.058145946714099,-0.7354157605057449,-0.7342923345111426,-1.4880589811139169,0.24391733025353607
17822.0,1.0187459283862368,0.2992073267345332,0.6160198977163615,0.6754067582274664,1.0424661878166923,0.6079395614873194
17823.0,1.0202674598207486,-0.5571872395918231,-0.4550451279329319,-0.41963611741357915,0.5979759564957379,-0.16660139604552998
17824.0,-0.3225146116861712,-1.058145946714099,-0.8177068473902764,-0.12921212048498146,-0.9194058466176699,0.08870678261576104
17825.0,1.2459654079011127,0.07394609082159041,-0.17255211319831523,0.05475513775326972,-0.4437267787202448,-0.573048636104905
17826.0,0.9445402369244065,-1.058145946714099,-1.3885210028943895,-1.1548410131689795,-0.1914684658752519,-0.9879150123971451
17827.0,-1.7074462772723475,0.48966298795922886,0.6788718993482482,0.7650641746523024,1.4152191667836551,0.47904922030129315
17828.0,-0.8183807704906293,0.07394609082159041,0.4832592668298027,0.19344802513379777,0.2031181655606824,0.6605734002636723
17829.0,0.8014326545102536,0.2992073267345332,1.1752719290584077,1.1835858516147453,0.8567153541898691,1.6614153126564446
17830.0,-2.1519790306632065,-0.20175138038774237,-0.6095031326275658,-1.1033729047604708,-0.6688728615528973,-1.0049616334111318
17831.0,-0.5950029105353472,-1.058145946714099,-2.336149178111677,-2.397537599248726,-2.183176263091345,-2.7752518139980467
17832.0,-0.3349679194593694,-1.058145946714099,-1.2857720804128836,-0.5707933990113551,0.3014022381220454,-0.7941186107294509
17833.0,1.3664458738438814,-1.058145946714099,-0.7189863144306785,-0.8067360727591756,-0.32196403698294906,0.2749051737641517
17834.0,1.0110836484864059,-0.5571872395918231,-0.1740184641680811,0.212851229816185,0.2031181655606824,0.3625627840110306
17835.0,-1.9674812683483254,-0.20175138038774237,-0.7018156852059663,-0.23355509718163991,0.05652066271060163,-1.178149291857939
17836.0,-0.37384801709977017,-1.058145946714099,-1.5313536066817008,-1.132288371569837,-0.47721685960260357,-1.2573138925634135
17837.0,-0.44439436309454555,0.8001660338568091,0.38745620693415517,0.02744959273134157,0.7791957222855813,-0.45847721937360253
17838.0,-0.7195200551006783,1.3460575542855853,1.4245219156343683,1.3948249381248277,0.9812559531764108,0.8341539912066274
17839.0,-0.44439436309454555,-1.058145946714099,-0.7264965166148449,-0.3644942549377236,0.14117229372259663,0.26074006016551243
17840.0,1.0543019263585547,-1.058145946714099,-1.1579495372766342,-0.8390516708165107,0.038489320235348796,-0.553030448308307
17841.0,-2.1519790306632065,4.703608573249776,3.121800906617881,2.8436557105696334,3.1978991004060235,0.2492662561471945
17842.0,1.2491640439523515,-1.058145946714099,-0.5540221632784077,-1.12493945781088,-0.6688728615528973,0.5860467227495437
17843.0,0.8099271521892553,-0.5571872395918231,-0.7536584986538699,-0.38552442459827896,0.26071325195673184,-0.7284153620208835
17844.0,0.14622196505218568,-1.058145946714099,-2.0714129082935338,-1.473214373913271,-1.614523128595098,-2.2759284610848463
17845.0,1.197121207936731,0.07394609082159041,-0.31776056043742956,-0.609684782260171,0.0011923041824166546,-0.8456923375952089
17846.0,0.0001383902963132679,-1.058145946714099,0.5629700120283158,-3.628661084298931,-2.515817022689194,2.692823699455809
17847.0,1.1504805636606206,-0.5571872395918231,-1.415044249857557,-1.8475197636971112,-1.1954453334565955,-1.969652784491955
17848.0,-0.030406677691591163,2.3282062876889484,0.984656890390325,0.6981932901832864,0.7413828979433381,-1.1237191217908287
17849.0,0.5996007235020872,0.8001660338568091,0.09652715065693554,-0.5222758574236794,-0.4437267787202448,-1.0042512995222408
17850.0,0.9411106822337401,4.324638360695156,2.959644555229872,2.514948675858605,0.7017426726202728,0.36229113074926855
17851.0,1.0217853899940603,0.48966298795922886,0.3737498505057655,0.41741996430909833,1.2026961322161416,-0.09495076451617926
17852.0,-1.2115801184678894,0.2992073267345332,-0.24352532616501352,-0.18279662471361577,0.5407159979871611,-1.007582931637996
17853.0,0.9986303407132077,-0.20175138038774237,0.3941188118977738,0.15283506795535998,0.5602500888610992,0.8828903178567635
17854.0,0.4948562494227654,0.48966298795922886,0.10171277611836016,0.13478509588839982,0.8010741670374462,-0.6060596263588437
17855.0,0.942827752064887,-1.058145946714099,-0.5756255652253723,-0.1521201403247171,-0.7132292345010023,0.5453001975306911
17856.0,-2.1519790306632065,0.07394609082159041,0.30349888474986353,0.3464857336924171,-0.9802035124500996,0.3221576277782664
17857.0,-1.8243736859341724,2.062432694683636,2.4698465149693978,2.493681289979559,-0.5486003891756687,1.9711395369285807
17858.0,-1.608585561882396,2.3282062876889484,1.8883470885497269,1.5781491456620982,1.147982991607394,0.5730713942117416
17859.0,0.8141325783983266,-1.058145946714099,-1.3195464865044295,-0.8932765983286024,-0.47721685960260357,-0.8578210633773915
17860.0,0.935931715741001,0.07394609082159041,0.0631314642433825,0.32668529384340617,0.8961017842882889,-0.13006844227936493
17861.0,-1.9674812683483254,1.7233615276208618,1.2293722621147065,1.4589516539458385,1.673065194151025,0.02586438857500112
17862.0,0.8527660599238526,0.07394609082159041,0.22924669473776255,-0.07520704462975447,0.6162076636214244,0.18242055078917702
17863.0,-0.23074043468561758,1.2544959545938104,1.3112954179068468,1.5111659848933372,1.0531207928583965,0.7295593596455168
17864.0,-1.1640528084915374,0.2992073267345332,-0.004618963397072566,0.5345288920593108,0.6428173386552047,-0.5592755410235813
17865.0,-0.6338830081757483,2.842379197713229,2.409402006775249,2.1451289913516747,1.8143115984463487,0.9741335265735084
17866.0,0.33071972736706673,-0.20175138038774237,0.1431638559345448,0.048648121372928815,-0.586765087019821,0.41026279408649685
17867.0,-0.6542442484349309,1.5110377522649707,0.39995678410616087,0.19835275285002624,0.8431548296299944,-1.2835311667455187
17868.0,0.9647411258391285,-1.058145946714099,-0.9902404981898628,-1.110483470649885,-0.6688728615528973,-0.23671172187092762
17869.0,0.14622196505218568,0.654643185938614,0.07760205901293335,0.07863147773092258,0.43539298020353107,-0.8595267780524306
17870.0,-2.1519790306632065,1.3460575542855853,0.8687147461201066,0.8733173786374865,1.3253709285855884,-0.21135078105346894
17871.0,0.5603544681590024,0.2992073267345332,0.1329677880662114,0.2372488121448318,0.34016817678249833,-0.3007881343040515
17872.0,0.9580779469522994,-1.058145946714099,-0.9865194891076815,-0.6800964371201603,-0.8098576192004525,-0.22969346656193063
17873.0,-0.03827579726269536,1.7233615276208618,1.401987087182759,1.4201638894777158,0.3526935049184267,0.3504791866929001
17874.0,0.4948562494227654,0.48966298795922886,-0.22188458654718263,-0.5311044589581426,-0.10021972705664996,-1.2128313016897467
17875.0,1.3346681324029106,-1.058145946714099,-1.233648661400789,-1.0622519568722428,-0.4115503779538524,-0.6958077885504682
17876.0,0.9875317290149478,-0.20175138038774237,0.9384378514306684,0.9010908016679439,-1.9471638881929467,1.9086445069071307
17877.0,0.4409316275594932,-1.058145946714099,-0.981245502015778,-1.0622519568722428,-0.9802035124500996,-0.2197461143545463
17878.0,-0.41523819700049863,-0.20175138038774237,0.3005985567242778,0.48398034455575983,0.5407159979871611,0.7067340342118033
17879.0,0.4557606165093461,-1.058145946714099,-1.1862858156037699,-1.5663808849782732,-1.4880589811139169,-0.6064759603762473
17880.0,0.9289607210324548,-0.20175138038774237,-0.08650839995328355,-0.041989049064595975,0.020052745320578196,-0.022029384803806996
17881.0,0.8120333123706301,-1.058145946714099,-1.3951413022232777,-1.7848322627584738,-1.2818823689972492,-1.0004016658521484
17882.0,0.9530347346034082,-0.5571872395918231,-0.7823427221038833,-0.8582565662530369,0.09143627489364367,-0.7823489959546313
17883.0,-1.9674812683483254,0.654643185938614,0.04903689575568661,-0.021195296045016156,1.0583966506364906,-0.9130879177879021
17884.0,-1.8243736859341724,1.8470162614078611,0.8604960090028754,1.2006256484284332,1.6111193223129396,-0.809199513673766
17885.0,-1.2115801184678894,-1.058145946714099,-1.1409020834248556,-0.7144200996877884,0.14117229372259663,-0.5208769703517337
17886.0,-0.6141483680629726,0.48966298795922886,0.39420388862445854,0.24821108155252855,0.9637379981128575,-0.05649326405567379
17887.0,0.2651257241188405,-1.058145946714099,-1.524004498433126,-1.8259532106467022,-1.1172535236719159,-1.2434526208377026
17888.0,-0.8741833591389503,2.110890520920167,0.48339774618669845,0.7449411232227339,1.0040461146997783,-1.814313670931128
17889.0,0.5817849890277144,0.654643185938614,-0.13155479400755588,-0.11489598468296687,0.6770053294538549,-1.2513907944733462
17890.0,0.8507897095190223,-0.5571872395918231,-0.3130855709643334,-0.11647136493027929,0.5979759564957379,0.10066099919354893
17891.0,0.4102035851912229,-1.058145946714099,-1.0911385533521936,-0.1537873679317828,-0.16768729188131876,-0.4270171728039799
17892.0,-0.26363611690734395,-0.20175138038774237,-0.9619077572830641,-0.9929541396007278,-0.3507527121214226,-1.6653760939935731
17893.0,0.6197789110416514,-1.058145946714099,-1.5182550544406879,-0.7383398607540069,-0.8098576192004525,-1.2326085016935335
17894.0,-0.10496702096475002,1.7233615276208618,0.6983123398058639,0.4724858996865095,1.3253709285855884,-0.9708925567005177
17895.0,-0.41523819700049863,-1.058145946714099,-1.6151589192821976,-0.8780391383485852,-0.8098576192004525,-1.4153804457726293
17896.0,-0.8183807704906293,-1.058145946714099,-0.9268479053743347,-0.35763101764852595,-2.183176263091345,-0.11714592903017118
17897.0,0.45208539041217766,0.9303406571479473,0.7359547549426699,0.4871379163370291,1.3100360324395852,0.036993963706992275
17898.0,0.0001383902963132679,0.07394609082159041,-0.8158319917246398,-0.44773720812994533,0.10835219495760728,-1.778385077777218
17899.0,0.3982900810201226,-1.058145946714099,-1.2837932494106168,-0.6989435988405914,-0.2941514393624997,-0.7903863056260388
17900.0,0.5118685254199581,-0.5571872395918231,-1.5185732673659744,-1.2536847648443734,-1.7640984679528429,-2.163326880256728
17901.0,-0.6752731880764764,-0.20175138038774237,-0.916394673175331,-1.6749572933624948,-0.5121324717856456,-1.5802066141273943
17902.0,1.1878264771467721,-1.058145946714099,-1.0483265604918,0.03751052984269448,-0.4437267787202448,-0.3462687818312116
17903.0,0.9778633268252847,-1.058145946714099,-0.6419716787635507,-0.8203916692661117,0.038489320235348796,0.42016372156765075
17904.0,-0.8741833591389503,-1.058145946714099,-1.1353454577912923,-1.3491740126569907,-0.1914684658752519,-0.5103965290274673
17905.0,-0.1138130260237924,1.3460575542855853,0.6775042487287657,0.6677919589740022,0.9088213112787457,-0.5704089509095275
17906.0,0.6793540117376464,-1.058145946714099,-1.8258654186998136,-1.9168175809686259,-0.9802035124500996,-1.8127973763733372
17907.0,1.2893566040861313,-1.058145946714099,-0.8338678144222103,0.48902520870459143,-0.9194058466176699,0.05822532176323747
17908.0,0.9445402369244065,0.2992073267345332,0.3001956587782757,0.35731902935859977,1.1712251425483466,0.01362094232411649
17909.0,1.3787288112420826,-1.058145946714099,-1.399444969559048,-1.6262149283445646,-1.2818823689972492,-1.00851888230079
17910.0,1.3690978081484741,-1.058145946714099,-0.911937211501823,-0.9248532670431823,-0.4115503779538524,-0.08902262857043723
17911.0,-1.3798409325433134,-1.058145946714099,-0.6705560443380871,-0.5252055769172435,-0.05813906446410138,0.36625028813679245
17912.0,0.8245270555146574,0.48966298795922886,-0.6525918785127263,-0.5460873605785668,0.10835219495760728,-2.0171569847244264
17913.0,-0.23074043468561758,1.4312993642702228,0.9500457956749172,0.8253827270193658,1.3588610094679472,-0.15884152678143268
17914.0,-1.8243736859341724,-1.058145946714099,-0.7315400402487973,-0.03220343482568643,0.43539298020353107,0.25122738880721296
17915.0,1.1924906809695346,-1.058145946714099,-0.9677229518618099,-0.6265937067707593,-0.3507527121214226,-0.19424101417520737
17916.0,1.2772557696380078,-0.5571872395918231,-2.1854006245102777,-1.1176717491805908,-0.8098576192004525,-3.4030367608525167
17917.0,-0.40114257027902034,-0.20175138038774237,-0.7212564306836884,-0.6404409748334174,0.4897435161402434,-1.2146066174677315
17918.0,1.131598183073706,-0.20175138038774237,-0.6136797622531438,-0.22605962074769653,-0.16768729188131876,-1.0127999073151743
17919.0,0.02212883716268363,-0.5571872395918231,0.49122000734793275,0.7045613158222488,-0.10021972705664996,1.6161609286461942
17920.0,-1.8243736859341724,3.0365845316001647,2.3567656586997687,2.1287703747981372,2.3085314115408413,0.6575479807669646
17921.0,-0.1794070292720186,1.0480979277381186,0.689485890804342,0.46078699748300556,1.380451546493704,-0.19301174700696042
17922.0,1.1831281030280887,-1.058145946714099,-1.2196396345048313,-1.5115390548677536,-1.2818823689972492,-0.6693851367334505
17923.0,0.7640205789835691,-0.20175138038774237,-0.45105492154599314,-0.8296554976039625,-2.183176263091345,-0.7074462670649032
17924.0,-1.2115801184678894,0.8001660338568091,0.9617630825376662,0.6155051141684996,-0.3507527121214226,0.6214648126257876
17925.0,0.942827752064887,-1.058145946714099,-0.4639610640077226,-0.8112565093766205,-2.515817022689194,0.755912416202799
17926.0,0.28456130840953614,0.2992073267345332,0.07713640913721337,0.09255201721779839,-0.3507527121214226,-0.40570300289307976
17927.0,1.3655594532482656,-1.058145946714099,-0.8283753124220607,-0.9989607652635911,-1.1172535236719159,0.06858481846718753
17928.0,-0.40114257027902034,-0.20175138038774237,-0.7213406465614912,-0.5281484048190704,-0.3507527121214226,-1.214764535598298
17929.0,-1.2629135238814884,1.2544959545938104,0.8626518247282788,-0.0886762034903892,-1.4880589811139169,-0.11439335975113654
17930.0,-0.540774126845729,1.3460575542855853,1.0983822440446633,1.3361822409478057,-0.05813906446410138,0.22040190662692147
17931.0,0.2893295474663386,1.4312993642702228,0.9412243445708439,0.8940021317100467,1.5234898547932807,-0.17541751722197377
17932.0,-0.6752731880764764,-0.20175138038774237,0.2581994220261736,0.3037772740036711,0.5602500888610992,0.6268807324525894
17933.0,1.2803024508967262,-1.058145946714099,-1.5028945767469353,-1.3491740126569907,-0.9802035124500996,-1.203636856706386
17934.0,-0.31029852425924354,-0.20175138038774237,0.08657113975637694,0.15388156131663502,-0.12209817180851448,0.3037175090798302
17935.0,0.30805570115501285,0.654643185938614,-0.21906861670172387,-0.4662657837754595,0.28806221969362183,-1.4151059033236226
17936.0,-1.7074462772723475,-1.058145946714099,-0.6256559464279683,-0.41963611741357915,0.3891614223084505,0.45093708775821334
17937.0,-1.3798409325433134,0.654643185938614,1.102750282864373,0.8287643331255561,-0.6267921989603487,1.06807608334144
17938.0,1.0187459283862368,-1.058145946714099,-1.3387308126079567,-1.4609201666402376,-0.2941514393624997,-0.8940049305897445
17939.0,0.40228588957776795,-1.058145946714099,-1.6069085911368177,-1.6420643925920622,-0.9802035124500996,-1.3998193686485352
17940.0,-0.3476678433474425,1.5859404542672264,2.511596595623938,3.385321964661057,-1.0458699940988507,2.6005429350669496
17941.0,0.2749171387187454,0.07394609082159041,0.311201623177199,0.5268637473001856,-1.614523128595098,0.3366554002942988
17942.0,-1.4474112861963695,-1.058145946714099,-1.7823518266848182,-1.6749572933624948,-2.183176263091345,-1.7307256879071145
17944.0,1.0232997359133336,-1.058145946714099,-1.8017970670034276,-1.1548410131689795,-0.4437267787202448,-1.7674016696332324
17945.0,1.342991142929533,-0.20175138038774237,-0.6821873813539389,-0.4662657837754595,0.36503047510217346,-1.1413345934849926
17946.0,0.6420881238566438,-0.5571872395918231,-1.3129604129315482,-1.2361445003371931,-0.6688728615528973,-1.7784747385213338
17947.0,-0.5236711079833221,-1.058145946714099,-1.1937096853546665,-0.7105166998701326,-1.1954453334565955,-0.6204782409785802
17948.0,0.34829137993598897,-1.058145946714099,-0.6857658152856293,-0.8112565093766205,-2.515817022689194,0.33756289357697056
17949.0,-2.4120140217391843,3.9901439552669107,3.4928644567653415,3.158937522560877,0.26071325195673184,1.7363404302214673
17950.0,-0.10496702096475002,0.654643185938614,0.310965452912595,0.3503752834002815,0.9336836095984207,-0.42154062806682235
17951.0,-0.4749394310824503,0.07394609082159041,0.40650092285176226,0.3887877638884077,-0.4437267787202448,0.5160494745606198
17952.0,0.9513448121530387,0.07394609082159041,-0.09115619007204583,0.009463915126396273,0.5698454386786636,-0.4201183534964168
17953.0,1.1795815951948991,-1.058145946714099,-1.2610848380458404,-1.0556416405393652,-0.586765087019821,-0.7475556043028637
17954.0,-1.7074462772723475,1.7867352234743035,1.0443041081493427,1.2372729255773638,1.9804610986224889,-0.39502432875311916
17955.0,0.5413976634342754,0.48966298795922886,0.015031093841187343,0.20709013366430046,-0.7601216003714991,-0.7687453696057684
17956.0,0.6845052458484283,-1.058145946714099,-3.037668199183025,-3.628661084298931,-2.515817022689194,-4.098398166306909
17957.0,-0.15997144498132296,-1.058145946714099,-1.521891038783556,-0.3599108152129162,-0.24120448470420522,-1.2394663904689096
17958.0,0.20301349020923423,-0.5571872395918231,0.032977813724553044,-0.3667980083921493,-0.14457610000475504,0.7525184336493773
17959.0,1.2384392923735166,-1.058145946714099,-1.3565055416916074,-1.5115390548677536,-2.183176263091345,-0.9275301341036759
17960.0,0.44467114368717237,-0.20175138038774237,-1.385921591622517,-1.3807506813715704,-0.10021972705664996,-2.4563308042015977
17961.0,-0.8741833591389503,3.7875156222399355,0.8421312811048367,0.7419543866133782,1.9923387650392004,-2.9954586117884583
17962.0,0.3262505441323444,0.07394609082159041,-0.21772754905226005,0.17750249414563374,1.0096460890517032,-0.6578963574766553
17963.0,1.092078996990952,0.07394609082159041,-0.2563316355480192,-0.24113697870484116,0.6853342645162757,-0.7303836486362641
17964.0,-0.6141483680629726,-0.5571872395918231,-0.17107892881637415,-0.0010388380035462495,0.5602500888610992,0.36809953516909794
17965.0,-0.5070123740010525,2.2876939305965793,1.4780088840938839,1.451869215221442,2.148346399258342,-0.15262915841405214
17966.0,-0.5070123740010525,1.0480979277381186,0.5418765016751277,1.3613384593823519,0.5407159979871611,-0.470277974590894
17967.0,0.9411106822337401,-0.5571872395918231,-0.68831552418012,-0.6030410799249616,0.27450169513374717,-0.6055299310832609
17968.0,0.9445402369244065,0.07394609082159041,-0.03344081237972452,0.03626129691480907,0.7490861757345402,-0.31164155249153885
17969.0,0.42575162422735197,1.8470162614078611,0.6733886924290857,0.4705504762041935,0.8010741670374462,-1.1596324608481277
17970.0,0.5787669825224744,-1.058145946714099,-0.3367698523720103,0.03626129691480907,-0.3507527121214226,0.995809814087355
17971.0,1.188995712108433,-1.058145946714099,-1.2561145982616808,-1.3595320367867216,-0.5486003891756687,-0.7381811547968935
17972.0,0.6662919472041413,-1.058145946714099,-1.3808558895120377,-1.6920419146655814,-0.2672508963742018,-0.9734577182864254
17973.0,-0.31029852425924354,-1.058145946714099,-0.7302385407132718,-0.6800964371201603,-0.8098576192004525,0.25368216809506794
17974.0,-0.7670473650770303,0.48966298795922886,0.49812925480467757,0.6024183127780941,1.5382721116074227,0.1389565849790049
17975.0,-1.0784157615666075,2.062432694683636,1.4565841173801135,0.9985823835702587,1.4253684886861164,0.06335905677506339
17976.0,0.9411106822337401,-1.058145946714099,-0.1981498349568302,-0.5583243821854503,0.23242103254119895,1.257263267081087
17977.0,-0.6752731880764764,-0.5571872395918231,0.37480393829655045,0.935112795236374,0.6514988276797011,1.396716046045293
17978.0,0.9289607210324548,0.07394609082159041,0.32536998418438523,0.8446851782167959,0.31452880707427483,0.36332333977464676
17979.0,-0.540774126845729,0.07394609082159041,-0.1476711177180603,-0.14714366559657338,0.8223842757380923,-0.5263082317633417
17980.0,0.42575162422735197,0.07394609082159041,0.07569585562884641,0.297923393566484,-0.0181119525235737,-0.10643966933465501
17981.0,1.0048872215498614,-1.058145946714099,-0.9766997276693622,-0.4246569123197467,-0.7132292345010023,-0.21117225596408723
17982.0,1.3281191675561623,-1.058145946714099,-1.369690150524575,-0.9467793286780029,-0.9194058466176699,-0.9523978377011041
17983.0,0.9794848831855826,-1.058145946714099,-1.2141531238149843,-0.9989607652635911,-0.47721685960260357,-0.659036940336597
17984.0,0.3395657324261091,0.2992073267345332,0.1780331771080114,0.4414898043123751,1.3022597367090243,-0.21608283212978271
17985.0,-0.8456753236698794,-1.058145946714099,-0.2748555785799904,-0.6545860563214968,-0.586765087019821,1.11258732554906
17986.0,-0.26363611690734395,-1.058145946714099,-2.7055676050686475,-2.5074125686447046,-2.515817022689194,-3.472017873679955
17987.0,0.4948562494227654,0.2992073267345332,0.054646165892267756,0.4692570226136769,0.9696189771111754,-0.44795657840530917
17988.0,-1.2115801184678894,1.4312993642702228,-0.46193101559458083,-0.6439488281553082,0.8153422320095451,-2.791510929035002
17989.0,0.9530347346034082,-1.058145946714099,-1.0082609104102567,-0.270373833714497,-0.3805884749031534,-0.2707003123158489
17990.0,0.6529583027123002,0.48966298795922886,0.35710041296532596,0.2937099202278743,-0.037881416532715165,-0.12625232555873475
17991.0,0.6197789110416514,-0.20175138038774237,-0.7662762541729674,-1.0490970995891926,-0.10021972705664996,-1.2990103172740577
17992.0,0.9696934685856777,-1.058145946714099,-0.9330069789326594,-0.8730374341016977,0.12492635577600246,-0.12876265711240298
17993.0,1.264922212625839,-1.058145946714099,-0.9885911235078024,-0.9752565444053659,0.28806221969362183,-0.2336008096524307
17994.0,0.22962831338438636,1.15560189306089,0.6559715284283683,0.975905182218599,1.3697273015336935,-0.3849377782259282
17995.0,0.7640205789835691,-0.20175138038774237,-0.45325768570911895,-0.4171400197733095,-0.32196403698294906,-0.711584292117794
17996.0,0.9547202157281579,-0.20175138038774237,-0.4726009645460721,0.10954833605195877,0.32744864979204164,-0.7479196086944424
17997.0,-0.0876328522714647,0.8001660338568091,0.5405072776878176,1.0063525309712593,0.9336836095984207,-0.17094244968396863
17998.0,0.9547202157281579,-0.20175138038774237,-0.2700109139291193,0.07980284213457398,0.24668909751329784,-0.36718458504110707
17999.0,-0.5236711079833221,-0.20175138038774237,-0.17359498266075787,-0.15045712821546633,0.8831819415705221,-0.185863096763795
18000.0,1.2074192468466634,-1.058145946714099,-1.4456812527472453,-0.9929541396007278,-1.4880589811139169,-1.0957258825491283
18001.0,-1.2115801184678894,0.48966298795922886,0.018010661973320522,0.38511948366689464,0.8499631098416093,-0.7631548930656161
18002.0,0.9479515492166357,0.07394609082159041,-0.944996968795981,-1.2626334870875637,0.17272976344709118,-2.019367578042884
18003.0,0.9479515492166357,-1.058145946714099,-0.685665617396568,-0.3330613346531344,-0.47721685960260357,0.3377518784333157
18004.0,0.9236822945372614,-1.058145946714099,-1.2235601498449495,-1.210681155040306,-0.21595962957782017,-0.676779684016753
18005.0,-1.8243736859341724,-0.5571872395918231,-0.9455715586977284,-1.0963383891618057,0.17272976344709118,-1.089122670504985
18006.0,-0.8183807704906293,0.07394609082159041,0.050488401973036945,-0.13730227093241618,0.24668909751329784,-0.1538439410561045
18007.0,0.9762376600515654,-1.058145946714099,-1.035449097177056,-0.44513236932404693,0.07416420415895746,-0.32198039035485027
18008.0,-0.12278275543912286,2.0119964593872464,2.202340200350377,1.8124658173668236,0.4897435161402434,1.5248560932485287
18009.0,0.6475462436000934,0.8001660338568091,0.6051867479792146,0.17951695495102846,1.0040461146997783,-0.04936229520562666
18010.0,0.7047061347631505,-1.058145946714099,-1.2013747748086052,-1.3807506813715704,-0.862804573858747,-0.6349354899575337
18011.0,0.942827752064887,-0.5571872395918231,-0.40886201363568786,-0.6030410799249616,0.32744864979204164,-0.07966471241986091
18012.0,1.3664458738438814,-1.058145946714099,-1.49910507858611,-1.3491740126569907,-0.9194058466176699,-1.1964894230403398
18013.0,0.3820531327806657,-0.5571872395918231,-1.1519158962152836,-0.3644942549377236,-0.24120448470420522,-1.4765230129743194
18014.0,-0.6970151074455184,-1.058145946714099,-1.2365695246463284,-1.29969799342043,-0.2941514393624997,-0.7013168758778884
18015.0,-1.8243736859341724,-1.058145946714099,-1.4703783518848423,-0.7547837407119178,0.07416420415895746,-1.1423074799898028
18016.0,-0.6141483680629726,0.654643185938614,0.5367660981868924,0.5841917903818861,0.8153422320095451,0.0028211595719048062
18017.0,-0.030406677691591163,0.07394609082159041,-0.21712069848219426,-0.142204561494289,-2.515817022689194,-0.6567567309974736
18018.0,0.15213283821989562,0.07394609082159041,-0.8186943078787514,-0.6439488281553082,0.020052745320578196,-1.7837302129549024
18019.0,-0.31029852425924354,-1.058145946714099,-2.2781664532161976,-2.7168662556421554,-1.614523128595098,-2.665889660388559
18020.0,1.1843059274157668,-1.058145946714099,-1.139809904494136,-1.3092999294811463,-0.9802035124500996,-0.5188169940362759
18021.0,1.1429941922828974,-0.5571872395918231,-1.013831926339093,-0.7066363290939456,-0.21595962957782017,-1.217333280247256
18022.0,-0.540774126845729,0.2992073267345332,0.41338302126593723,0.675879768631748,1.6137959741395977,0.22654746658157573
18024.0,0.37377785410869707,-0.5571872395918231,-0.6257665771424867,-0.6510211644571734,-0.5486003891756687,-0.48786989592530355
18025.0,0.9547202157281579,0.48966298795922886,0.16979683398879303,0.4934079441710827,0.5505411819726732,-0.47821393674842155
18026.0,1.131598183073706,-0.5571872395918231,0.5773396681850795,0.042483868766071,-0.9802035124500996,1.7785095067204655
18027.0,0.09686491004341691,-1.058145946714099,-1.4990431213909725,-1.210681155040306,-0.5486003891756687,-1.1963725645742354
18028.0,1.2286312392078274,-1.058145946714099,-1.1339256429594118,-0.8631467072838476,-1.7640984679528429,-0.5077185933488485
18029.0,1.2903547758033207,-1.058145946714099,-0.5488991656245179,-0.4425378060430995,-0.6688728615528973,0.5957092913400276
18030.0,-1.8243736859341724,-0.5571872395918231,-1.0025770829577063,-1.3092999294811463,-1.2818823689972492,-1.196197295712146
18031.0,0.9530347346034082,-1.058145946714099,-0.5034111043827969,-0.3308725774292323,0.12492635577600246,0.6815050580943891
18032.0,0.8722016442145482,-1.058145946714099,-1.8200384881004534,-1.6107384274973675,-1.614523128595098,-1.8018071084887601
18033.0,-0.1696156146721137,-1.058145946714099,-1.615377313936877,-0.4425378060430995,-0.21595962957782017,-1.415792363457002
18034.0,-0.8456753236698794,-0.20175138038774237,-0.11427518297304039,0.4541965521735231,1.189356113787718,-0.07427178646946428
18035.0,-0.540774126845729,0.2992073267345332,0.2279226079948397,0.5575687587617849,0.17272976344709118,-0.12228959590866967
18036.0,-0.6141483680629726,1.15560189306089,0.37388802840907137,0.26872471932128983,1.3478488567818285,-0.9141811896814573
18037.0,0.3779288407609402,1.5110377522649707,-1.232278223507444,-1.6920419146655814,-0.24120448470420522,-4.265267549686208
18038.0,1.1982736344801281,-1.058145946714099,-1.3137743991092823,-1.1548410131689795,-0.4115503779538524,-0.8469342361457741
18039.0,0.9445402369244065,0.07394609082159041,-0.34100515121972363,0.09025229131259026,0.9578145568046977,-0.8893123799966295
18040.0,-0.9353081791524545,-0.5571872395918231,-0.6884965549956934,-0.7933582365477243,-0.6688728615528973,-0.6058704257753695
18041.0,-1.2115801184678894,2.611849228042442,1.6145939028192433,1.8148970109100113,1.9544146869524919,-0.261883473672381
18042.0,-0.28654302333393833,-0.5571872395918231,-0.8604680181783809,-1.2902342195152068,-0.9194058466176699,-0.929209099591046
18043.0,-0.7670473650770303,-0.20175138038774237,-0.04329092063818332,-0.059110734465001924,0.7490861757345402,0.059292665051596416
18044.0,-1.8243736859341724,1.7233615276208618,0.955402378157809,0.7675368126727622,0.9024861982765124,-0.4887991603223111
18045.0,-0.40114257027902034,-1.058145946714099,-1.1438857538974396,-0.8203916692661117,0.020052745320578196,-0.5265045194041633
18046.0,1.298284709279553,-1.058145946714099,-1.143015814804047,-1.5808368721392683,-0.3805884749031534,-0.524863713234153
18047.0,0.9564012788108172,-0.5571872395918231,-0.7182940918550437,-0.8390516708165107,0.457567115373851,-0.6619123072032241
18048.0,0.5540975873223486,-0.20175138038774237,-0.604061143557185,-0.42971632910462676,0.23242103254119895,-0.9947483223527138
18049.0,1.0441334768929462,-0.5571872395918231,-0.3697011789851396,-0.10242696785706215,0.5407159979871611,-0.005938728284215879
18050.0,0.9183600631720787,-0.5571872395918231,-0.5858110419365545,-0.4503524041750327,-0.5121324717856456,-0.4126962479362868
18051.0,1.2823255604571917,0.654643185938614,0.6462414294815295,0.7929532956163405,-0.0181119525235737,0.2087200290140728
18052.0,1.2085533323744282,-1.058145946714099,1.771192513558115,2.351305398852586,-0.7601216003714991,4.971671667448472
18053.0,-0.1138130260237924,-0.20175138038774237,-0.3511365487183807,-0.12760596354808515,-0.2941514393624997,-0.5196926943808887
18054.0,0.9762376600515654,-1.058145946714099,-1.1944400574447185,-1.0756752990814846,-1.0458699940988507,-0.6218558075701528
18055.0,-1.5229485149574664,1.4312993642702228,1.7919805693139974,1.3437621366016053,1.6503800698286364,1.4256555726757798
18056.0,0.777475447277631,-0.5571872395918231,-0.37218705694026527,-0.26048310689664694,-0.32196403698294906,-0.010618973577859693
18057.0,0.9762376600515654,-0.20175138038774237,0.18542307753809906,0.44485755841277735,0.8567153541898691,0.48983252936789096
18058.0,-1.3187161125298095,-0.20175138038774237,-0.1323074785397075,-0.1521201403247171,-0.9802035124500996,-0.10819633608656962
18059.0,-0.8183807704906293,-0.20175138038774237,-0.7985646320808419,-0.42971632910462676,-0.7132292345010023,-1.3595249948926917
18060.0,1.0002002930243403,-0.5571872395918231,0.17451310162981432,0.39170772845699897,0.457567115373851,1.019222041539752
18061.0,-0.8456753236698794,2.245808014503504,1.3990053983744255,1.3027737803757162,-0.2672508963742018,-0.25354763377972034
18062.0,0.45208539041217766,0.48966298795922886,0.4049983784459095,0.33784688672160296,0.07416420415895746,-0.03619619122402462
18063.0,0.972973911537828,-0.5571872395918231,-1.15456140334348,-1.5248267984910486,-2.183176263091345,-1.4814863382316545
18064.0,0.28456130840953614,1.15560189306089,1.1345022235026916,1.114530780586549,0.18806465959309385,0.5147862613132858
18065.0,-1.608585561882396,2.2876939305965793,1.3263644891618005,0.9968431469319169,1.2372441024225518,-0.4374225750868538
18066.0,-0.07913835459246295,-0.20175138038774237,0.3147699157314284,0.048648121372928815,-0.10021972705664996,0.7334254612537935
18067.0,-0.4749394310824503,-1.058145946714099,-0.6137885693538543,-0.6334808999499925,-0.12209817180851448,0.4733203392673563
18068.0,0.7796907351412116,-1.058145946714099,-1.5887187228893136,-2.804692648559184,-2.515817022689194,-1.3655111644548585
18069.0,-0.7428435417295326,1.15560189306089,1.1417627617722037,1.2295754568541564,2.1676182632903656,0.5284502411552084
18070.0,1.3167343976054073,-1.058145946714099,-0.7808776360763978,-1.147237218205978,-1.1954453334565955,0.15817095271616757
18071.0,0.7071870864019181,0.48966298795922886,0.3088616326556179,0.34100142964542135,0.17272976344709118,-0.2169295152382346
18072.0,0.4982949986740278,-1.058145946714099,-0.9521544732961074,-0.35763101764852595,-0.6688728615528973,-0.16487705538511066
18073.0,0.18649776552599168,1.2544959545938104,1.028040963446935,1.2048703933246534,-0.47721685960260357,0.19655846367929508
18074.0,0.9445402369244065,-0.5571872395918231,0.348292829644975,0.067994249564734,-0.10021972705664996,1.3467455068198741
18075.0,-0.8183807704906293,1.8470162614078611,1.3160562725130345,1.2404872065685464,1.1803407147432114,0.04612212324195509
18076.0,0.9547202157281579,-1.058145946714099,-1.3038776851596943,-0.7262712480428852,-1.2818823689972492,-0.8282678841739579
18077.0,-1.4474112861963695,1.7233615276208618,1.1089774990065986,1.230796851706185,0.9812559531764108,-0.20039784336845606
18078.0,0.5966655916107547,0.07394609082159041,-0.06953949899227076,-0.09322792365507303,0.3526935049184267,-0.3794930764138921
18079.0,-0.40114257027902034,0.2992073267345332,1.0928897897039251,1.8903913028546937,0.7567177940893411,1.5061713019374041
18080.0,-0.9353081791524545,-0.5571872395918231,0.2019464745726449,0.1683602798515559,-2.183176263091345,1.0709218134078682
18081.0,-0.540774126845729,-0.20175138038774237,-0.7167024069582384,-0.6130319698342725,-0.862804573858747,-1.2060669412195486
18082.0,-0.7428435417295326,-1.058145946714099,-0.2012226009437711,0.1465208984497059,0.31452880707427483,1.2514676735405008
18083.0,0.9843250963403034,-1.058145946714099,-0.4901062347953509,-0.3999276484574282,-0.12209817180851448,0.7065995874425589
18084.0,-1.0395356639262063,-0.20175138038774237,-0.09704602952698214,0.28004249984313184,-1.3785107536966998,-0.041856213817848466
18085.0,0.8644979455921589,0.07394609082159041,0.4107448428935294,0.10730737668200685,0.0011923041824166546,0.5240394019149025
18086.0,0.7456300658619328,-1.058145946714099,-1.5912490955317184,-1.0111411307468456,-1.3785107536966998,-1.3702837411508786
18087.0,0.09041937640386438,1.6565606001831652,1.9912130874676257,1.8078301024457766,0.038489320235348796,1.5374445893012754
18088.0,-0.2097114950440718,-1.058145946714099,-1.231209379445447,-0.9929541396007278,-0.14457610000475504,-0.6912070194700591
18089.0,1.0586109584627579,-1.058145946714099,-0.557770989981562,-1.0824911210991475,-1.1954453334565955,0.5789760001764885
18090.0,1.0217853899940603,-1.058145946714099,-0.7043612280372258,-0.2865150349101377,0.09143627489364367,0.30248978534623855
18091.0,1.2395198742615607,-1.058145946714099,-0.6811909857892071,0.05353826240373942,-0.4115503779538524,0.3461915533549788
18092.0,-2.1519790306632065,1.7233615276208618,2.0572998165767644,1.8915094324470458,0.0011923041824166546,1.5843615159649345
18093.0,0.05718265445124563,0.8001660338568091,1.1276873373216032,1.2694974806210635,0.020052745320578196,0.9338650956895844
18094.0,-0.022632943738098474,1.3460575542855853,1.3881032913022657,1.3971979567139372,0.21790042237482501,0.7655897458411036
18095.0,0.8306838247077005,0.2992073267345332,0.6527792262904029,0.7777405689610907,-0.10021972705664996,0.6771486573207977
18096.0,-1.2115801184678894,0.48966298795922886,0.477375089608254,0.7184463048116405,1.5948733843663454,0.09991834008920451
18097.0,-1.4474112861963695,1.15560189306089,1.160982056383296,1.1220118185319234,0.5793298571111467,0.5646214708438418
18098.0,0.9811023498659778,-1.058145946714099,-0.3770802171722236,-0.5430633509352029,0.5698454386786636,0.9197797841899658
18099.0,0.2551824986059697,-1.058145946714099,-1.2284803412059775,-0.7889587489815226,-0.6267921989603487,-0.6860597363837774
18100.0,1.1913278063103443,-1.058145946714099,-0.5200010774153185,-0.07966618671858629,-0.2672508963742018,0.6502144420974626
18101.0,-1.2629135238814884,0.2992073267345332,-0.28144625943296375,-0.4503524041750327,0.607142454731596,-1.078666672864162
18102.0,-2.4120140217391843,4.242786172024185,4.671412840086591,3.904126225491664,1.7952564514672058,3.6781552221260374
18103.0,1.1901628192527913,-1.058145946714099,-1.56051052034888,-1.9942859497559235,-1.1172535236719159,-1.312307218196118
18104.0,-0.5236711079833221,-1.058145946714099,-0.15059279899974795,-0.20768633277585966,-0.07890961835600385,1.3469613604515804
18105.0,-0.5070123740010525,-1.058145946714099,-1.5104709398950542,-1.5522358034901937,-0.6688728615528973,-1.2179267575673651
18106.0,0.8644979455921589,0.48966298795922886,0.3252221813196177,0.019801588664723924,0.8896672959534744,-0.18617795923893438
18107.0,1.0514130692268566,-1.058145946714099,-1.2335200720733324,-1.3190441216122357,-0.07890961835600385,-0.6955652541437598
18108.0,0.6972051697365015,-0.20175138038774237,-0.0659607735760689,-0.42214172402019695,0.020052745320578196,0.01663352346252884
18109.0,-2.1519790306632065,2.611849228042442,1.7029282654908235,1.5022081672148837,1.2784785627150907,-0.09593476784294515
18110.0,-0.9040178174155593,-0.5571872395918231,-0.5461531002221997,-0.6439488281553082,0.26071325195673184,-0.3380725429573737
18111.0,1.2351865794051047,-1.058145946714099,-0.5967267987382333,-0.4992963694822978,-0.3507527121214226,0.5055008203033701
18112.0,-1.2115801184678894,0.07394609082159041,-0.130543161477545,-0.06930816258885521,0.27450169513374717,-0.49412865724277893
18113.0,0.935931715741001,-1.058145946714099,-1.2984637366453204,-0.8112565093766205,-2.515817022689194,-0.8180565484678475
18114.0,0.7818983972139277,-1.058145946714099,-1.0361657488100693,-1.4370004055740193,-0.32196403698294906,-0.3233320785708729
18115.0,1.3439092893982052,-1.058145946714099,-3.2183894196967127,-3.172763669970543,-1.9471638881929467,-4.439259378227165
18116.0,-0.14110757920304226,1.3460575542855853,0.6046753962447383,0.6222087176356097,1.627049785132738,-0.7070490431887259
18117.0,-0.7428435417295326,-1.058145946714099,-0.7658953850522435,0.143340936064449,0.3891614223084505,0.18642921827497028
18118.0,-1.2629135238814884,2.2876939305965793,1.425627051098169,1.267192381513502,1.9183476457283362,-0.25103274809158943
18119.0,0.9341960578512235,-1.058145946714099,-0.6784282233293059,-0.4503524041750327,-0.2941514393624997,0.3514024442379252
18120.0,0.5877787261013253,-1.058145946714099,-1.5252884064032513,-1.8050714269853785,-0.7132292345010023,-1.245874220390024
18121.0,0.3568999011193944,-0.5571872395918231,-0.23287488484112887,-0.06491846260944777,-0.32196403698294906,0.25171064664721027
18122.0,-1.4474112861963695,0.48966298795922886,0.48567684995679833,0.597642585100213,1.4118079641262418,0.11553344786495777
18123.0,-0.7922005967383016,-0.20175138038774237,-0.22069591394000615,0.15492639225725532,0.18806465959309385,-0.2744507613501549
18124.0,1.0934362995056883,-1.058145946714099,-1.522850933900322,-1.4857427705919495,-0.586765087019821,-1.2412768641470264
18125.0,-0.6542442484349309,0.07394609082159041,0.14824608880269888,0.31614856547706294,1.1044120596547777,0.030022005679297862
18126.0,-0.2097114950440718,-1.058145946714099,-1.0807666101155202,-0.8112565093766205,0.17272976344709118,-0.4074544832007807
18127.0,-0.9353081791524545,0.07394609082159041,-0.3632546885657152,-0.44513236932404693,0.23242103254119895,-0.9310583603477449
18128.0,1.1760153661788,-1.058145946714099,-0.5720225061436838,-0.5311044589581426,0.0011923041824166546,0.5520959854393479
18129.0,0.6689257299564773,-1.058145946714099,-1.5163487222241059,-1.5248267984910486,-0.9194058466176699,-1.229012937720361
18130.0,-1.0784157615666075,-0.20175138038774237,0.0935635984020797,0.33228976667270366,0.26071325195673184,0.316881149456371
18131.0,1.2803024508967262,-1.058145946714099,-1.0269044141607417,0.06918469502782947,-1.7640984679528429,-0.305864125756058
18132.0,1.1354193971521174,-1.058145946714099,-1.0143376501304273,-0.5460873605785668,0.28806221969362183,-0.28216174921658327
18133.0,0.5817849890277144,-1.058145946714099,0.0009508815084152221,0.6566888831307086,-2.515817022689194,1.6327903430693482
18134.0,1.2448956408493488,-0.5571872395918231,-0.530522745636807,-0.8881581216111365,-0.3507527121214226,-0.30865854992478253
18135.0,-0.6752731880764764,1.0480979277381186,0.21246338860678934,0.2731007896147724,-0.47721685960260357,-1.088021650806322
18136.0,-0.18935025478488945,0.2992073267345332,0.40442032062826616,0.360381763362304,0.4897435161402434,0.20968383957388276
18137.0,1.1924906809695346,-0.5571872395918231,-1.330348287754133,-1.3916223493687232,-0.3805884749031534,-1.811051318092381
18138.0,0.7928241333268481,-1.058145946714099,-1.298416836768471,-1.6749572933624948,-1.2818823689972492,-0.8179680898528803
18139.0,-0.9682038613741811,0.48966298795922886,1.5882664517312153,1.5869649540560724,-0.14457610000475504,2.192236449883726
18140.0,1.096142317017561,-1.058145946714099,-0.39617366242560453,-0.15045712821546633,0.12492635577600246,0.8837673288164277
18141.0,0.9907224082272229,-0.5571872395918231,-0.03796966366921192,-0.09018994625017852,-0.07890961835600385,0.6188473434100106
18142.0,0.39022299102027264,-0.5571872395918231,0.06594725211076653,0.6196384879529337,-1.1954453334565955,0.814640336883139
18143.0,0.20301349020923423,-0.5571872395918231,0.05214575039264143,0.09025229131259026,0.27450169513374717,0.78863482985723
18144.0,-1.4474112861963695,1.7867352234743035,1.2195135168100393,0.9892528521267336,0.15710275654239486,-0.06588473997733238
18145.0,-1.1640528084915374,1.15560189306089,1.2951379693242009,1.5314333166097096,1.448573071542019,0.817161091133373
18146.0,0.32174999795173626,-0.5571872395918231,-1.2631808186310058,-0.7716493042481812,-1.1172535236719159,-1.685183272745879
18147.0,-0.3873500989396135,-0.5571872395918231,-1.1830018306544894,-0.5867196235949155,-1.3785107536966998,-1.5348382091828638
18148.0,1.2953224629098814,-1.058145946714099,-1.5065788861984584,-1.3389765845331374,-1.1954453334565955,-1.2105858922494492
18149.0,-0.3225146116861712,0.654643185938614,0.4014787318026582,0.40325965550813975,0.2031181655606824,-0.2514907898757522
18150.0,-0.6141483680629726,-0.20175138038774237,-0.35681457270495154,-0.26442156740029954,-0.2941514393624997,-0.5303646497545216
18151.0,0.29406259624637104,0.48966298795922886,0.5063690994789024,0.45021035246417296,0.6935794902722501,0.1544564391551367
18152.0,1.2943319990854762,-1.058145946714099,-0.5607302399052013,-1.2361445003371931,-1.1172535236719159,0.573394511115716
18153.0,1.3070902279146166,-1.058145946714099,-0.9557017655029248,-0.5964638157260045,-0.7132292345010023,-0.171567660490666
18154.0,-1.9674812683483254,0.2992073267345332,0.0018004100065318765,0.15178690687487625,-0.16768729188131876,-0.5472197409144895
18155.0,-0.07913835459246295,-0.20175138038774237,-0.6600564408074647,-0.40970806568360574,-0.6267921989603487,-1.0998193549980633
18156.0,-1.1640528084915374,-0.5571872395918231,0.008384934047189551,-0.18629514859432195,0.7017426726202728,0.7061817572416521
18157.0,1.2153160509140626,-1.058145946714099,-1.051815318040754,-0.8022464926048176,-0.4115503779538524,-0.352848983773475
18158.0,-1.3798409325433134,-0.5571872395918231,-0.5170772588807725,-0.22234367335609284,-0.4437267787202448,-0.2833550086340458
18159.0,0.8056939671904363,-1.058145946714099,-0.4046167349211365,-0.8343368051868192,-0.47721685960260357,0.8678427134614776
18160.0,-0.2524823540546596,-0.20175138038774237,0.054818288945182266,0.028715658452027237,0.23242103254119895,0.24394432723207857
18161.0,-1.0784157615666075,0.48966298795922886,0.4765048802261491,0.43606527097609304,0.24668909751329784,0.09828155767049701
18162.0,1.3743690038409726,-1.058145946714099,-0.6456207381696804,-0.25852268535940026,0.05652066271060163,0.413281171704348
18163.0,1.2297284596616558,-1.058145946714099,-0.17562601812175593,-0.06200818822043408,-0.1914684658752519,1.2997458016813435
18164.0,-0.5236711079833221,-1.058145946714099,-0.6077924714887638,-0.6510211644571734,-0.4437267787202448,0.48462967626318737
18165.0,0.4666615905535427,-1.058145946714099,-0.8080009373920439,-0.439953437536103,-1.1172535236719159,0.1070132561742213
18166.0,1.2721455816534404,-1.058145946714099,-1.1985112160568436,-1.1176717491805908,-1.1172535236719159,-0.6295344855610615
18167.0,-0.8183807704906293,-0.20175138038774237,0.28645494409052596,-0.17241134149447188,-0.4437267787202448,0.680095606412942
18168.0,0.46304848128521175,1.5859404542672264,1.0078342178035888,0.9707913874387599,1.3022597367090243,-0.23100304224689508
18169.0,-0.2097114950440718,-1.058145946714099,-1.0954073363469274,-1.370055796318314,-1.1954453334565955,-0.43506859333375336
18170.0,-0.5950029105353472,0.9303406571479473,0.8132965455035862,0.5704601655615137,0.27450169513374717,0.18244291270278465
18171.0,-0.23074043468561758,0.9303406571479473,0.6935787582039605,0.45353386099523824,0.47915765239960845,-0.042678224482654604
18172.0,-1.0784157615666075,2.990819440597063,2.113003338473688,1.7764752545618738,1.1620071460508272,0.25010221943033023
18173.0,0.014882147642767907,0.2992073267345332,0.7663358535139316,0.8197077915649662,-0.16768729188131876,0.8909861882248515
18174.0,-1.5229485149574664,-0.5571872395918231,-1.2536422752369105,-1.1942372750823944,-2.515817022689194,-1.6673025612036938
18175.0,1.323400049877103,-1.058145946714099,-1.1960657618175143,-1.2809046880716817,-1.3785107536966998,-0.6249220748361671
18176.0,0.9165761254464796,-1.058145946714099,-0.48157211568926883,-0.36910985941490526,-0.2672508963742018,0.7226959272796986
18177.0,-0.6338830081757483,0.9303406571479473,0.6252968634524798,0.6003000470540513,0.36503047510217346,-0.17102411535097414
18178.0,0.2651257241188405,1.15560189306089,1.3549105811343232,1.345643539607747,1.2824902726998832,0.9297069593197789
18179.0,-1.3798409325433134,0.8001660338568091,0.7254429506720396,0.8497866404363418,0.7098254282188435,0.17677890558662315
18180.0,-1.7074462772723475,0.48966298795922886,0.49256107533847865,0.8162791776906921,0.7642790739473241,0.1284826309298292
18181.0,-0.7922005967383016,0.2992073267345332,0.1868454389496048,0.03500968675822464,0.9696189771111754,-0.19951712138094174
18182.0,1.0811159061179179,-1.058145946714099,-0.8354201537162836,-0.7144200996877884,-1.1172535236719159,0.05529742955674793
18183.0,0.6254293898743742,-0.5571872395918231,-0.2781263101001373,-0.191578076103695,-0.12209817180851448,0.16649167546441657
18184.0,-1.0784157615666075,-1.058145946714099,-2.0959556047660586,-1.3807506813715704,-2.515817022689194,-2.3222188371659565
18185.0,0.6845052458484283,-1.058145946714099,-0.8037629078866803,-0.6545860563214968,-0.7132292345010023,0.11500667205115012
18186.0,1.3664458738438814,-1.058145946714099,-0.746318969162614,-0.2526762385191352,-1.0458699940988507,0.22335261236353945
18187.0,1.2803024508967262,-1.058145946714099,-0.17953656466276222,-0.3093765158786823,0.10835219495760728,1.292370056711001
18188.0,-1.0784157615666075,0.48966298795922886,0.907611416538712,0.8771586055506533,0.6600894093898906,0.9097062594421559
18189.0,-0.054309762370586455,-0.20175138038774237,0.2962004102024556,0.34178770701199124,0.5105140700321456,0.6984503770749332
18190.0,0.5185490566485405,0.2992073267345332,-0.1592461990659752,-0.009027449637447236,-0.16768729188131876,-0.8495210257978467
18191.0,0.7170160174661255,-0.5571872395918231,-0.40563495348479117,-0.26442156740029954,-0.8098576192004525,-0.07358958171718785
18192.0,-0.10496702096475002,-1.058145946714099,0.021120745378345497,-0.2507389147655574,0.05652066271060163,1.670833048975323
18193.0,0.42189980965276064,-0.20175138038774237,0.18768677598792252,0.4089604143933763,0.36503047510217346,0.4940950613423336
18194.0,-0.022632943738098474,0.48966298795922886,1.0790531503424658,0.836217341359496,-0.47721685960260357,1.2326274167902826
18195.0,0.9663961595288088,-1.058145946714099,-1.5925176217113242,-1.3807506813715704,-1.614523128595098,-1.3726763288597486
18196.0,0.07068473629108864,0.07394609082159041,0.32662508602035645,0.4896531046365794,1.306157098229331,0.36568576668677094
18197.0,1.2208976805661906,-1.058145946714099,-1.0042900010486977,-0.7183468035229781,-1.1954453334565955,-0.2632107160550492
18198.0,-1.8243736859341724,1.6565606001831652,1.2700534567320076,1.3828296949200345,0.5307717179635321,0.17978293487453806
18199.0,1.3309340595609251,-1.058145946714099,-0.7139879119925711,-1.0556416405393652,-0.586765087019821,0.2843327413064448
18200.0,0.14025610622843504,-1.058145946714099,-1.247935446110473,-0.9811029912456316,-0.2941514393624997,-0.7227543238646087
18201.0,1.3664458738438814,-1.058145946714099,-0.5264466262223191,-0.6265937067707593,-0.3507527121214226,0.6380573884232983
18202.0,0.5445962994855142,-0.20175138038774237,0.29273462892947505,0.10280242113313501,0.21790042237482501,0.6919228271151711
18203.0,0.39022299102027264,0.07394609082159041,-0.44039757230030335,-0.96946160877935,-0.037881416532715165,-1.0757443688659711
18204.0,-0.1138130260237924,-0.20175138038774237,0.5488753557627575,0.57928136653745,1.0791672045283927,1.1744530330506435
18205.0,-0.540774126845729,-0.5571872395918231,-0.4221808225069107,-0.6231769669374269,-0.2672508963742018,-0.10473760749214138
18206.0,1.194810123638174,-1.058145946714099,-0.779598124774855,-0.4609184296153759,-0.6267921989603487,0.16058425964088777
18207.0,1.1290379992392874,-1.058145946714099,-0.38544654934236805,-0.27839492018275447,-0.24120448470420522,0.9039999100017717
18208.0,1.2096854159849515,-1.058145946714099,-0.6827260083810862,-1.178194505634738,-0.7132292345010023,0.34329632246009184
18209.0,-0.6752731880764764,-1.058145946714099,-1.3649425989417359,-1.4026767430063911,-1.2818823689972492,-0.9434434040071487
18210.0,-2.1519790306632065,0.654643185938614,0.7854405288597702,0.7254996800624545,0.8223842757380923,0.4706398262311695
18211.0,-0.7428435417295326,0.2992073267345332,-0.31550318912759917,-0.2131446291541037,-0.10021972705664996,-1.1424871659829172
18212.0,0.8567005826867328,-0.5571872395918231,-0.38248030030235564,-0.7144200996877884,-0.037881416532715165,-0.029998096139998025
18213.0,0.6529583027123002,-1.058145946714099,-0.9969068734136409,-0.4992963694822978,-0.8098576192004525,-0.24928527981522047
18214.0,1.1688228586551845,0.07394609082159041,0.46735625658981095,0.4522064721717343,-0.07890961835600385,0.630628354670608
18215.0,0.029294556390360493,0.2992073267345332,0.6351773514461295,0.5473005737190528,0.18806465959309385,0.644007719523719
18216.0,-0.6338830081757483,-1.058145946714099,-0.4734662015484375,-0.5964638157260045,-0.3805884749031534,0.7379846228181178
18217.0,-0.6752731880764764,0.07394609082159041,0.011338736245828497,0.26166187627085485,-0.1914684658752519,-0.227457548770063
18218.0,0.5787669825224744,0.07394609082159041,0.1476222231359619,0.5076061319118196,-0.4115503779538524,0.028848401565106555
18219.0,-1.9674812683483254,1.6565606001831652,0.9670780670290162,0.789779726425166,0.5887058798168258,-0.38957717065797054
18220.0,0.6254293898743742,0.48966298795922886,0.5224065212187855,0.657661843276783,-0.7132292345010023,0.18462554710850593
18221.0,-0.8456753236698794,0.48966298795922886,0.3069993142872715,0.4594741808020236,0.4240770344914922,-0.22042980620171343
18222.0,0.05718265445124563,-1.058145946714099,-0.533761372021396,-0.25852268535940026,-0.6267921989603487,0.6242609282683984
18223.0,-1.7074462772723475,2.1575193073054413,1.9530922159548656,1.7044512518064177,1.233004335585143,0.8890282018980732
18224.0,0.7218745649366273,-1.058145946714099,-1.2694605373068972,-1.2902342195152068,-1.1172535236719159,-0.763353145912468
18225.0,-1.9674812683483254,2.1575193073054413,1.9026518867490003,1.7667337105858072,1.499269850589834,0.7940675077443609
18226.0,-0.41523819700049863,2.1575193073054413,1.8346675938808659,1.816902259227906,1.5948733843663454,0.6660982200650771
18227.0,0.5996007235020872,-0.5571872395918231,-0.6276683909950093,-2.0222782993066613,-1.4880589811139169,-0.49144776992195793
18228.0,-0.2524823540546596,-0.5571872395918231,-0.12689823434110364,-0.48257374991591023,-0.47721685960260357,0.4513195522660659
18229.0,-1.2115801184678894,2.245808014503504,1.7663091993963873,1.2205485773885911,0.44655496268773315,0.4369795029348742
18230.0,-1.3798409325433134,0.9303406571479473,1.1010465380732253,0.9137268807479655,0.0011923041824166546,0.7239323253919369
18231.0,0.5185490566485405,2.245808014503504,1.4412660540822086,1.1645201416488054,1.3366868742976272,-0.17415990418265978
18232.0,-0.022632943738098474,0.07394609082159041,-0.32406570020308006,-0.3265167937029618,-0.24120448470420522,-0.8575250599743494
18233.0,0.8567005826867328,-1.058145946714099,-0.5386467680737343,-3.0259974839117305,-2.515817022689194,0.6150465038948957
18234.0,1.1936514508770608,-1.058145946714099,-1.1819636844064607,-1.1942372750823944,-0.2672508963742018,-0.5983239189402413
18235.0,-0.10496702096475002,-0.20175138038774237,0.47385585836597494,0.7592582774673706,0.7017426726202728,1.0331069092872331
18236.0,-0.6542442484349309,1.2544959545938104,0.4734027093328137,0.22139934789733445,0.5207054191909427,-0.8451056530642691
18237.0,-1.9674812683483254,0.2992073267345332,0.04268385817766217,0.1475774784982984,-0.037881416532715165,-0.47042866018232216
18238.0,1.1492388881540097,-1.058145946714099,-0.8870802001452132,-0.9637172845910725,-0.862804573858747,-0.04213941811155314
18239.0,0.6025224834477799,0.48966298795922886,0.6033569091419527,0.49278362429619854,0.5698454386786636,0.336932754201429
18240.0,-0.3873500989396135,-1.058145946714099,-0.5676884573693263,-0.8984352203714877,-1.4880589811139169,0.560270504809845
18241.0,-1.3187161125298095,1.9044924940644754,0.8400722804182815,0.7131061866636672,0.7098254282188435,-0.9133409231830767
18242.0,-0.10496702096475002,0.8001660338568091,0.9755844634701035,0.9219096304654908,0.8010741670374462,0.6474825519843556
18243.0,1.0095401454577722,-1.058145946714099,-0.42438059852405413,-0.5311044589581426,-0.3805884749031534,0.830565771214361
18244.0,1.035287471833904,-0.5571872395918231,-0.354203954656957,0.35731902935859977,-0.6267921989603487,0.023239060528661815
18245.0,-1.5229485149574664,1.8470162614078611,1.3805632974065838,1.5302734283010304,1.6902854707597983,0.16740877948192948
18246.0,-0.7922005967383016,-0.20175138038774237,-0.146617653450122,-0.5521774127817789,-1.9471638881929467,-0.13511682683003104
18247.0,1.0110836484864059,-0.20175138038774237,-0.07370155319700893,-0.25852268535940026,-0.32196403698294906,0.002067978350487014
18248.0,0.23482125834678733,-0.5571872395918231,-0.10497777523783779,0.01851823032817396,-0.05813906446410138,0.4926120022679108
18249.0,-1.0028785328055105,-1.058145946714099,-1.634785173901677,-0.8881581216111365,-1.2818823689972492,-1.4523978414942604
18250.0,0.8245270555146574,-1.058145946714099,-0.7046286209941472,-0.5997442262109776,-0.5486003891756687,0.3019854511728851
18251.0,0.014882147642767907,0.9303406571479473,2.40678732581283,2.8791237591452505,0.5887058798168258,3.1845938631034962
18252.0,-0.3225146116861712,0.654643185938614,0.36389421848797515,0.41671914278428784,0.8831819415705221,-0.3221119892216825
18253.0,1.2913513963594863,-1.058145946714099,-0.7722847012411689,-0.8881581216111365,-1.3785107536966998,0.17437822584968485
18254.0,1.226431150604787,-1.058145946714099,-0.8951280310536153,-0.6369517309004904,-0.7601216003714991,-0.05731856192748076
18255.0,0.029294556390360493,-0.5571872395918231,-0.8063643300535369,-0.5931996852608044,-0.7601216003714991,-0.8275105019369239
18256.0,0.9680469331528011,-1.058145946714099,-1.5281855907475088,-0.6653981508446892,-1.1172535236719159,-1.2513386465594194
18257.0,-0.4907754257615954,1.2544959545938104,1.1511562029568678,1.0263575798899018,1.3404244345531768,0.4281642933301926
18258.0,1.0824965852277768,0.48966298795922886,0.5723216625066894,0.9087679157728861,-0.2672508963742018,0.27853536154046266
18259.0,-0.7670473650770303,0.654643185938614,1.1055887219235405,0.675879768631748,0.15710275654239486,1.0734222678025551
18260.0,0.45208539041217766,2.0119964593872464,1.7078742261491708,1.5492175077066546,1.3138967127742598,0.5937234650566501
18261.0,-0.4296506057480915,-0.5571872395918231,-0.7580540565493585,-0.8022464926048176,-0.6267921989603487,-0.7366805594775938
18262.0,0.3172176455272237,-0.20175138038774237,-0.3430325223853763,0.06918469502782947,-0.037881416532715165,-0.5044605139903041
18263.0,-0.7428435417295326,-0.20175138038774237,0.19114323583570442,0.7117643549732271,0.27450169513374717,0.5006035992602914
18264.0,1.1290379992392874,-1.058145946714099,-0.31170089337554413,-0.4743692243337022,-0.12209817180851448,1.0430927824118605
18265.0,-0.10496702096475002,-0.5571872395918231,-0.10722804776205346,-0.30726505037733026,0.038489320235348796,0.48837300086715846
18266.0,1.0397257262171897,-1.058145946714099,-0.9416161828006493,-0.8390516708165107,-0.862804573858747,-0.14500061553128896
18267.0,1.3205518207744387,-1.058145946714099,-0.8911994811051674,-0.853402515152758,-0.7132292345010023,-0.049908860439681485
18268.0,0.2893295474663386,0.48966298795922886,0.3392602969046842,0.23540387141532754,-0.12209817180851448,-0.15978978809466443
18269.0,0.9307105862349311,-1.058145946714099,-0.7298975525807522,-0.7759341463654605,-1.3785107536966998,0.25432531131737846
18270.0,-0.5070123740010525,-0.20175138038774237,-0.5312501685484938,-0.567653913628976,-0.7132292345010023,-0.8580639861223686
18271.0,1.2576165577225409,-0.5571872395918231,-0.22463762272346058,-0.2906129979414018,-0.6267921989603487,0.2672241970409906
18272.0,-1.9674812683483254,0.9303406571479473,1.116808979495382,1.1547759495177163,1.0040461146997783,0.7536074096318865
18273.0,-2.1519790306632065,0.07394609082159041,-0.6888990085987832,-0.8296554976039625,-2.515817022689194,-1.5411485389297763
18274.0,-0.6542442484349309,-1.058145946714099,-1.1967985270824448,-1.132288371569837,-1.0458699940988507,-0.6263041552335178
18275.0,1.2231168011153777,-0.5571872395918231,-0.16289399594074486,-0.11489598468296687,-0.6267921989603487,0.3835163972377383
18276.0,-0.41523819700049863,0.48966298795922886,0.41544228940400585,0.6040025470377427,0.5307717179635321,-0.016557434910821903
18277.0,-0.2415192631816249,0.2992073267345332,0.17121983928408763,-0.06637844309529126,0.18806465959309385,-0.2288904061245961
18278.0,-0.0876328522714647,-0.5571872395918231,-0.582087397697493,-0.8296554976039625,-0.5121324717856456,-0.4056899406257054
18279.0,1.1541912309005586,-1.058145946714099,-1.000433891745542,0.1559695660505654,-0.9194058466176699,-0.25593764603795593
18280.0,0.7548912404987429,-0.5571872395918231,-0.4639757953946582,-0.616396278646906,-0.32196403698294906,-0.18341151823378432
18281.0,0.4809138481706168,-0.5571872395918231,-1.100770212170649,-0.8022464926048176,-0.7132292345010023,-1.380548359992734
18282.0,-1.4474112861963695,-0.5571872395918231,-1.1881748692224972,-1.0298453562635617,-0.9802035124500996,-1.5445411634906272
18283.0,-1.8243736859341724,1.9594133665673954,0.777019635200272,0.820846702566093,1.7283395065606013,-1.0941730644387602
18284.0,1.0367703053241684,-1.058145946714099,-0.5040649295830727,-0.0036909421566538865,-0.32196403698294906,0.6802718678275431
18285.0,1.309030698983018,-1.058145946714099,-0.5602081258484076,-0.8067360727591756,-0.9802035124500996,0.5743792788682435
18286.0,1.1001800545869456,-0.5571872395918231,0.238942273323555,0.1326286318621574,0.37718466862099537,1.1406450438517857
18287.0,-0.4296506057480915,0.654643185938614,1.0826703551091168,1.18445931912533,0.8499631098416093,1.030256493434202
